filename,authors,year,title,category,oa_status,matched_bib_key,journal,doi,keywords,cited_by
Agusdinata et al. - 2022 - Critical minerals for electric vehicles a telecoupling review.md,Agusdinata et al.,2022,Critical minerals for electric vehicles a telecoupling review,Telecoupling,OA,,,,,
Agusdinata et al. - 2023 - Advancing recognition justice in telecoupled critical mineral supply chains The promise of social m.md,Agusdinata et al.,2023,Advancing recognition justice in telecoupled critical mineral supply chains The promise of social m,Telecoupling,OA,agusdinata_advancing_2023,ENERGY RESEARCH & SOCIAL SCIENCE,10.1016/j.erss.2023.103264,critical minerals; low-carbon technologies; recognition justice; social media; telecoupling,1
"Ahumada-Mexia et al. - 2025 - Drivers of changes and transition pathways of sand resource extraction in tabasco, Mexico.md",Ahumada-Mexia et al.,2025,"Drivers of changes and transition pathways of sand resource extraction in tabasco, Mexico",Telecoupling,OA,ahumada-mexia_drivers_2025,EXTRACTIVE INDUSTRIES AND SOCIETY,10.1016/j.exis.2025.101752,aggregates; latin america; supply networks; telecoupling; urban growth,
Alexander et al. - 2018 - Adaptation of global land use and management intensity to changes in climate and atmospheric carbon.md,Alexander et al.,2018,Adaptation of global land use and management intensity to changes in climate and atmospheric carbon,Telecoupling,OA,alexander_adaptation_2018,GLOBAL CHANGE BIOLOGY,10.1111/gcb.14110,adaptive management; agricultural; agricultural intensification; agriculture; atmosphere; biological; biological model; carbon dioxide; climate change; climate change adaptation; climate effect; co2 fertilisation; crop; cropping practice; crops; environmental management; food system; land management; land use change; land use intensity; management practice; models; procedures; telecoupling; water,65
An et al. - 2023 - Local and tele-coupling development between carbon emission and ecologic environment quality.md,An et al.,2023,Local and tele-coupling development between carbon emission and ecologic environment quality,Telecoupling,non-OA,an_local_2023,JOURNAL OF CLEANER PRODUCTION,10.1016/j.jclepro.2023.136409,air quality; carbon; carbon emission; carbon emissions; coordination degree; decision making; ecologic environment quality; ecological indices; emission control; environment quality; environmental protection; index models; local and telecoupling; natural environments; remote sensing; remote-sensing; sustainable development; yangtze river,58
Andriamihaja et al. - 2019 - Land Competition under Telecoupling Distant Actors_ Environmental versus Economic Claims on Land in.md,Andriamihaja et al.,2019,Land Competition under Telecoupling Distant Actors_ Environmental versus Economic Claims on Land in,Telecoupling,OA,,,,,
Andriamihaja et al. - 2021 - Identifying agents of change for sustainable land governance.md,Andriamihaja et al.,2021,Identifying agents of change for sustainable land governance,Telecoupling,OA,,,10.1016/j.landusepol.2020.104882,,
Arto et al. - 2022 - A new accounting framework for assessing forest footprint of nations.md,Arto et al.,2022,A new accounting framework for assessing forest footprint of nations,Telecoupling,OA,arto_new_2022,ECOLOGICAL ECONOMICS,10.1016/j.ecolecon.2021.107337,africa; asia; canada; china; europe; extraction; footprint; forest footprint; forest management; global land use; india; international trade; land use; multi-regional input-output; russian federation; tele-coupling; united nations; united states; world,23
Bagstad et al. - 2019 - Ecosystem service flows from a migratory species Spatial subsidies of the northern pintail.md,Bagstad et al.,2019,Ecosystem service flows from a migratory species Spatial subsidies of the northern pintail,Telecoupling,OA,bagstad_ecosystem_2019,AMBIO,10.1007/s13280-018-1049-4,anas; anas acuta; animal; animal migration; animals; canada; conservation planning; duck; ducks; ecosystem; ecosystem service; financial provision; hunting; migration; migratory population; north america; northern pintail duck; population migration; prairie; season; seasons; spatial subsidies; species conservation; subsidy system; subsistence; telecoupling; transborder conservation; transboundary cooperation; united states; waterfowl,46
Bai et al. - 2025 - “Resource-carbon” redistribution caused by Japan_s cement production and consumption a life-cycle b.md,Bai et al.,2025,“Resource-carbon” redistribution caused by Japan_s cement production and consumption a life-cycle b,Telecoupling,non-OA,,,10.1016/j.eiar.2025.108051,,
"Baird and Fox - 2015 - How Land Concessions Affect Places Elsewhere Telecoupling, Political Ecology, and Large-Scale Plant.md",Baird and Fox,2015,"How Land Concessions Affect Places Elsewhere Telecoupling, Political Ecology, and Large-Scale Plant",Telecoupling,OA,baird_how_2015,LAND,10.3390/land4020436,cambodia; economic land concessions; land grabbing; laos; political ecology; teleconnections; telecoupling; transnational; vietnam,85
Barbieri et al. - 2022 - Food system resilience to phosphorus shortages on a telecoupled planet.md,Barbieri et al.,2022,Food system resilience to phosphorus shortages on a telecoupled planet,Telecoupling,non-OA,,,10.1038/s41893-021-00816-1,,
Baumann and Kuemmerle - 2016 - The impacts of warfare and armed conflict on land systems.md,Baumann and Kuemmerle,2016,The impacts of warfare and armed conflict on land systems,Telecoupling,non-OA,,,10.1080/1747423X.2016.1241317,,
Bicudo da Silva et al. - 2017 - The Sino-Brazilian Telecoupled Soybean System and Cascading Effects for the Exporting Country.md,Bicudo da Silva et al.,2017,The Sino-Brazilian Telecoupled Soybean System and Cascading Effects for the Exporting Country,Telecoupling,OA,,,,,
Bicudo da Silva et al. - 2019 - Eco-certification protocols as mechanisms to foster sustainable environmental practices in telecoupl.md,Bicudo da Silva et al.,2019,Eco-certification protocols as mechanisms to foster sustainable environmental practices in telecoupl,Telecoupling,OA,bicudo_da_silva_eco-certification_2019,FOREST POLICY AND ECONOMICS,10.1016/j.forpol.2019.05.016,agri-commodity supply chains; agricultural commodities; cellulose; certification; conservation; coupled human-natural systems; environmental policy; environmental practices; environmental protection; environmental regulations; eucalyptus plantations; foreign trade; international trade; public environmental policies; pulp materials; receiving; reforestation; rural areas; spillover system; supply chains; sustainable development; systems; telecoupling; timber; voluntary agreement; voluntary agreements,24
Bicudo da Silva et al. - 2020 - Three decades of land-use and land-cover change in mountain regions of the Brazilian Atlantic Forest.md,Bicudo da Silva et al.,2020,Three decades of land-use and land-cover change in mountain regions of the Brazilian Atlantic Forest,Telecoupling,non-OA,,,10.1016/j.landurbplan.2020.103948,,
Bidoglio et al. - 2024 - A global multi-indicator assessment of the environmental impact of livestock products.md,Bidoglio et al.,2024,A global multi-indicator assessment of the environmental impact of livestock products,Telecoupling,OA,bidoglio_global_2024,GLOBAL ENVIRONMENTAL CHANGE-HUMAN AND POLICY DIMENSIONS,10.1016/j.gloenvcha.2024.102853,accountability; biodiversity; biodiversity loss; consumption -based accounting; deforestation; environmental impact assessment; environmental indicator; eutrophication; far east; global perspective; livestock farming; livestock products; marine environment; marine eutrophication; northern europe; south america; south asia; southeast asia; telecoupling; west africa,20
Blackstock et al. - 2025 - Value chains for sustainable mountain development a qualitative understanding of 23 European cases.md,Blackstock et al.,2025,Value chains for sustainable mountain development a qualitative understanding of 23 European cases,Telecoupling,OA,,,,,
"Boillat et al. - 2018 - Distant Interactions, Power, and Environmental Justice in Protected Area Governance A Telecoupling.md",Boillat et al.,2018,"Distant Interactions, Power, and Environmental Justice in Protected Area Governance A Telecoupling",Telecoupling,OA,,,,,
Boillat et al. - 2020 - Why telecoupling research needs to account for environmental justice.md,Boillat et al.,2020,Why telecoupling research needs to account for environmental justice,Telecoupling,OA,,,10.1080/1747423X.2020.1737257,,
Booth et al. - 2021 - Investigating the risks of removing wild meat from global food systems.md,Booth et al.,2021,Investigating the risks of removing wild meat from global food systems,Telecoupling,OA,booth_investigating_2021,CURRENT BIOLOGY,10.1016/j.cub.2021.01.079,agriculture; animal; animals; biodiversity; catering service; covid-19; food supply; global health; human; humans; meat; sars-cov-2; virology; wild; wild animal,62
"Borras Jr et al. - 2025 - Migrants, farmers and farmworkers and the politics of land and labour an introduction to the sympos.md",Borras Jr et al.,2025,"Migrants, farmers and farmworkers and the politics of land and labour an introduction to the sympos",Telecoupling,OA,,,,,
Brondizio et al. - 2016 - A conceptual framework for analyzing deltas as coupled social-ecological systems an example from th.md,Brondizio et al.,2016,A conceptual framework for analyzing deltas as coupled social-ecological systems an example from th,Telecoupling,non-OA,,,10.1007/s11625-016-0368-2,,
Bronnmann et al. - 2020 - Integration of a local fish market in Namibia with the global seafood trade Implications for fish t.md,Bronnmann et al.,2020,Integration of a local fish market in Namibia with the global seafood trade Implications for fish t,Telecoupling,OA,bronnmann_integration_2020,WORLD DEVELOPMENT,10.1016/j.worlddev.2020.105048,fish trade; fishery economics; globalization; integrated approach; local economy; low income population; market conditions; market integration; namibia; national trade; seafood; size-based pricing; small-scale fisheries; sustainability; telecoupling,31
Bruckner et al. - 2015 - Measuring telecouplings in the global land system A review and comparative evaluation of land footp.md,Bruckner et al.,2015,Measuring telecouplings in the global land system A review and comparative evaluation of land footp,Telecoupling,OA,,,10.1016/j.ecolecon.2015.03.008,,
Brueck et al. - 2023 - Drivers of ecosystem service specialization in a smallholder agricultural landscape of the Global So.md,Brueck et al.,2023,Drivers of ecosystem service specialization in a smallholder agricultural landscape of the Global So,Telecoupling,OA,brueck_drivers_2023,ECOLOGY AND SOCIETY,10.5751/ES-14185-280301,agricultural ecosystem; agricultural specialization; comparative advantage; ecosystem service; ecosystem service flows; ethiopia; key words; land management; land use planning; rural development; rural planning; smallholder; smallholder agriculture; telecoupling,7
Buerkert et al. - 2021 - WATER USE IN HUMAN CIVILIZATIONS AN INTERDISCIPLINARY ANALYSIS OF A PERPETUAL SOCIAL-ECOLOGICAL CHA.md,Buerkert et al.,2021,WATER USE IN HUMAN CIVILIZATIONS AN INTERDISCIPLINARY ANALYSIS OF A PERPETUAL SOCIAL-ECOLOGICAL CHA,Telecoupling,OA,,,,,
Burra et al. - 2021 - Human health outcomes of a restored ecological balance in African agro-landscapes.md,Burra et al.,2021,Human health outcomes of a restored ecological balance in African agro-landscapes,Telecoupling,non-OA,burra_human_2021,SCIENCE OF THE TOTAL ENVIRONMENT,10.1016/j.scitotenv.2021.145872,adult; africa south of the sahara; agri-environment schemes; agricultural management; agricultural robots; agricultural system; agricultural worker; agriculture; agroecology; agroecosystem; anagyrus; anagyrus lopezi; article; biodiversity; biodiversity conservation; biodiversity loss; biological control; birth rate; cassava; controlled study; demography; ecological balance; ecological functions; ecology; ecosystem resilience; ecosystem restoration; empirical analysis; environmental change; food deprivation; food security; food supply; global environmental change; harvest; health; health impact; human; intensification; landscape; lifespan; manihot esculenta; mortality; mortality rate; nonhuman; nutritional status; parallel improvement; pest organism; pest species; plants (botany); population statistics; priority journal; restoration; restoration ecology; social welfare; social-ecological systems; species invasions; sub-saharan africa; sustainable development; tele-coupling; wasp; wellbeing,16
Busck-Lumholt et al. - 2022 - How are institutions included in Integrated Conservation and Development Projects Developing and te.md,Busck-Lumholt et al.,2022,How are institutions included in Integrated Conservation and Development Projects Developing and te,Telecoupling,OA,busck-lumholt_how_2022,WORLD DEVELOPMENT,10.1016/j.worlddev.2022.105956,argentina; conservation management; forest dynamics; forest management; institutional framework; integrated approach; integrated conservation and development; participatory approach; participatory approaches; projects; salta; telecoupling; world bank,6
Busck-Lumholt et al. - 2022 - Telecoupling as a framework to support a more nuanced understanding of causality in land system scie.md,Busck-Lumholt et al.,2022,Telecoupling as a framework to support a more nuanced understanding of causality in land system scie,Telecoupling,OA,,,,,
Canales et al. - 2024 - Agent-based models of groundwater systems A review of an emerging approach to simulate the interact.md,Canales et al.,2024,Agent-based models of groundwater systems A review of an emerging approach to simulate the interact,Telecoupling,OA,,,,,
"Carlos Castilla et al. - 2016 - ℡ECOUPLING BETWEEN CATCH, FARMING, AND INTERNATIONAL TRADE FOR THE GASTROPODS CONCHOLEPAS CONCHOLEPA.md",Carlos Castilla et al.,2016,"℡ECOUPLING BETWEEN CATCH, FARMING, AND INTERNATIONAL TRADE FOR THE GASTROPODS CONCHOLEPAS CONCHOLEPA",Telecoupling,non-OA,,,10.2983/035.035.0223,,
Carlson - 2025 - Mahi-mahi metacouplings quantifying human-nature interactions in dolphinfish (Coryphaena hippurus).md,Carlson,2025,Mahi-mahi metacouplings quantifying human-nature interactions in dolphinfish (Coryphaena hippurus),Metacoupling,OA,carlson_mahi-mahi_2025,Global Sustainability,10.1017/sus.2025.3,,
Carlson et al. - 2017 - The Telecoupling Framework An Integrative Tool for Enhancing Fisheries Management.md,Carlson et al.,2017,The Telecoupling Framework An Integrative Tool for Enhancing Fisheries Management,Telecoupling,non-OA,,,10.1080/03632415.2017.1342491,,
Carlson et al. - 2018 - Peruvian anchoveta as a telecoupled fisheries system.md,Carlson et al.,2018,Peruvian anchoveta as a telecoupled fisheries system,Telecoupling,OA,carlson_peruvian_2018,ECOLOGY AND SOCIETY,10.5751/ES-09923-230135,anchoveta; commercial species; engraulis ringens; environmental interactions; fish; fishery economics; fishery management; fishery policy; globalization; nature-society relations; optimization; peru; profitability; socioeconomic impact; socioeconomic interactions; stakeholder; sustainability; telecoupling framework; telecouplings,33
Carlson et al. - 2018 - Toward Rigorous Telecoupling Causal Attribution A Systematic Review and Typology.md,Carlson et al.,2018,Toward Rigorous Telecoupling Causal Attribution A Systematic Review and Typology,Telecoupling,OA,,,,,
Carlson et al. - 2019 - Using the telecoupling framework to improve Great Lakes fisheries sustainability.md,Carlson et al.,2019,Using the telecoupling framework to improve Great Lakes fisheries sustainability,Telecoupling,non-OA,carlson_using_2019,AQUATIC ECOSYSTEM HEALTH & MANAGEMENT,10.1080/14634988.2019.1668660,chinook salmon; coho salmon; fisheries management,14
Carlson et al. - 2020 - Global Marine Fishing Across Space and Time.md,Carlson et al.,2020,Global Marine Fishing Across Space and Time,Metacoupling,OA,carlson_global_2020,SUSTAINABILITY,10.3390/su12114714,biodiversity; canada; catch statistics; economic analysis; fisheries; fishery management; food security; governance approach; holistic approach; indonesia; livelihood; mauritania; metacoupling; morocco; nature-society relations; peru; research work; spatiotemporal analysis; sustainability; telecoupling; trade-off,26
Carlson et al. - 2020 - Linking Multiscalar Fisheries Using Metacoupling Models.md,Carlson et al.,2020,Linking Multiscalar Fisheries Using Metacoupling Models,Metacoupling,OA,carlson_linking_2020,FRONTIERS IN MARINE SCIENCE,10.3389/fmars.2020.00614,atlantic bluefin tuna; cods; fisheries; mahi-mahi; metacoupling; metacoupling framework; social-ecological systems; sustainability,15
Carlson et al. - 2020 - The Metacoupling Framework Informs Stream Salmonid Management and Governance.md,Carlson et al.,2020,The Metacoupling Framework Informs Stream Salmonid Management and Governance,Telecoupling,OA,carlson_metacoupling_2020,Frontiers in Environmental Science,10.3389/fenvs.2020.00027,brook charr; brown trout; metacoupling framework; coupled human and natural systems; salmonid management,
Carlson et al. - 2021 - Boat to bowl resilience through network rewiring of a community-supported fishery amid the COVID-19.md,Carlson et al.,2021,Boat to bowl resilience through network rewiring of a community-supported fishery amid the COVID-19,Metacoupling,OA,carlson_boat_2021,ENVIRONMENTAL RESEARCH LETTERS,10.1088/1748-9326/abe4f6,biodiversity; community resource management; community-supported fishery programs; coronavirus; coupled human and natural systems; coupled human-natural systems; covid-19; csf; customer satisfaction; fisheries; fishery management; flow quantities; food processing; food supply; harvesters; harvesting; knowledge gaps; local food systems; meats; metacoupling; miletinae; network models; network rewiring; new jersey; pennsylvania; sales; sars coronavirus; sars-cov-2; seafood; severe acute respiratory syndrome; severe acute respiratory syndrome coronavirus; species diversity; supply chain actors; supply chain management; supply chains; united states,21
Carlson et al. - 2021 - Modeling Atlantic herring fisheries as multiscalar human-natural systems.md,Carlson et al.,2021,Modeling Atlantic herring fisheries as multiscalar human-natural systems,Metacoupling,non-OA,carlson_modeling_2021,FISHERIES RESEARCH,10.1016/j.fishres.2020.105855,atlantic herring; coupled human and natural systems; fisheries management; metacoupling framework; social-ecological systems,6
Carlson et al. - 2022 - More than ponds amid skyscrapers Urban fisheries as multiscalar human-natural systems.md,Carlson et al.,2022,More than ponds amid skyscrapers Urban fisheries as multiscalar human-natural systems,Metacoupling,non-OA,,,10.14321/aehm.025.01.49,,
Carlson et al. - 2024 - Assessing and implementing the concept of Blue Economy in Laurentian Great Lakes fisheries Lessons.md,Carlson et al.,2024,Assessing and implementing the concept of Blue Economy in Laurentian Great Lakes fisheries Lessons,Metacoupling,non-OA,,,10.14321/aehm.027.02.74,,
Carmenta et al. - 2023 - Connected Conservation Rethinking conservation for a telecoupled world.md,Carmenta et al.,2023,Connected Conservation Rethinking conservation for a telecoupled world,Telecoupling,OA,,,,,
Carrasco et al. - 2017 - Biodiversity conservation in a telecoupled world.md,Carrasco et al.,2017,Biodiversity conservation in a telecoupled world,Telecoupling,OA,,,,,
Carter et al. - 2014 - Coupled human and natural systems approach to wildlife research and conservation.md,Carter et al.,2014,Coupled human and natural systems approach to wildlife research and conservation,Telecoupling,OA,,,,,
"Casola et al. - 2021 - Modernization of artisanal fishing communities on Andros Island, The Bahamas, as a treadmill of prod.md",Casola et al.,2021,"Modernization of artisanal fishing communities on Andros Island, The Bahamas, as a treadmill of prod",Telecoupling,non-OA,casola_modernization_2021,OCEAN & COASTAL MANAGEMENT,10.1016/j.ocecoaman.2020.105487,andros [bahamas]; artisanal fishery; artisanal fishing; bahamas; commerce; conservation; ecological modernization; ecological modernization theories; ecology; economic expansion; economic system; employment opportunities; environmental technology; fisheries; fishing community; higher education; international tourisms; martes; modernization; natural resource; natural resources; production theory; public attitude; qualitative case studies; questionnaire survey; sporting goods; telecoupling; tourism; treadmill of production; world system theory,4
"Cease et al. - 2015 - Living With Locusts Connecting Soil Nitrogen, Locust Outbreaks, Livelihoods, and Livestock Markets.md",Cease et al.,2015,"Living With Locusts Connecting Soil Nitrogen, Locust Outbreaks, Livelihoods, and Livestock Markets",Telecoupling,OA,,,10.1093/biosci/biv048,,
Chai et al. - 2024 - Telecoupled impacts of the Russia-Ukraine war on global cropland expansion and biodiversity.md,Chai et al.,2024,Telecoupled impacts of the Russia-Ukraine war on global cropland expansion and biodiversity,Telecoupling,non-OA,,,10.1038/s41893-024-01292-z,,
Chan et al. - 2020 - Levers and leverage points for pathways to sustainability.md,Chan et al.,2020,Levers and leverage points for pathways to sustainability,Telecoupling,OA,,,,,
Chang and Su - 2021 - Exploring the coupling relationship of stormwater runoff distribution in watershed from the perspect.md,Chang and Su,2021,Exploring the coupling relationship of stormwater runoff distribution in watershed from the perspect,Telecoupling,non-OA,chang_exploring_2021,URBAN CLIMATE,10.1016/j.uclim.2021.100792,fair distribution; flood management strategy; local coupling and telecoupling; multi-regional input-output (mrio) model; runoff distribution,22
Chaplin-Kramer et al. - 2023 - Un-yielding Evidence for the agriculture transformation we need.md,Chaplin-Kramer et al.,2023,Un-yielding Evidence for the agriculture transformation we need,Telecoupling,OA,,,,,
Chen et al. - 2019 - Analyzing requisition-compensation balance of farmland policy in China through telecoupling A case.md,Chen et al.,2019,Analyzing requisition-compensation balance of farmland policy in China through telecoupling A case,Telecoupling,non-OA,chen_analyzing_2019,LAND USE POLICY,10.1016/j.landusepol.2019.01.031,agricultural land; agricultural policy; china; ecological balance assessment; gravity center analysis; land use change; land use transfer matrix; policy analysis; productivity; productivity balance identification; telecoupling; urban region; yangtze river,118
Chen et al. - 2023 - Physical and virtual nutrient flows in global telecoupled agricultural trade networks.md,Chen et al.,2023,Physical and virtual nutrient flows in global telecoupled agricultural trade networks,Telecoupling,OA,chen_physical_2023,NATURE COMMUNICATIONS,10.1038/s41467-023-38094-4,agricultural trade; article; environmental sustainability; global change; nitrogen; nutrient; nutrient dynamics; phosphorus; sustainability,25
Chen et al. - 2025 - A review of international trade impacts on sustainable development.md,Chen et al.,2025,A review of international trade impacts on sustainable development,Telecoupling,OA,,,,,
Chotte and Orr - 2021 - Mitigating “displaced” land degradation and the risk of spillover through the decommoditization of l.md,Chotte and Orr,2021,Mitigating “displaced” land degradation and the risk of spillover through the decommoditization of l,Telecoupling,non-OA,,,10.1016/j.landusepol.2021.105659,,
Chuai et al. - 2021 - A new meta-coupling framework to diagnose the inequity hidden in China_s cultivated land use.md,Chuai et al.,2021,A new meta-coupling framework to diagnose the inequity hidden in China_s cultivated land use,Metacoupling,OA,chuai_new_2021,ENVIRONMENTAL SCIENCE & POLICY,10.1016/j.envsci.2021.08.001,agriculture; china; cultivated land; inequity; input-output; meta-coupling,19
ChuangLin and Yufei - 2017 - Analysis of emergy-based metabolic efficiency and environmental pressure on the local coupling and t.md,ChuangLin and Yufei,2017,Analysis of emergy-based metabolic efficiency and environmental pressure on the local coupling and t,Telecoupling,non-OA,chuanglin_analysis_2017,SCIENCE CHINA-EARTH SCIENCES,10.1007/s11430-016-9038-6,agglomeration; beijing [beijing (ads)]; beijing [china]; beijing-tianjin-hebei urban agglomeration; china; coupling; eco-environment; eco-environments; economic and social effects; economics; efficiency; emergy; energy efficiency; environmental pressure; environmental pressures; hebei; local coupling; local coupling and telecoupling; metabolic emergy intensity; metabolism; physiology; pollution control; pressure effect; tianjin; total metabolic emergy value; urban agglomerations; urban area; urban development; urbanization,93
Chuanglin et al. - 2016 - International progress and evaluation on interactive coupling effects between urbanization and the e.md,Chuanglin et al.,2016,International progress and evaluation on interactive coupling effects between urbanization and the e,Telecoupling,OA,,,,,
Chuanglin et al. - 2017 - A proposal for the theoretical analysis of the interactive coupled effects between urbanization and.md,Chuanglin et al.,2017,A proposal for the theoretical analysis of the interactive coupled effects between urbanization and,Telecoupling,non-OA,,,10.1007/s11442-017-1445-x,,
Chung and Liu - 2019 - Telecoupled impacts of livestock trade on non-communicable diseases.md,Chung and Liu,2019,Telecoupled impacts of livestock trade on non-communicable diseases,Telecoupling,OA,chung_telecoupled_2019,GLOBALIZATION AND HEALTH,10.1186/s12992-019-0481-y,animal; animalia; animals; article; cardiovascular disease; cardiovascular diseases; commerce; commercial phenomena; data set; developing countries; developing country; developing world; diet; dietary intake; environmental factor; fat; food consumption; funding; human; humans; income; international cooperation; internationality; livestock; livestock consumption; livestock farming; livestock trade; meat; meat consumption; non communicable disease; non-communicable diseases; noncommunicable disease; noncommunicable diseases; nonhuman; offal; policy; population size; priority journal; risk assessment; risk reduction; socioeconomic factors; socioeconomic impact; socioeconomics; telecoupling,12
Chung et al. - 2018 - Complex Interrelationships between Ecosystem Services Supply and Tourism Demand General Framework a.md,Chung et al.,2018,Complex Interrelationships between Ecosystem Services Supply and Tourism Demand General Framework a,Telecoupling,OA,,,,,
Chung et al. - 2018 - Global relationships between biodiversity and nature-based tourism in protected areas.md,Chung et al.,2018,Global relationships between biodiversity and nature-based tourism in protected areas,Telecoupling,non-OA,chung_global_2018,ECOSYSTEM SERVICES,10.1016/j.ecoser.2018.09.004,biodiversity conservation; coupled human and natural systems; ecosystem services; nature-based tourism; protected areas; telecoupling,95
Chung et al. - 2020 - International Tourism Dynamics in a Globalized World A Social Network Analysis Approach.md,Chung et al.,2020,International Tourism Dynamics in a Globalized World A Social Network Analysis Approach,Metacoupling,non-OA,,,10.1177/0047287519844834,,
Clemens - 2025 - Combining the Viable System Model and Nature Futures Framework.md,Clemens,2025,Combining the Viable System Model and Nature Futures Framework,Telecoupling,non-OA,,,10.1007/s11213-025-09718-1,,
Coenen et al. - 2021 - Environmental Governance of China_s Belt and Road Initiative.md,Coenen et al.,2021,Environmental Governance of China_s Belt and Road Initiative,Telecoupling,OA,coenen_environmental_2021,ENVIRONMENTAL POLICY AND GOVERNANCE,10.1002/eet.1901,china; environmental economics; environmental impact assessment; environmental management; environmental policy; future prospect; global environmental governance; governance approach; green economy; infrastructural development; new silk road; research work; sustainable development; telecoupling; trade-environment relations,175
Coenen et al. - 2023 - Toward spatial fit in the governance of global commodity flows.md,Coenen et al.,2023,Toward spatial fit in the governance of global commodity flows,Telecoupling,OA,,,,,
Colding et al. - 2020 - Applying a Systems Perspective on the Notion of the Smart City.md,Colding et al.,2020,Applying a Systems Perspective on the Notion of the Smart City,Telecoupling,OA,,,,,
Cotta et al. - 2022 - Environmental governance in globally telecoupled systems Mapping the terrain towards an integrated.md,Cotta et al.,2022,Environmental governance in globally telecoupled systems Mapping the terrain towards an integrated,Telecoupling,OA,,,10.1016/j.esg.2022.100142,,
Creutzig et al. - 2019 - Assessing human and environmental pressures of global land-use change 2000-2010.md,Creutzig et al.,2019,Assessing human and environmental pressures of global land-use change 2000-2010,Telecoupling,OA,,,10.1017/sus.2018.15,,
Crona et al. - 2015 - Using social-ecological syndromes to understand impacts of international seafood trade on small-scal.md,Crona et al.,2015,Using social-ecological syndromes to understand impacts of international seafood trade on small-scal,Telecoupling,OA,crona_using_2015,GLOBAL ENVIRONMENTAL CHANGE-HUMAN AND POLICY DIMENSIONS,10.1016/j.gloenvcha.2015.07.006,china; climate change; cross-scale; debt; fishery economics; food market; global change; globalization; impacts; institutional framework; international trade; meta-analysis; patron-client relations; seafood; seafood trade; small scale industry; small-scale fisheries; syndromes; telecommunication; teleconnectivity; telecouplings; vulnerability,124
"Cui et al. - 2019 - Dynamic simulation of urbanization and eco-environment coupling A review on theory, methods and app.md",Cui et al.,2019,"Dynamic simulation of urbanization and eco-environment coupling A review on theory, methods and app",Telecoupling,OA,,,10.11821/dlxb201906002,,
Cui et al. - 2020 - Dynamic simulation of urbanization and eco-environment coupling Current knowledge and future prospe.md,Cui et al.,2020,Dynamic simulation of urbanization and eco-environment coupling Current knowledge and future prospe,Telecoupling,non-OA,,,10.1007/s11442-020-1731-x,,
da Silva et al. - 2021 - Socioeconomic and environmental effects of soybean production in metacoupled systems.md,da Silva et al.,2021,Socioeconomic and environmental effects of soybean production in metacoupled systems,Metacoupling,OA,da_silva_socioeconomic_2021,SCIENTIFIC REPORTS,10.1038/s41598-021-98256-6,article; deforestation; economic development; human; mato grosso; nonhuman; plant yield; soybean,60
da Silva et al. - 2024 - Harvesting dilemmas.md,da Silva et al.,2024,Harvesting dilemmas,Telecoupling,OA,,,10.1016/j.oneear.2024.06.018,,
Dade et al. - 2025 - Landscapes-a lens for assessing sustainability.md,Dade et al.,2025,Landscapes-a lens for assessing sustainability,Telecoupling,OA,,,10.1007/s10980-024-02007-7,,
Dandan et al. - 2022 - Spatiotemporal Differentiation and the Formation Mechanism of Transnational Women Trafficking in Anh.md,Dandan et al.,2022,Spatiotemporal Differentiation and the Formation Mechanism of Transnational Women Trafficking in Anh,Telecoupling,OA,,,10.13284/j.cnki.rddl.003541,,
de Lucio and Seijo - 2023 - Agroecological transitions to sustainability and biosphere reserves.md,de Lucio and Seijo,2023,Agroecological transitions to sustainability and biosphere reserves,Metacoupling,OA,de_lucio_agroecological_2023,AGROECOLOGY AND SUSTAINABLE FOOD SYSTEMS,10.1080/21683565.2023.2231370,{\textgreater,4
de Lucio et al. - 2021 - Resilience as a Moving Target An Evaluation of Last Century Management Strategies in a Dry-Edge Mar.md,de Lucio et al.,2021,Resilience as a Moving Target An Evaluation of Last Century Management Strategies in a Dry-Edge Mar,Telecoupling,OA,,,,,
Deines et al. - 2016 - Telecoupling in urban water systems an examination of Beijing_s imported water supply.md,Deines et al.,2016,Telecoupling in urban water systems an examination of Beijing_s imported water supply,Telecoupling,non-OA,deines_telecoupling_2016,WATER INTERNATIONAL,10.1080/02508060.2015.1113485,beijing; inter-basin transfer; sustainability; telecoupling; urban water management; virtual water,65
Dekker et al. - 2025 - Air quality in Africa from the telecoupled perspective exploring interdisciplinary and transboundar.md,Dekker et al.,2025,Air quality in Africa from the telecoupled perspective exploring interdisciplinary and transboundar,Telecoupling,OA,,,,,
"Delaroche et al. - 2023 - The intertemporal governance challenges of Brazil_s Amazon managing soybean expansion, deforestatio.md",Delaroche et al.,2023,"The intertemporal governance challenges of Brazil_s Amazon managing soybean expansion, deforestatio",Telecoupling,non-OA,delaroche_intertemporal_2023,SUSTAINABILITY SCIENCE,10.1007/s11625-022-01149-4,action situations; amazon; governance; social-ecological systems; telecoupling,9
Dem et al. - 2024 - Resources time footprint for assessment of human influence on ecosystem service from a sustainabilit.md,Dem et al.,2024,Resources time footprint for assessment of human influence on ecosystem service from a sustainabilit,Telecoupling,non-OA,,,10.1016/j.jclepro.2024.140612,,
Dietz - 2017 - Drivers of Human Stress on the Environment in the Twenty-First Century.md,Dietz,2017,Drivers of Human Stress on the Environment in the Twenty-First Century,Telecoupling,OA,,,10.1146/annurev-environ-,,
Dong et al. - 2022 - Sustainable landscape pattern a landscape approach to serving spatial planning.md,Dong et al.,2022,Sustainable landscape pattern a landscape approach to serving spatial planning,Metacoupling,non-OA,,,10.1007/s10980-021-01329-0,,
Dou et al. - 2019 - Land-use changes across distant places design of a telecoupled agent-based model.md,Dou et al.,2019,Land-use changes across distant places design of a telecoupled agent-based model,Telecoupling,non-OA,,,10.1080/1747423X.2019.1687769,,
Dou et al. - 2020 - Land-Use Changes in Distant Places Implementation of a Telecoupled Agent-Based Model.md,Dou et al.,2020,Land-Use Changes in Distant Places Implementation of a Telecoupled Agent-Based Model,Telecoupling,OA,sun_telecoupled_2017,Journal of Integrative Agriculture,10.1016/S2095-3119(16)61528-9,agricultural land-use changes; soybeans; spatial attributes; telecoupling; moving window analysis,
Dou et al. - 2020 - Understanding How Smallholders Integrated into Pericoupled and Telecoupled Systems.md,Dou et al.,2020,Understanding How Smallholders Integrated into Pericoupled and Telecoupled Systems,Telecoupling,OA,,,,,
Downing et al. - 2021 - When the whole is less than the sum of all parts-Tracking global-level impacts of national sustainab.md,Downing et al.,2021,When the whole is less than the sum of all parts-Tracking global-level impacts of national sustainab,Telecoupling,OA,downing_when_2021,GLOBAL ENVIRONMENTAL CHANGE-HUMAN AND POLICY DIMENSIONS,10.1016/j.gloenvcha.2021.102306,brazil; china; cross-system social-ecological burdens; economic development; global perspective; oil production; pacific ocean; pacific ocean (south); reforestation; southeast asia; spatiotemporal analysis; sustainability; sustainable development; sustainable development goal; sustainable development goals; telecoupling framework; trade routes,29
Drakou et al. - 2017 - Drought impacts to water footprints and virtual water transfers of the Central Valley of California.md,Drakou et al.,2017,Drought impacts to water footprints and virtual water transfers of the Central Valley of California,Telecoupling,OA,,,10.1002/2016WR020251,,
Drakou et al. - 2018 - Mapping the global distribution of locally-generated marine ecosystem services The case of the West.md,Drakou et al.,2018,Mapping the global distribution of locally-generated marine ecosystem services The case of the West,Telecoupling,OA,drakou_mapping_2018,ECOSYSTEM SERVICES,10.1016/j.ecoser.2018.05.008,benefit sharing; flow mapping; teleconnections; telecoupled systems; trade; value chain analysis,28
Du et al. - 2022 - How can virtual water trade reshape water stress pattern A global evaluation based on the metacoupl.md,Du et al.,2022,How can virtual water trade reshape water stress pattern A global evaluation based on the metacoupl,Metacoupling,OA,du_how_2022,ECOLOGICAL INDICATORS,10.1016/j.ecolind.2022.109712,commerce; developing countries; environmental impact; environmental impacts; metacoupling; stress changes; stress patterns; sustainable development; telecoupling; trade scenario; trade scenarios; trade-environment relations; virtual reality; virtual water; virtual water trade; water conservation; water imports; water management; water stress; water supply; waters resources,22
Du et al. - 2022 - How far are we from possible ideal virtual water transfer Evidence from assessing vulnerability of.md,Du et al.,2022,How far are we from possible ideal virtual water transfer Evidence from assessing vulnerability of,Telecoupling,non-OA,du_how_2022-1,SCIENCE OF THE TOTAL ENVIRONMENT,10.1016/j.scitotenv.2022.154493,africa; article; central asia; commerce; commercial phenomena; controlled study; decision making; dehydration; developed countries; developing countries; environmental impact; environmental policy; environmental sustainability; environmental vulnerability; forecasting; global water cycle; global water use sustainability; human; humans; hydrological cycle; international cooperation; international trade; internationality; mathematical computing; quantitative analysis; responsibility sharing; social responsibility; south asia; sustainability; sustainable development; telecoupling; virtual reality; virtual water; virtual water trade; vulnerability; water; water demand; water economics; water flow; water insecurity; water stress; water supply; water transfers; water transport; water use,27
Du et al. - 2022 - Local and non-local drivers of consumption-based water use in China during 2007-2015 Perspective of.md,Du et al.,2022,Local and non-local drivers of consumption-based water use in China during 2007-2015 Perspective of,Metacoupling,non-OA,du_local_2022,JOURNAL OF ENVIRONMENTAL MANAGEMENT,10.1016/j.jenvman.2022.114940,agriculture; article; china; climate change; consumption-based water use; decision making; decoupling; decouplings; driver; economic development; economics; fluid intake; human; human nature; humans; industrialization; investment; investments; metacoupling; migration; migration effect; migration effects; nature-society relations; non -local factors; non-local factor; nonlocal; plant water use; population statistics; seashore; socioeconomics; spatiotemporal analysis; spatiotemporal patterns; urbanization; water; water conservation; water management; water stress; water supply; water use,15
Du et al. - 2024 - Zoning for the sustainable development mode of global social-ecological systems From the supply-pro.md,Du et al.,2024,Zoning for the sustainable development mode of global social-ecological systems From the supply-pro,Telecoupling,non-OA,du_zoning_2024,RESOURCES CONSERVATION AND RECYCLING,10.1016/j.resconrec.2024.107447,adaptive strategies; ecological resource; international trade; social -ecological systems; sustainable development modes,17
Du Toit et al. - 2021 - Guiding environmental law's transformation into earth system law through the telecoupling framewor.md,Du Toit et al.,2021,Guiding environmental law's transformation into earth system law through the telecoupling framewor,Telecoupling,OA,,,10.54648/EELR2021011,,
"Duan et al. - 2022 - Carbon Emissions of the Tourism Telecoupling System Theoretical Framework, Model Specification and.md",Duan et al.,2022,"Carbon Emissions of the Tourism Telecoupling System Theoretical Framework, Model Specification and",Telecoupling,OA,,,,,
Eakin et al. - 2017 - Transforming governance in telecoupled food systems.md,Eakin et al.,2017,Transforming governance in telecoupled food systems,Telecoupling,OA,eakin_transforming_2017,Ecology and Society,10.5751/ES-09831-220432,food systems; globalization; governance; Latin America; sustainability; telecoupling,
"Easter et al. - 2018 - Climate change, cattle, and the challenge of sustainability in a telecoupled system in Africa.md",Easter et al.,2018,"Climate change, cattle, and the challenge of sustainability in a telecoupled system in Africa",Telecoupling,OA,easter_climate_2018,ECOLOGY AND SOCIETY,10.5751/ES-09872-230110,africa; bos; bovinae; cattle; climate change; decision making; disease control; future prospect; globalization; nature-society relations; social-ecological systems; sustainability; telecoupling; trypanosomiasis,13
Eliasson et al. - 2023 - A spatially explicit approach to assessing commodity-driven fertilizer use and its impact on biodive.md,Eliasson et al.,2023,A spatially explicit approach to assessing commodity-driven fertilizer use and its impact on biodive,Telecoupling,OA,eliasson_spatially_2023,JOURNAL OF CLEANER PRODUCTION,10.1016/j.jclepro.2022.135195,binary alloys; biodiversity; commerce; eutrophication; fertilizer use; fertilizers; phosphorus; phosphorus fertilizer; phosphorus fertilizers; production and consumption; relative risk indices; risk perception; soybean trade; spatially explicit; supply chain policy; supply chains; sustainable consumption; sustainable development; sustainable production; sustainable production and consumption; telecoupling; telecouplings; water,9
Ellis et al. - 2018 - Evolving the Anthropocene linking multi-level selection with long-term social-ecological change.md,Ellis et al.,2018,Evolving the Anthropocene linking multi-level selection with long-term social-ecological change,Telecoupling,OA,,,,,
Fang et al. - 2016 - Energy sustainability under the framework of telecoupling.md,Fang et al.,2016,Energy sustainability under the framework of telecoupling,Telecoupling,non-OA,,,10.1016/j.energy.2016.03.055,,
Fang et al. - 2016 - Theoretical analysis of interactive coupled effects between urbanization and eco-environment in mega.md,Fang et al.,2016,Theoretical analysis of interactive coupled effects between urbanization and eco-environment in mega,Telecoupling,OA,,,10.11821/dlxb201604001,,
Fang et al. - 2024 - Optimizing the ecosystem service flow of grain provision across metacoupling systems will improve tr.md,Fang et al.,2024,Optimizing the ecosystem service flow of grain provision across metacoupling systems will improve tr,Metacoupling,OA,fang_optimizing_2024,APPLIED GEOGRAPHY,10.1016/j.apgeog.2024.103420,agglomeration; china; complexity; demand analysis; ecosystem service; ecosystem service flow network; efficiency measurement; environmental economics; extra-regional and intra-regional flow; food provisioning; jingjinji; linear programing; linear programming; network model; optimization; system analysis,13
Fastner et al. - 2023 - Telecoupled urban demand from West African cities causes social-ecological land use transformation i.md,Fastner et al.,2023,Telecoupled urban demand from West African cities causes social-ecological land use transformation i,Telecoupling,OA,fastner_telecoupled_2023,PLOS ONE,10.1371/journal.pone.0289694,africa; africa south of the sahara; agricultural; agricultural land; agriculture; alkalosis; article; causality; cities; city; controlled study; crop; crop rotation; crops; electromagnetic radiation; environmental monitoring; fertilizer; fluid balance; garlic; geographic distribution; ground water; human; humidity; land use; land use change; landscape ecology; leaf area; mathematical phenomena; mountain; municipal solid waste; nonhuman; northern; onion; particle size; ph; satellite imagery; seasonal variation; soil fertility; soil quality; solar radiation; telecoupled urban demand; temperature; thermal conductivity; urban area; vegetation; weather,5
Fastner et al. - 2025 - Natural resource governance in Niger_s telecoupled oasis systems.md,Fastner et al.,2025,Natural resource governance in Niger_s telecoupled oasis systems,Telecoupling,OA,,,,,
Feng et al. - 2024 - Review and prospect of research on spatial layout optimization of rural settlements in China_ 中国.md,Feng et al.,2024,Review and prospect of research on spatial layout optimization of rural settlements in China_ 中国,Telecoupling,OA,,,10.11821/dlyj020240064,,
Franzke et al. - 2022 - Perspectives on tipping points in integrated models of the natural and human Earth system cascading.md,Franzke et al.,2022,Perspectives on tipping points in integrated models of the natural and human Earth system cascading,Telecoupling,OA,,,,,
Fridman and Kissinger - 2018 - An integrated biophysical and ecosystem approach as a base for ecosystem services analysis across re.md,Fridman and Kissinger,2018,An integrated biophysical and ecosystem approach as a base for ecosystem services analysis across re,Telecoupling,non-OA,fridman_integrated_2018,ECOSYSTEM SERVICES,10.1016/j.ecoser.2018.01.005,biophysical and ecosystem assessments; dis-services; ecosystem service indicators; food systems; interregional-sustainability; systems-integration; tele-couplings; trade-offs,29
Fridman and Kissinger - 2019 - A multi-scale analysis of interregional sustainability Applied to Israel_s food supply.md,Fridman and Kissinger,2019,A multi-scale analysis of interregional sustainability Applied to Israel_s food supply,Telecoupling,non-OA,fridman_multi-scale_2019,SCIENCE OF THE TOTAL ENVIRONMENT,10.1016/j.scitotenv.2019.04.054,article; biogeographic region; biome; catering service; consumption behavior; cropland; crops; economic and social effects; environmental accounting; environmental accountings; environmental assessment; environmental burdens; environmental impact; environmental interactions; food crop; food security; food supply; food system; food systems; human; israel; multi scale analysis; multiple-scale analysis; nonhuman; regional development; river basin; statistics; sustainability; sustainability analysis; sustainable development; telecoupling,16
Fridman et al. - 2021 - Exploring global interregional food system_s sustainability using the functional regions typology.md,Fridman et al.,2021,Exploring global interregional food system_s sustainability using the functional regions typology,Telecoupling,non-OA,fridman_exploring_2021,GLOBAL ENVIRONMENTAL CHANGE-HUMAN AND POLICY DIMENSIONS,10.1016/j.gloenvcha.2021.102276,ecosystem service; environmental impact; farming system; food security; food supply; food-system-sustainability; functional-regions; glycine max; international-trade; interregional-sustainability; land-use-archetypes; sustainability; tele-coupling; typology,11
Friis and Nielsen - 2017 - Land-use change in a telecoupled world the relevance and applicability of the telecoupling framewor.md,Friis and Nielsen,2017,Land-use change in a telecoupled world the relevance and applicability of the telecoupling framewor,Telecoupling,OA,friis_land-use_2017,ECOLOGY AND SOCIETY,10.5751/ES-09480-220430,case-study research; chinese investments; distal flows; feedbacks; investment; land systems; land use change; land-use change; laos; plantation; qualitative analysis; qualitative research; telecoupling,54
"Friis and Nielsen - 2017 - On the System. Boundary Choices, Implications, and Solutions in Telecoupling Land Use Change Researc.md",Friis and Nielsen,2017,"On the System. Boundary Choices, Implications, and Solutions in Telecoupling Land Use Change Researc",Telecoupling,OA,friis_system_2017,SUSTAINABILITY,10.3390/su9060974,banana plantations; china; coupled human-environment systems; environmental effect; fieldwork; fruit; globalization; land systems; land use change; laos; luang namtha; nature-society relations; plantation; scale; socioeconomic impact; system boundaries; telecoupling; trade-off,46
Friis et al. - 2016 - From teleconnection to telecoupling taking stock of an emerging framework in land system science.md,Friis et al.,2016,From teleconnection to telecoupling taking stock of an emerging framework in land system science,Telecoupling,non-OA,,,10.1080/1747423X.2015.1096423,,
Fu et al. - 2022 - Geography in the Anthropocene Transforming our world for sustainable development.md,Fu et al.,2022,Geography in the Anthropocene Transforming our world for sustainable development,Metacoupling,OA,,,10.1016/j.geosus.2021.12.004,,
Fuchs et al. - 2024 - The EU_s new anti-deforestation law has severe loopholes that could be exploited by the forthcoming.md,Fuchs et al.,2024,The EU_s new anti-deforestation law has severe loopholes that could be exploited by the forthcoming,Telecoupling,OA,,,,,
Fuller et al. - 2019 - Assessing the impact of China_s timber industry on Congo Basin land use change.md,Fuller et al.,2019,Assessing the impact of China_s timber industry on Congo Basin land use change,Telecoupling,OA,fuller_assessing_2019,AREA,10.1111/area.12469,animalia; biodiversity; cameroon; china; congo basin; deforestation; environmental impact assessment; exploration; global supply chains; land use change; natural resource; remote sensing; supply chain management; telecoupling; timber industry; united states,26
Galaz et al. - 2018 - Finance and the Earth system - Exploring the links between financial actors and non-linear changes i.md,Galaz et al.,2018,Finance and the Earth system - Exploring the links between financial actors and non-linear changes i,Telecoupling,OA,galaz_finance_2018,GLOBAL ENVIRONMENTAL CHANGE-HUMAN AND POLICY DIMENSIONS,10.1016/j.gloenvcha.2018.09.008,amazonas [brazil]; biome; boreal forest; brazil; canada; climate change; deforestation; economic activity; environmental economics; exploration; finance; financial system; financial systems; nonlinearity; rainforest; russian federation; sustainability; sustainable finance; telecommunication; telecoupling; tipping elements,128
Galvan-Miyoshi et al. - 2022 - Globalized supply chains Emergent telecouplings in Mexico_s beef economy and environmental leakages.md,Galvan-Miyoshi et al.,2022,Globalized supply chains Emergent telecouplings in Mexico_s beef economy and environmental leakages,Telecoupling,non-OA,galvan-miyoshi_globalized_2022,GLOBAL ENVIRONMENTAL CHANGE-HUMAN AND POLICY DIMENSIONS,10.1016/j.gloenvcha.2022.102486,borlaug; central america; climate change; deforestation; empirical analysis; environmental degradation; intensification; land degradation; land sparing; land use; mexico [north america]; nafta; spatiotemporal analysis; supply chain management; telecoupling; trade liberalization,7
Gao et al. - 2022 - An integrated tele-coupling analysis for requisition-compensation balance and its influence on carbo.md,Gao et al.,2022,An integrated tele-coupling analysis for requisition-compensation balance and its influence on carbo,Telecoupling,non-OA,gao_integrated_2022,LAND USE POLICY,10.1016/j.landusepol.2022.106057,agricultural land; carbon balance; carbon storage; china; compensation; compensation system; environmental tax; farmland; input -output; input-output analysis; integrated approach; land cover; land use change; tele-coupling,40
Garcia et al. - 2021 - Multilayer Network Clarifies Prevailing Water Consumption Telecouplings in the United States.md,Garcia et al.,2021,Multilayer Network Clarifies Prevailing Water Consumption Telecouplings in the United States,Telecoupling,non-OA,,,10.1029/2020WR029141,,
Garcia-Martin et al. - 2021 - Linking food systems and landscape sustainability in the Mediterranean region.md,Garcia-Martin et al.,2021,Linking food systems and landscape sustainability in the Mediterranean region,Telecoupling,OA,garcia-martin_linking_2021,LANDSCAPE ECOLOGY,10.1007/s10980-020-01168-5,food systems; landscape ecology; landscape products; landscape sustainability; social-ecological systems; telecouplings,31
"Garnero - 2024 - RIVER SOCIAL-ECOLOGICAL SYSTEM AND THE EMERGENCY OF TOURISM IN TRASLASIERRA (CÓRDOBA, ARGENTINA) IN.md",Garnero,2024,"RIVER SOCIAL-ECOLOGICAL SYSTEM AND THE EMERGENCY OF TOURISM IN TRASLASIERRA (CÓRDOBA, ARGENTINA) IN",Telecoupling,OA,garnero_river_2024,,,social-ecological systems; environmental history; tourism; rivers; Argentina,
Garrett et al. - 2013 - Globalization_s unexpected impact on soybean production in South America linkages between preferenc.md,Garrett et al.,2013,Globalization_s unexpected impact on soybean production in South America linkages between preferenc,Telecoupling,OA,garrett_globalizations_2013,ENVIRONMENTAL RESEARCH LETTERS,10.1088/1748-9326/8/4/044055,agriculture; asia; biome; certification; commerce; competition; competitive advantage; crop production; environmental certification; environmental quality; europe; european countries; food supply; globalization; glycine max; incentive; international trade; land use; land use change; multi-stakeholder initiatives; south america; soybean; soybean production; stakeholder; supply chain structures; supply chains; telecoupling; trade,77
Garrick et al. - 2022 - Markets and misfits in adaptive water governance how agricultural markets shape water conflict and.md,Garrick et al.,2022,Markets and misfits in adaptive water governance how agricultural markets shape water conflict and,Telecoupling,OA,,,,,
Ge et al. - 2020 - Geographical missions and coupling ways between human and nature for the Beautiful China Initiative_.md,Ge et al.,2020,Geographical missions and coupling ways between human and nature for the Beautiful China Initiative_,Telecoupling,OA,,,10.11821/dlxb202006001,,
Green et al. - 2019 - Linking global drivers of agricultural trade to on-the-ground impacts on biodiversity.md,Green et al.,2019,Linking global drivers of agricultural trade to on-the-ground impacts on biodiversity,Telecoupling,OA,green_linking_2019,PROCEEDINGS OF THE NATIONAL ACADEMY OF SCIENCES OF THE UNITED STATES OF AMERICA,10.1073/pnas.1905618116,agricultural commodity; agriculture; animal; animals; anteater; article; biodiversity; biodiversity impacts; brazil; commerce; commercial phenomena; consumer; endangered species; endemic species; european union; habitat; human; international cooperation; internationality; models; nonhuman; scrub; soybean; soybeans; species; supply chain; telecoupling; theoretical; theoretical model,135
Guo et al. - 2021 - Achieving Win-Win Solutions in Telecoupled Human-Land Systems.md,Guo et al.,2021,Achieving Win-Win Solutions in Telecoupled Human-Land Systems,Telecoupling,OA,,,10.3390/l,,
Gurney et al. - 2017 - Redefining community based on place attachment in a connected world.md,Gurney et al.,2017,Redefining community based on place attachment in a connected world,Telecoupling,OA,gurney_redefining_2017,PROCEEDINGS OF THE NATIONAL ACADEMY OF SCIENCES OF THE UNITED STATES OF AMERICA,10.1073/pnas.1712125114,adult; article; australia; communication; community; community participation; coral reef; coral reefs; demography; environment; environmental management; environmental policy; environmental protection; environmental sustainability; female; human; humans; interpersonal communication; male; middle aged; object attachment; object relation; place identity; place preference; politics; priority journal; psychology; public participation; residence characteristics; stewardship; telecoupling,119
"Hauer and Nielsen - 2020 - Making land-use change and markets the global-local entanglement of producing rice in Bagre, Burkin.md",Hauer and Nielsen,2020,"Making land-use change and markets the global-local entanglement of producing rice in Bagre, Burkin",Telecoupling,OA,hauer_making_2020,GEOGRAFISKA ANNALER SERIES B-HUMAN GEOGRAPHY,10.1080/04353684.2020.1723121,agricultural trade; bagre; burkina faso; crop production; food production; geographies of marketization; globalization; land market; land use change; land-use change; paddy field; rice; telecoupling,9
Henriksson et al. - 2018 - Measuring the potential for sustainable intensification of aquaculture in Bangladesh using life cycl.md,Henriksson et al.,2018,Measuring the potential for sustainable intensification of aquaculture in Bangladesh using life cycl,Telecoupling,OA,,,10.1073/pnas.1716530115,,
Herzberger et al. - 2019 - Telecoupled Food Trade Affects Pericoupled Trade and Intracoupled Production.md,Herzberger et al.,2019,Telecoupled Food Trade Affects Pericoupled Trade and Intracoupled Production,Metacoupling,OA,herzberger_telecoupled_2019,SUSTAINABILITY,10.3390/su11102908,agricultural production; arima; crop plant; demand analysis; export; food availability; food production; glycine max; international trade; intracoupling; landscape; metacoupling; pericoupling; soybean; soybeans; spatiotemporal analysis; telecoupling; trade barriers; triticum aestivum; zea mays,38
Hovis et al. - 2021 - Through the Lens of Telecoupling and Metacoupling New Perspectives for Global Sustainability.md,Hovis et al.,2021,Through the Lens of Telecoupling and Metacoupling New Perspectives for Global Sustainability,Telecoupling,OA,,,,,
Hu et al. - 2023 - Progress and prospects of rural human-earth system coupling research.md,Hu et al.,2023,Progress and prospects of rural human-earth system coupling research,Metacoupling,OA,,,10.18306/dlkxjz.2023.12.013,,
Hu et al. - 2025 - Assessing the sustainability of China_s coastal regions A perspective on local coupling and telecou.md,Hu et al.,2025,Assessing the sustainability of China_s coastal regions A perspective on local coupling and telecou,Telecoupling,non-OA,,,10.1016/j.ecolmodel.2024.110974,,
Huang et al. - 2025 - Optimizing Cross-Regional Mobility Contributes to the Metacoupling Between Urbanization and the Envi.md,Huang et al.,2025,Optimizing Cross-Regional Mobility Contributes to the Metacoupling Between Urbanization and the Envi,Metacoupling,OA,,,,,
Hughes et al. - 2025 - Urgent Policy Change Is Needed to Understand the Dimensions of Legal International Wildlife Trade to.md,Hughes et al.,2025,Urgent Policy Change Is Needed to Understand the Dimensions of Legal International Wildlife Trade to,Telecoupling,OA,,,,,
Hulina et al. - 2017 - Telecoupling framework for research on migratory species in the Anthropocene.md,Hulina et al.,2017,Telecoupling framework for research on migratory species in the Anthropocene,Telecoupling,OA,,,,,
Hull and Liu - 2018 - Telecoupling A new frontier for global sustainability.md,Hull and Liu,2018,Telecoupling A new frontier for global sustainability,Telecoupling,OA,,,,,
Hull et al. - 2015 - Synthesis of human-nature feedbacks.md,Hull et al.,2015,Synthesis of human-nature feedbacks,Telecoupling,OA,,,,,
Hull et al. - 2019 - A Synthesis of Opportunities for Applying the Telecoupling Framework to Marine Protected Areas.md,Hull et al.,2019,A Synthesis of Opportunities for Applying the Telecoupling Framework to Marine Protected Areas,Telecoupling,OA,,,,,
"Hurlbert and Akpan - 2023 - Dialectic narratives, hostile actors, and Earth_s resources in Saskatchewan, Canada.md",Hurlbert and Akpan,2023,"Dialectic narratives, hostile actors, and Earth_s resources in Saskatchewan, Canada",Telecoupling,OA,,,,,
Ibarrola-Rivas et al. - 2020 - Telecoupling through tomato trade what consumers do not know about the tomato on their plate.md,Ibarrola-Rivas et al.,2020,Telecoupling through tomato trade what consumers do not know about the tomato on their plate,Telecoupling,OA,ibarrola-rivas_telecoupling_2020,GLOBAL SUSTAINABILITY,10.1017/sus.2020.4,almeria; environmental effects; germany; global drivers; global food trade; inequality; social effects; spain; the netherlands; westland,18
Ignacio Gasparri and de Waroux - 2015 - The Coupling of South American Soybean and Cattle Production Frontiers New Challenges for Conservat.md,Ignacio Gasparri and de Waroux,2015,The Coupling of South American Soybean and Cattle Production Frontiers New Challenges for Conservat,Telecoupling,OA,,,10.1111/conl.12121,,
Ignacio Gasparri et al. - 2016 - The Emerging Soybean Production Frontier in Southern Africa Conservation Challenges and the Role of.md,Ignacio Gasparri et al.,2016,The Emerging Soybean Production Frontier in Southern Africa Conservation Challenges and the Role of,Telecoupling,OA,,,,,
Islam et al. - 2023 - Spatial transition dynamics of urbanization and Rohingya refugees_ settlements in Bangladesh.md,Islam et al.,2023,Spatial transition dynamics of urbanization and Rohingya refugees_ settlements in Bangladesh,Telecoupling,OA,islam_spatial_2023,LAND USE POLICY,10.1016/j.landusepol.2023.106874,bangladesh; land use change; land use planning; land use policy; mixed methods approach; open data; policy implementation; refugee; refugees' settlements; spatial analysis; spatial transition; urban development; urbanization,10
Javier Alcantara-Plazola and de la Barrera - 2021 - Quantification of embedded phosphorus in Mexican agriculture.md,Javier Alcantara-Plazola and de la Barrera,2021,Quantification of embedded phosphorus in Mexican agriculture,Telecoupling,non-OA,javier_alcantara-plazola_quantification_2021,SUSTAINABLE PRODUCTION AND CONSUMPTION,10.1016/j.spc.2021.07.011,agricultural commodities; agricultural productions; agricultural robots; agriculture; biogeochemical cycle; biogeochemistry; crops; embedded phosphorus; essential elements; food crops; food security; forage production; fruits; fruits and vegetables; mineral industry; phosphorus; phosphorus balances; planetary boundaries; telecoupling; vegetables,5
Ji et al. - 2025 - Revealing Ecosystem Carbon Sequestration Service Flows Through the Meta-Coupling Framework Evidence.md,Ji et al.,2025,Revealing Ecosystem Carbon Sequestration Service Flows Through the Meta-Coupling Framework Evidence,Metacoupling,OA,,,,,
Jia et al. - 2023 - Telecoupling indirect ecological impacts of urban expansion in China from the perspective of the foo.md,Jia et al.,2023,Telecoupling indirect ecological impacts of urban expansion in China from the perspective of the foo,Metacoupling,non-OA,jia_telecoupling_2023,LAND DEGRADATION & DEVELOPMENT,10.1002/ldr.4822,beijing [beijing (ads)]; beijing [china]; china; commerce; comprehensive evaluation; cropland displacement; displacement; ecological compensation; ecological costs; ecological impacts; ecological loss; ecosystem degradation; ecosystems; expansion; governance approach; indirect impact; indirect impacts; jiangsu; shanghai; spillover effect; teleconnection; teleconnections; tianjin; urban development; urban expansion; urban growth; urban planning,14
Jiang et al. - 2021 - Ecological restoration is not sufficient for reconciling the trade-off between soil retention and wa.md,Jiang et al.,2021,Ecological restoration is not sufficient for reconciling the trade-off between soil retention and wa,Metacoupling,non-OA,,,10.1016/j.scitotenv.2020.142139,,
Jin et al. - 2024 - The employment impacts of fossil fuel trade across cities in China A telecoupling perspective.md,Jin et al.,2024,The employment impacts of fossil fuel trade across cities in China A telecoupling perspective,Telecoupling,non-OA,jin_employment_2024,ENERGY,10.1016/j.energy.2024.132751,china; coal deposits; coal mines; coal trade; commerce; demand-side management; employment; employment generation; energy demands; energy system; energy systems; energy transitions; extraction; extraction method; fossil fuel; fuel consumption; gas fields; gas industry; input output; input-output; input-output analysis; job; oil fields; production and consumption; resource extraction; spatially explicit; sustainable development; trade; workers',13
"Jiren et al. - 2022 - A multi-level assessment of changes in stakeholder constellations, interest and influence on ecosyst.md",Jiren et al.,2022,"A multi-level assessment of changes in stakeholder constellations, interest and influence on ecosyst",Telecoupling,OA,,,,,
Kacaw and Tsai - 2023 - The Application of PPGIS to Telecoupling Research A Case Study of the Agricultural Landscape Transf.md,Kacaw and Tsai,2023,The Application of PPGIS to Telecoupling Research A Case Study of the Agricultural Landscape Transf,Telecoupling,OA,kacaw_application_2023,SUSTAINABILITY,10.3390/su15021577,agricultural land; gis; indigenous population; land use; mountain; mountain agriculture; ppgis; public-private partnership; taiwan; taiwan indigenous people; telecoupling,4
Kalt et al. - 2021 - Tracing Austria_s biomass consumption to source countries A product-level comparison between bioene.md,Kalt et al.,2021,Tracing Austria_s biomass consumption to source countries A product-level comparison between bioene,Telecoupling,OA,,,10.1016/j.ecolecon.2021.107129,,
Kan et al. - 2024 - Telecoupling characteristics and spatial clustering analysis of land use functions An empirical study of counties in Beijing-Tianjin-Hebei Region by SNA model.md,Kan et al.,2024,Telecoupling characteristics and spatial clustering analysis of land use functions An empirical study of counties in Beijing-Tianjin-Hebei Region by SNA model,Telecoupling,OA,kan_telecoupling_2024,World Regional Studies,10.3969/j.issn.1004-9479.2024.09.20222198,,3
Kapsar et al. - 2019 - Telecoupling Research The First Five Years.md,Kapsar et al.,2019,Telecoupling Research The First Five Years,Telecoupling,OA,,,,,
Kapsar et al. - 2022 - The metacoupled Arctic Human-nature interactions across local to global scales as drivers of sustai.md,Kapsar et al.,2022,The metacoupled Arctic Human-nature interactions across local to global scales as drivers of sustai,Metacoupling,OA,,,10.1007/s13280-,,
"Kastner et al. - 2015 - Global Human Appropriation of Net Primary Production for Biomass Consumption in the European Union,.md",Kastner et al.,2015,"Global Human Appropriation of Net Primary Production for Biomass Consumption in the European Union,",Telecoupling,OA,,,,,
Keys and Wang-Erlandsson - 2018 - On the social dynamics of moisture recycling.md,Keys and Wang-Erlandsson,2018,On the social dynamics of moisture recycling,Telecoupling,OA,keys_social_2018,EARTH SYSTEM DYNAMICS,10.5194/esd-9-829-2018,atmospheric moisture; bolivia; complex adaptive systems; dynamics; ecology; evaporation; evaporation source; food security; food supply; heterogeneity; hydrological cycle; land use; land use change; land-use change; literature reviews; moisture; moisture transfer; mongolia; niger [west africa]; precipitation (climatology); social aspects; social characteristics; social dimensions; social-ecological systems; source-sink dynamics; teleconnection; water recycling,28
Klapper and Schroeter - 2021 - Interregional flows of multiple ecosystem services through global trade in wild species.md,Klapper and Schroeter,2021,Interregional flows of multiple ecosystem services through global trade in wild species,Telecoupling,non-OA,klapper_interregional_2021,ECOSYSTEM SERVICES,10.1016/j.ecoser.2021.101316,conservation; endangered species; interregional flows; service-providing units; telecoupling; trade,10
Kleemann et al. - 2020 - Quantifying interregional flows of multiple ecosystem services - A case study for Germany.md,Kleemann et al.,2020,Quantifying interregional flows of multiple ecosystem services - A case study for Germany,Telecoupling,OA,kleemann_quantifying_2020,GLOBAL ENVIRONMENTAL CHANGE-HUMAN AND POLICY DIMENSIONS,10.1016/j.gloenvcha.2020.102051,agricultural land; ailuropoda melanoleuca; assessment; aves; biodiversity; biophysics; cameroon; cocoa; conceptual framework; cote divoire; ecosystem service; ecuador; flood control; flow; ghana; humid environment; interregional ecosystem services; pest control; quantification; resource management; sustainability; telecoupling; theobroma cacao; watershed,93
Koellner et al. - 2019 - Guidance for assessing interregional ecosystem service flows.md,Koellner et al.,2019,Guidance for assessing interregional ecosystem service flows,Telecoupling,OA,,,10.1016/j.ecolind.2019.04.046,,
Koh et al. - 2025 - Follow the money Can REDD plus finance compete with established and emerging land investments in Ma.md,Koh et al.,2025,Follow the money Can REDD plus finance compete with established and emerging land investments in Ma,Telecoupling,OA,koh_follow_2025,FOREST POLICY AND ECONOMICS,10.1016/j.forpol.2025.103664,benefit sharing; benefit-sharing; carbon; climate change; climate finance; deforestation; democratic republic of congo; economics; equity; finance; financial dynamics; financial flows; forest; forest landscape; forests; investments; land use; petroleum prospecting; podocarpus spicatus; political economy; structures; telecoupling,
Kok et al. - 2017 - Biodiversity and ecosystem services require IPBES to take novel approach to scenarios.md,Kok et al.,2017,Biodiversity and ecosystem services require IPBES to take novel approach to scenarios,Telecoupling,OA,,,,,
Kong et al. - 2025 - The neglected cost Ecosystem services loss due to urban expansion in China from a triple-coupling p.md,Kong et al.,2025,The neglected cost Ecosystem services loss due to urban expansion in China from a triple-coupling p,Metacoupling,non-OA,kong_neglected_2025,ENVIRONMENTAL IMPACT ASSESSMENT REVIEW,10.1016/j.eiar.2025.107827,abiotic; carbon sequestration; china; coupling loss; ecological consequences; ecosystem service; ecosystem services; ecosystem services (es); habitat quality; intra-coupling; land use change; landuse change; natural environment; peri-coupling; sustainable development; tele-coupling; urban expansion; urbanization; vulnerable regions,28
Kosai et al. - 2022 - Multi-regional land disturbances induced by mineral use in a product-based approach A case study of.md,Kosai et al.,2022,Multi-regional land disturbances induced by mineral use in a product-based approach A case study of,Telecoupling,OA,kosai_multi-regional_2022,RESOURCES CONSERVATION AND RECYCLING,10.1016/j.resconrec.2021.106093,algorithm; article; automobile manufacture; carbon footprint; case study; case-studies; chile; critical minerals; cross-border; cross-border value chain; cross-border value chains; disturbance; electric vehicle; environmental impact; fossil fuel; fuel cell; fuel cell vehicles; fuel cells; gasoline; gasoline vehicle; human; hybrid vehicles; international trade; japan; land use; life cycle assessment; manufacturing; material footprint; mineral; mineral resource; minerals; mining; resource management; resource use; responsible sourcing; social aspects; social responsibility; south africa; strategic planning; surface area; telecoupling; value chains,16
Kotze and Kim - 2022 - Towards planetary nexus governance in the Anthropocene An earth system law perspective.md,Kotze and Kim,2022,Towards planetary nexus governance in the Anthropocene An earth system law perspective,Telecoupling,OA,,,,,
Kozak and Szwagrzyk - 2016 - Have there been forest transitions Forest transition theory revisited in the context of the Modifia.md,Kozak and Szwagrzyk,2016,Have there been forest transitions Forest transition theory revisited in the context of the Modifia,Telecoupling,OA,kozak_have_2016,AREA,10.1111/area.12267,carpathians; forest cover; forest transition; gis; land use adjustment; land use change; maup; poland [central europe]; simulation; spatial analysis; telecoupling,16
"Kronenberg et al. - 2024 - Cities, planetary boundaries, and degrowth.md",Kronenberg et al.,2024,"Cities, planetary boundaries, and degrowth",Telecoupling,OA,,,10.1016/S2542-5196(24)00025-1,,
"Kunz et al. - 2019 - Smallholder Telecoupling and Climate Governance in Jambi Province, Indonesia.md",Kunz et al.,2019,"Smallholder Telecoupling and Climate Governance in Jambi Province, Indonesia",Telecoupling,OA,,,,,
"Lam et al. - 2020 - Climate change, tropical fisheries and prospects for sustainable development.md",Lam et al.,2020,"Climate change, tropical fisheries and prospects for sustainable development",Telecoupling,OA,,,10.1038/s43017-020-0071-9,,
Laroche et al. - 2020 - Telecoupled environmental impacts of current and alternative Western diets.md,Laroche et al.,2020,Telecoupled environmental impacts of current and alternative Western diets,Telecoupling,OA,laroche_telecoupled_2020,GLOBAL ENVIRONMENTAL CHANGE-HUMAN AND POLICY DIMENSIONS,10.1016/j.gloenvcha.2020.102066,animal welfare; animalia; dietary change; eat diet; ecosystem service; ecosystem services; environmental impact; food consumption; land use change; nature-society relations; nitrogen fixation; telecoupling; trade; trade-off; trade-offs; united states,47
Laroche et al. - 2022 - Assessing the contribution of mobility in the European Union to rubber expansion.md,Laroche et al.,2022,Assessing the contribution of mobility in the European Union to rubber expansion,Telecoupling,OA,laroche_assessing_2022,AMBIO,10.1007/s13280-,assessment method; carbon emission; carbon footprint; crop production; ecological impact; ecosystem; environmental policy; european union; natural rubber; rubber; spatial planning; telecoupling; transport,15
Latthachack et al. - 2023 - Agricultural commercialization in borderlands Capturing the transformation of a tropical forest fro.md,Latthachack et al.,2023,Agricultural commercialization in borderlands Capturing the transformation of a tropical forest fro,Telecoupling,OA,latthachack_agricultural_2023,FRONTIERS IN SUSTAINABLE FOOD SYSTEMS,10.3389/fsufs.2022.1048470,cash crops; forest frontier; land use change; laos; participatory mapping; remote sensing; shifting cultivation; telecoupling,5
Le Gall et al. - 2019 - A Global Review on Locusts (Orthoptera Acrididae) and Their Interactions With Livestock Grazing Pra.md,Le Gall et al.,2019,A Global Review on Locusts (Orthoptera Acrididae) and Their Interactions With Livestock Grazing Pra,Telecoupling,OA,,,,,
Lee et al. - 2018 - Consumption-Based Blockchain Accounting of Telecoupled Global Land Resource Debtors and Creditors.md,Lee et al.,2018,Consumption-Based Blockchain Accounting of Telecoupled Global Land Resource Debtors and Creditors,Telecoupling,OA,,,,,
Leisz et al. - 2016 - Telecouplings in the East-West Economic Corridor within Borders and Across.md,Leisz et al.,2016,Telecouplings in the East-West Economic Corridor within Borders and Across,Telecoupling,OA,leisz_telecouplings_2016,REMOTE SENSING,10.3390/rs8121012,land change; land changes; land cover; land use; land-cover; land-use; livelihoods; remote sensing; rural changes; southeast asia; teleconnection; teleconnections; telecoupling; urban growth; urban transportation,21
Lenschow et al. - 2016 - Globalization_s limits to the environmental state Integrating telecoupling into global environmenta.md,Lenschow et al.,2016,Globalization_s limits to the environmental state Integrating telecoupling into global environmenta,Telecoupling,OA,,,10.1080/09644016.2015.1074384,,
Li et al. - 2019 - Tightening ecological management facilitates green development in the Qilian Mountains.md,Li et al.,2019,Tightening ecological management facilitates green development in the Qilian Mountains,Telecoupling,OA,,,10.1360/TB-2019-0209,,
Li et al. - 2020 - Generated land systems recognition and prospects of land system science.md,Li et al.,2020,Generated land systems recognition and prospects of land system science,Telecoupling,OA,,,10.1139/er-2019-0045,,
Li et al. - 2021 - Spatial Differentiation of Cultivated Land Use Intensification in Village Settings A Survey of Typi.md,Li et al.,2021,Spatial Differentiation of Cultivated Land Use Intensification in Village Settings A Survey of Typi,Telecoupling,OA,,,,,
Li et al. - 2022 - Bidirectional coupling between land-use change and desertification in arid areas A study contrastin.md,Li et al.,2022,Bidirectional coupling between land-use change and desertification in arid areas A study contrastin,Metacoupling,non-OA,li_bidirectional_2022,LAND DEGRADATION & DEVELOPMENT,10.1002/ldr.4139,arid area; arid regions; bidirectional coupling; catchments; climatology; desertification; down-stream; expansion; intracoupling; land use; land-use change; landuse change; rivers; runoff; sub-catchment; tarim river; telecoupling; vector autoregressive model; waters resources,10
Li et al. - 2023 - Telecoupling China_s City-Level Water Withdrawal with Distant Consumption.md,Li et al.,2023,Telecoupling China_s City-Level Water Withdrawal with Distant Consumption,Telecoupling,non-OA,,,10.1021/acs.est.3c00757,,
Li et al. - 2023 - The local coupling and telecoupling of urbanization and ecological environment quality based on mult.md,Li et al.,2023,The local coupling and telecoupling of urbanization and ecological environment quality based on mult,Telecoupling,non-OA,li_local_2023,JOURNAL OF ENVIRONMENTAL MANAGEMENT,10.1016/j.jenvman.2022.116921,article; beijing; beijing [china]; calculation; china; cities; city; comparative study; coupling; dry season; ecological environment quality; ecological environments; ecology; ecosystem; environment; environment index; environment quality; environmental quality; green chemistry; heat; heihe; heilongjiang; hong kong; human; light intensity; linear regression analysis; macao; macau; pollution; population abundance; population density; principal component analysis; rainy season; remote sensing; remote sensing ecological environment index; remote sensing technology; remote-sensing; shanghai; sustainable development; sustainable urban development; telecoupling; tengchong; urban growth; urbanization; yunnan,83
"Li et al. - 2023 - Transboundary flows in the metacoupled Anthropocene typology, methods, and governance for global su.md",Li et al.,2023,"Transboundary flows in the metacoupled Anthropocene typology, methods, and governance for global su",Telecoupling,OA,,,,,
Li et al. - 2024 - Biodiversity loss through cropland displacement for urban expansion in China.md,Li et al.,2024,Biodiversity loss through cropland displacement for urban expansion in China,Telecoupling,non-OA,li_biodiversity_2024,SCIENCE OF THE TOTAL ENVIRONMENT,10.1016/j.scitotenv.2023.167988,agricultural; article; biodiversity; biodiversity indicators; biodiversity loss; catering service; china; conservation; conservation biology; conservation of natural resources; crop; cropland; cropland displacement; crops; displacement; economic development; environmental protection; expansion; food security; food supply; indirect biodiversity loss; multi-modelling; procedures; productivity; sustainability; sustainable development; sustainable development goal; telecoupling system; total loss; urban development; urban expansion,50
Li et al. - 2024 - Metacoupling flow of embodied carbon in resource-based cities A case study of Hohhot-Baotou-Ordos-Y.md,Li et al.,2024,Metacoupling flow of embodied carbon in resource-based cities A case study of Hohhot-Baotou-Ordos-Y,Metacoupling,non-OA,li_metacoupling_2024,ENERGY,10.1016/j.energy.2024.134041,agglomeration; baotou; carbon capture; carbon capture and storage; carbon capture and utilization; carbon cycle; carbon emission; carbon flow; carbon sequestration; china; conceptual framework; embodied carbon flow; embodied carbon flows; embodied carbons; emission control; hohhot; hohhot-baotou-ordo-yulin urban agglomeration; hohhot-baotou-ordos-yulin urban; input-output; input-output modeling; kyoto protocol; metacoupling framework; multi-regional input-output; nei monggol; ordos; resource economy; resource-based cities; resource-based city; shaanxi; sustainable city; sustainable development goal; urban agglomerations; urban area; yulin; zero-carbon,3
Li et al. - 2024 - Pathways for achieving conservation targets under metacoupled anthropogenic disturbances.md,Li et al.,2024,Pathways for achieving conservation targets under metacoupled anthropogenic disturbances,Metacoupling,non-OA,li_pathways_2024,JOURNAL OF ENVIRONMENTAL MANAGEMENT,10.1016/j.jenvman.2024.120227,animal experiment; anthropogenic disturbance; anthropogenic effects; areas/systems; article; biodiversity; china; coastal regions; comparative study; conceptual framework; conservation; conservation of natural resources; conservation targets; ecosystem; environmental protection; human; human activities; human activity; human impact (environment); human nature; humans; metacoupling; nature conservation; nonhuman; prevention; procedures; protected area; protected areas; quantitative assessments; sloss; stepping stone; stepping-stones; stone formation; strategic approach,1
Li et al. - 2024 - Telecoupling Effects among Provinces of Cultivated Land Grain Production in the Last 30 Years Evide.md,Li et al.,2024,Telecoupling Effects among Provinces of Cultivated Land Grain Production in the Last 30 Years Evide,Telecoupling,OA,,,,,
Li et al. - 2025 - An exploration of the research framework for the coupling of farmland and rural residential land use.md,Li et al.,2025,An exploration of the research framework for the coupling of farmland and rural residential land use,Telecoupling,OA,,,10.18402/resci.2025.01.05,,
Li et al. - 2025 - Recontextualizing Telecouplings in Electricity-Driven Land Use Flows via Global Supply Chains.md,Li et al.,2025,Recontextualizing Telecouplings in Electricity-Driven Land Use Flows via Global Supply Chains,Telecoupling,OA,,,,,
Liang and Chen - 2025 - Land system science under the goal of food security Progress and implications; 食物安全目标下土地系统科学研究进展与启示.md,Liang and Chen,2025,Land system science under the goal of food security Progress and implications; 食物安全目标下土地系统科学研究进展与启示,Telecoupling,OA,,,10.31497/zrzyxb.20250702,,
Liao et al. - 2023 - The Impact of Rural E-Commerce Environment Development on Orchard Expansion from the Perspective of.md,Liao et al.,2023,The Impact of Rural E-Commerce Environment Development on Orchard Expansion from the Perspective of,Telecoupling,OA,,,,,
"Lichtenberg et al. - 2022 - Pau-brasil and string instrument bows telecouple nature, art, and heritage.md",Lichtenberg et al.,2022,"Pau-brasil and string instrument bows telecouple nature, art, and heritage",Telecoupling,OA,,,,,
Lira et al. - 2022 - Artisanal Products and Land-Use Land-Cover Change in Indigenous Communities The Case of Mezcal Prod.md,Lira et al.,2022,Artisanal Products and Land-Use Land-Cover Change in Indigenous Communities The Case of Mezcal Prod,Telecoupling,OA,,,,,
Liu - 2014 - Forest Sustainability in China and Implications for a Telecoupled World.md,Liu,2014,Forest Sustainability in China and Implications for a Telecoupled World,Telecoupling,OA,,,,,
Liu - 2017 - Integration across a metacoupled world.md,Liu,2017,Integration across a metacoupled world,Telecoupling,OA,,,,,
Liu - 2023 - Leveraging the metacoupling framework for sustainability science and global sustainable development.md,Liu,2023,Leveraging the metacoupling framework for sustainability science and global sustainable development,Telecoupling,OA,,,,,
Liu - 2024 - Understanding and achieving sustainable consumption Integrating international political economy and.md,Liu,2024,Understanding and achieving sustainable consumption Integrating international political economy and,Telecoupling,OA,,,10.1002/bsd2.321,,
Liu and Pan - 2025 - Unraveling the quantity and sustainability of cross-scale ecosystem service flows A meta-coupling f.md,Liu and Pan,2025,Unraveling the quantity and sustainability of cross-scale ecosystem service flows A meta-coupling f,Metacoupling,non-OA,,,10.1007/s11629-025-9679-z,,
Liu et al. - 2013 - Framing Sustainability in a Telecoupled World.md,Liu et al.,2013,Framing Sustainability in a Telecoupled World,Telecoupling,OA,,,,,
Liu et al. - 2015 - Multiple telecouplings and their complex interrelationships.md,Liu et al.,2015,Multiple telecouplings and their complex interrelationships,Telecoupling,OA,liu_multiple_2015,ECOLOGY AND SOCIETY,10.5751/ES-07868-200344,ailuropoda melanoleuca; china; conservation; cross-scale interactions; endangered species; environmental impact; environmental interactions; giant panda (ailuropoda melanoleuca); human-environment interactions; information dissemination; nature conservation; nature reserve; nature-society relations; sichuan; socioeconomic impact; socioeconomic interactions; sustainability; telecoupling; telecoupling framework; wolong nature reserve,138
Liu et al. - 2015 - Systems integration for global sustainability.md,Liu et al.,2015,Systems integration for global sustainability,Telecoupling,OA,,,10.1126/science.1258832,,
Liu et al. - 2016 - Framing ecosystem services in the telecoupled Anthropocene.md,Liu et al.,2016,Framing ecosystem services in the telecoupled Anthropocene,Telecoupling,non-OA,,,10.1002/16-0188.1,,
Liu et al. - 2018 - China_s Environment on a Metacoupled Planet.md,Liu et al.,2018,China_s Environment on a Metacoupled Planet,Metacoupling,OA,,,10.1146/annurev-environ-,,
"Liu et al. - 2018 - Spillover systems in a telecoupled Anthropocene typology, methods, and governance for global sustai.md",Liu et al.,2018,"Spillover systems in a telecoupled Anthropocene typology, methods, and governance for global sustai",Telecoupling,OA,,,10.1016/j.cosust.2018.04.009,,
Liu et al. - 2019 - The Coupled Human and Natural Cube A conceptual framework for analyzing urbanization and eco-enviro.md,Liu et al.,2019,The Coupled Human and Natural Cube A conceptual framework for analyzing urbanization and eco-enviro,Metacoupling,OA,,,10.11821/dlxb201908001,,
Liu et al. - 2020 - Coupled Human and Natural Cube A novel framework for analyzing the multiple interactions between hu.md,Liu et al.,2020,Coupled Human and Natural Cube A novel framework for analyzing the multiple interactions between hu,Metacoupling,non-OA,,,10.1007/s11442-020-1732-9,,
Liu et al. - 2022 - Sustainable minerals extraction for electric vehicles A pilot study of consumers_ perceptions of im.md,Liu et al.,2022,Sustainable minerals extraction for electric vehicles A pilot study of consumers_ perceptions of im,Telecoupling,non-OA,liu_sustainable_2022,RESOURCES POLICY,10.1016/j.resourpol.2021.102523,consumer perception; consumption behavior; consumption impact; consumption impacts; corporates; electric vehicle; electric vehicle-mineral; electric vehicles; ev-minerals; extraction; global transitions; governance approach; life cycle; life cycle analysis; mineral extraction; mineral resource; minerals; motivation; perception; pilot studies; q method; q-method; supply chains; survey; sustainability; sustainable development; sustainable mineral governance; telecoupling,32
Liu et al. - 2023 - Multi-scale telecoupling effects of land use change on ecosystem services in urban agglomerations –A.md,Liu et al.,2023,Multi-scale telecoupling effects of land use change on ecosystem services in urban agglomerations –A,Telecoupling,non-OA,liu_multi-scale_2023,JOURNAL OF CLEANER PRODUCTION,10.1016/j.jclepro.2023.137878,agglomeration; ecosystem services; ecosystems; es; land use; land use change/land cover change; land-cover change; landuse change; lucc; metropolitan area; multi-scales; soil conservation; spatial scale; telecoupling; urban agglomerations; water conservation; yangtze river,55
Liu et al. - 2024 - Unveiling interprovincial geographic patterns of 5A-level tourism cultural ecosystem service flows a.md,Liu et al.,2024,Unveiling interprovincial geographic patterns of 5A-level tourism cultural ecosystem service flows a,Metacoupling,OA,liu_unveiling_2024,APPLIED GEOGRAPHY,10.1016/j.apgeog.2024.103432,china; culture ecosystem services flows; ecosystem service; geographical variation; machine learning; metacoupling system; nature-based tourism; sentimental analysis; spatial variation; tourism development; tourism management; tourist behavior; travel blog,11
Liu et al. - 2025 - A novel methodology for poverty evaluation and spatiotemporal coupling coordination between poverty.md,Liu et al.,2025,A novel methodology for poverty evaluation and spatiotemporal coupling coordination between poverty,Telecoupling,OA,liu_novel_2025,ECOLOGICAL INDICATORS,10.1016/j.ecolind.2025.114436,china; coordination degree; data set; ecological environment quality; ecological environments; ecology; economics; environment quality; environmental monitoring; environmental quality; geo-spatial; geospatial comprehensive poverty index; growth rate; guizhou; local and tele-coupling coordination degree; natural environment; poverty; poverty alleviation; quality control; socioeconomic status; spatiotemporal analysis; sustainable development; yunnan-guizhou plateau,
Liu et al. - 2025 - Building sustainable and resilient agri-food systems under multiple shocks.md,Liu et al.,2025,Building sustainable and resilient agri-food systems under multiple shocks,Telecoupling,OA,,,,,
Liu et al. - 2025 - From Plate to Plow How Dietary Shifts Drive Telecoupled Cropland Erosion in China.md,Liu et al.,2025,From Plate to Plow How Dietary Shifts Drive Telecoupled Cropland Erosion in China,Telecoupling,non-OA,,,10.1002/ldr.70123,,
Liu et al. - 2025 - Unraveling the Dual Impacts of Urbanization on Agricultural Habitats A Telecoupling Perspective Fro.md,Liu et al.,2025,Unraveling the Dual Impacts of Urbanization on Agricultural Habitats A Telecoupling Perspective Fro,Telecoupling,OA,,,10.1002/ldr.70075,,
Llopis et al. - 2020 - Capabilities Under Telecoupling Human Well-Being Between Cash Crops and Protected Areas in North-Ea.md,Llopis et al.,2020,Capabilities Under Telecoupling Human Well-Being Between Cash Crops and Protected Areas in North-Ea,Telecoupling,OA,,,,,
Lopez-Hoffman et al. - 2017 - Ecosystem Services from Transborder Migratory Species Implications for Conservation Governance.md,Lopez-Hoffman et al.,2017,Ecosystem Services from Transborder Migratory Species Implications for Conservation Governance,Telecoupling,OA,,,10.1146/annurev-environ-,,
Lopez-Hoffman et al. - 2017 - Operationalizing the telecoupling framework for migratory species using the spatial subsidies approa.md,Lopez-Hoffman et al.,2017,Operationalizing the telecoupling framework for migratory species using the spatial subsidies approa,Telecoupling,OA,lopez-hoffman_operationalizing_2017,ECOLOGY AND SOCIETY,10.5751/ES-09589-220423,bat; colorado; ecosystem service; ecosystem services; ecotourism; environmental change; gossypium hirsutum; mexican free-tailed bats; mexico [north america]; migratory species; molossidae; new mexico; pest control; spatial analysis; spatial subsidies; telecoupled natural-human systems; telecoupling; texas; transborder conservation; united states,42
Lu et al. - 2022 - Australia-Japan telecoupling of wind power-based green ammonia for passenger transportation Efficie.md,Lu et al.,2022,Australia-Japan telecoupling of wind power-based green ammonia for passenger transportation Efficie,Telecoupling,non-OA,,,10.1016/j.rser.2022.112884,,
Luetkemeier et al. - 2021 - Telecoupled Groundwaters New Ways to Investigate Increasingly De-Localized Resources.md,Luetkemeier et al.,2021,Telecoupled Groundwaters New Ways to Investigate Increasingly De-Localized Resources,Telecoupling,OA,,,,,
Lyu and Chai - 2025 - Welfare-based allocation of telecoupled biodiversity loss in global crop trade.md,Lyu and Chai,2025,Welfare-based allocation of telecoupled biodiversity loss in global crop trade,Telecoupling,OA,lyu_welfare-based_2025,ENVIRONMENTAL RESEARCH LETTERS,10.1088/1748-9326/ae2528,agricultural trade; biodiversity loss; land-use change; multi-regional input-output analysis; telecoupling,
Ma et al. - 2020 - Research progress and prospect of telecoupling of human-earth system.md,Ma et al.,2020,Research progress and prospect of telecoupling of human-earth system,Telecoupling,OA,,,10.18306/dlkxjz.2020.02.012,,
Ma et al. - 2023 - Agricultural land use transition under the metacoupling framework of urban food system_ 城市食物.md,Ma et al.,2023,Agricultural land use transition under the metacoupling framework of urban food system_ 城市食物,Metacoupling,OA,,,10.11821/dlxb202312009,,
Ma et al. - 2024 - Telecoupling between urban expansion and forest ecosystem service loss through cultivated land displ.md,Ma et al.,2024,Telecoupling between urban expansion and forest ecosystem service loss through cultivated land displ,Telecoupling,non-OA,ma_telecoupling_2024,JOURNAL OF ENVIRONMENTAL MANAGEMENT,10.1016/j.jenvman.2024.120695,article; biodiversity; carbon; carbon sequestration; china; conservation of natural resources; controlled study; cultivated land; cultivated land displacement; cultivated lands; deforestation; ecosystem; ecosystem service; ecosystem services; ecosystems; environmental protection; expansion; forest; forest ecosystem; forest fragmentation; forest loss; forest structure; forests; habitat fragmentation; land use; motion compensation; nearest neighbor search; soil; soil conservation; telecoupling; timber; urban area; urban expansion; urban forests; urbanization; water; water conservation; water yield; zhejiang; zhejiang province,30
Mack et al. - 2021 - Assessing the vulnerability of remittance networks to geopolitical shocks in countries of the former.md,Mack et al.,2021,Assessing the vulnerability of remittance networks to geopolitical shocks in countries of the former,Telecoupling,non-OA,mack_assessing_2021,APPLIED GEOGRAPHY,10.1016/j.apgeog.2021.102567,econometrics; economic shocks; geopolitical shocks; geopolitics; least squares method; migrants remittance; migration; remittances; russian federation; telecoupling; ussr; vulnerability,9
Mack et al. - 2023 - Remittances and land change A systematic review.md,Mack et al.,2023,Remittances and land change A systematic review,Telecoupling,OA,,,,,
Magliocca and Ellis - 2016 - Evolving human landscapes a virtual laboratory approach.md,Magliocca and Ellis,2016,Evolving human landscapes a virtual laboratory approach,Telecoupling,non-OA,,,10.1080/1747423X.2016.1241314,,
Magliocca et al. - 2020 - Direct and indirect land-use change caused by large-scale land acquisitions in Cambodia.md,Magliocca et al.,2020,Direct and indirect land-use change caused by large-scale land acquisitions in Cambodia,Telecoupling,OA,magliocca_direct_2020,ENVIRONMENTAL RESEARCH LETTERS,10.1088/1748-9326/ab6397,agricultural commodities; cambodia; cascading effects; commodity; deforestation; displacement effects; environmental impact; forest cover; indirect land-use changes; land use; land use change; relative contribution; remote sensing; remote sensing analysis; research work; specific location; telecommunication; telecoupling,35
Manning et al. - 2023 - Broader applicability of the metacoupling framework than Tobler_s first law of geography for global.md,Manning et al.,2023,Broader applicability of the metacoupling framework than Tobler_s first law of geography for global,Telecoupling,OA,,,,,
Marola et al. - 2020 - The bandwidth problem in telecoupled systems governance Certifying sustainable winemaking in Austra.md,Marola et al.,2020,The bandwidth problem in telecoupled systems governance Certifying sustainable winemaking in Austra,Telecoupling,non-OA,marola_bandwidth_2020,ECOLOGICAL ECONOMICS,10.1016/j.ecolecon.2020.106592,australia; certification; chile; diffusion; environmental certification; environmental planning; governance approach; knowledge; land cover; land use change; sustainability; telecoupling; wine; wine industry,7
Marques et al. - 2024 - The role of nature_s contributions to people in sustaining international trade of agricultural produ.md,Marques et al.,2024,The role of nature_s contributions to people in sustaining international trade of agricultural produ,Telecoupling,OA,,,,,
Martin-Lopez et al. - 2019 - A novel telecoupling framework to assess social relations across spatial scales for ecosystem servic.md,Martin-Lopez et al.,2019,A novel telecoupling framework to assess social relations across spatial scales for ecosystem servic,Telecoupling,non-OA,,,10.1016/j.jenvman.2019.04.029,,
Martin-Lopez et al. - 2020 - Contributions of place-based social-ecological research to address global sustainability challenges.md,Martin-Lopez et al.,2020,Contributions of place-based social-ecological research to address global sustainability challenges,Telecoupling,OA,,,,,
Martinez-Valderrama et al. - 2021 - Mediterranean Landscape Re-Greening at the Expense of South American Agricultural Expansion.md,Martinez-Valderrama et al.,2021,Mediterranean Landscape Re-Greening at the Expense of South American Agricultural Expansion,Telecoupling,OA,,,,,
Martinez-Valderrama et al. - 2025 - Toward Resilient Implementation of Land Degradation Neutrality via Systemic Approaches.md,Martinez-Valderrama et al.,2025,Toward Resilient Implementation of Land Degradation Neutrality via Systemic Approaches,Telecoupling,OA,,,,,
Matlhola and Chen - 2020 - Telecoupling of the Trade of Donkey-Hides between Botswana and China Challenges and Opportunities.md,Matlhola and Chen,2020,Telecoupling of the Trade of Donkey-Hides between Botswana and China Challenges and Opportunities,Telecoupling,OA,matlhola_telecoupling_2020,SUSTAINABILITY,10.3390/su12051730,animalia; biodiversity; botswana; china; developing world; donkey hides; equus asinus; extinction; horse; opportunities; rural population; telecoupling; trade; ungulate; wild population,21
Mayer et al. - 2025 - A metacoupling lens on the co-production of nature_s contributions to people Insights for sustainab.md,Mayer et al.,2025,A metacoupling lens on the co-production of nature_s contributions to people Insights for sustainab,Metacoupling,non-OA,,,10.1016/bs.aecr.2025.02.001,,
McCord et al. - 2018 - The Telecoupling GeoApp A Web-GIS application to systematically analyze telecouplings and sustainab.md,McCord et al.,2018,The Telecoupling GeoApp A Web-GIS application to systematically analyze telecouplings and sustainab,Telecoupling,non-OA,,,10.1016/j.apgeog.2018.05.001,,
McManamay et al. - 2022 - Urban land teleconnections in the United States A graphical network approach.md,McManamay et al.,2022,Urban land teleconnections in the United States A graphical network approach,Telecoupling,OA,mcmanamay_urban_2022,COMPUTERS ENVIRONMENT AND URBAN SYSTEMS,10.1016/j.compenvurbsys.2022.101822,agriculture; complex networks; dynamics; graphical method; graphical networks; information theory; land cover; land cover change modelling; land use; land use and land cover change; land use change; land use planning; rural areas; supply chain management; supply chains; surveys; sustainability; teleconnection; teleconnections; telecoupling; united states; urban areas; urban dynamics; urban land-cover; urban population; urban sustainability; urban-rural,10
Meng et al. - 2024 - Untangling the coupling relationships between socio-economy and eco-environment in arid inland river.md,Meng et al.,2024,Untangling the coupling relationships between socio-economy and eco-environment in arid inland river,Telecoupling,non-OA,meng_untangling_2024,ENVIRONMENT DEVELOPMENT AND SUSTAINABILITY,10.1007/s10668-023-03439-y,coupling relationship between socio-economy and eco-environment; ecological economics; environmental quality; hei river; heihe river basin; local coupling; policy implementation; river basin; spatiotemporal analysis; telecoupling; water reallocation,5
Merz et al. - 2020 - A Metacoupling Framework for Exploring Transboundary Watershed Management.md,Merz et al.,2020,A Metacoupling Framework for Exploring Transboundary Watershed Management,Telecoupling,OA,merz_metacoupling_2020,Sustainability,10.3390/su12051879,metacoupling; telecoupling; Limpopo River watershed; transboundary watersheds; coupled human and natural systems,
Meyfroidt et al. - 2020 - Focus on leakage and spillovers informing land-use governance in a tele-coupled world.md,Meyfroidt et al.,2020,Focus on leakage and spillovers informing land-use governance in a tele-coupled world,Telecoupling,OA,,,,,
Miller et al. - 2024 - Telecoupled systems are rewired by risks.md,Miller et al.,2024,Telecoupled systems are rewired by risks,Telecoupling,non-OA,,,10.1038/s41893-024-01273-2,,
Millington et al. - 2017 - Integrating Modelling Approaches for Understanding Telecoupling Global Food Trade and Local Land Us.md,Millington et al.,2017,Integrating Modelling Approaches for Understanding Telecoupling Global Food Trade and Local Land Us,Telecoupling,OA,,,,,
Millington et al. - 2021 - Modelling drivers of Brazilian agricultural change in a telecoupled world.md,Millington et al.,2021,Modelling drivers of Brazilian agricultural change in a telecoupled world,Telecoupling,non-OA,millington_modelling_2021,ENVIRONMENTAL MODELLING & SOFTWARE,10.1016/j.envsoft.2021.105024,agent based; agent-based; agricultural change; agricultural commodities; agricultural production; agriculture; brazil; calibration; climate change; commodity; cover; crafty; demand analysis; economics; global demand; land cover; land use; land use change; land use/cover; land use/cover change; model drivers; simulation; teleconnection; telecoupling; yield response,17
Min and Wimer - 2025 - Transnational Governance of Soybean Land Use in South America A Polycentric Approach.md,Min and Wimer,2025,Transnational Governance of Soybean Land Use in South America A Polycentric Approach,Telecoupling,OA,,,,,
"Montti et al. - 2017 - The role of bioclimatic features, landscape configuration and historical land use in the invasion of.md",Montti et al.,2017,"The role of bioclimatic features, landscape configuration and historical land use in the invasion of",Telecoupling,OA,,,10.1007/s10980-017-0563-2,,
Montti et al. - 2024 - Telecoupling lens for integrating ecological and human dimensions of the biological invasion problem.md,Montti et al.,2024,Telecoupling lens for integrating ecological and human dimensions of the biological invasion problem,Telecoupling,non-OA,,,10.1007/s11625-024-01476-8,,
Morovati et al. - 2024 - Fishery and agriculture amidst human activities and climate change in the Mekong River A review of.md,Morovati et al.,2024,Fishery and agriculture amidst human activities and climate change in the Mekong River A review of,Telecoupling,non-OA,,,10.1016/j.jhydrol.2024.132043,,
Motta et al. - 2025 - The financialization of rivers Clean Development Mechanism (CDM) subsidized hydropower in the Mekon.md,Motta et al.,2025,The financialization of rivers Clean Development Mechanism (CDM) subsidized hydropower in the Mekon,Telecoupling,OA,motta_financialization_2025,GLOBAL ENVIRONMENTAL CHANGE-HUMAN AND POLICY DIMENSIONS,10.1016/j.gloenvcha.2024.102962,ayeyarwady; bei river; beijing [china]; carbon; cdm; china; clean development mechanism; climate change; energy planning; europe; financial system; financialization; guangdong; hydropower; infrastructure planning; kyoto [kinki]; mekong; mekong river; myanmar; risk assessment; river basin; telecoupling; transboundary rivers,2
Munroe et al. - 2019 - Governing flows in telecoupled land systems.md,Munroe et al.,2019,Governing flows in telecoupled land systems,Telecoupling,OA,,,10.1016/j.cosust.2019.05.004,,
Navarro-Gambin et al. - 2025 - Paving the Ground for Biodiversity-Positive Transformative Change in Fashion An Exploration of Driv.md,Navarro-Gambin et al.,2025,Paving the Ground for Biodiversity-Positive Transformative Change in Fashion An Exploration of Driv,Telecoupling,OA,,,,,
Nef et al. - 2022 - Vulnerability to Food Insecurity in a Telecoupled World Insights From Vanuatu.md,Nef et al.,2022,Vulnerability to Food Insecurity in a Telecoupled World Insights From Vanuatu,Telecoupling,OA,nef_vulnerability_2022,FRONTIERS IN SUSTAINABLE FOOD SYSTEMS,10.3389/fsufs.2022.818586,climate change; drivers of vulnerability; food insecurity; livelihood vulnerability; subsistence-based livelihoods; telecoupling; vanuatu,3
Newig et al. - 2019 - What is governance in global telecoupling.md,Newig et al.,2019,What is governance in global telecoupling,Telecoupling,OA,,,,,
Newig et al. - 2020 - Telecoupling visualizations through a network lens a systematic review.md,Newig et al.,2020,Telecoupling visualizations through a network lens a systematic review,Telecoupling,OA,,,,,
"Newman et al. - 2022 - Bioengineering, telecoupling, and alternative dairy Agricultural land use futures in the Anthropoce.md",Newman et al.,2022,"Bioengineering, telecoupling, and alternative dairy Agricultural land use futures in the Anthropoce",Telecoupling,non-OA,newman_bioengineering_2022,GEOGRAPHICAL JOURNAL,10.1111/geoj.12392,agricultural land; agricultural policy; agricultural technology; anthropocene; british columbia; canada; cellular agriculture; environmental impact; future prospect; human-environment systems; land use change; sustainable food production; telecoupling,19
"Ni et al. - 2025 - Mapping geography_s engagement with the Sustainable Development Goals Research foci, contributions,.md",Ni et al.,2025,"Mapping geography_s engagement with the Sustainable Development Goals Research foci, contributions,",Metacoupling,OA,,,10.1016/j.geosus.2025.100376,,
Norder et al. - 2017 - Assessing temporal couplings in social-ecological island systems historical deforestation and soil.md,Norder et al.,2017,Assessing temporal couplings in social-ecological island systems historical deforestation and soil,Telecoupling,OA,norder_assessing_2017,ECOLOGY AND SOCIETY,10.5751/ES-09073-220129,deforestation; environmental assessment; historical soil loss; indian ocean; islands; mascarene islands; mauritius; nature-society relations; revised universal soil loss equation; rusle; social-ecological systems; soil erosion; telecouplings; temporal couplings,37
Oberlack et al. - 2018 - Polycentric governance in telecoupled resource systems.md,Oberlack et al.,2018,Polycentric governance in telecoupled resource systems,Telecoupling,OA,eakin_transforming_2017,Ecology and Society,10.5751/ES-09831-220432,food systems; globalization; governance; Latin America; sustainability; telecoupling,
Oehlinger and Lehner - 2025 - Aligning policy and science a teleological analysis of biodiversity accounting and accountability u.md,Oehlinger and Lehner,2025,Aligning policy and science a teleological analysis of biodiversity accounting and accountability u,Telecoupling,OA,,,10.1108/SAMPJ-07-2024-0751,,
Ortiz et al. - 2025 - Telecoupled social-ecological systems the case of avocado in Chile.md,Ortiz et al.,2025,Telecoupled social-ecological systems the case of avocado in Chile,Telecoupling,OA,ortiz_telecoupled_2025,Global Sustainability,10.1017/sus.2025.10011,avocado; consumption; Chile; international trade; social–ecological system; telecoupling; water crisis; water conflict; water footprint; pollinators,
Pace and Gephart - 2017 - Trade A Driver of Present and Future Ecosystems.md,Pace and Gephart,2017,Trade A Driver of Present and Future Ecosystems,Telecoupling,non-OA,,,10.1007/s10021-016-0021-z,,
Paglia - 2019 - A higher level of civilisation The transformation of Ny-Ålesund from arctic coalmining settlement.md,Paglia,2019,A higher level of civilisation The transformation of Ny-Ålesund from arctic coalmining settlement,Telecoupling,OA,paglia_higher_2019,Polar Record,10.1017/S0032247419000603,Ny-Ålesund; Svalbard; Telecoupling; Arctic geopolitics; Science diplomacy,
Paitan and Verburg - 2019 - Methods to Assess the Impacts and Indirect Land Use Change Caused by Telecoupled Agricultural Supply.md,Paitan and Verburg,2019,Methods to Assess the Impacts and Indirect Land Use Change Caused by Telecoupled Agricultural Supply,Telecoupling,OA,,,,,
Parish et al. - 2018 - Transatlantic wood pellet trade demonstrates telecoupled benefits.md,Parish et al.,2018,Transatlantic wood pellet trade demonstrates telecoupled benefits,Telecoupling,OA,parish_transatlantic_2018,ECOLOGY AND SOCIETY,10.5751/ES-09878-230128,alternative energy; bioenergy; biomass; biopower; climate change; ecosystem service; ecosystem services; emission control; energy policy; europe; export; forest management; greenhouse gas; renewable energy; southeast us; sustainability; united states; wood; wood pellets,34
Peng et al. - 2017 - Research progress on ecosystem service trade-offs From cognition to decision-making.md,Peng et al.,2017,Research progress on ecosystem service trade-offs From cognition to decision-making,Telecoupling,OA,,,10.11821/dlxb201706002,,
Peng et al. - 2019 - Telecoupled Sustainable Livelihoods in an Era of Rural-Urban Dynamics The Case of China.md,Peng et al.,2019,Telecoupled Sustainable Livelihoods in an Era of Rural-Urban Dynamics The Case of China,Telecoupling,OA,,,,,
Persson et al. - 2022 - Patterning Conservation Flows How Formal and Informal Networks Shape Transnational Conservation Pra.md,Persson et al.,2022,Patterning Conservation Flows How Formal and Informal Networks Shape Transnational Conservation Pra,Telecoupling,OA,,,,,
Pezzoli et al. - 2014 - One BioregionOne Health An Integrative Narrative for Transboundary Planning along the US-Mexico Bo.md,Pezzoli et al.,2014,One BioregionOne Health An Integrative Narrative for Transboundary Planning along the US-Mexico Bo,Telecoupling,OA,,,10.1080/13600826.2014.951316,,
"Piquer-Rodriguez et al. - 2023 - Global shocks, cascading disruptions, and (re-)connections viewing the COVID-19 pandemic as concurr.md",Piquer-Rodriguez et al.,2023,"Global shocks, cascading disruptions, and (re-)connections viewing the COVID-19 pandemic as concurr",Telecoupling,OA,piquer-rodriguez_global_2023,LANDSCAPE ECOLOGY,10.1007/s10980-023-01604-2,conservation; covid-19; ecosystem resilience; governance; land use change; land use conflict; mobility; nature-society relations; resilience; socio-ecological land systems; spillover effect; telecoupling,18
Prell et al. - 2017 - Uncovering the spatially distant feedback loops of global trade A network and input-output approach.md,Prell et al.,2017,Uncovering the spatially distant feedback loops of global trade A network and input-output approach,Telecoupling,non-OA,prell_uncovering_2017,SCIENCE OF THE TOTAL ENVIRONMENT,10.1016/j.scitotenv.2016.11.202,actor-oriented models; article; coevolution; commerce; country economic status; developing countries; developing world; economic aspect; embodied land; environmental change; environmental economics; environmental impact; feed-back loop; feedback; feedback loops; feedback system; global trade; human; human activities; human impact (environment); input-output analysis; input-output approach; land use; land use change; land-use change; mathematical analysis; multi regional input output analysis; network analysis; network pattern; stochastic actor oriented model; stochastic model; stochastic models; stochastic systems; telecoupling; trade networks,45
Qin et al. - 2022 - Snowmelt risk telecouplings for irrigated agriculture.md,Qin et al.,2022,Snowmelt risk telecouplings for irrigated agriculture,Telecoupling,OA,qin_snowmelt_2022,NATURE CLIMATE CHANGE,10.1038/s41558-022-01509-z,crop production; europe; germany; global trade; irrigation; risk assessment; snowmelt,41
Qin et al. - 2022 - The geography of international conservation interest in South American deforestation frontiers.md,Qin et al.,2022,The geography of international conservation interest in South American deforestation frontiers,Telecoupling,OA,qin_geography_2022,CONSERVATION LETTERS,10.1111/conl.12859,amazon; atlantic forest; biodiversity conservation; caatinga; cerrado; foreign aid; funding; gran chaco; pantanal; telecoupling,
Quan et al. - 2016 - Impact of Inter-Basin Water Transfer Projects on Regional Ecological Security from a Telecoupling Pe.md,Quan et al.,2016,Impact of Inter-Basin Water Transfer Projects on Regional Ecological Security from a Telecoupling Pe,Telecoupling,OA,quan_impact_2016,Sustainability,10.3390/su8020162,ecological impact assessment; ecological water requirement; water diversion; the Middle Line of the South-to-North Water Diversion,
Radel et al. - 2019 - Migration as a feature of land system transitions.md,Radel et al.,2019,Migration as a feature of land system transitions,Telecoupling,non-OA,,,10.1016/j.cosust.2019.05.007,,
Rasmussen and Nielsen - 2014 - Staying with the system theoretical consistency and change in Danish geographical work on the Sahel.md,Rasmussen and Nielsen,2014,Staying with the system theoretical consistency and change in Danish geographical work on the Sahel,Telecoupling,non-OA,,,10.1080/00167223.2013.878227,,
Raya Rey et al. - 2017 - Even at the uttermost ends of the Earth how seabirds telecouple the Beagle Channel with regional an.md,Raya Rey et al.,2017,Even at the uttermost ends of the Earth how seabirds telecouple the Beagle Channel with regional an,Telecoupling,OA,raya_rey_even_2017,ECOLOGY AND SOCIETY,10.5751/ES-09771-220431,argentina; chile; coupled human natural systems (chans); ecotourism; globalization; human-wildlife interactions; marine wildlife; nature conservation; nature-based tourism management; patagonia; seabird; southern patagonia; sustainability; sustainable development; tourism management; tourist attraction; transboundary conservation,25
Reis et al. - 2020 - Understanding the Stickiness of Commodity Supply Chains Is Key to Improving Their Sustainability.md,Reis et al.,2020,Understanding the Stickiness of Commodity Supply Chains Is Key to Improving Their Sustainability,Telecoupling,OA,,,10.1016/j.oneear.2020.06.012,,
Remer and Liu - 2022 - International Tourism in the Arctic under COVID-19 A Telecoupling Analysis of Iceland.md,Remer and Liu,2022,International Tourism in the Arctic under COVID-19 A Telecoupling Analysis of Iceland,Telecoupling,OA,remer_international_2022,SUSTAINABILITY,10.3390/su142215237,arctic; coronavirus pandemic; coupled human and natural systems; covid-19; global climate; iceland; marketing; sustainability; telecoupling; tourism,12
Ren et al. - 2020 - Progress in local and tele-coupling relationship between urbanization and eco-environment_ 城镇化.md,Ren et al.,2020,Progress in local and tele-coupling relationship between urbanization and eco-environment_ 城镇化,Metacoupling,OA,,,10.11821/dlxb202003011,,
Rey and Huettmann - 2020 - Telecoupling analysis of the Patagonian Shelf A new approach to study global seabird-fisheries inte.md,Rey and Huettmann,2020,Telecoupling analysis of the Patagonian Shelf A new approach to study global seabird-fisheries inte,Telecoupling,OA,rey_telecoupling_2020,JOURNAL FOR NATURE CONSERVATION,10.1016/j.jnc.2019.125748,atlantic ocean; biodiversity; biodiversity conservation; bycatch; chans; coupled human and nature systems; fisheries bycatch; fisheries governance; fishery management; gis; patagonia; patagonian shelf; seabird; seabird conservation; species conservation; sustainability,17
Ringel - 2018 - Tele-Coupling Energy Efficiency Polices in Europe Showcasing the German Governance Arrangements.md,Ringel,2018,Tele-Coupling Energy Efficiency Polices in Europe Showcasing the German Governance Arrangements,Telecoupling,OA,,,,,
Roux et al. - 2021 - Does agricultural trade reduce pressure on land ecosystems Decomposing drivers of the embodied huma.md,Roux et al.,2021,Does agricultural trade reduce pressure on land ecosystems Decomposing drivers of the embodied huma,Telecoupling,OA,roux_does_2021,ECOLOGICAL ECONOMICS,10.1016/j.ecolecon.2020.106915,agricultural trade; bilateral agreement; decomposition analysis; deforestation; ecosystem function; embodied hanpp; human activity; index decomposition analysis; international trade; land ecosystems; land use; nature-society relations; net primary production; telecoupling; trade flow,54
Roux et al. - 2022 - Embodied HANPP of feed and animal products Tracing pressure on ecosystems along trilateral livestoc.md,Roux et al.,2022,Embodied HANPP of feed and animal products Tracing pressure on ecosystems along trilateral livestoc,Telecoupling,OA,,,,,
Roux et al. - 2023 - Product level dataset on embodied human appropriation of net primary production.md,Roux et al.,2023,Product level dataset on embodied human appropriation of net primary production,Telecoupling,OA,,,10.1016/j.dib.2023.109725,,
Rulli et al. - 2019 - Interdependencies and telecoupling of oil palm expansion at the expense of Indonesian rainforest.md,Rulli et al.,2019,Interdependencies and telecoupling of oil palm expansion at the expense of Indonesian rainforest,Telecoupling,OA,rulli_interdependencies_2019,RENEWABLE & SUSTAINABLE ENERGY REVIEWS,10.1016/j.rser.2018.12.050,biofuel; biofuels; carbon dioxide; co2 emission; co2 emissions; cultivation; deforestation; fragmentation; globalisation; globalization; indonesia; land use; oil palm; oil-production; palm oil; pollution; rainfor; rainforest; telecoupling; water; water scarcity,78
Santika et al. - 2024 - Leverage points for tackling unsustainable global value chains market-based measures versus transfo.md,Santika et al.,2024,Leverage points for tackling unsustainable global value chains market-based measures versus transfo,Telecoupling,OA,santika_leverage_2024,SUSTAINABILITY SCIENCE,10.1007/s11625-023-01430-0,consumption; planetary boundaries; post-growth; telecoupling; trade policy; tropical deforestation,4
"Sareen and Grandin - 2020 - European green capitals branding, spatial dislocation or catalysts for change.md",Sareen and Grandin,2020,"European green capitals branding, spatial dislocation or catalysts for change",Telecoupling,non-OA,sareen_european_2020,GEOGRAFISKA ANNALER SERIES B-HUMAN GEOGRAPHY,10.1080/04353684.2019.1667258,accountability; capital flow; discourse; econometrics; european green capitals; governance approach; lisboa [portugal]; lisbon; materiality; norway; numerical model; oslo [norway]; portugal; sustainability; telecoupling; urban economy; urban sustainability transitions,22
Schafer et al. - 2020 - Complexity of the Socio-Ecological Dynamics in Hong Ha Commune in the Vietnamese Highland-A Review t.md,Schafer et al.,2020,Complexity of the Socio-Ecological Dynamics in Hong Ha Commune in the Vietnamese Highland-A Review t,Telecoupling,OA,,,,,
Schaffartzik et al. - 2015 - Trading Land A Review of Approaches to Accounting for Upstream Land Requirements of Traded Products.md,Schaffartzik et al.,2015,Trading Land A Review of Approaches to Accounting for Upstream Land Requirements of Traded Products,Telecoupling,OA,,,10.1111/jiec.12258,,
Schaffer-Smith et al. - 2018 - Network analysis as a tool for quantifying the dynamics of metacoupled systems an example using glo.md,Schaffer-Smith et al.,2018,Network analysis as a tool for quantifying the dynamics of metacoupled systems an example using glo,Metacoupling,OA,schaffer-smith_network_2018,ECOLOGY AND SOCIETY,10.5751/ES-10460-230403,agricultural trade; agriculture; brazil; china; connectivity; coupled human and natural systems; export; glycine max; graph theory; import; network analysis; quantitative analysis; social-ecological systems; soybean; telecoupling; united states; usa,37
Schierhorn et al. - 2016 - The dynamics of beef trade between Brazil and Russia and their environmental implications.md,Schierhorn et al.,2016,The dynamics of beef trade between Brazil and Russia and their environmental implications,Telecoupling,OA,schierhorn_dynamics_2016,GLOBAL FOOD SECURITY-AGRICULTURE POLICY ECONOMICS AND ENVIRONMENT,10.1016/j.gfs.2016.08.001,amazon; brazil; emissions; globalization; land use change; telecouplings,
Schierhorn et al. - 2019 - Large greenhouse gas savings due to changes in the post-Soviet food systems.md,Schierhorn et al.,2019,Large greenhouse gas savings due to changes in the post-Soviet food systems,Telecoupling,OA,schierhorn_large_2019,ENVIRONMENTAL RESEARCH LETTERS,10.1088/1748-9326/ab1cf1,abandoned croplands; agricultural commodities; agricultural productions; animal products; animalia; carbon dioxide; carbon footprint; carbon sequestration; commerce; deforestation; emission control; emissions reduction; food's carbon footprint; former soviet union; gas emissions; greenhouse gases; land use; soviet union; telecoupling; trade,53
Schmitz et al. - 2023 - Environmental Impacts of Telecoupling of the Urban Consumption System of Organic Foods_ Impactos Amb.md,Schmitz et al.,2023,Environmental Impacts of Telecoupling of the Urban Consumption System of Organic Foods_ Impactos Amb,Telecoupling,OA,,,,,
"Schroeter et al. - 2018 - Interregional flows of ecosystem services Concepts, typology and four cases.md",Schroeter et al.,2018,"Interregional flows of ecosystem services Concepts, typology and four cases",Telecoupling,OA,,,,,
Schroeter et al. - 2020 - Distant regions underpin interregional flows of cultural ecosystem services provided by birds and ma.md,Schroeter et al.,2020,Distant regions underpin interregional flows of cultural ecosystem services provided by birds and ma,Telecoupling,OA,schroeter_distant_2020,AMBIO,10.1007/s13280-019-01261-3,animal; animals; aves; biodiversity; biodiversity conservation; bird; birds; conservation of natural resources; conservation status; ecosystem; ecosystem service; ecosystem service flows; environmental protection; germany; mammal; mammalia; mammals; netherlands; service-providing species; sustainability; telecoupling,16
Schwarzmueller and Kastner - 2022 - Agricultural trade and its impacts on cropland use and the global loss of species habitat.md,Schwarzmueller and Kastner,2022,Agricultural trade and its impacts on cropland use and the global loss of species habitat,Telecoupling,OA,schwarzmueller_agricultural_2022,SUSTAINABILITY SCIENCE,10.1007/s11625-022-01138-7,agricultural trade; biodiversity loss; consumption-based accounting; telecoupling,45
Scott et al. - 2024 - Remittances and Livestock Management in Agropastoral Households in Rural Kyrgyzstan Telecoupled Imp.md,Scott et al.,2024,Remittances and Livestock Management in Agropastoral Households in Rural Kyrgyzstan Telecoupled Imp,Telecoupling,OA,,,10.1111/ruso.12552,,
Seaquist et al. - 2014 - Architecture of the global land acquisition system applying the tools of network science to identif.md,Seaquist et al.,2014,Architecture of the global land acquisition system applying the tools of network science to identif,Telecoupling,OA,seaquist_architecture_2014,ENVIRONMENTAL RESEARCH LETTERS,10.1088/1748-9326/9/11/114006,commerce; complex network; complex networks; cumulative distribution; developed countries; global acquisition; global perspective; globalization; international agreement; international trade; land grabbing; land systems; land systems science; land use planning; landownership; less developed countries; mergers and acquisitions; network security; regionalization; telecoupling; vulnerability,45
Semenchuk et al. - 2023 - The global biodiversity footprint of urban consumption A spatially explicit assessment for the city.md,Semenchuk et al.,2023,The global biodiversity footprint of urban consumption A spatially explicit assessment for the city,Telecoupling,OA,semenchuk_global_2023,SCIENCE OF THE TOTAL ENVIRONMENT,10.1016/j.scitotenv.2022.160576,article; austria; biodiversity; bioenergy; biomass; biomass consumption; biomass power; cities; city; consumption behavior; consumption patterns; consumption-based accounting; diet; environmental assessment; europe; global urbanization; land use; metabolism; native species; nonhuman; per capita; process patterns; spatially explicit assessments; tele-coupling; urban metabolism; urban metabolisms; urbanization; vienna,11
Semeria et al. - 2024 - A multi-level network tool to trace wasted water from farm to fork and backwards.md,Semeria et al.,2024,A multi-level network tool to trace wasted water from farm to fork and backwards,Telecoupling,OA,,,,,
Semmens et al. - 2018 - Quantifying ecosystem service flows at multiple scales across the range of a long-distance migratory.md,Semmens et al.,2018,Quantifying ecosystem service flows at multiple scales across the range of a long-distance migratory,Telecoupling,non-OA,semmens_quantifying_2018,ECOSYSTEM SERVICES,10.1016/j.ecoser.2017.12.002,biodiversity conservation; monarch butterfly; political ecology; social-ecological systems; spatial subsidies; telecoupling,50
Semmens et al. - 2025 - A tiered assessment framework for interregional flows of ecosystem services from migratory species.md,Semmens et al.,2025,A tiered assessment framework for interregional flows of ecosystem services from migratory species,Telecoupling,OA,,,10.1111/cobi.70008,,
Seppelt et al. - 2018 - Focus on cross-scale feedbacks in global sustainable land management.md,Seppelt et al.,2018,Focus on cross-scale feedbacks in global sustainable land management,Telecoupling,OA,,,,,
Sguotti et al. - 2023 - Telecouplings in Atlantic cod-The role of global trade and climate change.md,Sguotti et al.,2023,Telecouplings in Atlantic cod-The role of global trade and climate change,Telecoupling,OA,sguotti_telecouplings_2023,MARINE POLICY,10.1016/j.marpol.2023.105818,arctic ocean; atlantic cod; barents sea; climate change; climate effect; correlation; correlation network; fisheries trade; global trade; numerical model; prices; regression analysis; resilience; stock assessment; structural equation modelling,2
Sharp and Liu - 2025 - Applying the Metacoupling Framework to Multi-Scalar Conservation Planning An Analysis for the Endan.md,Sharp and Liu,2025,Applying the Metacoupling Framework to Multi-Scalar Conservation Planning An Analysis for the Endan,Telecoupling,OA,,,,,
Singh and Shome - 2022 - Envisaging Food Security through Intracoupling A CHANS Perspective.md,Singh and Shome,2022,Envisaging Food Security through Intracoupling A CHANS Perspective,Metacoupling,non-OA,,,10.1080/10599231.2022.2095586,,
Sonderegger et al. - 2022 - Governing spillovers of agricultural land use through voluntary sustainability standards A coverage.md,Sonderegger et al.,2022,Governing spillovers of agricultural land use through voluntary sustainability standards A coverage,Telecoupling,OA,sonderegger_governing_2022,EARTH SYSTEM GOVERNANCE,10.1016/j.esg.2022.100158,certification; ecolabel; environmental governance; externalities; sustainable agriculture; telecoupling,7
Sondergaard et al. - 2024 - Fragmented sustainability governance of telecoupled flows Brazilian beef exports to China.md,Sondergaard et al.,2024,Fragmented sustainability governance of telecoupled flows Brazilian beef exports to China,Telecoupling,non-OA,sondergaard_fragmented_2024,JOURNAL OF ENVIRONMENTAL PLANNING AND MANAGEMENT,10.1080/09640568.2022.2118570,beef; brazil; china; commercialization; environmental management; export; governance; governance approach; meat; sustainability; telecoupling; trade flow,3
Song et al. - 2025 - Unpacking China_s land use and trade-driven land transfers through telecoupling.md,Song et al.,2025,Unpacking China_s land use and trade-driven land transfers through telecoupling,Telecoupling,OA,,,,,
"Strecker and Veraart - 2023 - From Kenya with love… agents shaping the backbone of a telecoupled rose system, 1920–2020.md",Strecker and Veraart,2023,"From Kenya with love… agents shaping the backbone of a telecoupled rose system, 1920–2020",Telecoupling,OA,,,unknown,,
Su and Chen - 2021 - Efficiency analysis of metacoupling of water transfer based on the parallel data envelopment analysi.md,Su and Chen,2021,Efficiency analysis of metacoupling of water transfer based on the parallel data envelopment analysi,Metacoupling,non-OA,su_efficiency_2021,JOURNAL OF CLEANER PRODUCTION,10.1016/j.jclepro.2021.127952,china; data envelopment analysis; economic and social effects; economics; efficiency; metacoupling; parallel data; parallel data envelopment analyse model; parallel data envelopment analysis model; route; south-north water transfer projects; south–north water transfer project-middle route; water efficiency; water efficiency'; water resources; water source areas; water supply; water transfer; water transfers,40
Su and Min - 2025 - Stormwater Runoff Allocation and Basin-Wide Flood Mitigation Mechanism From the Perspectives of Effi.md,Su and Min,2025,Stormwater Runoff Allocation and Basin-Wide Flood Mitigation Mechanism From the Perspectives of Effi,Telecoupling,OA,,,10.15302/J-LAF-0-020043,,
Su et al. - 2022 - Metacoupling of Water Transfer The Interaction of Ecological Environment in the Middle Route of Chi.md,Su et al.,2022,Metacoupling of Water Transfer The Interaction of Ecological Environment in the Middle Route of Chi,Metacoupling,OA,su_metacoupling_2022,INTERNATIONAL JOURNAL OF ENVIRONMENTAL RESEARCH AND PUBLIC HEALTH,10.3390/ijerph191710555,agriculture; aquatic environment; article; biodiversity; biological invasion; china; compensation; competition; deterioration; ecological environment; ecology; economic development; environmental aspects and related phenomena; environmental protection; geographic information system; ground water; human; human impact (environment); information dissemination; irrigation (agriculture); land use; landscape; metacoupling; middle route of china's south-north water transfer project (snwtp-mr); pollution; river; seasonal variation; species invasion; stakeholder engagement; sulfur dioxide; sustainable development; wastewater; water availability; water deficit; water demand; water management; water pollution; water quality; water resource; water supply; water transfer; watershed,7
Sun et al. - 2017 - Telecoupled land-use changes in distant countries.md,Sun et al.,2017,Telecoupled land-use changes in distant countries,Telecoupling,OA,sun_telecoupled_2017,JOURNAL OF INTEGRATIVE AGRICULTURE,10.1016/S2095-3119(16)61528-9,agricultural land-use changes; moving window analysis; soybeans; spatial attributes; telecoupling,73
Sun et al. - 2018 - Importing food damages domestic environment Evidence from global soybean trade.md,Sun et al.,2018,Importing food damages domestic environment Evidence from global soybean trade,Telecoupling,OA,sun_importing_2018,PROCEEDINGS OF THE NATIONAL ACADEMY OF SCIENCES OF THE UNITED STATES OF AMERICA,10.1073/pnas.1718153115,agricultural land; agriculture; article; catering service; china; commerce; commercial phenomena; conservation of natural resources; consumer; controlled study; economics; environment; environmental policy; environmental pollution; environmental protection; food industry; food security; food supply; human; humans; information processing; international cooperation; maize; nitrogen; nitrogen fixation; nonhuman; pollution; prevention and control; priority journal; procedures; rice; soybean; soybeans; sustainable development goals; telecoupling; vegetable; wheat,181
Sun et al. - 2020 - Sustainability in the Anthropocene Telecoupling framework and its applicationss_ 人类世可持续.md,Sun et al.,2020,Sustainability in the Anthropocene Telecoupling framework and its applicationss_ 人类世可持续,Telecoupling,OA,,,10.11821/dlxb202011010,,
Sun et al. - 2024 - Workable solutions for sustainably feeding the Chinese population.md,Sun et al.,2024,Workable solutions for sustainably feeding the Chinese population,Metacoupling,non-OA,sun_workable_2024,RESOURCES CONSERVATION AND RECYCLING,10.1016/j.resconrec.2024.107530,agricultural practices; agricultural worker; article; best management practice; brazil; carbon footprint; china; chinese; commerce; costs; crop production; crop yield; crops; cultivation; diet; emission control; environmental costs; farm size; farms; feeding; female; food crop; food security; food supply; harvest; human; infrastructure improvements; maize; metacoupling; rice; soybean; sustainability; sustainable development; sustainable development goal; sustainable development goals; uncertainty; uncertainty analysis; united states; water footprint; wheat,6
Sun et al. - 2025 - China_s virtual water trade through the metacoupling framework_ 全程耦合框架下中国虚拟水.md,Sun et al.,2025,China_s virtual water trade through the metacoupling framework_ 全程耦合框架下中国虚拟水,Metacoupling,OA,,,10.11821/dlxb202501006,,
Sántiz Tovilla et al. - 2023 - Analysis of the factors that limit small producers in the development of the cocoa activity in Mexic.md,Sántiz Tovilla et al.,2023,Analysis of the factors that limit small producers in the development of the cocoa activity in Mexic,Telecoupling,OA,,,,,
Talukder et al. - 2025 - Planetary Health Consequences of Telecoupled Shrimp Farming.md,Talukder et al.,2025,Planetary Health Consequences of Telecoupled Shrimp Farming,Telecoupling,OA,talukder_planetary_2025,ECOHEALTH,10.1007/s10393-025-01733-x,bangladesh; coastal ecosystems; planetary health; shrimp farming; telecoupled systems,
Tang et al. - 2021 - Local and telecoupling coordination degree model of urbanization and the eco-environment based on RS.md,Tang et al.,2021,Local and telecoupling coordination degree model of urbanization and the eco-environment based on RS,Telecoupling,non-OA,tang_local_2021,SUSTAINABLE CITIES AND SOCIETY,10.1016/j.scs.2021.103405,agglomeration; case-studies; china; coordination degree; coupling coordination degree model; coupling coordination degree model (ccdm); eco-environment; eco-environments; economic and social effects; geographic information systems; gis; hubei; local and telecoupling; numerical model; remote sensing; rs and gis; sustainability; sustainable development; urban economy; urbanization; urbanization levels; wuhan; wuhan urban agglomeration; wuhan urban agglomeration (wua); wuhan urban agglomerations,83
Tang et al. - 2026 - Policy for poverty alleviation and relocation promotes synergistic development of the cross-regional.md,Tang et al.,2026,Policy for poverty alleviation and relocation promotes synergistic development of the cross-regional,Telecoupling,OA,tang_policy_2026,HABITAT INTERNATIONAL,10.1016/j.habitatint.2025.103666,ecosystem health; relocation policy for poverty alleviation; social adaptability; spatial distance; telecoupling,
Tao et al. - 2020 - Exploring the Spatio-Temporal Dynamics of Winter Rape on the Middle Reaches of Yangtze River Valley.md,Tao et al.,2020,Exploring the Spatio-Temporal Dynamics of Winter Rape on the Middle Reaches of Yangtze River Valley,Telecoupling,OA,,,,,
Tao et al. - 2025 - Redesigning a transboundary and spatially targeted PES scheme to sustain clean water provision acros.md,Tao et al.,2025,Redesigning a transboundary and spatially targeted PES scheme to sustain clean water provision acros,Metacoupling,non-OA,tao_redesigning_2025,ECOSYSTEM SERVICES,10.1016/j.ecoser.2025.101788,bottled water corporation; ecosystem service flow; metacoupling; payment for ecosystem services; spatial targeting; urban headwater,
Tapia-Lewin et al. - 2017 - Distal impacts of aquarium trade Exploring the emerging sandhopper (Orchestoidea tuberculata) artis.md,Tapia-Lewin et al.,2017,Distal impacts of aquarium trade Exploring the emerging sandhopper (Orchestoidea tuberculata) artis,Telecoupling,non-OA,tapia-lewin_distal_2017,AMBIO,10.1007/s13280-017-0906-x,adaptive capacity; adaptive management; amphipod; animal; animals; aquarium; artisanal fishery; catch per unit effort; chile; conservation of natural resources; demand analysis; developing world; ecology; economic conditions; ecosystem; environmental protection; fish; fisheries; fishery; fishery management; fishery specialization; fishes; gleaning; investment; livelihood; new fishery resource; orchestoidea tuberculata; resource development; resource management; resource use; social-ecological system; sustainability; telecoupling; traditional knowledge,13
Teeuwen et al. - 2022 - A systematic review of the impact of food security governance measures as simulated in modelling stu.md,Teeuwen et al.,2022,A systematic review of the impact of food security governance measures as simulated in modelling stu,Telecoupling,OA,,,,,
Tesfay et al. - 2024 - Analyzing urban water metabolism of Adama city using water mass balance method for advancing water s.md,Tesfay et al.,2024,Analyzing urban water metabolism of Adama city using water mass balance method for advancing water s,Telecoupling,OA,,,,,
Thives et al. - 2022 - Bringing states back into commodity-centric environmental governance the telecoupled soy trade betw.md,Thives et al.,2022,Bringing states back into commodity-centric environmental governance the telecoupled soy trade betw,Telecoupling,non-OA,thives_bringing_2022,THIRD WORLD QUARTERLY,10.1080/01436597.2022.2081144,bilateral agreement; brazil; china; china-brazil relations; commodity market; commodity-centric governance telecoupling; environmental planning; global environmental governance; governance approach; india; international relations; international trade; partnership approach; regulatory framework; russian federation; south africa; soy; strategic approach; strategic partnership,5
Tong et al. - 2025 - Decrypting Spatiotemporal Dynamics and Optimization Pathway of Ecological Resilience Under a Panarch.md,Tong et al.,2025,Decrypting Spatiotemporal Dynamics and Optimization Pathway of Ecological Resilience Under a Panarch,Telecoupling,OA,,,,,
Tonini and Liu - 2017 - Telecoupling Toolbox spatially explicit tools for studying telecoupled human and natural systems.md,Tonini and Liu,2017,Telecoupling Toolbox spatially explicit tools for studying telecoupled human and natural systems,Telecoupling,OA,,,,,
Torres et al. - 2017 - Property Rights and the Soybean Revolution Shaping How China and Brazil Are Telecoupled.md,Torres et al.,2017,Property Rights and the Soybean Revolution Shaping How China and Brazil Are Telecoupled,Telecoupling,OA,,,,,
Torres et al. - 2025 - Reducing sand mining_s growing toll on marine biodiversity.md,Torres et al.,2025,Reducing sand mining_s growing toll on marine biodiversity,Metacoupling,non-OA,,,10.1016/j.oneear.2025.101202,,
Tromboni et al. - 2021 - Macrosystems as metacoupled human and natural systems.md,Tromboni et al.,2021,Macrosystems as metacoupled human and natural systems,Metacoupling,OA,,,10.1002/fee.2289,,
Vasseur et al. - 2017 - Complex problems and unchallenged solutions Bringing ecosystem governance to the forefront of the U.md,Vasseur et al.,2017,Complex problems and unchallenged solutions Bringing ecosystem governance to the forefront of the U,Telecoupling,OA,,,,,
Veraart et al. - 2020 - Connected by oil A framework to analyze the connected sustainability histories of the Niger and Rhi.md,Veraart et al.,2020,Connected by oil A framework to analyze the connected sustainability histories of the Niger and Rhi,Telecoupling,non-OA,veraart_connected_2020,EXTRACTIVE INDUSTRIES AND SOCIETY-AN INTERNATIONAL JOURNAL,10.1016/j.exis.2019.12.004,global history; nigeria; oil; resources and sustainability; shell; sustainability history; sustainability monitoring; sustainability telecouplings; the netherlands,9
Vergara et al. - 2021 - Spatial coupling and decoupling between ecosystem services provisioning and benefiting areas Implic.md,Vergara et al.,2021,Spatial coupling and decoupling between ecosystem services provisioning and benefiting areas Implic,Metacoupling,non-OA,,,10.1016/j.ocecoaman.2020.105455,,
Vila and Arzamendia - 2022 - South American Camelids their values and contributions to people.md,Vila and Arzamendia,2022,South American Camelids their values and contributions to people,Telecoupling,OA,,,10.1007/s11625-020-00874-y,,
Vina and Liu - 2023 - Effects of global shocks on the evolution of an interconnected world.md,Vina and Liu,2023,Effects of global shocks on the evolution of an interconnected world,Metacoupling,OA,,,10.1007/s13280-022-01778-0,,
Waloven et al. - 2023 - Global gateways as telecoupled human and natural systems The emerging case of the Bering Strait.md,Waloven et al.,2023,Global gateways as telecoupled human and natural systems The emerging case of the Bering Strait,Telecoupling,OA,,,,,
Waloven et al. - 2025 - A metacoupled approach to analyzing multiple shocks affecting multiple systems.md,Waloven et al.,2025,A metacoupled approach to analyzing multiple shocks affecting multiple systems,Telecoupling,OA,,,,,
Wang and Liu - 2017 - Conservation planning beyond giant pandas the need for an innovative telecoupling framework.md,Wang and Liu,2017,Conservation planning beyond giant pandas the need for an innovative telecoupling framework,Telecoupling,OA,,,,,
Wang et al. - 2016 - Identification and apportionment of the drivers of land use change on a regional scale Unbiased rec.md,Wang et al.,2016,Identification and apportionment of the drivers of land use change on a regional scale Unbiased rec,Telecoupling,non-OA,,,10.1016/j.agee.2015.11.004,,
Wang et al. - 2021 - Telecoupling cropland soil erosion with distant drivers within China.md,Wang et al.,2021,Telecoupling cropland soil erosion with distant drivers within China,Telecoupling,non-OA,wang_telecoupling_2021,JOURNAL OF ENVIRONMENTAL MANAGEMENT,10.1016/j.jenvman.2021.112395,agricultural; agricultural activities; agricultural products; agricultural science; agricultural soil; agriculture; article; biophysical process; capital formation; china; conservation of natural resources; consumption; crop; cropland; crops; economic activities; environmental protection; erosion; erosion control; food industry; household; human; human activities; human activity; humans; quantitative analysis; revised universal soil loss equation; socio-economic factor; socio-economics; soil; soil erosion; soil treatment; soils; supply chains; teleconnection; teleconnections; telecoupling,51
Wang et al. - 2022 - Complex regional telecoupling between people and nature revealed via quantification of trans-boundar.md,Wang et al.,2022,Complex regional telecoupling between people and nature revealed via quantification of trans-boundar,Telecoupling,OA,wang_complex_2022,PEOPLE AND NATURE,10.1002/pan3.10298,central asia; demand; ecosystem services; flows; supply; telecoupling,35
Wei et al. - 2022 - Environment-deterministic pedestrian behavior New insights from surveillance video evidence.md,Wei et al.,2022,Environment-deterministic pedestrian behavior New insights from surveillance video evidence,Telecoupling,non-OA,,,10.1016/j.cities.2022.103638,,
Weng et al. - 2020 - Landscape matters Insights from the impact of mega-droughts on Colombia_s energy transition.md,Weng et al.,2020,Landscape matters Insights from the impact of mega-droughts on Colombia_s energy transition,Telecoupling,OA,weng_landscape_2020,ENVIRONMENTAL INNOVATION AND SOCIETAL TRANSITIONS,10.1016/j.eist.2020.04.003,aerial river; anthropogenic effect; bolivia; brazil; colombia; decision making; deforestation; drought; energy transition; land use change; landscape change; multi-level perspective; telecoupling; transition pathways; warming,20
Williams et al. - 2024 - Telecoupling cannot be ignored for the forest-based carbon market.md,Williams et al.,2024,Telecoupling cannot be ignored for the forest-based carbon market,Telecoupling,OA,,,,,
"Wu and Sun - 2023 - Regional Integration and Sustainable Development in the Yangtze River Delta, China Towards a Concep.md",Wu and Sun,2023,"Regional Integration and Sustainable Development in the Yangtze River Delta, China Towards a Concep",Telecoupling,OA,,,,,
"Wu et al. - 2019 - Evolution of an Estuarine Island in the Anthropocene Complex Dynamics of Chongming Island, Shanghai.md",Wu et al.,2019,"Evolution of an Estuarine Island in the Anthropocene Complex Dynamics of Chongming Island, Shanghai",Telecoupling,OA,,,,,
Wu et al. - 2020 - Telecoupling mechanism of urban land expansion based on transportation accessibility A case study o.md,Wu et al.,2020,Telecoupling mechanism of urban land expansion based on transportation accessibility A case study o,Telecoupling,non-OA,wu_telecoupling_2020,LAND USE POLICY,10.1016/j.landusepol.2020.104687,accessibility; china; economic structure; land management; land use planning; policy reform; remote sensing; spatial analysis; spatial econometrics; telecoupling framework; transportation; urban area; urban land expansion; urban policy; yangtze river,34
Wu et al. - 2021 - Integrating multiple influencing factors in evaluating the socioeconomic effects of payments for eco.md,Wu et al.,2021,Integrating multiple influencing factors in evaluating the socioeconomic effects of payments for eco,Metacoupling,non-OA,wu_integrating_2021,ECOSYSTEM SERVICES,10.1016/j.ecoser.2021.101348,grain for green program; loess plateau; metacoupling; payments for ecosystem services; socioeconomic outcome,34
Wu et al. - 2021 - Spatial variation and influencing factors of the effectiveness of afforestation in China_s Loess Pla.md,Wu et al.,2021,Spatial variation and influencing factors of the effectiveness of afforestation in China_s Loess Pla,Metacoupling,non-OA,wu_spatial_2021,SCIENCE OF THE TOTAL ENVIRONMENT,10.1016/j.scitotenv.2020.144904,afforestation; article; china; china's loess plateaux; comparative effectiveness; design and implementations; ecological restoration; economics; ecosystem; ecosystem service; ecosystems; employment; environmental conservation; environmental restoration; grain yield; grain-to-green program; grain-to-green programs; investment; landforms; livelihood; loess; loess plateau; metacoupling; payment for ecosystem services; reforestation; remote sensing; restoration ecology; rural areas; sediments; socio-economic development; spatial differences; spatial heterogeneity; spatial variables measurement; spatial variation; vegetation; vegetation condition,67
Wu et al. - 2023 - Analysis of the proximity and telecoupling mechanism of cultivated land use change A case study of.md,Wu et al.,2023,Analysis of the proximity and telecoupling mechanism of cultivated land use change A case study of,Metacoupling,OA,wu_analysis_2023,Dili Yanjiu,10.11821/dlyj020221377,,5
Wu et al. - 2024 - Analyzing and forecasting water-land dynamics for sustainable urban developments A multi-source cas.md,Wu et al.,2024,Analyzing and forecasting water-land dynamics for sustainable urban developments A multi-source cas,Telecoupling,OA,,,,,
Wu et al. - 2025 - A systematic review of assessing climate change risks on species and ecosystems bibliometric overvi.md,Wu et al.,2025,A systematic review of assessing climate change risks on species and ecosystems bibliometric overvi,Telecoupling,OA,,,10.1017/sus.2025.8,,
Wu et al. - 2025 - Quantifying the Provincial Carbon Emissions of China Embodied in Trade The Perspective of Land Use.md,Wu et al.,2025,Quantifying the Provincial Carbon Emissions of China Embodied in Trade The Perspective of Land Use,Telecoupling,OA,,,,,
Wyckhuys et al. - 2018 - Biological control of an invasive pest eases pressures on global commodity markets.md,Wyckhuys et al.,2018,Biological control of an invasive pest eases pressures on global commodity markets,Telecoupling,OA,wyckhuys_biological_2018,ENVIRONMENTAL RESEARCH LETTERS,10.1088/1748-9326/aad8f0,africa; agricultural ecosystem; agricultural intensification; anagyrus; biological control; biological control agent; biological controls; biological invasion; cassava; china; commerce; commodity market; costs; crop production; ecosystem service; ecosystem services; ecosystems; encyrtidae; environmental costs; financial markets; global perspective; hemiptera; host-parasitoid interaction; hymenoptera; insect; invasion biology; invasive species; manihot esculenta; pest species; phenacoccus manihoti; plants (botany); potential biocontrol agent; price fluctuation; primary production; primary productivity; pseudococcidae; social-ecological systems; starch; sustainable intensification; tele-coupling; thailand; time series analysis; tropical environment,24
Xia et al. - 2025 - Disentangling the Local Coupling and Telecoupling of Urbanization and Ecosystem Services to Reveal A.md,Xia et al.,2025,Disentangling the Local Coupling and Telecoupling of Urbanization and Ecosystem Services to Reveal A,Telecoupling,OA,,,10.1002/ldr.5607,,
Xie et al. - 2019 - A spatio-temporal delineation of trans-boundary ecosystem service flows from Inner Mongolia.md,Xie et al.,2019,A spatio-temporal delineation of trans-boundary ecosystem service flows from Inner Mongolia,Metacoupling,OA,bagstad_ecosystem_2019,AMBIO,10.1007/s13280-018-1049-4,anas; anas acuta; animal; animal migration; animals; canada; conservation planning; duck; ducks; ecosystem; ecosystem service; financial provision; hunting; migration; migratory population; north america; northern pintail duck; population migration; prairie; season; seasons; spatial subsidies; species conservation; subsidy system; subsistence; telecoupling; transborder conservation; transboundary cooperation; united states; waterfowl,46
Xie et al. - 2024 - Urban sector land use metabolism reveals inequalities across cities and inverse virtual land flows.md,Xie et al.,2024,Urban sector land use metabolism reveals inequalities across cities and inverse virtual land flows,Telecoupling,non-OA,xie_urban_2024,RESOURCES CONSERVATION AND RECYCLING,10.1016/j.resconrec.2023.107394,agglomeration; agricultural land; article; china; city; controlled study; cost benefit analysis; ecological network analysis; economic activities; human; human-systems; jingjinji; land use; manufacturing; metabolism; metropolitan area; natural systems; network analysis; regional planning; service-providing; spatial patterns; supply chains; sustainable development; tele-coupling; urban agglomeration; urban agglomerations; urban area; urban land use; urban metabolism; urban metabolisms,10
Xie et al. - 2025 - Exploring the Dynamic Local and Tele-Coupling Coordination Mechanism of the Ecosystem Services Suppl.md,Xie et al.,2025,Exploring the Dynamic Local and Tele-Coupling Coordination Mechanism of the Ecosystem Services Suppl,Telecoupling,non-OA,xie_exploring_2025,LAND DEGRADATION & DEVELOPMENT,10.1002/ldr.5559,belts; china; coordination degree; coordination mechanisms; demographic trend; dynamic local and tele-coupling coordination degree model; ecosystem service; ecosystem service supply and demand; ecosystem services; ecosystem services supply and demand; environmental protection; machine learning; machine learning model; machine learning models; regional planning; service supply; supply-demand; urbanization; yangtze river; yangtze river economic belt,3
Xiong et al. - 2018 - Trade in the telecoupling framework evidence from the metals industry.md,Xiong et al.,2018,Trade in the telecoupling framework evidence from the metals industry,Telecoupling,OA,xiong_trade_2018,ECOLOGY AND SOCIETY,10.5751/ES-09864-230111,database; emissions trading; export; global value chain; greenhouse gas; international trade; metal industry; metals industry; spillover effect; telecoupling framework; trade flow; world input-output database,28
Xiong et al. - 2021 - Telecoupling urbanization and mountain areas deforestation between 2000 and 2020 Evidence from Zhej.md,Xiong et al.,2021,Telecoupling urbanization and mountain areas deforestation between 2000 and 2020 Evidence from Zhej,Telecoupling,non-OA,xiong_telecoupling_2021,LAND DEGRADATION & DEVELOPMENT,10.1002/ldr.4074,china; deforestation; developing regions; economic and social effects; economics; forest transition; land use; land use change; land use policy; land-use decisions; satellite imagery; satellite images; socio-economic development; spillover effects; telecoupling; urban construction; urban development; urban policy; urbanization; zhejiang; zhejiang province,20
Xiong et al. - 2024 - Visualising trade-related virtual urban land transfers in China.md,Xiong et al.,2024,Visualising trade-related virtual urban land transfers in China,Telecoupling,OA,,,,,
Xiong et al. - 2025 - Does urbanization inevitably exacerbate cropland pressure The multiscale evidence from China.md,Xiong et al.,2025,Does urbanization inevitably exacerbate cropland pressure The multiscale evidence from China,Metacoupling,non-OA,xiong_does_2025,JOURNAL OF CLEANER PRODUCTION,10.1016/j.jclepro.2025.145413,comprehensive analysis; cropland pressure; ecological pressure; ecological security; food security; metacoupling; producing areas; supply-demand; trade off; urbanization,5
Xu and Song - 2025 - Spatial-temporal coupling between the global digital economy and sustainable development_ 全球数字经济与可持续发展的时空耦合关系.md,Xu and Song,2025,Spatial-temporal coupling between the global digital economy and sustainable development_ 全球数字经济与可持续发展的时空耦合关系,Metacoupling,OA,,,10.13249/j.cnki.sgs.20231200,,
Xu et al. - 2018 - How to Guarantee the Sustainability of the Wind Prevention and Sand Fixation Service An Ecosystem S.md,Xu et al.,2018,How to Guarantee the Sustainability of the Wind Prevention and Sand Fixation Service An Ecosystem S,Telecoupling,OA,xu_how_2018,Sustainability,10.3390/su10092995,ecosystem service flow (ESF); wind prevention and sand fixation (WPSF); service beneficiary areas (SBAs); sustainability; eco-compensation; Yanchi County,
Xu et al. - 2020 - Impacts of irrigated agriculture on food-energy-water-CO2 nexus across metacoupled systems.md,Xu et al.,2020,Impacts of irrigated agriculture on food-energy-water-CO2 nexus across metacoupled systems,Metacoupling,OA,xu_impacts_2020,NATURE COMMUNICATIONS,10.1038/s41467-020-19520-3,article; carbon dioxide; catering service; china; climate change; controlled study; crop production; energy; energy consumption; environmental impact; environmental sustainability; fluid intake; food; food intake; food security; food supply; hubei; irrigation (agriculture); irrigation system; life cycle assessment; north china plain; socioeconomics; sustainability; sustainable development goal; united nations; water; water loss,227
Xu et al. - 2020 - Interregional ecosystem services benefits transfer from wind erosion control measures in Inner Mongo.md,Xu et al.,2020,Interregional ecosystem services benefits transfer from wind erosion control measures in Inner Mongo,Metacoupling,non-OA,,,10.1016/j.envdev.2020.100496,,
"Xu et al. - 2021 - Mapping the spatiotemporal heterogeneity of ecosystem service relationships and bundles in Ningxia,.md",Xu et al.,2021,"Mapping the spatiotemporal heterogeneity of ecosystem service relationships and bundles in Ningxia,",Metacoupling,non-OA,,,10.1016/j.jclepro.2021.126216,,
Yang et al. - 2016 - New road for telecoupling global prosperity and ecological sustainability.md,Yang et al.,2016,New road for telecoupling global prosperity and ecological sustainability,Telecoupling,OA,,,,,
Yang et al. - 2016 - Urban water sustainability framework and application.md,Yang et al.,2016,Urban water sustainability framework and application,Telecoupling,OA,yang_urban_2016,Ecology and Society,10.5751/ES-08685-210404,environmental governance; megacity; spillover effects; sustainability; systems approach; telecoupling; virtual water; water management,
Yang et al. - 2018 - Feedback of telecoupling the case of a payments for ecosystem services program.md,Yang et al.,2018,Feedback of telecoupling the case of a payments for ecosystem services program,Telecoupling,OA,yang_feedback_2018,ECOLOGY AND SOCIETY,10.5751/ES-10140-230245,ailuropoda melanoleuca; bear; china; conservation; ecosystem service; ecosystem services; feedback; giant panda; nature conservation; nature reserve; nature-society relations; rural area; sichuan; survey; sustainability; sustainable development; telecoupling; wolong; wolong nature reserve,30
Yang et al. - 2019 - The Role of Citizen Science in Conservation under the Telecoupling Framework.md,Yang et al.,2019,The Role of Citizen Science in Conservation under the Telecoupling Framework,Telecoupling,OA,,,,,
Yang et al. - 2022 - Complex Effects of Telecouplings on Forest Dynamics An Agent-Based Modeling Approach.md,Yang et al.,2022,Complex Effects of Telecouplings on Forest Dynamics An Agent-Based Modeling Approach,Telecoupling,OA,,,10.1175/EI-D-20-0029.1,,
Yang et al. - 2023 - Mapping fine-resolution nested social-ecological system archetypes to reveal archetypical human-envi.md,Yang et al.,2023,Mapping fine-resolution nested social-ecological system archetypes to reveal archetypical human-envi,Telecoupling,non-OA,,,10.1016/j.landurbplan.2023.104863,,
Yang et al. - 2023 - Measuring the cross-border spillover effects and telecoupling processes of ecosystem services in Wes.md,Yang et al.,2023,Measuring the cross-border spillover effects and telecoupling processes of ecosystem services in Wes,Telecoupling,non-OA,yang_measuring_2023,ENVIRONMENTAL RESEARCH,10.1016/j.envres.2023.117291,article; asia; boundary interactions; catering service; central asia; china; compensation; conservation of natural resources; cross boundary interaction; cross boundary interactions; cross-border; ecological compensation; economic and social effects; economics; ecosystem; ecosystem service; ecosystem services; ecosystems; environment; environmental impact; environmental protection; flood mitigation; food supply; government; human; human relation; humans; international cooperation; livelihood; positive feedback; resource allocation; rivers; simulation; socio-economics; soil; south asia; southeast asia; spillover effect; spillover effects; sustainable development; telecoupling; water supply; well being; wellbeing; western china,21
Yang et al. - 2025 - Assessing ecosystem services and their spillover effects to inform cost-benefit sharing and horizont.md,Yang et al.,2025,Assessing ecosystem services and their spillover effects to inform cost-benefit sharing and horizont,Metacoupling,non-OA,,,10.1016/j.ecoser.2025.101764,,
Yao et al. - 2018 - Economic drivers of telecoupling and terrestrial carbon fluxes in the global soybean complex.md,Yao et al.,2018,Economic drivers of telecoupling and terrestrial carbon fluxes in the global soybean complex,Telecoupling,non-OA,yao_economic_2018,GLOBAL ENVIRONMENTAL CHANGE-HUMAN AND POLICY DIMENSIONS,10.1016/j.gloenvcha.2018.04.005,accountability; agricultural trade; brazil; carbon flux; china; computable general equilibrium; computable general equilibrium analysis; crop production; economic analysis; economic growth; environmental conditions; environmental economics; expansion; global change; glycine max; input-output analysis; land use; macroeconomics; nature-society relations; soybean; soybean trade; spillover effect; spillovers; teleconnection; telecoupling; trade-environment relations,57
Yao et al. - 2020 - Alleviating water scarcity and poverty in drylands through telecouplings Vegetable trade and touris.md,Yao et al.,2020,Alleviating water scarcity and poverty in drylands through telecouplings Vegetable trade and touris,Telecoupling,non-OA,yao_alleviating_2020,SCIENCE OF THE TOTAL ENVIRONMENT,10.1016/j.scitotenv.2020.140387,agricultural development; agricultural land; arid regions; article; central government; china; commerce; controlled study; crop growth model; crop production; drought; dryland; dryland farming; environmental policy; environmental sustainability; fluid intake; global challenges; heihe river basin; income; integrated hydrological modeling; leisure industry; poverty; poverty alleviation; priority journal; quantitative analysis; rain; rural area; service industry; socio-economic data; socioeconomic conditions; technological development; tourism; tourism development; vegetable; vegetable trade; vegetables; water conservation; water deficit; water resources; water scarcity; water stress; water supply; water sustainability,38
Yao et al. - 2021 - The contribution of ecosystem restoration to sustainable development goals in Asian drylands A lite.md,Yao et al.,2021,The contribution of ecosystem restoration to sustainable development goals in Asian drylands A lite,Metacoupling,non-OA,,,10.1002/ldr.4065,,
Yawson - 2020 - Climate Mitigation and Hidden Vulnerabilities Widening the Food Gap Between the Global North and So.md,Yawson,2020,Climate Mitigation and Hidden Vulnerabilities Widening the Food Gap Between the Global North and So,Telecoupling,non-OA,,,10.1089/env.2020.0029,,
Yawson et al. - 2020 - Exploring the impacts of climate change and mitigation policies on UK feed barley supply and implica.md,Yawson et al.,2020,Exploring the impacts of climate change and mitigation policies on UK feed barley supply and implica,Telecoupling,OA,,,10.1007/s42452-020-2444-6,,
Ye et al. - 2023 - Spatio-temporal evolution and influencing factors of international soybean trade network from a tele.md,Ye et al.,2023,Spatio-temporal evolution and influencing factors of international soybean trade network from a tele,Telecoupling,OA,ye_spatio-temporal_2023,Journal of Natural Resources,10.31497/zrzyxb.20230616,,2
Yin - 2022 - The influence of urbanization on vegetation carbon pools under a tele-coupling framework in China.md,Yin,2022,The influence of urbanization on vegetation carbon pools under a tele-coupling framework in China,Telecoupling,non-OA,yin_influence_2022,ENVIRONMENT DEVELOPMENT AND SUSTAINABILITY,10.1007/s10668-021-01603-w,carbon emission; carbon loss; china; economic development; global warming; grassland; guangdong; guizhou; land use change; land-use change; nei monggol; rvb river basin; shandong; shanghai; shanxi; social development; spatial analysis; tele-coupling; terrestrial ecosystem; urbanization; vegetated land; woodland; zhejiang,9
Yin et al. - 2024 - Socio-hydrology pathway of grain virtual water flow in China.md,Yin et al.,2024,Socio-hydrology pathway of grain virtual water flow in China,Metacoupling,OA,yin_socio-hydrology_2024,AGRICULTURAL WATER MANAGEMENT,10.1016/j.agwat.2023.108658,agricultural development; agricultural water use; analytical framework; china; commerce; driving mechanism; economic and social effects; economic growth; flow of water; grain (agricultural product); grain virtual water flow; grain virtual water flows; hydraulics; hydrology; industrial structure; input area; metacoupling framework; multiple regression; production and consumption; regression analysis; socio-hydrology; virtual water-flow; water flow; water pollution; water resources; water use; waters resources,5
Yin et al. - 2025 - Telecoupling China_s rice production features and causes.md,Yin et al.,2025,Telecoupling China_s rice production features and causes,Telecoupling,non-OA,,,10.1016/j.landusepol.2025.107710,,
York et al. - 2019 - Cross-scale interactions of socio-hydrological subsystems examining the frontier of common pool res.md,York et al.,2019,Cross-scale interactions of socio-hydrological subsystems examining the frontier of common pool res,Telecoupling,OA,,,,,
Young et al. - 2017 - Snowlines and Treelines in the Tropical Andes.md,Young et al.,2017,Snowlines and Treelines in the Tropical Andes,Telecoupling,non-OA,,,10.1080/24694452.2016.1235479,,
Yu et al. - 2025 - Farmers_ responses to market demand and influencing factors in vegetable production bases around Bei.md,Yu et al.,2025,Farmers_ responses to market demand and influencing factors in vegetable production bases around Bei,Metacoupling,non-OA,yu_farmers_2025,HABITAT INTERNATIONAL,10.1016/j.habitatint.2024.103284,beijing [beijing (ads)]; beijing [china]; china; data envelopment analysis; demand analysis; farmer behavior; farmers knowledge; farmland use; food system; meta-coupling; regional synergy; regression analysis; rural area; vegetation dynamics,1
"Yuan et al. - 2022 - Carbon emissions from land use in Jiangsu, China, and analysis of the regional interactions.md",Yuan et al.,2022,"Carbon emissions from land use in Jiangsu, China, and analysis of the regional interactions",Telecoupling,non-OA,yuan_carbon_2022,ENVIRONMENTAL SCIENCE AND POLLUTION RESEARCH,10.1007/s11356-022-19007-2,carbon; carbon emission; china; economic development; industry; jiangsu; land use; river; rivers; spatial simulation; tele-coupling,35
Yue et al. - 2018 - Spillover effect offsets the conservation effort in the Amazon.md,Yue et al.,2018,Spillover effect offsets the conservation effort in the Amazon,Telecoupling,non-OA,yue_spillover_2018,JOURNAL OF GEOGRAPHICAL SCIENCES,10.1007/s11442-018-1539-0,amazon; brazil; cerrado; conservation; deforestation; development; soybean trade; spillover; telecoupling; voluntary agreement,81
Zaehringer et al. - 2018 - A novel participatory and remote-sensing-based approach to mapping annual land use change on forest.md,Zaehringer et al.,2018,A novel participatory and remote-sensing-based approach to mapping annual land use change on forest,Telecoupling,OA,,,10.1080/1747423X.2018.1447033,,
Zeng et al. - 2022 - Telecoupled environmental impacts are an obstacle to meeting the sustainable development goals.md,Zeng et al.,2022,Telecoupled environmental impacts are an obstacle to meeting the sustainable development goals,Telecoupling,non-OA,zeng_telecoupled_2022,SUSTAINABLE DEVELOPMENT,10.1002/sd.2229,developing world; emission; emissions; environmental economics; environmental impact; environmental impacts; environmental policy; forest loss; global trade; international trade; policy; sustainable development goal; united nations; water use,12
Zeng et al. - 2023 - Spatiotemporal heterogeneity and influencing factors on urbanization and eco-environment coupling me.md,Zeng et al.,2023,Spatiotemporal heterogeneity and influencing factors on urbanization and eco-environment coupling me,Telecoupling,OA,zeng_spatiotemporal_2023,ENVIRONMENTAL SCIENCE AND POLLUTION RESEARCH,10.1007/s11356-022-22042-8,alternative energy; autocorrelation; china; cities; city; climate; ecological environmental conditions; economic development; environmental factor; gravitation; gravity; heterogeneity; human; humans; numerical model; shanghai; social network; social network analysis (sna); spatial autocorrelation tests; spatial correlation effects; spatial durbin panel model; spatiotemporal analysis; spatiotemporal heterogeneity; spillover effect; urbanization; urbanization and eco-environment coupling coordination network (ueccn),15
Zhang et al. - 2018 - Complex effects of natural disasters on protected areas through altering telecouplings.md,Zhang et al.,2018,Complex effects of natural disasters on protected areas through altering telecouplings,Telecoupling,OA,zhang_complex_2018,ECOLOGY AND SOCIETY,10.5751/ES-10238-230317,ailuropoda melanoleuca; china; ecological effects; natural disaster; protected area; protected areas; quality of life; sichuan; socioeconomic effects; socioeconomic impact; sustainability; telecouplings; wolong nature reserve,26
"Zhang et al. - 2019 - Understanding the tele-coupling mechanism of urban food-energy-water nexus Critical sources, nodes,.md",Zhang et al.,2019,"Understanding the tele-coupling mechanism of urban food-energy-water nexus Critical sources, nodes,",Telecoupling,non-OA,zhang_understanding_2019,JOURNAL OF CLEANER PRODUCTION,10.1016/j.jclepro.2019.06.232,agriculture industries; coking; input output analysis; less-developed regions; metal refining; multi-regional input-output analysis; neighborhood pattern; path analysis; petroleum refining; regression analysis; structural path analysis; supply chains; tele-connection; urban few nexus; urban sustainability,49
Zhang et al. - 2021 - Coordinated intensification to reconcile the `zero hunger ` and `life on land ` Sustainable Developm.md,Zhang et al.,2021,Coordinated intensification to reconcile the `zero hunger ` and `life on land ` Sustainable Developm,Telecoupling,non-OA,zhang_coordinated_2021,JOURNAL OF ENVIRONMENTAL MANAGEMENT,10.1016/j.jenvman.2021.112032,agricultural intensification; agriculture; article; bear; biodiversity; brazil; congo; congo basin; conservation biology; conservation of natural resources; conservation planning; coordinate; crop; cropland; environmental protection; food industry; food production; forest; goals; habitat; hunger; indonesia; land use planning; land-use systems; modelisation; motivation; myanmar; nonhuman; opportunity cost; rental sector; scenarios; spatial optimization; sustainable development; sustainable development goal; telecoupling; venezuela,25
Zhang et al. - 2021 - Sustainability Evaluation on the Grain to Green Program in the Hexi Corridor of China A Metacoupled.md,Zhang et al.,2021,Sustainability Evaluation on the Grain to Green Program in the Hexi Corridor of China A Metacoupled,Metacoupling,OA,,,,,
Zhang et al. - 2023 - Quantifying Interregional Flows of Ecosystem Services to Enhance Water Security in the Yellow River.md,Zhang et al.,2023,Quantifying Interregional Flows of Ecosystem Services to Enhance Water Security in the Yellow River,Telecoupling,non-OA,,,10.1061/JWRMD5.WRENG-5891,,
Zhang et al. - 2023 - Understanding ecosystem service flows through the metacoupling framework.md,Zhang et al.,2023,Understanding ecosystem service flows through the metacoupling framework,Metacoupling,OA,zhang_understanding_2023,ECOLOGICAL INDICATORS,10.1016/j.ecolind.2023.110303,china; compensation system; conservation management; demand analysis; ecological compensation; economics; ecosystem management; ecosystem service; ecosystem service flow across region; ecosystem service flow across regions; ecosystem services; ecosystems; flowthrough; grassland; huangshui basin; huangshui rivers; metacoupling; natural ecosystem; qinghai-xizang plateau; service flows; socio-economic systems; supply and demand; supply chain management; sustainability; sustainable development,56
Zhang et al. - 2024 - Dynamic evolution and trend prediction in coupling coordination between urban and rural space utiliz.md,Zhang et al.,2024,Dynamic evolution and trend prediction in coupling coordination between urban and rural space utiliz,Telecoupling,OA,,,10.1016/j.heliyon.2024.e31578,,
Zhang et al. - 2024 - Measuring virtual flows of ecosystem services embedded in traded goods across an urban agglomeration.md,Zhang et al.,2024,Measuring virtual flows of ecosystem services embedded in traded goods across an urban agglomeration,Metacoupling,OA,zhang_measuring_2024,ECOSYSTEM SERVICES,10.1016/j.ecoser.2024.101651,ecosystem service flow; meta-coupling; tele-coupling; trade; urban sustainability,11
Zhang et al. - 2024 - Remittance from migrants reinforces forest recovery for China_s reforestation policy.md,Zhang et al.,2024,Remittance from migrants reinforces forest recovery for China_s reforestation policy,Telecoupling,OA,,,,,
Zhang et al. - 2025 - Coupling process of carbon sink service flow based on metacoupling framework.md,Zhang et al.,2025,Coupling process of carbon sink service flow based on metacoupling framework,Metacoupling,OA,zhang_coupling_2025,SCIENTIFIC REPORTS,10.1038/s41598-025-90606-y,agricultural land; and grasslands; article; breakpoint model; carbon emission; carbon sequestration; carbon sink; carbon sink service flow; composite ecosystem of mountains; controlled study; ecosystem; farmlands; forest; forests; grassland; greenhouse effect; human; human activities; lake; lakes; metacoupling framework; mountain; river; rivers; simulation; spans-bbns model; sustainable development; water,2
Zhao et al. - 2018 - Metacoupling supply and demand for soil conservation service.md,Zhao et al.,2018,Metacoupling supply and demand for soil conservation service,Metacoupling,non-OA,,,10.1016/j.cosust.2018.05.011,,
Zhao et al. - 2020 - Metacoupled Tourism and Wildlife Translocations Affect Synergies and Trade-Offs among Sustainable De.md,Zhao et al.,2020,Metacoupled Tourism and Wildlife Translocations Affect Synergies and Trade-Offs among Sustainable De,Telecoupling,OA,,,,,
Zhao et al. - 2020 - Study on the land use coupling evolution of mountain-basin systems in karst areas_ 岩溶区山-坝系统土地利用耦合演化研究的初步探讨.md,Zhao et al.,2020,Study on the land use coupling evolution of mountain-basin systems in karst areas_ 岩溶区山-坝系统土地利用耦合演化研究的初步探讨,Telecoupling,OA,,,10.11932/karst2019y38,,
Zhao et al. - 2021 - Synergies and tradeoffs among Sustainable Development Goals across boundaries in a metacoupled world.md,Zhao et al.,2021,Synergies and tradeoffs among Sustainable Development Goals across boundaries in a metacoupled world,Metacoupling,non-OA,zhao_synergies_2021,SCIENCE OF THE TOTAL ENVIRONMENT,10.1016/j.scitotenv.2020.141749,administrative boundary; article; bear; china; conservation; cross-border relations; metacoupling; planning; sichuan; specific location; sustainable development; sustainable development goal; sustainable development goals; synergy; telecoupling; theoretical framework; theoretical study; tourism; trade-off; tradeoff; united nations; wolong nature reserve,75
Zhao et al. - 2024 - Progress and prospects of Geography in promoting the United Nations Sustainable Development Goals A.md,Zhao et al.,2024,Progress and prospects of Geography in promoting the United Nations Sustainable Development Goals A,Metacoupling,OA,,,10.11821/dlxb202411001,,
Zhao et al. - 2025 - Land and water resource effects of power structure transformation in China Telecoupling and spatial.md,Zhao et al.,2025,Land and water resource effects of power structure transformation in China Telecoupling and spatial,Telecoupling,non-OA,,,10.1016/j.jenvman.2025.127347,,
Zhao et al. - 2025 - Quantitative analysis of local coupling and telecoupling mechanism between urbanization and ecologic.md,Zhao et al.,2025,Quantitative analysis of local coupling and telecoupling mechanism between urbanization and ecologic,Telecoupling,OA,zhao_quantitative_2025,ECOLOGICAL INDICATORS,10.1016/j.ecolind.2025.113345,chengdu; chengdu-chongqing economic circle; china; chongqing; coupling mechanism; ecological economics; ecological environment quality; ecological environments; economic circles; economic conditions; environment quality; environmental economics; environmental protection; environmental quality; local coupling; quantitative analysis; sustainable city; sustainable development; urbanization,5
Zhao et al. - 2025 - Water quality improvements and ecological inertia a basin-wide assessment of ecosystem recovery in.md,Zhao et al.,2025,Water quality improvements and ecological inertia a basin-wide assessment of ecosystem recovery in,Metacoupling,OA,,,10.1016/j.ecolind.2025.113700,,
Zhen et al. - 2023 - Theoretical framework and scientific problems of smart city man-land system_ 智慧城市人地系统理论框架与科学问题.md,Zhen et al.,2023,Theoretical framework and scientific problems of smart city man-land system_ 智慧城市人地系统理论框架与科学问题,Telecoupling,OA,,,10.31497/zrzyxb.20230901,,
Zheng and Sun_The short-range and remote analysis of virtual water trade in China.md,,2023,Zheng and Sun_The short-range and remote analysis of virtual water trade in China,Telecoupling,non-OA,,,10.1016/j.jclepro.2023.137831,,
Zhou and Lei - 2020 - Influence of human-water interactions on the water resources and environment in the Yangtze River Ba.md,Zhou and Lei,2020,Influence of human-water interactions on the water resources and environment in the Yangtze River Ba,Telecoupling,non-OA,zhou_influence_2020,JOURNAL OF CLEANER PRODUCTION,10.1016/j.jclepro.2020.121783,community structures; comprehensive research; coupled human and natural systems; geographical distribution; human-water multiplex networks; integrated water management; microenvironmental effects; network flow; network flow analysis; network topology; network topology analysis; pollutant discharges; rivers; topology; water management; watersheds; yangtze river basin,25
Zimmerer et al. - 2018 - Smallholder telecoupling and potential sustainability.md,Zimmerer et al.,2018,Smallholder telecoupling and potential sustainability,Telecoupling,OA,,,,,
Zinngrebe et al. - 2024 - Prioritizing partners and products for the sustainability of the EU_s agri-food trade.md,Zinngrebe et al.,2024,Prioritizing partners and products for the sustainability of the EU_s agri-food trade,Telecoupling,OA,zinngrebe_prioritizing_2024,One Earth,10.1016/j.oneear.2024.03.002,,
