focal_system_id,destination_id,coupling_type,flow_value
Albania,Albania (own),I,295633.6062137996
Albania,Greece,P,7495.704881452099
Albania,Montenegro,P,414.6829008104
Albania,Italy,P,17063.6812171107
Albania,Bulgaria,T,2398.2479303459995
Albania,Croatia,T,4733.9695247049995
Albania,Malta,T,435.1376676908
Albania,Norway,T,5768.3014300582
Albania,USA,T,240.704979042
Albania,Argentina,T,41.03731519
Albania,South Cyprus,T,401.3599932136
Albania,Denmark,T,0.06363286139999999
Albania,Germany,T,0.2311616844
Albania,Iceland,T,0.000298053
Albania,Poland,T,0.014228201
Albania,Sweden,T,0.0010602874
Albania,Taiwan,T,76.0435727219
Albania,Turkey,T,1292.6078504719999
Albania,Libya,T,11823.145060273
Albania,Tunisia,T,4959.710756675
Albania,Cuba,T,17.318019047
Albania,Grenada,T,0.020044003
Albania,Trinidad & Tobago,T,3.006600529
Albania,Algeria,T,3232.359905888
Albania,Latvia,T,0.124709808
Albania,Benin,T,0.0575402943
Albania,Liberia,T,3.493123141
Albania,Sao Tome & Principe,T,0.02473016
Albania,Togo,T,0.974265128
Albania,Portugal,T,0.7368614016
Albania,Egypt,T,42.8153633
Albania,France,T,4.6223623241
Algeria,Algeria (own),I,7936432.257191989
Algeria,Morocco,P,603.3998899460001
Algeria,Spain,P,217835.39758819097
Algeria,Mauritania,P,65.782078669
Algeria,Italy,P,11.404989659
Algeria,Angola,T,49.125360468000004
Algeria,Dominican Republic,T,72.444586799
Algeria,Ghana,T,6.889781805
Algeria,Portugal,T,21.155451663
Algeria,Estonia,T,0.313257646
Algeria,Georgia,T,0.011920001
Algeria,Latvia,T,0.331852878
Algeria,Ukraine,T,0.15448320599999998
Algeria,Equatorial Guinea,T,17.812434194
Algeria,Liberia,T,11.965694639999999
Algeria,Panama,T,5.8416832030000005
Algeria,Togo,T,35.416815322999994
Algeria,Egypt,T,0.113482848
Algeria,Denmark,T,21.413464654000002
Algeria,Germany,T,18.243652857
Algeria,Iceland,T,0.09634561
Algeria,Ireland,T,0.1308439297
Algeria,Poland,T,1.2674071630000001
Algeria,Sao Tome & Principe,T,59.954916269
Algeria,Sweden,T,1114.2027332950001
Algeria,United Kingdom,T,1.0114933590000001
Algeria,Faeroe Isl.,T,675.513008973
Algeria,Korea (South),T,11.77773094
Algeria,Turkey,T,166341.17145049598
Algeria,Malta,T,0.335996959
Algeria,Croatia,T,1218.981274173
Algeria,Montenegro,T,50.917795532
Algeria,Cuba,T,1177.818203641
Algeria,Curacao,T,1221.726150211
Algeria,Romania,T,105.424083199
Algeria,Italy,T,26.78898556
Algeria,Lithuania,T,48.605515679999996
Algeria,Norway,T,0.677311859
American Samoa,American Samoa (own),I,31781.20361575281
American Samoa,Tonga,P,111.76665270040002
American Samoa,Samoa,P,2569.6954159264997
American Samoa,Cook Islands,P,333.58383516600003
American Samoa,Indonesia,T,498.29772974699995
American Samoa,Japan,T,88231.0628045762
American Samoa,Philippines,T,1070.2253757547999
American Samoa,Taiwan,T,6336.334804038799
American Samoa,USA,T,61653.48494415949
American Samoa,Korea (South),T,7241.111516165999
American Samoa,Palau,T,6.95331247
American Samoa,New Zealand,T,173.24228125399998
American Samoa,Russian Federation,T,9155.988392570998
American Samoa,Canada,T,1.7204372
American Samoa,Ecuador,T,17.879031910000002
American Samoa,Solomon Isl.,T,6.1270451140999995
American Samoa,Spain,T,15.994068283999999
American Samoa,Bermuda (UK),T,49.48996591
American Samoa,Guam (USA),T,0.7159571359999999
American Samoa,Kiribati,T,6.462952884
American Samoa,Australia,T,0.224855454
American Samoa,China,T,854.314785918
American Samoa,Korea (S),T,1153.562723479
Andaman & Nicobar Isl. (India),Andaman & Nicobar Isl. (India) (own),I,1705861.343062315
Andaman & Nicobar Isl. (India),Malaysia,T,449.4821358264
Andaman & Nicobar Isl. (India),Japan,T,55496.2248240561
Andaman & Nicobar Isl. (India),Taiwan,T,13742.691902344
Andaman & Nicobar Isl. (India),Russian Federation,T,315.443472588
Andaman & Nicobar Isl. (India),Ukraine,T,1386.0522869989998
Andaman & Nicobar Isl. (India),Korea (South),T,9823.9175276898
Andaman & Nicobar Isl. (India),Australia,T,762.2259210750001
Andaman & Nicobar Isl. (India),Madagascar,T,1012.692120824
Andaman & Nicobar Isl. (India),Iran,T,15.538504042
Andaman & Nicobar Isl. (India),Sri Lanka,T,15048.472140241
Andaman & Nicobar Isl. (India),Indonesia,T,3079.472189
Andaman & Nicobar Isl. (India),Thailand,T,183.54198145100003
Andaman & Nicobar Isl. (India),China,T,7.471891714
Angola,Angola (own),I,21515057.876415964
Angola,Congo (Democratic Republic of),P,209744.39350003505
Angola,Congo (Republic of),P,636143.849499154
Angola,Israel,T,245.24010872600002
Angola,Mexico,T,23822.964547214
Angola,USA,T,111788.1928673678
Angola,Venezuela,T,115.07882317599999
Angola,Italy,T,1263993.732254738
Angola,Japan,T,2224383.649254723
Angola,Lithuania,T,674049.5651523669
Angola,Malta,T,2896.439000001
Angola,Portugal,T,933251.2073221372
Angola,Russian Federation,T,5927368.3153065
Angola,Spain,T,1287453.8033299306
Angola,Ukraine,T,2010602.4130324728
Angola,South Africa,T,18.231283385
Angola,Taiwan,T,2227.8070927707
Angola,France,T,60231.735251501894
Angola,Korea (South),T,1393.5306728
Angola,Estonia,T,82.69401818899999
Angola,Georgia,T,3.1466521266000003
Angola,Latvia,T,191433.41906167901
Angola,Senegal,T,244938.352076142
Angola,Cote dIvoire (Ivory Coast),T,1852.007447272
Angola,Cape Verde,T,729.880410494
Angola,Norway,T,868.5848783723
Angola,Ghana,T,554702.9615645481
Angola,Panama,T,26810.066651465
Angola,Dominican Republic,T,234.28427168099998
Angola,Denmark,T,2.6014924369999997
Angola,Germany,T,0.067786259
Angola,Iceland,T,0.0302348413
Angola,Poland,T,1.448990545
Angola,United Kingdom,T,0.19665269100000002
Angola,Ireland,T,0.2751060504
Angola,Sweden,T,0.0024225571
Angola,Cuba,T,0.770782847
Angola,Nigeria,T,18668.2835065
Angola,China,T,1421987.7935042027
Angola,Sao Tome & Principe,T,0.0010317011
Anguilla (UK),Anguilla (UK) (own),I,55345.1054574371
Anguilla (UK),Cuba,T,263.7777756648
Anguilla (UK),Sint Maarten,T,73.07243341499999
Anguilla (UK),Venezuela,T,1253.5354159496
Anguilla (UK),Bahamas,T,0.116001713
Anguilla (UK),Curacao,T,45.43441867579999
Anguilla (UK),Taiwan,T,1603.6058709072
Anguilla (UK),Russian Federation,T,1039.2248643812
Anguilla (UK),Korea (South),T,1212.6267229744003
Anguilla (UK),Estonia,T,4.459924785
Anguilla (UK),Georgia,T,0.16970796100000002
Anguilla (UK),Latvia,T,4.7246693319999995
Anguilla (UK),Ukraine,T,2.199415113
Anguilla (UK),Angola,T,0.023040609500000003
Anguilla (UK),Ghana,T,0.1092309494
Anguilla (UK),Cape Verde,T,21.151139924
Anguilla (UK),Panama,T,82.530784743
Anguilla (UK),Japan,T,1.951840638
Anguilla (UK),Martinique (France),T,46.306813934800005
Anguilla (UK),Italy,T,1.998130022
Antigua & Barbuda,Antigua & Barbuda (own),I,158738.8629598317
Antigua & Barbuda,Cuba,T,3025.3332074600003
Antigua & Barbuda,Sint Maarten,T,53.497345724000006
Antigua & Barbuda,Venezuela,T,3366.0178694900005
Antigua & Barbuda,Bahamas,T,0.390025837
Antigua & Barbuda,Curacao,T,84.08972372300002
Antigua & Barbuda,Taiwan,T,2433.5163034265997
Antigua & Barbuda,Russian Federation,T,3239.346436681201
Antigua & Barbuda,Korea (South),T,2372.6949610663005
Antigua & Barbuda,Estonia,T,8.551201655
Antigua & Barbuda,Georgia,T,0.3253882095
Antigua & Barbuda,Latvia,T,9.058807362
Antigua & Barbuda,Ukraine,T,4.2170311080000005
Antigua & Barbuda,Panama,T,186.898086117
Antigua & Barbuda,Martinique (France),T,165.6940727047
Antigua & Barbuda,Italy,T,28.195858305999998
Argentina,Argentina (own),I,50071466.3094739
Argentina,Brazil,P,523780.811753406
Argentina,Chile,P,28603.633989992002
Argentina,Uruguay,P,2723.3842887252995
Argentina,Malta,T,0.211856848
Argentina,USA,T,2.501142764
Argentina,Venezuela,T,2306.085865319
Argentina,Japan,T,7192.799415737401
Argentina,Cuba,T,0.598275194
Argentina,South Africa,T,174.662206784
Argentina,Estonia,T,115968.10539864929
Argentina,Georgia,T,0.0142701502
Argentina,Latvia,T,169473.5199271183
Argentina,Lithuania,T,219695.53558144943
Argentina,Russian Federation,T,594132.2389606816
Argentina,Ukraine,T,413927.957988563
Argentina,Korea (South),T,900538.3287826
Argentina,Spain,T,367957.8003738955
Argentina,Bulgaria,T,30.861731228999997
Argentina,Poland,T,3093.0122639849997
Argentina,Germany,T,0.1107245135
Argentina,Taiwan,T,94453.35133430999
Argentina,China,T,1091780.223661891
Aruba,Aruba (own),I,43240.860272540296
Aruba,Venezuela,P,47536.27517736
Aruba,Curacao,P,3138.3422521380007
Aruba,Dominican Republic,P,1282.4395354129997
Aruba,Cuba,T,8058.5437547062
Aruba,Sint Maarten,T,326.29146055
Aruba,Bahamas,T,0.168867805
Aruba,Taiwan,T,10751.837946006399
Aruba,Russian Federation,T,746.2371097834001
Aruba,Korea (South),T,1588.9321815211997
Aruba,Estonia,T,0.20054346690000002
Aruba,Georgia,T,0.0076310327
Aruba,Latvia,T,0.2124478765
Aruba,Ukraine,T,0.09889815040000001
Aruba,Panama,T,130.457724213
Aruba,Martinique (France),T,233.3854647793
Aruba,Italy,T,53.778359109
Aruba,USA,T,705.4580993971
Aruba,Cayman Isl. (UK),T,1.87536373
Aruba,Colombia,T,1423.9819961080002
Aruba,Argentina,T,259.37656761200003
Aruba,Malta,T,0.611334297
Aruba,Turkey,T,1.317664633
Aruba,Lithuania,T,67.044230691
Aruba,Spain,T,3.121443764
Aruba,Honduras,T,0.5566484789999999
Aruba,Costa Rica,T,0.5149109270000001
Aruba,Grenada,T,0.922121386
Aruba,Trinidad & Tobago,T,680.979762835
Aruba,Barbados,T,164.84593465400002
Aruba,Bermuda (UK),T,207.480513999
Aruba,Iceland,T,5.799175416
Aruba,Saint Kitts & Nevis,T,19.593031785
Aruba,Saint Vincent & the Grenadines,T,11868.927257880001
Aruba,Jamaica,T,3.139920148
Aruba,Saint Lucia,T,2.126340759
Aruba,Suriname,T,153.05211197
Aruba,British Virgin Isl. (UK),T,1.465478169
Aruba,China,T,0.9137897909999999
Aruba,Belize,T,16.095106326
Aruba,Japan,T,142.574055718
Ascension Islands,Ascension Islands (own),I,2480.312240064001
Ascension Islands,Venezuela,T,16.30129274
Ascension Islands,Malta,T,1.759756292
Ascension Islands,Taiwan,T,1821.4216321275999
Ascension Islands,Korea (South),T,4445.843795434
Ascension Islands,Estonia,T,5.088238726
Ascension Islands,Georgia,T,0.19361637850000002
Ascension Islands,Latvia,T,5.390280273
Ascension Islands,Ukraine,T,2.509268254
Ascension Islands,Norway,T,250.4881467826
Ascension Islands,Panama,T,622.755362034
Ascension Islands,USA,T,6.368056262
Ascension Islands,Ghana,T,0.006729786
Ascension Islands,Mexico,T,1.528476898
Ascension Islands,United Kingdom,T,0.0046029422
Ascension Islands,Japan,T,96.920894596
Australia,Australia (own),I,15234881.920598088
Australia,Indonesia,P,1128820.586341114
Australia,New Zealand,P,214.96566013310004
Australia,Papua New Guinea,P,330.90626182380004
Australia,Guam (USA),T,89.92454323599999
Australia,Malaysia,T,4883.8897421968
Australia,North Marianas (USA),T,31.766168508000003
Australia,Philippines,T,16526.5890473514
Australia,Japan,T,648464.732465249
Australia,USA,T,18005.8494430428
Australia,Taiwan,T,181631.16314262
Australia,Korea (South),T,58587.3437195254
Australia,Palau,T,64.6433798437
Australia,South Africa,T,1.702135057
Australia,Russian Federation,T,301379.555807321
Australia,Ukraine,T,4872.2536469438
Australia,Solomon Isl.,T,181.82278591460002
Australia,Madagascar,T,165.80196541700002
Australia,Vanuatu,T,464.687408504
Australia,Fiji,T,502.058983713
Australia,Sri Lanka,T,17324.7792311
Australia,Estonia,T,14.669623403
Australia,Latvia,T,21.447207462999998
Australia,Lithuania,T,15.947612889999998
Australia,Mauritius,T,6.60993e-05
Australia,China,T,2512.77905514
Australia,Marshall Isl.,T,1.2754299706
Australia,Micronesia,T,35.390970378199995
Australia,Tonga,T,20.60901885
Australia,Samoa,T,149.05909962799998
Australia,Cook Islands,T,48.41483697300001
Australia,Kiribati,T,1.902454998
Australia,Nauru,T,5.478e-07
Azores Islands (Portugal),Azores Islands (Portugal) (own),I,949900.1429829219
Azores Islands (Portugal),Portugal,P,45942.279576
Azores Islands (Portugal),Malta,T,1.8842961257000002
Azores Islands (Portugal),Japan,T,448.90832169939995
Azores Islands (Portugal),Denmark,T,25.726651234600006
Azores Islands (Portugal),Faeroe Isl.,T,7260.37134666
Azores Islands (Portugal),Germany,T,61.82121548199999
Azores Islands (Portugal),Italy,T,1366.4969635869998
Azores Islands (Portugal),Norway,T,23032.198475222
Azores Islands (Portugal),Sweden,T,0.8788563365000001
Azores Islands (Portugal),France,T,13754.905715083598
Azores Islands (Portugal),Angola,T,4757.5108888
Azores Islands (Portugal),Estonia,T,9.022276707
Azores Islands (Portugal),Georgia,T,0.34331344519999996
Azores Islands (Portugal),Korea (South),T,151.9090313084
Azores Islands (Portugal),Latvia,T,38.014774468000006
Azores Islands (Portugal),South Africa,T,2.563403716
Azores Islands (Portugal),Taiwan,T,732.2288897850001
Azores Islands (Portugal),Ukraine,T,4.4493420246
Azores Islands (Portugal),Spain,T,83496.31517281318
Azores Islands (Portugal),Poland,T,12.5787927573
Azores Islands (Portugal),Russian Federation,T,79229.330663159
Azores Islands (Portugal),Panama,T,36.00678193299999
Azores Islands (Portugal),Iceland,T,0.0765200425
Azores Islands (Portugal),Mexico,T,11.517668028
Azores Islands (Portugal),United Kingdom,T,0.6165638048
Azores Islands (Portugal),Venezuela,T,2.388314098
Azores Islands (Portugal),Ireland,T,17.9502132069
Azores Islands (Portugal),Curacao,T,216.30299399
Azores Islands (Portugal),Romania,T,95.56528608
Azores Islands (Portugal),South Cyprus,T,7.349862635
Azores Islands (Portugal),Lithuania,T,61.869898369
Bahamas,Bahamas (own),I,975368.033364289
Bahamas,Cuba,P,115702.81131820698
Bahamas,USA,P,92.5571230162
Bahamas,Turks & Caicos Isl. (UK),P,29.672289876
Bahamas,Mexico,T,5.312686835
Bahamas,Sint Maarten,T,452.506304023
Bahamas,Venezuela,T,22700.476257998995
Bahamas,Curacao,T,269.13991625299997
Bahamas,Grenada,T,10.25002527
Bahamas,Russian Federation,T,51182.60943617
Bahamas,Malta,T,0.168167155
Bahamas,Estonia,T,1.6329229381
Bahamas,Georgia,T,0.0621355728
Bahamas,Latvia,T,1.7298545653000001
Bahamas,Ukraine,T,0.8052770713999999
Bahamas,Dominican Republic,T,0.38938249
Bahamas,Taiwan,T,917.357512594
Bahamas,Korea (South),T,712.75684313
Bahamas,Aruba (Netherlands),T,0.853723877
Bahamas,Barbados,T,0.596247257
Bahamas,Saint Lucia,T,0.604895262
Bahamas,Trinidad & Tobago,T,0.750673504
Bahamas,Panama,T,40.457855688
Bahamas,Martinique (France),T,134.225572062
Bahrain,Bahrain (own),I,2168349.952673656
Bahrain,UAE,P,45.84225394
Bahrain,Egypt,T,168.44056097600003
Bahrain,Russian Federation,T,565.5391573945
Bahrain,Ukraine,T,692.6158881447
Bahrain,Korea (South),T,437.99031907589995
Bahrain,Taiwan,T,122.31761789010001
Bahrain,Spain,T,46.4256849207
Bahrain,Italy,T,212.4136634629
Bahrain,Romania,T,18.4071198009
Balearic Islands (Spain),Balearic Islands (Spain) (own),I,679687.8415469023
Balearic Islands (Spain),France,T,1420.748230261
Balearic Islands (Spain),Denmark,T,5.6483692969999995
Balearic Islands (Spain),Germany,T,0.010521149
Balearic Islands (Spain),Iceland,T,0.059654327
Balearic Islands (Spain),Ireland,T,0.003222795
Balearic Islands (Spain),Poland,T,4.123145777
Balearic Islands (Spain),Sweden,T,0.038522696
Balearic Islands (Spain),United Kingdom,T,0.023638944000000002
Balearic Islands (Spain),Faeroe Isl.,T,1.989411552
Bangladesh,Bangladesh (own),I,34114059.39254438
Bangladesh,India,P,58844.242535004
Bangladesh,Malaysia,T,139.2275072725
Bangladesh,Japan,T,368.544138379
Bangladesh,Taiwan,T,326.2430945186
Bangladesh,Russian Federation,T,1.870262458
Bangladesh,Ukraine,T,21.822481937000003
Bangladesh,Thailand,T,873031.0923182204
Bangladesh,Australia,T,158.558972369
Bangladesh,Korea (South),T,135.85846499599998
Bangladesh,Madagascar,T,2.798593099
Bangladesh,Indonesia,T,647.73555495
Bangladesh,China,T,4.9345855198
Barbados,Barbados (own),I,353845.47192546807
Barbados,Venezuela,P,3598.8750062
Barbados,Cuba,T,3517.012728045
Barbados,Sint Maarten,T,78.840689112
Barbados,Bahamas,T,0.751740903
Barbados,Curacao,T,125.011342378
Barbados,Taiwan,T,851.2573509630997
Barbados,Russian Federation,T,4053.9834171293996
Barbados,Korea (South),T,2551.4805997609997
Barbados,Estonia,T,2.05264271
Barbados,Georgia,T,0.07810664040000001
Barbados,Latvia,T,2.1744890089999998
Barbados,Ukraine,T,1.0122620869999999
Barbados,Angola,T,0.1125506544
Barbados,Ghana,T,0.16633115839999998
Barbados,Cape Verde,T,0.04850323
Barbados,Panama,T,235.44194733319998
Barbados,Japan,T,0.953556733
Barbados,Martinique (France),T,60.126083596
Barbados,Italy,T,14.207688882
Belgium,Belgium (own),I,770391.4808908687
Belgium,France,P,44923.56871146128
Belgium,Germany,P,6983.362528528899
Belgium,Netherlands,P,222642.3203303628
Belgium,United Kingdom,P,17838.653462621
Belgium,Norway,T,3894.3476750983
Belgium,Russian Federation,T,5224.974504170799
Belgium,Denmark,T,25774.4821730595
Belgium,Faeroe Isl.,T,4.1115192169
Belgium,Spain,T,0.9318684502000001
Belgium,Sweden,T,108.19347357999999
Belgium,Latvia,T,248.62018217490004
Belgium,Estonia,T,0.04543723
Belgium,Ireland,T,0.12976088759999999
Belgium,Greenland,T,0.2190807545
Belgium,Lithuania,T,1.78012e-05
Belize,Belize (own),I,405634.77721530665
Belize,Mexico,P,6014.217455124
Belize,Cuba,T,7918.806627027199
Belize,Sint Maarten,T,703.159376046
Belize,Venezuela,T,12250.612704237998
Belize,Bahamas,T,0.582689944
Belize,Curacao,T,271.06705486199996
Belize,Russian Federation,T,3571.6155494556
Belize,Taiwan,T,301.215639028
Belize,Martinique (France),T,753.5631594811
Belize,Korea (South),T,304.4820626214
Belize,Italy,T,223.697096369
Belize,Lithuania,T,183.135079079
Belize,Spain,T,4.728573593
Benin,Benin (own),I,3162926.423286867
Benin,Nigeria,P,20677.851830058004
Benin,Israel,T,96.19897689099999
Benin,Mexico,T,151.9361223679
Benin,USA,T,665.5704291384
Benin,Malta,T,12.641029145900001
Benin,France,T,39872.07419155929
Benin,Italy,T,15889.335645833198
Benin,Portugal,T,8842.708046283497
Benin,Spain,T,18916.9957546303
Benin,Japan,T,19980.7564434496
Benin,Taiwan,T,156.44632781200002
Benin,Angola,T,315.999946137
Benin,Greece,T,19671.521012932193
Benin,Korea (South),T,55.965737166
Benin,Sudan,T,11358.990559909998
Benin,Senegal,T,50.805977379000005
Benin,Estonia,T,0.33968059230000003
Benin,Georgia,T,0.012925439300000001
Benin,Ghana,T,22277.357836941002
Benin,Latvia,T,0.35984428199999996
Benin,Ukraine,T,0.16751372050000002
Benin,South Cyprus,T,1.2130377019999998
Benin,Cote dIvoire (Ivory Coast),T,76.555371355
Benin,Cape Verde,T,146.375743154
Benin,Norway,T,1755.953522866
Benin,Panama,T,46.936703961
Benin,Venezuela,T,2.814412761
Benin,Denmark,T,0.0055660379
Benin,Germany,T,6.25667e-05
Benin,Iceland,T,8.34222e-05
Benin,Ireland,T,5.84839e-05
Benin,Poland,T,0.0015823651
Benin,Sweden,T,6.01707e-05
Benin,United Kingdom,T,0.0002711223
Benin,Cameroon,T,13878.684976692999
Benin,China,T,34897.5636738919
Bermuda (UK),Bermuda (UK) (own),I,59079.0290701239
Bermuda (UK),Cuba,T,1484.3414709246
Bermuda (UK),Sint Maarten,T,89.16675933
Bermuda (UK),Venezuela,T,4473.675614543999
Bermuda (UK),Bahamas,T,1.023314934
Bermuda (UK),Curacao,T,66.742445456
Bermuda (UK),Estonia,T,112.0711136332
Bermuda (UK),Latvia,T,165.6344470475
Bermuda (UK),Lithuania,T,179.9399328108
Bermuda (UK),Russian Federation,T,6556.822114902799
Bermuda (UK),Taiwan,T,5100.783769281
Bermuda (UK),Korea (South),T,1577.856067507
Bermuda (UK),Norway,T,298.856020227
Bermuda (UK),Canada,T,40.6530983998
Bermuda (UK),Georgia,T,0.09209349659999999
Bermuda (UK),Ukraine,T,1.1935317680000002
Bermuda (UK),Netherlands,T,33.0812917793
Bermuda (UK),Spain,T,9.0869775338
Bermuda (UK),Italy,T,89.370264081
Bermuda (UK),Panama,T,468.039363247
Bermuda (UK),Poland,T,3.54976043
Bermuda (UK),Martinique (France),T,32.451301724000004
Bonaire (Netherlands),Bonaire (Netherlands) (own),I,30643.1514484238
Bonaire (Netherlands),Venezuela,P,55650.649395874505
Bonaire (Netherlands),Curacao,P,757.89776126
Bonaire (Netherlands),Cuba,T,416.35861082140013
Bonaire (Netherlands),Sint Maarten,T,135.859296123
Bonaire (Netherlands),Bahamas,T,0.070312172
Bonaire (Netherlands),Taiwan,T,114.53434685750001
Bonaire (Netherlands),Russian Federation,T,103.241560645
Bonaire (Netherlands),Korea (South),T,410.4697398461
Bonaire (Netherlands),Estonia,T,0.0925132619
Bonaire (Netherlands),Georgia,T,0.0035202900999999997
Bonaire (Netherlands),Latvia,T,0.0980049221
Bonaire (Netherlands),Ukraine,T,0.045622980800000004
Bonaire (Netherlands),Angola,T,0.2057535438
Bonaire (Netherlands),Ghana,T,0.4209087583
Bonaire (Netherlands),Cape Verde,T,0.20047280280000002
Bonaire (Netherlands),Panama,T,9.50964021
Bonaire (Netherlands),USA,T,13346.912714285201
Bonaire (Netherlands),Japan,T,4.586740657
Bonaire (Netherlands),Martinique (France),T,88.2106774242
Bonaire (Netherlands),Mexico,T,0.30298355099999996
Bonaire (Netherlands),Italy,T,19.9344823286
Bonaire (Netherlands),Cayman Isl. (UK),T,1.144563276
Bonaire (Netherlands),Colombia,T,8632.326303454
Bonaire (Netherlands),Argentina,T,1341.1632836019999
Bonaire (Netherlands),Malta,T,18.93959649
Bonaire (Netherlands),Turkey,T,1.054265924
Bonaire (Netherlands),Lithuania,T,29.445194849000004
Bonaire (Netherlands),Spain,T,0.9352180999999999
Bonaire (Netherlands),Honduras,T,0.609052214
Bonaire (Netherlands),Costa Rica,T,3.845057388
Bonaire (Netherlands),Grenada,T,0.6379387350000001
Bonaire (Netherlands),Trinidad & Tobago,T,572.2227824129999
Bonaire (Netherlands),Barbados,T,106.618490218
Bonaire (Netherlands),Bermuda (UK),T,134.88748640199998
Bonaire (Netherlands),Dominican Republic,T,996.348982933
Bonaire (Netherlands),Iceland,T,0.96317428
Bonaire (Netherlands),Saint Kitts & Nevis,T,19.269888839
Bonaire (Netherlands),Saint Vincent & the Grenadines,T,8986.346457854
Bonaire (Netherlands),Unknown Fishing Country,T,11.874647364000001
Bonaire (Netherlands),Jamaica,T,3.9836155690000004
Bonaire (Netherlands),Saint Lucia,T,2.1650493980000003
Bonaire (Netherlands),Suriname,T,46.744158709
Bonaire (Netherlands),British Virgin Isl. (UK),T,1.169615495
Bonaire (Netherlands),China,T,0.2697615806
Bonaire (Netherlands),Belize,T,4.849463021
Bosnia & Herzegovina,Bosnia & Herzegovina (own),I,3376.5261122156994
Bosnia & Herzegovina,Croatia,P,1.028764617
Bosnia & Herzegovina,Montenegro,P,0.05180582219999999
Bosnia & Herzegovina,Bulgaria,T,1.3079569725
Bosnia & Herzegovina,Greece,T,3.7294486099999995
Bosnia & Herzegovina,Malta,T,0.0002233556
Bosnia & Herzegovina,Norway,T,0.9925938080000001
Bosnia & Herzegovina,USA,T,0.10487959179999999
Bosnia & Herzegovina,Italy,T,0.515222047
Bosnia & Herzegovina,Argentina,T,0.030051474
Bosnia & Herzegovina,Denmark,T,9.42e-08
Bosnia & Herzegovina,Germany,T,1.78859e-05
Bosnia & Herzegovina,Poland,T,8.3202e-06
Bosnia & Herzegovina,Taiwan,T,9.47466e-05
Bosnia & Herzegovina,Turkey,T,0.1298592098
Bouvet Isl. (Norway),Bouvet Isl. (Norway) (own),I,3.5822621043
Bouvet Isl. (Norway),Japan,T,496.72545737740006
Bouvet Isl. (Norway),Korea (South),T,187.66960962010003
Bouvet Isl. (Norway),South Africa,T,96.3323469105
Brazil (mainland),Brazil (mainland) (own),I,46439203.51970917
Brazil (mainland),Venezuela,P,29880.985732741003
Brazil (mainland),Argentina,P,5849.9380392329995
Brazil (mainland),Chile,T,5012.854647952
Brazil (mainland),Cuba,T,187.26688165800002
Brazil (mainland),Sint Maarten,T,11.446131947999998
Brazil (mainland),Malta,T,15.725141600999999
Brazil (mainland),Bahamas,T,0.183515965
Brazil (mainland),USA,T,363.813180861
Brazil (mainland),Japan,T,99188.312613954
Brazil (mainland),Curacao,T,11.00928488
Brazil (mainland),Russian Federation,T,141563.13043110058
Brazil (mainland),South Africa,T,1687.927606944
Brazil (mainland),Taiwan,T,1906.685612903
Brazil (mainland),Estonia,T,24510.774990039597
Brazil (mainland),Georgia,T,0.580162077
Brazil (mainland),Korea (South),T,6422.220733339
Brazil (mainland),Latvia,T,35942.926592548596
Brazil (mainland),Lithuania,T,40499.2735024301
Brazil (mainland),Ukraine,T,81985.8870432132
Brazil (mainland),Barbados,T,0.991372442
Brazil (mainland),Spain,T,0.11274474500000001
Brazil (mainland),China,T,5164.138005294
British Virgin Isl. (UK),British Virgin Isl. (UK) (own),I,118833.96772350903
British Virgin Isl. (UK),Cuba,T,2037.417090784
British Virgin Isl. (UK),Sint Maarten,T,23.147874169
British Virgin Isl. (UK),Venezuela,T,1176.2901744669996
British Virgin Isl. (UK),Bahamas,T,0.265654662
British Virgin Isl. (UK),Curacao,T,22.520133279000003
British Virgin Isl. (UK),Taiwan,T,612.0221675480001
British Virgin Isl. (UK),Russian Federation,T,2282.6634007817997
British Virgin Isl. (UK),Korea (South),T,631.7186706368001
British Virgin Isl. (UK),Estonia,T,2.78568743
British Virgin Isl. (UK),Georgia,T,0.1060002927
British Virgin Isl. (UK),Latvia,T,2.951047954
British Virgin Isl. (UK),Ukraine,T,1.3737637539
British Virgin Isl. (UK),Angola,T,0.003308649
British Virgin Isl. (UK),Ghana,T,0.0025859641
British Virgin Isl. (UK),Cape Verde,T,0.000752572
British Virgin Isl. (UK),Panama,T,43.818455831
British Virgin Isl. (UK),Japan,T,0.0138820897
British Virgin Isl. (UK),Martinique (France),T,8.0220175028
Brunei Darussalam,Brunei Darussalam (own),I,578951.7294719999
Brunei Darussalam,Philippines,P,68.609050399
Brunei Darussalam,Taiwan,P,301.156104837
Brunei Darussalam,Malaysia,P,23419.921762936996
Brunei Darussalam,Viet Nam,P,7604.125215890001
Brunei Darussalam,China,P,9.073923878999999
Brunei Darussalam,Australia,T,18.652358086000003
Brunei Darussalam,Guam (USA),T,5.846748812
Brunei Darussalam,North Marianas (USA),T,0.535878849
Brunei Darussalam,Korea (South),T,173.79335831999998
Brunei Darussalam,Indonesia,T,9951.179589507003
Brunei Darussalam,Japan,T,1109.914992668
Brunei Darussalam,USA,T,4.992959320000001
Brunei Darussalam,Palau,T,0.089903868
Brunei Darussalam,New Zealand,T,0.177483105
Brunei Darussalam,Solomon Isl.,T,1.645365166
Brunei Darussalam,Vanuatu,T,10.268281701
Brunei Darussalam,Russian Federation,T,152.32131168
Brunei Darussalam,Kiribati,T,5.19170549
Brunei Darussalam,American Samoa,T,0.004056378
Brunei Darussalam,Honduras,T,19.70829553
Brunei Darussalam,Tonga,T,0.031929331
Bulgaria,Bulgaria (own),I,890717.563803
Bulgaria,Turkey,P,221877.023033356
Bulgaria,Canada,T,4005.1036383
Bulgaria,USA,T,348.38998957
Bulgaria,Lebanon,T,2621.6843680800007
Bulgaria,Syrian Arab Republic,T,61.057955924000005
Cambodia,Cambodia (own),I,5150025.010519999
Cambodia,Thailand,P,30357331.076508004
Cambodia,Australia,T,60.194567365
Cambodia,Guam (USA),T,3.1092894650000003
Cambodia,North Marianas (USA),T,1.319863235
Cambodia,Korea (South),T,11.100234884999999
Cambodia,Taiwan,T,0.053033615
Cambodia,Indonesia,T,21129.0086302
Cambodia,Malaysia,T,115.797481506
Cambodia,Vanuatu,T,3.181544219
Cambodia,China,T,108.24813489699999
Cameroon,Cameroon (own),I,4682607.708209999
Cameroon,Equatorial Guinea,P,1012.5062257950002
Cameroon,Gabon,P,0.225414228
Cameroon,"Congo, R. of",P,5.1979872920000005
Cameroon,Mexico,T,4.203328741
Cameroon,USA,T,312.275821374
Cameroon,Venezuela,T,48.140652876000004
Cameroon,Malta,T,4.140112856
Cameroon,Angola,T,10.125720347000003
Cameroon,France,T,1542.1225864879998
Cameroon,Japan,T,370.98074210299995
Cameroon,Korea (South),T,362.52573593899996
Cameroon,Russian Federation,T,3486.058076431
Cameroon,Taiwan,T,764.60361365
Cameroon,Estonia,T,324.69015985600004
Cameroon,Georgia,T,26.1108632
Cameroon,Latvia,T,178.87630916000003
Cameroon,Senegal,T,6025.8247339399995
Cameroon,Ukraine,T,76.85526322300001
Cameroon,Ghana,T,7906.824156265002
Cameroon,Cape Verde,T,1.710320916
Cameroon,Norway,T,2515.912483308
Cameroon,Cote dIvoire (Ivory Coast),T,126.99483504099999
Cameroon,Dominican Republic,T,0.088782949
Cameroon,Cuba,T,6.928684329
Cameroon,Denmark,T,1.7798017899999998
Cameroon,Germany,T,6.294239258
Cameroon,Iceland,T,0.001719854
Cameroon,Poland,T,0.06818147000000001
Cameroon,Spain,T,166.456558709
Cameroon,Sweden,T,0.08792145400000001
Cameroon,Algeria,T,408.252022815
Cameroon,Cayman Isl. (UK),T,12.694583076
Cameroon,Egypt,T,5.661484455999999
Cameroon,Liberia,T,14.557405218000001
Cameroon,Sierra Leone,T,1.112248622
Cameroon,Togo,T,7.785373186999999
Cameroon,United Kingdom,T,0.116966459
Cameroon,Canada,T,59.529420908999995
Cameroon,Montenegro,T,15.798030309999998
Cameroon,Argentina,T,0.365959274
Cameroon,Colombia,T,0.028487879
Cameroon,Guinea-Bissau,T,0.18458639599999999
Cameroon,Tunisia,T,86.478571187
Cameroon,China,T,208794.547223
Cameroon,Lithuania,T,10.846505387
Cameroon,Belize,T,6909.4705191699995
Cameroon,Ireland,T,0.07040779
Cameroon,Panama,T,7.205208378
Cameroon,Barbados,T,0.019978211
Cameroon,Guinea,T,78.21282531
Cameroon,Benin,T,0.000664622
Cameroon,Mauritania,T,0.677827266
Cameroon,Portugal,T,13.341874906000001
Cameroon,Sao Tome & Principe,T,6.76e-05
Canada (Arctic),Canada (Arctic) (own),I,101643.7432457659
Canada (East Coast),Canada (East Coast) (own),I,78344830.51310003
Canada (East Coast),Saint Pierre & Miquelon (France),P,999069.6890925997
Canada (East Coast),USA,P,56418.538605953996
Canada (East Coast),Germany,T,5798124.4211204965
Canada (East Coast),Mexico,T,11092.210794343997
Canada (East Coast),Portugal,T,13136871.246773
Canada (East Coast),Spain,T,21427637.012498982
Canada (East Coast),Faeroe Isl.,T,1071269.6301171998
Canada (East Coast),Iceland,T,633521.7162464136
Canada (East Coast),Malta,T,2.070523165
Canada (East Coast),Norway,T,990850.177869742
Canada (East Coast),United Kingdom,T,1317144.4218683098
Canada (East Coast),Estonia,T,2446656.065996651
Canada (East Coast),Latvia,T,3392236.955900321
Canada (East Coast),Lithuania,T,3756278.4082670007
Canada (East Coast),Russian Federation,T,19617484.5872444
Canada (East Coast),Italy,T,43356.592149790005
Canada (East Coast),Poland,T,2783859.8435991565
Canada (East Coast),Romania,T,92893.30639485299
Canada (East Coast),Angola,T,210.43650538999998
Canada (East Coast),Venezuela,T,311.000001381
Canada (East Coast),Japan,T,329983.8396396001
Canada (East Coast),Cuba,T,120578.92054212998
Canada (East Coast),Bulgaria,T,47196.818478600006
Canada (East Coast),Saint Helena (UK),T,200.00001
Canada (East Coast),Taiwan,T,23.822782152000002
Canada (East Coast),Panama,T,0.46875772299999996
Canada (East Coast),Curacao,T,537.50320515
Canada (East Coast),South Cyprus,T,0.349196299
Canada (East Coast),Ireland,T,4271.4709728
Canada (East Coast),Turkey,T,27.917978194
Canada (East Coast),Korea (South),T,591.1900948
Canada (East Coast),Denmark,T,43545.049876031
Canada (Pacific),Canada (Pacific) (own),I,25105758.308900002
Canada (Pacific),USA,P,2472289.719043597
Canada (Pacific),Korea (South),T,10559.09281416
Canada (Pacific),Russian Federation,T,1122810.3049010804
Canada (Pacific),Chile,T,0.0005135329999999999
Canada (Pacific),Colombia,T,1.27e-08
Canada (Pacific),Peru,T,2.27e-08
Canada (Pacific),Japan,T,3.898476609
Canada (Pacific),Bermuda (UK),T,6.57e-06
Canary Isl. (Spain),Canary Isl. (Spain) (own),I,3896281.120360001
Canary Isl. (Spain),Malta,T,0.191982922
Canary Isl. (Spain),Japan,T,9.853578474999999
Canary Isl. (Spain),USA,T,91.28829599699999
Canary Isl. (Spain),Denmark,T,0.005825739999999999
Canary Isl. (Spain),Faeroe Isl.,T,25.845019426999997
Canary Isl. (Spain),Germany,T,0.006996526
Canary Isl. (Spain),Italy,T,8.008476613000001
Canary Isl. (Spain),Norway,T,13435.418175653002
Canary Isl. (Spain),Portugal,T,1968.1180620119999
Canary Isl. (Spain),Sweden,T,0.001780574
Canary Isl. (Spain),Estonia,T,14.795135642999998
Canary Isl. (Spain),Georgia,T,0.636220534
Canary Isl. (Spain),Korea (South),T,399.27463968
Canary Isl. (Spain),Latvia,T,15.673385682
Canary Isl. (Spain),Russian Federation,T,395.985684537
Canary Isl. (Spain),South Africa,T,0.031044943
Canary Isl. (Spain),Taiwan,T,496.075737345
Canary Isl. (Spain),Ukraine,T,8.245417509
Canary Isl. (Spain),Israel,T,0.059129789
Canary Isl. (Spain),Poland,T,0.08196809
Canary Isl. (Spain),Mexico,T,17.068058353999998
Canary Isl. (Spain),Panama,T,78.896195655
Canary Isl. (Spain),Romania,T,22.40809334
Canary Isl. (Spain),Dominican Republic,T,5.014432223
Canary Isl. (Spain),Iceland,T,3.96e-05
Canary Isl. (Spain),United Kingdom,T,0.000415435
Canary Isl. (Spain),Venezuela,T,26.893949316
Cape Verde,Cape Verde (own),I,883603.550866
Cape Verde,Senegal,P,43825.341344191
Cape Verde,Mauritania,P,1513.660033728
Cape Verde,Gambia,P,1.043306066
Cape Verde,Venezuela,T,7.094865482
Cape Verde,Cuba,T,2334.6697584599997
Cape Verde,Malta,T,3.6809932830000003
Cape Verde,Taiwan,T,3960.094673994
Cape Verde,Angola,T,260.85770661000004
Cape Verde,France,T,18159.509615274
Cape Verde,Korea (South),T,12806.095410496
Cape Verde,Russian Federation,T,1.040737295
Cape Verde,Estonia,T,17.870811356999997
Cape Verde,Georgia,T,0.6799430450000001
Cape Verde,Latvia,T,18.929615326
Cape Verde,Ukraine,T,8.812061792000002
Cape Verde,Israel,T,0.027054809
Cape Verde,Norway,T,9998.0842943
Cape Verde,Spain,T,49774.65287235
Cape Verde,Aruba (Netherlands),T,21.810197275
Cape Verde,Barbados,T,30.402737865
Cape Verde,Cote dIvoire (Ivory Coast),T,85.868803543
Cape Verde,Curacao,T,39.21215501
Cape Verde,Grenada,T,43.972339882
Cape Verde,Saint Lucia,T,15.957634856999999
Cape Verde,Trinidad & Tobago,T,103.32615801
Cape Verde,Panama,T,1320.71901621
Cape Verde,Romania,T,5.1823750969999995
Cape Verde,Bermuda (UK),T,2.8585980429999998
Cape Verde,Denmark,T,2.7390025
Cape Verde,Germany,T,0.105917259
Cape Verde,Iceland,T,0.036516122
Cape Verde,Ireland,T,0.013832988000000001
Cape Verde,Poland,T,0.601712905
Cape Verde,Sweden,T,0.0607517
Cape Verde,United Kingdom,T,0.210958272
Cape Verde,Dominican Republic,T,0.002425542
Cape Verde,Guinea-Bissau,T,14.23045278
Cape Verde,Guinea,T,22525.33435607
Cape Verde,Portugal,T,2914.65723571
Cape Verde,China,T,1232.447755537
Cape Verde,Japan,T,1997.4830597199998
Cape Verde,Sierra Leone,T,0.198517839
Cayman Isl. (UK),Cayman Isl. (UK) (own),I,1506.4159629299995
Cayman Isl. (UK),Cuba,P,13352.951503610002
Cayman Isl. (UK),Mexico,T,4.372748509
Cayman Isl. (UK),Sint Maarten,T,49.91991287
Cayman Isl. (UK),USA,T,7.199554627
Cayman Isl. (UK),Venezuela,T,2605.8481113599996
Cayman Isl. (UK),Bahamas,T,0.596135647
Cayman Isl. (UK),Curacao,T,83.225783485
Cayman Isl. (UK),Russian Federation,T,4411.681067337999
Cayman Isl. (UK),Taiwan,T,68.44339996800001
Cayman Isl. (UK),Korea (South),T,76.780148954
Cayman Isl. (UK),Malta,T,0.054926403
Cayman Isl. (UK),Estonia,T,0.015929405
Cayman Isl. (UK),Georgia,T,0.000606142
Cayman Isl. (UK),Latvia,T,0.01687498
Cayman Isl. (UK),Ukraine,T,0.007855595
Cayman Isl. (UK),Martinique (France),T,18.534049828
Chagos Archipelago (UK),Chagos Archipelago (UK) (own),I,3767.738301810001
Chagos Archipelago (UK),Egypt,T,50974.44260207001
Chagos Archipelago (UK),India,T,1319503.5510011998
Chagos Archipelago (UK),Japan,T,41564.03093419999
Chagos Archipelago (UK),Taiwan,T,60309.21517954001
Chagos Archipelago (UK),Russian Federation,T,21907.630294395
Chagos Archipelago (UK),Ukraine,T,25054.142319400995
Chagos Archipelago (UK),Korea (South),T,55256.868856122
Chagos Archipelago (UK),Spain,T,8708.551136918
Chagos Archipelago (UK),Indonesia,T,160.324347401
Chagos Archipelago (UK),Mauritius,T,5866.77114271
Chagos Archipelago (UK),Italy,T,19073.610463449993
Chagos Archipelago (UK),Romania,T,445.489261629
Chagos Archipelago (UK),Australia,T,4088.0277760900003
Chagos Archipelago (UK),France,T,526.8363911609999
Chagos Archipelago (UK),Georgia,T,212.4034945
Chagos Archipelago (UK),Lithuania,T,98.569757953
Chagos Archipelago (UK),Sudan,T,3689.6968575499995
Chagos Archipelago (UK),China,T,3376.2272054399996
Chagos Archipelago (UK),Seychelles,T,224.67553950699997
Chagos Archipelago (UK),Portugal,T,2210.6329204000003
Chagos Archipelago (UK),Norway,T,359.5159007
Chagos Archipelago (UK),Thailand,T,2.936400497
Chagos Archipelago (UK),Uruguay,T,438.19887686000004
Chagos Archipelago (UK),Belize,T,1360.09022391
Chagos Archipelago (UK),Sri Lanka,T,1214.9062294
Channel Isl. (UK),Channel Isl. (UK) (own),I,268557.81671940006
Channel Isl. (UK),France,P,452750.6064129999
Channel Isl. (UK),Belgium,T,2820.7875923520005
Channel Isl. (UK),Ireland,T,8938.062498727002
Channel Isl. (UK),Germany,T,21364.115283093994
Channel Isl. (UK),Netherlands,T,54366.890313261014
Channel Isl. (UK),Russian Federation,T,29830.90482022
Channel Isl. (UK),Spain,T,280.402828466
Channel Isl. (UK),Denmark,T,35765.97502813301
Channel Isl. (UK),Faeroe Isl.,T,86.19824519
Channel Isl. (UK),Norway,T,731.703525638
Channel Isl. (UK),Poland,T,0.000155197
Channel Isl. (UK),Sweden,T,0.0010202890000000002
Channel Isl. (UK),Lithuania,T,2.133332392
Channel Isl. (UK),Portugal,T,0.0028142540000000004
Channel Isl. (UK),Estonia,T,0.00429935
Channel Isl. (UK),Latvia,T,227.84285037
Chile (mainland),Chile (mainland) (own),I,168828888.37780002
Chile (mainland),Peru,P,23347.919644128
Chile (mainland),Russian Federation,T,934533.746860728
Chile (mainland),Japan,T,315.13505798
Chile (mainland),Korea (South),T,318838.730028656
Chile (mainland),Spain,T,1231.105025448
Chile (mainland),Latvia,T,91721.48383
Chile (mainland),Ukraine,T,528.828016569
Chile (mainland),China,T,426832.4668467279
China,China (own),I,315349173.8647
China,Hong Kong,P,31349860.996060003
China,Philippines,P,63196.52783142198
China,Taiwan,P,4799632.477059
China,Korea (South),P,1544993.5519133555
China,Indonesia,P,867458.87766027
China,Japan,P,937873.130551023
China,Malaysia,P,9061.959756359998
China,Russian Federation,P,43093.5604345
China,Australia,T,21481.294152967002
China,Guam (USA),T,2081.237387843
China,North Marianas (USA),T,122.92837442600002
China,USA,T,3197.4393971659997
China,Palau,T,1094.1116282519995
China,New Zealand,T,223.036004315
China,Papua New Guinea,T,4479.318327548
China,Solomon Isl.,T,13847.748537520001
China,Fiji,T,2799.179147346999
China,Vanuatu,T,300.5119728380001
China,French Polynesia,T,993.4213101500003
China,Kiribati,T,1525.6838373599999
China,New Caledonia (France),T,632.3355376509999
China,American Samoa,T,42.898602347
China,Honduras,T,1119.1978499000002
China,Tonga,T,87.857159013
China,Tuvalu,T,108.37762753199998
China,Canada,T,5.415394347
China,Micronesia,T,53.100351178
China,Marshall Isl.,T,6.287453808
China,Ukraine,T,260.2800404
China,Samoa,T,192.771806385
China,Cook Islands,T,4.316228204
China,Belize,T,26.884397837
Christmas Isl. (Australia),Christmas Isl. (Australia) (own),I,3464.197476921001
Christmas Isl. (Australia),Indonesia,P,216.314675868
Christmas Isl. (Australia),Malaysia,T,84.475046014
Christmas Isl. (Australia),Japan,T,14045.249047625
Christmas Isl. (Australia),Taiwan,T,6498.135328794001
Christmas Isl. (Australia),Korea (South),T,8348.761092237999
Christmas Isl. (Australia),Philippines,T,15.99649596
Christmas Isl. (Australia),USA,T,0.805474181
Christmas Isl. (Australia),Russian Federation,T,23.255747282999998
Christmas Isl. (Australia),Ukraine,T,230.12108259200002
Christmas Isl. (Australia),South Africa,T,0.010116062
Christmas Isl. (Australia),Madagascar,T,146.246367
Christmas Isl. (Australia),Sri Lanka,T,0.39335930900000005
Christmas Isl. (Australia),Mauritius,T,0.244265086
Clipperton Isl. (France),American Samoa,T,1145.0478966209998
Clipperton Isl. (France),USA,T,73598.24836815
Clipperton Isl. (France),Chile,T,30.064380214999996
Clipperton Isl. (France),Colombia,T,3.3844324049999996
Clipperton Isl. (France),Ecuador,T,106.66511358300001
Clipperton Isl. (France),Japan,T,13045.306735679003
Clipperton Isl. (France),Panama,T,10917.665252475
Clipperton Isl. (France),Peru,T,169.421322586
Clipperton Isl. (France),Mexico,T,28502.515495164
Clipperton Isl. (France),Canada,T,1806.403471536
Clipperton Isl. (France),Russian Federation,T,750.84204808
Clipperton Isl. (France),Taiwan,T,25.032181894000004
Clipperton Isl. (France),Spain,T,786.883083524
Clipperton Isl. (France),Costa Rica,T,70.73513663
Clipperton Isl. (France),Netherlands,T,296.64866901
Clipperton Isl. (France),Bermuda (UK),T,3.236983946
Clipperton Isl. (France),Korea (South),T,76798.953579727
Clipperton Isl. (France),Senegal,T,89.59097454
Clipperton Isl. (France),Venezuela,T,53050.543626612
Clipperton Isl. (France),Belize,T,2450.5861637119997
Clipperton Isl. (France),China,T,5750.972682785001
Clipperton Isl. (France),8.388267267,T,41.94063697
Clipperton Isl. (France),1911.337162,T,22.34456634
Clipperton Isl. (France),38.1767114,T,568.6854525
Clipperton Isl. (France),364.6735082,T,435.5738029
Clipperton Isl. (France),64.62552987,T,1245.986793
Cocos (Keeling) Isl. (Australia),Cocos (Keeling) Isl. (Australia) (own),I,641.4252984889999
Cocos (Keeling) Isl. (Australia),Malaysia,T,3.976615667
Cocos (Keeling) Isl. (Australia),Japan,T,2924.1586013
Cocos (Keeling) Isl. (Australia),Taiwan,T,1357.4007390000002
Cocos (Keeling) Isl. (Australia),Indonesia,T,1191.641168
Cocos (Keeling) Isl. (Australia),Sri Lanka,T,46.82890035
Colombia (Caribbean),Colombia (Caribbean) (own),I,2111815.38781
Colombia (Caribbean),Venezuela,P,15560.34124226
Colombia (Caribbean),Panama,P,128.33479477
Colombia (Caribbean),Cayman Isl. (UK),T,6873.129464902001
Colombia (Caribbean),Cuba,T,1934.071375481
Colombia (Caribbean),Sint Maarten,T,181.93813881200003
Colombia (Caribbean),Bahamas,T,1.962825348
Colombia (Caribbean),Curacao,T,213.74175037499998
Colombia (Caribbean),Russian Federation,T,4029.820944071
Colombia (Caribbean),Taiwan,T,1802.860654586
Colombia (Caribbean),Korea (South),T,1213.2070158420001
Colombia (Caribbean),Japan,T,299.178601611
Colombia (Caribbean),Estonia,T,1.884367546
Colombia (Caribbean),Georgia,T,0.071703483
Colombia (Caribbean),Latvia,T,1.99622483
Colombia (Caribbean),Ukraine,T,0.9292771550000001
Colombia (Caribbean),Chile,T,0.257506781
Colombia (Caribbean),Malta,T,0.207153491
Colombia (Caribbean),Mexico,T,14.11872449
Colombia (Caribbean),USA,T,4946.21344838
Colombia (Caribbean),Martinique (France),T,45.36014903
Colombia (Caribbean),Senegal,T,0.059967176
Colombia (Pacific),Colombia (Pacific) (own),I,2130578.1946507
Colombia (Pacific),Venezuela,P,0.0016432060000000001
Colombia (Pacific),Peru,P,8290.858056162
Colombia (Pacific),Ecuador,P,59340.014324169
Colombia (Pacific),Panama,P,15337.373742627
Colombia (Pacific),Costa Rica,P,462.83928349999996
Colombia (Pacific),Chile,T,98168.18198355898
Colombia (Pacific),USA,T,126386.36594282003
Colombia (Pacific),Mexico,T,23885.685669994
Colombia (Pacific),Japan,T,47439.35182998
Colombia (Pacific),Canada,T,14424.076112907998
Colombia (Pacific),Korea (South),T,1253.862312826
Colombia (Pacific),Bermuda (UK),T,2936.49214114
Colombia (Pacific),Spain,T,6220.2734666100005
Colombia (Pacific),Estonia,T,712.9757049
Colombia (Pacific),Georgia,T,101.5293163
Colombia (Pacific),Latvia,T,526.1945606
Colombia (Pacific),Lithuania,T,306.5054959
Colombia (Pacific),Russian Federation,T,31557.9810569
Colombia (Pacific),Ukraine,T,531.482374
Colombia (Pacific),Netherlands,T,1129.4410045
Colombia (Pacific),Senegal,T,106.414607
Colombia (Pacific),China,T,57.706201875000005
Comoros Isl.,Comoros Isl. (own),I,591284.979256
Comoros Isl.,France,P,665.435386397
Comoros Isl.,Seychelles,P,5.129021355
Comoros Isl.,Egypt,T,1011.5596944100001
Comoros Isl.,Japan,T,37921.85265903701
Comoros Isl.,Taiwan,T,3077.832298842
Comoros Isl.,Russian Federation,T,1372.702283401
Comoros Isl.,Ukraine,T,1687.949407517
Comoros Isl.,Korea (South),T,817.5839457469999
Comoros Isl.,Spain,T,3176.170987085
Comoros Isl.,Indonesia,T,4.938059573
Comoros Isl.,Italy,T,308.29620385300007
Comoros Isl.,Portugal,T,1466.3519952270003
Congo (Republic of),Congo (Republic of) (own),I,3010231.534352001
Congo (Republic of),Congo (ex-Zaire),P,3239.8804375
Congo (Republic of),Angola,P,154.08004696
Congo (Republic of),Gabon,P,1.389403224
Congo (Republic of),Israel,T,47.09018202400002
Congo (Republic of),Mexico,T,932.797132241
Congo (Republic of),USA,T,4273.589806870999
Congo (Republic of),Venezuela,T,2.369323991
Congo (Republic of),Cote dIvoire (Ivory Coast),T,29000.509209968994
Congo (Republic of),Malta,T,21.555906279000002
Congo (Republic of),Japan,T,4952.214699407
Congo (Republic of),Taiwan,T,174.608360742
Congo (Republic of),France,T,9567.296433200001
Congo (Republic of),Korea (South),T,320.269857622
Congo (Republic of),Estonia,T,1.189182458
Congo (Republic of),Georgia,T,0.045250506
Congo (Republic of),Latvia,T,1.2597731740000002
Congo (Republic of),Senegal,T,1207.989866115
Congo (Republic of),Ukraine,T,0.5864461400000001
Congo (Republic of),Norway,T,2226.62759462
Congo (Republic of),Portugal,T,62.946317787000005
Congo (Republic of),Panama,T,64.469270477
Congo (Republic of),Dominican Republic,T,17.406936323
Congo (Republic of),Ghana,T,674.5253429830001
Congo (Republic of),China,T,458597.978468
Congo (ex-Zaire),Congo (ex-Zaire) (own),I,588968.1729519999
Congo (ex-Zaire),Angola,P,1.2749334989999999
Congo (ex-Zaire),Israel,T,2.286014861
Congo (ex-Zaire),Mexico,T,64.71804489
Congo (ex-Zaire),USA,T,320.81058845100006
Congo (ex-Zaire),Venezuela,T,88.48110809799999
Congo (ex-Zaire),Malta,T,9.271050528
Congo (ex-Zaire),"Congo, R. of",T,174623.084209223
Congo (ex-Zaire),Japan,T,211.27455000200004
Congo (ex-Zaire),Taiwan,T,118632.784727577
Congo (ex-Zaire),France,T,1327.493492491
Congo (ex-Zaire),Korea (South),T,69.063397096
Congo (ex-Zaire),Estonia,T,3.4332674709999997
Congo (ex-Zaire),Georgia,T,0.13064182000000002
Congo (ex-Zaire),Latvia,T,3.637068722
Congo (ex-Zaire),Senegal,T,488.104436062
Congo (ex-Zaire),Ukraine,T,1.140299867
Congo (ex-Zaire),Norway,T,148.359282529
Congo (ex-Zaire),Cote dIvoire (Ivory Coast),T,193.89664587600004
Congo (ex-Zaire),Portugal,T,21.566650149999997
Congo (ex-Zaire),Panama,T,6.211492699
Congo (ex-Zaire),Dominican Republic,T,6.869537584000001
Congo (ex-Zaire),Ghana,T,601.364853884
Congo (ex-Zaire),Denmark,T,4.404886126
Congo (ex-Zaire),Germany,T,17.99090095
Congo (ex-Zaire),Poland,T,0.019711021999999998
Congo (ex-Zaire),Russian Federation,T,6.199890504000001
Congo (ex-Zaire),Spain,T,20.707308767
Congo (ex-Zaire),Sweden,T,0.624990952
Congo (ex-Zaire),Cuba,T,61.58618343799999
Congo (ex-Zaire),Algeria,T,74.627448966
Congo (ex-Zaire),Cayman Isl. (UK),T,49.54473527099999
Congo (ex-Zaire),Egypt,T,3.976775362
Congo (ex-Zaire),Equatorial Guinea,T,19.312059968
Congo (ex-Zaire),Liberia,T,19.822478223
Congo (ex-Zaire),Sierra Leone,T,4.060206002
Congo (ex-Zaire),Togo,T,17.895568419
Congo (ex-Zaire),Canada,T,4.810499726
Congo (ex-Zaire),Gabon,T,0.261722253
Congo (ex-Zaire),Montenegro,T,1.304179397
Congo (ex-Zaire),United Kingdom,T,0.45193536199999995
Congo (ex-Zaire),Cameroon,T,0.207925299
Congo (ex-Zaire),Iceland,T,0.040228441999999996
Congo (ex-Zaire),Argentina,T,0.700689453
Congo (ex-Zaire),Colombia,T,0.062702036
Congo (ex-Zaire),Guinea-Bissau,T,0.183019009
Congo (ex-Zaire),Tunisia,T,57.271859211000006
Congo (ex-Zaire),Lithuania,T,0.640557915
Congo (ex-Zaire),China,T,228456.74450430003
Cook Islands,Cook Islands (own),I,126935.7801007
Cook Islands,American Samoa,P,2175.386099276
Cook Islands,French Polynesia,P,73.71831246400001
Cook Islands,Kiribati,P,8.280464193
Cook Islands,Indonesia,T,1764.49585558
Cook Islands,Japan,T,80999.5473338
Cook Islands,Philippines,T,3684.7525045200005
Cook Islands,Taiwan,T,18665.441610870002
Cook Islands,USA,T,296567.615580764
Cook Islands,Korea (South),T,22315.411071650997
Cook Islands,Palau,T,31.22745351
Cook Islands,New Zealand,T,78.984922529
Cook Islands,Russian Federation,T,13856.677069050002
Cook Islands,Canada,T,6.451165942
Cook Islands,Ecuador,T,37.909776233
Cook Islands,Solomon Isl.,T,287.696711251
Cook Islands,Spain,T,2.150388647
Cook Islands,Bermuda (UK),T,9.055489129
Cook Islands,Australia,T,320.14970803399996
Cook Islands,Fiji,T,1131.835319225
Cook Islands,Samoa,T,182.28478889000002
Cook Islands,Vanuatu,T,982.0323647099999
Cook Islands,Tonga,T,17.70267236
Cook Islands,Micronesia,T,77.476563528
Cook Islands,Papua New Guinea,T,143.66110221099999
Cook Islands,Marshall Isl.,T,3.11203006
Cook Islands,China,T,28736.380094
Corsica (France),Corsica (France) (own),I,132872.418077
Corsica (France),Denmark,T,0.055347604
Corsica (France),Germany,T,0.001583126
Corsica (France),Iceland,T,0.000766426
Corsica (France),Ireland,T,0.000305845
Corsica (France),Poland,T,0.012019644
Corsica (France),Sweden,T,0.001134001
Corsica (France),United Kingdom,T,0.0037761419999999997
Costa Rica (Caribbean),Costa Rica (Caribbean) (own),I,24743.96608429001
Costa Rica (Caribbean),Colombia,P,0.00010559999999999999
Costa Rica (Caribbean),Ecuador,P,0.000496452
Costa Rica (Caribbean),Panama,P,0.000680633
Costa Rica (Caribbean),Cayman Isl. (UK),T,183.733332556
Costa Rica (Caribbean),Cuba,T,147.938044915
Costa Rica (Caribbean),Sint Maarten,T,19.516880163
Costa Rica (Caribbean),Venezuela,T,3096.5106823160004
Costa Rica (Caribbean),Bahamas,T,0.250117324
Costa Rica (Caribbean),Curacao,T,3.809355064
Costa Rica (Caribbean),Chile,T,0.234154527
Costa Rica (Caribbean),Japan,T,802.9995881350001
Costa Rica (Caribbean),Peru,T,0.103748219
Costa Rica (Caribbean),Russian Federation,T,196.22959814200001
Costa Rica (Caribbean),USA,T,5.15e-05
Costa Rica (Caribbean),Taiwan,T,6.252685625
Costa Rica (Caribbean),Canada,T,6.59e-05
Costa Rica (Caribbean),Martinique (France),T,2.086270906
Costa Rica (Caribbean),China,T,0.245986959
Costa Rica (Pacific),Costa Rica (Pacific) (own),I,2210754.343808
Costa Rica (Pacific),Colombia,P,99.84773735299999
Costa Rica (Pacific),Ecuador,P,5057.854722976999
Costa Rica (Pacific),Panama,P,67447.347045686
Costa Rica (Pacific),American Samoa,T,3.3394489419999998
Costa Rica (Pacific),Venezuela,T,71271.17994488901
Costa Rica (Pacific),Peru,T,1987.2181287009998
Costa Rica (Pacific),USA,T,367028.726206136
Costa Rica (Pacific),Chile,T,99933.30514187898
Costa Rica (Pacific),Mexico,T,15619.892487625
Costa Rica (Pacific),Japan,T,22245.73216608
Costa Rica (Pacific),Canada,T,9790.946909244001
Costa Rica (Pacific),Russian Federation,T,586.0990242600001
Costa Rica (Pacific),Taiwan,T,19.583329975999998
Costa Rica (Pacific),Bermuda (UK),T,829.58874172
Costa Rica (Pacific),Korea (South),T,14.18034479
Costa Rica (Pacific),Spain,T,5331.9524045
Costa Rica (Pacific),Estonia,T,147.1453752
Costa Rica (Pacific),Georgia,T,44.33426246
Costa Rica (Pacific),Latvia,T,229.7705589
Costa Rica (Pacific),Lithuania,T,133.8401123
Costa Rica (Pacific),Ukraine,T,232.0795601
Costa Rica (Pacific),Netherlands,T,743.8049829
Costa Rica (Pacific),Vanuatu,T,476.354737162
Costa Rica (Pacific),China,T,201.6218521
Cote dIvoire (Ivory Coast),Cote dIvoire (Ivory Coast) (own),I,5928264.9330699975
Cote dIvoire (Ivory Coast),Ghana,P,26766.824428289998
Cote dIvoire (Ivory Coast),Liberia,P,1897.3636696219999
Cote dIvoire (Ivory Coast),Israel,T,11426.23655422
Cote dIvoire (Ivory Coast),Mexico,T,2647.04195652
Cote dIvoire (Ivory Coast),USA,T,17805.67635877
Cote dIvoire (Ivory Coast),Cuba,T,3177.1973563799997
Cote dIvoire (Ivory Coast),Malta,T,222.614208647
Cote dIvoire (Ivory Coast),France,T,396646.86900110013
Cote dIvoire (Ivory Coast),Senegal,T,29961.623343002993
Cote dIvoire (Ivory Coast),Spain,T,229904.72217847002
Cote dIvoire (Ivory Coast),Japan,T,172285.00830465002
Cote dIvoire (Ivory Coast),Taiwan,T,53323.054755972
Cote dIvoire (Ivory Coast),Angola,T,1510.89363348
Cote dIvoire (Ivory Coast),Korea (South),T,47388.449998453005
Cote dIvoire (Ivory Coast),Russian Federation,T,898.30929845
Cote dIvoire (Ivory Coast),Estonia,T,307.95527198499997
Cote dIvoire (Ivory Coast),Georgia,T,11.718237165
Cote dIvoire (Ivory Coast),Latvia,T,326.235718182
Cote dIvoire (Ivory Coast),Ukraine,T,151.868353452
Cote dIvoire (Ivory Coast),Canada,T,1490.2726884429997
Cote dIvoire (Ivory Coast),Dominican Republic,T,35.721618446
Cote dIvoire (Ivory Coast),Montenegro,T,199.500145531
Cote dIvoire (Ivory Coast),South Cyprus,T,3.5540821730000003
Cote dIvoire (Ivory Coast),Cape Verde,T,540.400440541
Cote dIvoire (Ivory Coast),Norway,T,7910.2757003
Cote dIvoire (Ivory Coast),Aruba (Netherlands),T,1.867930548
Cote dIvoire (Ivory Coast),Barbados,T,47.701020996
Cote dIvoire (Ivory Coast),Curacao,T,19.86380251
Cote dIvoire (Ivory Coast),Grenada,T,75.60710965999999
Cote dIvoire (Ivory Coast),Saint Lucia,T,22.512529805000003
Cote dIvoire (Ivory Coast),Trinidad & Tobago,T,279.29020625
Cote dIvoire (Ivory Coast),Panama,T,502.44734619999997
Cote dIvoire (Ivory Coast),Egypt,T,0.120077266
Cote dIvoire (Ivory Coast),Equatorial Guinea,T,6.619210786
Cote dIvoire (Ivory Coast),Morocco,T,5.908029201
Cote dIvoire (Ivory Coast),Togo,T,13.157693541
Cote dIvoire (Ivory Coast),Venezuela,T,13.653379567
Cote dIvoire (Ivory Coast),Bermuda (UK),T,1.579021856
Cote dIvoire (Ivory Coast),Denmark,T,1.472905404
Cote dIvoire (Ivory Coast),Germany,T,0.072159354
Cote dIvoire (Ivory Coast),Iceland,T,0.019355676999999998
Cote dIvoire (Ivory Coast),Ireland,T,0.00772868
Cote dIvoire (Ivory Coast),Poland,T,0.443487293
Cote dIvoire (Ivory Coast),Sao Tome & Principe,T,7.801958701
Cote dIvoire (Ivory Coast),Sweden,T,0.045291876999999994
Cote dIvoire (Ivory Coast),United Kingdom,T,0.117867494
Cote dIvoire (Ivory Coast),Algeria,T,1.936831062
Cote dIvoire (Ivory Coast),Sierra Leone,T,2.209951279
Cote dIvoire (Ivory Coast),Guinea-Bissau,T,7.059168881
Cote dIvoire (Ivory Coast),Portugal,T,4717.065412815
Cote dIvoire (Ivory Coast),China,T,1438477.5660410002
Crete (Greece),Crete (Greece) (own),I,444158.993595
Crete (Greece),Libya,P,152.3783921
Crete (Greece),Malta,T,0.063547989
Crete (Greece),South Cyprus,T,0.7963549889999999
Crete (Greece),Bulgaria,T,2.315040259
Crete (Greece),Croatia,T,11.008664558
Croatia,Croatia (own),I,3248204.4597000005
Croatia,Montenegro,P,331.96694602499997
Croatia,Slovenia,P,147327.39
Croatia,Italy,P,39659.29759871
Croatia,Bulgaria,T,6435.335762775002
Croatia,Greece,T,20417.882109099995
Croatia,Malta,T,61.15160390000002
Croatia,Norway,T,15752.1743718
Croatia,USA,T,327.71158839
Croatia,Argentina,T,111.7592881
Croatia,Denmark,T,0.364252347
Croatia,Iceland,T,0.001595025
Croatia,Poland,T,5.899693672
Croatia,Sweden,T,0.027537392
Croatia,Faeroe Isl.,T,761.3669445099999
Croatia,Germany,T,0.347181613
Croatia,Taiwan,T,0.249653759
Croatia,United Kingdom,T,0.023036662
Croatia,Turkey,T,976.04690947
Croatia,France,T,533.4640014
Croatia,Lithuania,T,0.048272425
Crozet Isl. (France),Crozet Isl. (France) (own),I,53278.5679883
Crozet Isl. (France),Egypt,T,348.46696176700004
Crozet Isl. (France),Japan,T,3517.3172307249997
Crozet Isl. (France),Taiwan,T,169.05942623099997
Crozet Isl. (France),Russian Federation,T,222.19995192800005
Crozet Isl. (France),Ukraine,T,273.22914942
Crozet Isl. (France),Korea (South),T,150.452849171
Crozet Isl. (France),Australia,T,232.05368908900002
Crozet Isl. (France),South Africa,T,0.26443872900000004
Crozet Isl. (France),Spain,T,274.03550975899986
Crozet Isl. (France),Indonesia,T,0.015246153000000002
Cuba,Cuba (own),I,2865368.3233590005
Cuba,USA,P,30.374618669999997
Cuba,Bahamas,P,3.920838679
Cuba,Mexico,P,0.296312189
Cuba,Sint Maarten,T,341.64309271800005
Cuba,Venezuela,T,17138.901372999997
Cuba,Curacao,T,123.49322845300003
Cuba,Russian Federation,T,32630.085417249
Cuba,Taiwan,T,210.68813277400002
Cuba,Korea (South),T,389.672875951
Cuba,Estonia,T,0.152027057
Cuba,Georgia,T,0.005784897
Cuba,Latvia,T,0.161051494
Cuba,Ukraine,T,0.07497224599999999
Cuba,Martinique (France),T,91.05159158999999
Cuba,USA,T,6.163143839
Curacao (Netherlands),Curacao (Netherlands) (own),I,97480.90332769997
Curacao (Netherlands),Venezuela,P,57512.42600773998
Curacao (Netherlands),Cuba,T,127.58064508699998
Curacao (Netherlands),Sint Maarten,T,133.335266375
Curacao (Netherlands),Bahamas,T,0.069005894
Curacao (Netherlands),Taiwan,T,226.80990842999998
Curacao (Netherlands),Russian Federation,T,169.99076393400003
Curacao (Netherlands),Korea (South),T,778.657018092
Curacao (Netherlands),Estonia,T,0.236548022
Curacao (Netherlands),Georgia,T,0.009001067000000001
Curacao (Netherlands),Latvia,T,0.250589694
Curacao (Netherlands),Ukraine,T,0.11665382199999999
Curacao (Netherlands),Angola,T,0.070553316
Curacao (Netherlands),Ghana,T,0.332217378
Curacao (Netherlands),Cape Verde,T,0.070618326
Curacao (Netherlands),Panama,T,52.033264558
Curacao (Netherlands),USA,T,3341.2186790870005
Curacao (Netherlands),Japan,T,1.444645469
Curacao (Netherlands),Martinique (France),T,108.83235323300002
Curacao (Netherlands),Mexico,T,3.4359816189999997
Curacao (Netherlands),Italy,T,24.444752128
Curacao (Netherlands),Cayman Isl. (UK),T,2.647493189
Curacao (Netherlands),Colombia,T,191.49341667899998
Curacao (Netherlands),Argentina,T,378.42848807199994
Curacao (Netherlands),Malta,T,4.77433714
Curacao (Netherlands),Turkey,T,2.135787618
Curacao (Netherlands),Lithuania,T,51.83254279
Curacao (Netherlands),Spain,T,2.054782281
Curacao (Netherlands),Honduras,T,0.440162621
Cyprus (North),Cyprus (North) (own),I,87730.41114900002
Cyprus (North),Turkey,P,2862.7279094749997
Cyprus (North),South Cyprus,P,0.033369641
Cyprus (North),Malta,T,0.072358766
Cyprus (North),Israel,T,3583.5708433429995
Cyprus (North),Syrian Arab Republic,T,1238.0750783269998
Cyprus (North),Bulgaria,T,0.001036122
Cyprus (North),Greece,T,1.2668007889999997
Cyprus (North),Lebanon,T,288.52669567600003
Cyprus (North),Croatia,T,16.580706198
Cyprus (North),Libya,T,0.179740577
Cyprus (North),Barbados,T,3.38e-06
Cyprus (North),Algeria,T,0.159201806
Cyprus (North),Benin,T,2.2780000000000002e-05
Cyprus (North),Liberia,T,1.2797000000000001e-05
Cyprus (North),Sao Tome & Principe,T,1.3469e-05
Cyprus (North),Togo,T,4.55e-05
Cyprus (North),USA,T,0.0035810200000000003
Cyprus (North),Portugal,T,1.311448089
Cyprus (North),France,T,2.801127799
Cyprus (South),Cyprus (South) (own),I,169970.43513909995
Cyprus (South),Israel,P,15.112383788
Cyprus (South),Greece,P,19078.249086689997
Cyprus (South),Lebanon,P,6.638426667
Cyprus (South),Turkey,P,245.555384465
Cyprus (South),Malta,T,686.760689151
Cyprus (South),Bulgaria,T,14.153869777999999
Cyprus (South),Croatia,T,27.70174153
Cyprus (South),Libya,T,2987.33661359
Cyprus (South),Barbados,T,0.106179032
Cyprus (South),Korea (South),T,0.195547269
Cyprus (South),Algeria,T,2595.0364787999997
Cyprus (South),Benin,T,0.9396544050000001
Cyprus (South),Liberia,T,0.22667515700000002
Cyprus (South),Sao Tome & Principe,T,0.280055365
Cyprus (South),Togo,T,0.604998667
Cyprus (South),USA,T,58.370787031999996
Cyprus (South),Portugal,T,19.873800831
Cyprus (South),France,T,38.687930716
Denmark (Baltic Sea),Denmark (Baltic Sea) (own),I,4319294.9280199995
Denmark (Baltic Sea),Germany,P,2079388.3975080005
Denmark (Baltic Sea),Poland,P,988987.3167340001
Denmark (Baltic Sea),Sweden,P,636950.7855789999
Denmark (Baltic Sea),United Kingdom,P,89.60515740900001
Denmark (Baltic Sea),Norway,P,0.044613817
Denmark (Baltic Sea),Estonia,T,17068.480587634003
Denmark (Baltic Sea),Finland,T,18960.236740795
Denmark (Baltic Sea),Latvia,T,35827.33423999999
Denmark (Baltic Sea),Lithuania,T,40207.05135990001
Denmark (Baltic Sea),Netherlands,T,16.054006599999997
Denmark (Baltic Sea),Faeroe Isl.,T,4129.430696169
Denmark (Baltic Sea),Spain,T,0.700079156
Denmark (North Sea),Denmark (North Sea) (own),I,21564698.882959988
Denmark (North Sea),Germany,P,919532.6036489998
Denmark (North Sea),Norway,P,156829.70285483997
Denmark (North Sea),Sweden,P,2918051.5128099998
Denmark (North Sea),United Kingdom,P,763383.9359127999
Denmark (North Sea),Poland,P,8.71e-05
Denmark (North Sea),Belgium,T,187852.54042050007
Denmark (North Sea),France,T,232749.23162613396
Denmark (North Sea),Netherlands,T,915272.6461259999
Denmark (North Sea),Russian Federation,T,365930.6510395979
Denmark (North Sea),Faeroe Isl.,T,89790.50123078296
Denmark (North Sea),Iceland,T,4565.596881103001
Denmark (North Sea),Spain,T,385.52185685800004
Denmark (North Sea),Portugal,T,685.72215883
Denmark (North Sea),Ireland,T,2322.776539809
Denmark (North Sea),Latvia,T,1112.885127303
Denmark (North Sea),Estonia,T,0.781026924
Denmark (North Sea),Greenland,T,479.56646751
Denmark (North Sea),Lithuania,T,0.067287614
Desventuradas Isl. (Chile),Desventuradas Isl. (Chile) (own),I,1728.1510241250987
Djibouti,Djibouti (own),I,45820.3724639
Djibouti,Somalia,P,7123.211154730001
Djibouti,Yemen,P,52484.326556000015
Djibouti,Egypt,T,187.43522748600003
Djibouti,Russian Federation,T,189.867982837
Djibouti,Ukraine,T,233.30257351600002
Djibouti,Korea (South),T,113.02958665899999
Djibouti,Taiwan,T,47.709453821
Djibouti,Spain,T,36.969532629999996
Djibouti,Italy,T,3.928194148
Dominica,Dominica (own),I,92624.19804500003
Dominica,Venezuela,P,1214.8084706379998
Dominica,Cuba,T,1560.8171047279998
Dominica,Sint Maarten,T,40.290312383999996
Dominica,Bahamas,T,0.18036982099999999
Dominica,Curacao,T,26.177706786999998
Dominica,Taiwan,T,387.393361689
Dominica,Russian Federation,T,1307.652115031
Dominica,Korea (South),T,408.6544982
Dominica,Estonia,T,1.604687732
Dominica,Georgia,T,0.061061181
Dominica,Latvia,T,1.6999431839999999
Dominica,Ukraine,T,0.7913528779999999
Dominica,Angola,T,0.7373869200000001
Dominica,Ghana,T,0.6342949249999998
Dominica,Cape Verde,T,0.154778692
Dominica,Panama,T,9.482105678
Dominica,Japan,T,2.944040873
Dominica,Martinique (France),T,80.28634553
Dominica,Mexico,T,0.019830357
Dominica,USA,T,0.489171252
Dominica,Italy,T,79.02940961
Dominican Republic,Dominican Republic (own),I,2761906.7541999994
Dominican Republic,Venezuela,P,10199.834519159996
Dominican Republic,Curacao,P,168.71112559500003
Dominican Republic,Cuba,T,10721.3488411
Dominican Republic,Sint Maarten,T,202.30653628200005
Dominican Republic,Bahamas,T,2.321754221
Dominican Republic,Russian Federation,T,14387.050688425
Dominican Republic,Taiwan,T,1286.1495922489996
Dominican Republic,Korea (South),T,872.35002318
Dominican Republic,Estonia,T,4.451842097
Dominican Republic,Georgia,T,0.16940038899999998
Dominican Republic,Latvia,T,4.716107129000001
Dominican Republic,Ukraine,T,2.1954289940000002
Dominican Republic,Panama,T,54.432753718
Dominican Republic,Martinique (France),T,60.2752623
Easter Isl. (Chile),Easter Isl. (Chile) (own),I,4498.18818109
Easter Isl. (Chile),China,T,5401.58656547
Easter Isl. (Chile),Japan,T,5491.642932690001
Easter Isl. (Chile),Latvia,T,71260.46023
Easter Isl. (Chile),Spain,T,74808.06315257
Ecuador (mainland),Ecuador (mainland) (own),I,31272576.51976001
Ecuador (mainland),Peru,P,18070.524800142
Ecuador (mainland),Costa Rica,P,12.43985992
Ecuador (mainland),Chile,T,1305.8828977
Ecuador (mainland),USA,T,54787.105949000004
Ecuador (mainland),Japan,T,74029.3788526
Ecuador (mainland),Spain,T,25478.611603
Ecuador (mainland),Korea (South),T,15783.47057189
Ecuador (mainland),Canada,T,0.043526304
Ecuador (mainland),China,T,16790.457236
Egypt (Mediterranean),Egypt (Mediterranean) (own),I,4156708.348299999
Egypt (Mediterranean),Greece,P,318.2516696
Egypt (Mediterranean),Malta,T,149.72257029600001
Egypt (Mediterranean),South Cyprus,T,28.768461604
Egypt (Mediterranean),Bulgaria,T,0.482504249
Egypt (Red Sea),Egypt (Red Sea) (own),I,2120234.599811999
Egypt (Red Sea),Russian Federation,T,523.6361778459999
Egypt (Red Sea),Ukraine,T,643.824013664
Egypt (Red Sea),Korea (South),T,1605.3215289050002
Egypt (Red Sea),Taiwan,T,309.967215769
Egypt (Red Sea),Spain,T,410.54870559
Egypt (Red Sea),Italy,T,391.35687852399997
Egypt (Red Sea),Romania,T,5.177285551000001
El Salvador,El Salvador (own),I,3996545.4778589997
El Salvador,Nicaragua,P,746.451801186
El Salvador,American Samoa,T,26.252825998000002
El Salvador,Venezuela,T,120.864714877
El Salvador,USA,T,171128.4191074
El Salvador,Chile,T,102.24208200399998
El Salvador,Colombia,T,26.398707717
El Salvador,Ecuador,T,2568.9073067150002
El Salvador,Mexico,T,4674.438744187
El Salvador,Peru,T,656.207192417
El Salvador,Panama,T,2130.6181833660003
El Salvador,Canada,T,1632.020922317
El Salvador,Japan,T,1486.646446049
El Salvador,Russian Federation,T,4068.279056432
El Salvador,Taiwan,T,20.052910525
El Salvador,Spain,T,411.441616616
El Salvador,Costa Rica,T,2429.1314390400003
El Salvador,Netherlands,T,1498.8458825599998
El Salvador,Bermuda (UK),T,743.3199443189999
El Salvador,Korea (South),T,1321.4640718
El Salvador,Senegal,T,142.9740758
El Salvador,Cayman Isl. (UK),T,8.618057111
El Salvador,China,T,45.9630033
Equatorial Guinea,Equatorial Guinea (own),I,706771.324625
Equatorial Guinea,Gabon,P,29.44860975
Equatorial Guinea,Cameroon,P,86085.06139829996
Equatorial Guinea,Nigeria,P,331898.09143000003
Equatorial Guinea,Sao Tome & Principe,P,8924.4597998
Equatorial Guinea,Israel,T,552.1179248549998
Equatorial Guinea,Mexico,T,8118.755352279999
Equatorial Guinea,Spain,T,1068386.0650827202
Equatorial Guinea,USA,T,52174.312250224
Equatorial Guinea,Venezuela,T,61.137470835
Equatorial Guinea,Cuba,T,10608.492756660002
Equatorial Guinea,Malta,T,191.026140518
Equatorial Guinea,Japan,T,58711.95533673
Equatorial Guinea,Taiwan,T,3997.5093993170003
Equatorial Guinea,Angola,T,1496.3961578899998
Equatorial Guinea,France,T,573664.4717659998
Equatorial Guinea,Korea (South),T,6373.796526278999
Equatorial Guinea,Russian Federation,T,195341.186266771
Equatorial Guinea,Estonia,T,83.25615402700001
Equatorial Guinea,Georgia,T,3.168042374
Equatorial Guinea,Latvia,T,93294.02008941397
Equatorial Guinea,Senegal,T,9108.643642030002
Equatorial Guinea,Ukraine,T,75917.16836312201
Equatorial Guinea,Ghana,T,10460.761912959999
Equatorial Guinea,Cote dIvoire (Ivory Coast),T,19338.359153420002
Equatorial Guinea,Cape Verde,T,354.350329022
Equatorial Guinea,Norway,T,7197.948504200001
Equatorial Guinea,South Cyprus,T,4.203815561000001
Equatorial Guinea,Aruba (Netherlands),T,78.53570959
Equatorial Guinea,Barbados,T,121.07423118099999
Equatorial Guinea,Curacao,T,136.47857474
Equatorial Guinea,Grenada,T,166.80055913
Equatorial Guinea,Saint Lucia,T,58.537438429999995
Equatorial Guinea,Trinidad & Tobago,T,441.69088926999996
Equatorial Guinea,Panama,T,229.539870607
Equatorial Guinea,Denmark,T,69.554978689
Equatorial Guinea,Germany,T,366.464811892
Equatorial Guinea,Iceland,T,0.48195125399999994
Equatorial Guinea,Poland,T,9.572895017999999
Equatorial Guinea,Portugal,T,24899.027471791
Equatorial Guinea,United Kingdom,T,1.676157932
Equatorial Guinea,Bermuda (UK),T,25.424571568
Equatorial Guinea,Ireland,T,0.051965267
Equatorial Guinea,Sweden,T,2.906741426
Equatorial Guinea,Lithuania,T,18935.81892
Equatorial Guinea,Dominican Republic,T,12.512462564
Equatorial Guinea,Syrian Arab Republic,T,2.213192447
Equatorial Guinea,Algeria,T,167.95259722
Equatorial Guinea,Cayman Isl. (UK),T,256.471641456
Equatorial Guinea,Egypt,T,1.326875288
Equatorial Guinea,Liberia,T,53.992848822
Equatorial Guinea,Sierra Leone,T,23.168071987999998
Equatorial Guinea,Togo,T,33.630724345
Equatorial Guinea,Canada,T,113.92527177
Equatorial Guinea,Montenegro,T,16.277658541999998
Equatorial Guinea,Argentina,T,0.310475545
Equatorial Guinea,Colombia,T,0.032043704
Equatorial Guinea,Croatia,T,0.017137651
Equatorial Guinea,Guinea-Bissau,T,0.096940273
Equatorial Guinea,China,T,93724.55277010002
Equatorial Guinea,Italy,T,123034.55929409998
Eritrea,Eritrea (own),I,573087.7556533
Eritrea,Yemen,P,203381.28180839992
Eritrea,Sudan,P,6062.289301309999
Eritrea,Egypt,T,181615.02999897
Eritrea,Israel,T,32713.427933000003
Eritrea,Russian Federation,T,15727.753465237
Eritrea,Ukraine,T,25558.190867658002
Eritrea,Korea (South),T,22050.381214655994
Eritrea,Taiwan,T,5208.92474357
Eritrea,Spain,T,3532.95121436
Eritrea,Italy,T,9594.44592104
Eritrea,Romania,T,450.62601478
Eritrea,France,T,40.753026983
Eritrea,Georgia,T,431.2503643
Eritrea,Lithuania,T,17.48745553
Eritrea,China,T,1083.3801909889999
Estonia,Estonia (own),I,1537640.8219009999
Estonia,Finland,P,523562.33764499985
Estonia,Latvia,P,879278.4182430002
Estonia,Sweden,P,156919.3910174
Estonia,Russian Federation,P,479388.517144
Estonia,Denmark,T,230111.98369619405
Estonia,Germany,T,48753.58187642101
Estonia,Lithuania,T,96240.64254920001
Estonia,Netherlands,T,22.437709139
Estonia,Faeroe Isl. (Denmark),T,12188.777331126003
Estonia,United Kingdom,T,265.9318111
Estonia,Spain,T,1.771726037
Estonia,Poland,T,10105.986007606
Faeroe Isl.,Faeroe Isl. (own),I,10104110.436490001
Faeroe Isl.,Norway,P,7469145.4139377
Faeroe Isl.,United Kingdom,P,1437372.5598842003
Faeroe Isl.,Iceland,P,2412386.720307261
Faeroe Isl.,Belgium,T,1426.2858728299993
Faeroe Isl.,Denmark,T,153186.64079299802
Faeroe Isl.,France,T,439588.12009518995
Faeroe Isl.,Germany,T,462517.85856587
Faeroe Isl.,Ireland,T,11774.385804915999
Faeroe Isl.,Netherlands,T,32866.482774738004
Faeroe Isl.,Russian Federation,T,3386923.1815403504
Faeroe Isl.,Sweden,T,2433.97338649
Faeroe Isl.,Spain,T,7874.63057186
Faeroe Isl.,Portugal,T,273.7810906
Faeroe Isl.,Greenland,T,29629.696841230005
Faeroe Isl.,Latvia,T,2.36e-08
Falkland Isl. (UK),Falkland Isl. (UK) (own),I,1353360.4925252632
Falkland Isl. (UK),Argentina,P,524627.0798279999
Falkland Isl. (UK),Brazil,T,1309120.1354668003
Falkland Isl. (UK),Chile,T,123470.17730056998
Falkland Isl. (UK),Estonia,T,52557.28809983
Falkland Isl. (UK),Latvia,T,61338.45643841098
Falkland Isl. (UK),Lithuania,T,70068.049341948
Falkland Isl. (UK),Russian Federation,T,604967.470978825
Falkland Isl. (UK),Ukraine,T,137418.282440909
Falkland Isl. (UK),Japan,T,1205639.7357370888
Falkland Isl. (UK),Taiwan,T,3877303.535748078
Falkland Isl. (UK),Uruguay,T,42012.54810289801
Falkland Isl. (UK),Romania,T,0.18029920500000002
Falkland Isl. (UK),Korea (South),T,4558200.492409419
Falkland Isl. (UK),Poland,T,1234503.6287989998
Falkland Isl. (UK),Spain,T,2274467.512036
Falkland Isl. (UK),Israel,T,1351.785406
Falkland Isl. (UK),Bulgaria,T,69893.57380074
Falkland Isl. (UK),France,T,28650.520606
Falkland Isl. (UK),Italy,T,44075.9125533
Falkland Isl. (UK),Portugal,T,58691.59138563399
Falkland Isl. (UK),United Kingdom,T,127288.89886599997
Falkland Isl. (UK),Denmark,T,7.12e-05
Falkland Isl. (UK),Netherlands,T,10607.565181
Falkland Isl. (UK),Greece,T,8849.85
Falkland Isl. (UK),Norway,T,2112.9000202
Falkland Isl. (UK),Honduras,T,15056.049999999997
Falkland Isl. (UK),Panama,T,15836.024994372
Falkland Isl. (UK),Sierra Leone,T,3284.1847279000003
Falkland Isl. (UK),Belize,T,43535.4904163
Falkland Isl. (UK),Iceland,T,485.15
Falkland Isl. (UK),Namibia,T,3317.813992352
Falkland Isl. (UK),Australia,T,7890.1
Falkland Isl. (UK),China,T,207708.45651400002
Falkland Isl. (UK),Cambodia,T,20190.698170090003
Falkland Isl. (UK),Saint Vincent & the Grenadines,T,1998.65
Falkland Isl. (UK),Vanuatu,T,17001.6000001
Falkland Isl. (UK),Ghana,T,1368.4
Fernando de Noronha (Brazil),Fernando de Noronha (Brazil) (own),I,63379.609311600005
Fernando de Noronha (Brazil),Venezuela,T,29.606558088000003
Fernando de Noronha (Brazil),Malta,T,0.305619601
Fernando de Noronha (Brazil),Taiwan,T,372.450832828
Fernando de Noronha (Brazil),Estonia,T,2785.346878437
Fernando de Noronha (Brazil),Korea (South),T,1197.858698708
Fernando de Noronha (Brazil),Latvia,T,4084.2120354009994
Fernando de Noronha (Brazil),Lithuania,T,4601.196271787
Fernando de Noronha (Brazil),Russian Federation,T,16262.856041136001
Fernando de Noronha (Brazil),Ukraine,T,9314.878237874
Fernando de Noronha (Brazil),Georgia,T,0.090002359
Fiji,Fiji (own),I,2658120.6670900006
Fiji,Solomon Isl.,P,891.0939458160001
Fiji,Vanuatu,P,962.471923523
Fiji,Tuvalu,P,52.093216442999996
Fiji,Tonga,P,30.897407768999997
Fiji,Australia,T,5087.484251576
Fiji,Guam (USA),T,37.720419878
Fiji,North Marianas (USA),T,8.120090941
Fiji,Indonesia,T,136234.76098540498
Fiji,Japan,T,151855.21303919997
Fiji,Philippines,T,7220.2698456
Fiji,Taiwan,T,32343.404609385005
Fiji,USA,T,7398.382856516
Fiji,Korea (South),T,5150.78218626
Fiji,Palau,T,235.540502307
Fiji,New Zealand,T,162.458640379
Fiji,Malaysia,T,1563.88904641
Fiji,Russian Federation,T,777.036024741
Fiji,Papua New Guinea,T,1404.211586628
Fiji,French Polynesia,T,20.596068193
Fiji,Ukraine,T,0.005896612
Fiji,Estonia,T,0.001261167
Fiji,Kiribati,T,41.54406153400001
Fiji,Latvia,T,0.001843845
Fiji,Lithuania,T,0.001371037
Fiji,Samoa,T,310.22534980800003
Fiji,China,T,19546.8983118
Fiji,Micronesia,T,43.210850189
Fiji,Marshall Isl.,T,0.16715785700000002
Fiji,Cook Islands,T,116.612595798
Finland,Finland (own),I,3417303.7068100004
Finland,Estonia,P,996218.1457950001
Finland,Russian Federation,P,84377.22602789996
Finland,Sweden,P,479104.62471200014
Finland,Denmark,T,78512.82979325001
Finland,Latvia,T,9078.091940908002
Finland,Lithuania,T,19801.362717599997
Finland,Netherlands,T,58.64155868
Finland,Faeroe Isl. (Denmark),T,31337.850330689
Finland,United Kingdom,T,698.2096045
Finland,Germany,T,20334.332313
Finland,Spain,T,1.213784736
Finland,Poland,T,5555.83839481
France  (Atlantic Coast),France  (Atlantic Coast) (own),I,12651221.258399999
France  (Atlantic Coast),Belgium,P,201435.01207709996
France  (Atlantic Coast),Germany,P,293435.39803395205
France  (Atlantic Coast),United Kingdom,P,459430.163443
France  (Atlantic Coast),Spain,P,913350.1388062001
France  (Atlantic Coast),Italy,P,2748.5867197
France  (Atlantic Coast),Canada,T,222.231137963
France  (Atlantic Coast),Ireland,T,127708.47813922998
France  (Atlantic Coast),Netherlands,T,931686.18855774
France  (Atlantic Coast),Norway,T,53397.27607006501
France  (Atlantic Coast),Portugal,T,11844.968120550997
France  (Atlantic Coast),Russian Federation,T,303162.2556301931
France  (Atlantic Coast),USA,T,48.372077345
France  (Atlantic Coast),Angola,T,18919.270304099995
France  (Atlantic Coast),Denmark,T,318286.755464561
France  (Atlantic Coast),Faeroe Isl. (Denmark),T,44355.360923888984
France  (Atlantic Coast),Greece,T,1520.1029204299998
France  (Atlantic Coast),Malta,T,11.004838332999999
France  (Atlantic Coast),Sweden,T,9.287984173
France  (Atlantic Coast),Estonia,T,17.095525572000003
France  (Atlantic Coast),Georgia,T,0.646122558
France  (Atlantic Coast),Latvia,T,1748.2246155320001
France  (Atlantic Coast),Ukraine,T,8.373747852
France  (Atlantic Coast),Poland,T,16.438361977000003
France  (Atlantic Coast),Iceland,T,0.134733075
France  (Atlantic Coast),Lithuania,T,33.030371368000004
France  (Atlantic Coast),Greenland,T,0.006398709
France (Mediterranean),France (Mediterranean) (own),I,4051944.2150599994
France (Mediterranean),Germany,P,0.402056927
France (Mediterranean),United Kingdom,P,1.080846836
France (Mediterranean),Spain,P,3738.11569616
France (Mediterranean),Denmark,T,10.824936432000001
France (Mediterranean),Iceland,T,0.148444298
France (Mediterranean),Ireland,T,0.077806389
France (Mediterranean),Poland,T,3.136402036
France (Mediterranean),Sweden,T,0.270939679
France (Mediterranean),Norway,T,0.419331703
France (Mediterranean),Portugal,T,1.001209855
French Guiana,French Guiana (own),I,143481.30811520002
French Guiana,Brazil,P,42234.08342899
French Guiana,Suriname,P,234.88807
French Guiana,Cuba,T,9891.6148289
French Guiana,France,T,663163.5639980002
French Guiana,Sint Maarten,T,115.08228378300002
French Guiana,USA,T,463546.0071184999
French Guiana,Venezuela,T,163789.82141930002
French Guiana,Bahamas,T,1.3207323050000002
French Guiana,Curacao,T,70.013076804
French Guiana,Russian Federation,T,6527.98229632
French Guiana,Taiwan,T,130.223643015
French Guiana,Estonia,T,49.797689101
French Guiana,Korea (South),T,1343.946363729
French Guiana,Latvia,T,93.724803285
French Guiana,Lithuania,T,105.460613513
French Guiana,Ukraine,T,166.195567483
French Guiana,Georgia,T,0.006143437
French Guiana,Panama,T,184.80651678000004
French Guiana,Martinique (France),T,25.00959812
French Guiana,Mexico,T,6.100158972
French Guiana,Japan,T,52835.433775
French Polynesia,French Polynesia (own),I,762520.3973969999
French Polynesia,American Samoa,T,157.117874835
French Polynesia,Chile,T,67623.337434895
French Polynesia,USA,T,86210.53831986699
French Polynesia,Indonesia,T,2580.3830623500003
French Polynesia,Japan,T,356411.867797
French Polynesia,Peru,T,7751.52460752
French Polynesia,Philippines,T,6334.18414371
French Polynesia,Taiwan,T,94942.64030276501
French Polynesia,Korea (South),T,146923.23244589398
French Polynesia,Colombia,T,52.343257490000006
French Polynesia,Ecuador,T,957.8165550359998
French Polynesia,Panama,T,426.585691622
French Polynesia,Palau,T,15.6357485
French Polynesia,New Zealand,T,258.16977595000003
French Polynesia,Russian Federation,T,163502.3614995
French Polynesia,Canada,T,16.48659504
French Polynesia,Solomon Isl.,T,11.521946456
French Polynesia,Spain,T,24.009425738999997
French Polynesia,Bermuda (UK),T,30.97418275
French Polynesia,Senegal,T,131.2718177
French Polynesia,Ukraine,T,74.91685849
Gabon,Gabon (own),I,3513607.9881269997
Gabon,"Congo, R. of",P,447744.6584548411
Gabon,Cameroon,P,178022.94301209992
Gabon,Sao Tome & Principe,P,214916.26221543
Gabon,Equatorial Guinea,P,14.911452521000001
Gabon,Israel,T,849.2740835249999
Gabon,Mexico,T,7871.144651440001
Gabon,USA,T,50283.37519057101
Gabon,Cuba,T,16855.61038365
Gabon,Malta,T,516.066347978
Gabon,Japan,T,221582.66156664197
Gabon,Taiwan,T,1912.976919925
Gabon,Angola,T,216039.91599090004
Gabon,France,T,364692.62118009996
Gabon,Korea (South),T,98858.39410430402
Gabon,Russian Federation,T,582.170727771
Gabon,Estonia,T,88.09925196699999
Gabon,Georgia,T,3.3523306249999996
Gabon,Latvia,T,84.270307989
Gabon,Namibia,T,215902.12198260002
Gabon,Nigeria,T,212861.77804500007
Gabon,Senegal,T,20443.85687517
Gabon,Togo,T,217797.47606570006
Gabon,Ukraine,T,39.151697944
Gabon,Ghana,T,78707.36455605402
Gabon,Spain,T,256070.50566874002
Gabon,Cote dIvoire (Ivory Coast),T,28355.769618999995
Gabon,Cape Verde,T,13142.960793596
Gabon,Norway,T,13222.24604
Gabon,Aruba (Netherlands),T,7.6236085440000005
Gabon,Barbados,T,165.31437842
Gabon,Curacao,T,15927.247905152002
Gabon,Grenada,T,301.54035059
Gabon,Portugal,T,12099.415205312
Gabon,Saint Lucia,T,89.79260509
Gabon,Trinidad & Tobago,T,1124.5698026
Gabon,Panama,T,10751.618759418001
Gabon,Denmark,T,68.068639722
Gabon,Dominican Republic,T,32.684987225
Gabon,Germany,T,411.14787390099997
Gabon,Iceland,T,0.311859031
Gabon,Poland,T,13.085093
Gabon,United Kingdom,T,1.15285376
Gabon,Venezuela,T,7.346294341
Gabon,Bermuda (UK),T,22.356196099
Gabon,Ireland,T,0.000300781
Gabon,Sweden,T,2.828524377
Gabon,Algeria,T,145.99661128399998
Gabon,Cayman Isl. (UK),T,172.58602215099998
Gabon,Egypt,T,1.223698664
Gabon,Liberia,T,40.092745102
Gabon,Sierra Leone,T,17.302926717
Gabon,Canada,T,81.52819681
Gabon,Montenegro,T,12.096533183
Gabon,Croatia,T,0.012853238
Gabon,Guinea-Bissau,T,0.07088897
Gabon,China,T,493708.58768099995
Gabon,Congo (ex-Zaire),T,334.03125
Gabon,Belize,T,896143.02068583
Gabon,Madagascar,T,11126.7789461
Gabon,Guatemala,T,5249.8504490000005
Gabon,Guinea,T,1364.986439
Gabon,Indonesia,T,1037.543574
Gabon,Morocco,T,1.6978555119999998
Gabon,Philippines,T,1076.033668
Galapagos Isl. (Ecuador),Galapagos Isl. (Ecuador) (own),I,1242479.0005267
Galapagos Isl. (Ecuador),Japan,T,114658.38571088102
Galapagos Isl. (Ecuador),Korea (South),T,151947.734361509
Galapagos Isl. (Ecuador),Taiwan,T,267253.37887293106
Galapagos Isl. (Ecuador),Colombia,T,55299.71543819699
Galapagos Isl. (Ecuador),Costa Rica,T,10948.527817959
Gambia,Gambia (own),I,2676550.4650419997
Gambia,Senegal,P,1795487.9579702048
Gambia,Cape Verde,P,218.56332567200002
Gambia,Ghana,T,1275871.7278735144
Gambia,Malta,T,3.7727605420000003
Gambia,Taiwan,T,5950.573760841
Gambia,Angola,T,74.535895296
Gambia,France,T,389224.80997429986
Gambia,Korea (South),T,90124.039344309
Gambia,Estonia,T,9.461242952
Gambia,Georgia,T,0.279488893
Gambia,Latvia,T,199750.91692799097
Gambia,Ukraine,T,83069.99650355201
Gambia,Russian Federation,T,270767.50200990395
Gambia,Spain,T,486696.28360409994
Gambia,Cote dIvoire (Ivory Coast),T,68.790190887
Gambia,Israel,T,0.653973189
Gambia,Norway,T,439417.17405999993
Gambia,Mexico,T,0.572127105
Gambia,Panama,T,34858.003762140994
Gambia,USA,T,4528.091548304001
Gambia,Denmark,T,6.403540559
Gambia,Germany,T,0.289112596
Gambia,Iceland,T,0.083012936
Gambia,Poland,T,1.616887136
Gambia,Portugal,T,26451.892041738
Gambia,United Kingdom,T,43618.038507868994
Gambia,Bermuda (UK),T,59334.33747
Gambia,South Africa,T,59334.337469000006
Gambia,Venezuela,T,1.975702031
Gambia,Ireland,T,0.029116303000000003
Gambia,Sweden,T,0.17150821300000002
Gambia,Dominican Republic,T,3.247408012
Gambia,Lithuania,T,706118.9324340001
Gambia,China,T,375322.50611333904
Gambia,Cuba,T,9.569758335
Gambia,Belgium,T,15261.340373699999
Gambia,Brazil,T,2840.2339760000004
Gambia,Greece,T,255384.7781936
Gambia,Guinea-Bissau,T,3764.8608427
Gambia,Honduras,T,13399.626949000001
Gambia,Italy,T,100143.61802810001
Gambia,Japan,T,226208.008920698
Gambia,Mauritania,T,0.685833264
Gambia,Morocco,T,32954.405639
Gambia,Nigeria,T,380047.5864791999
Gambia,Saint Vincent & the Grenadines,T,68679.57809079999
Gambia,Sierra Leone,T,60994.90082809401
Gambia,Chile,T,25.25
Gambia,Guinea,T,667.204889117
Gambia,Belize,T,8237.051898
Gambia,South Cyprus,T,2807.264853
Gambia,Cameroon,T,3811.40645
Gambia,Netherlands,T,318.7457696
Gambia,Lebanon,T,717.4871563
Gambia,Tanzania,T,1993.544136
Gaza Strip,Gaza Strip (own),I,246452.27102610003
Gaza Strip,Malta,T,49.642539328999995
Gaza Strip,South Cyprus,T,35.506482467
Gaza Strip,Bulgaria,T,0.675907255
Gaza Strip,Greece,T,1780.756266851
Gaza Strip,Croatia,T,12.97184706
Gaza Strip,Libya,T,250.231020861
Gaza Strip,Barbados,T,0.014056377
Gaza Strip,Algeria,T,50.383568983
Gaza Strip,Benin,T,0.130513745
Gaza Strip,Liberia,T,0.023700040999999998
Gaza Strip,Sao Tome & Principe,T,0.027144214
Gaza Strip,Togo,T,0.026317018
Gaza Strip,Turkey,T,4.732051441
Gaza Strip,USA,T,2.701661988
Gaza Strip,Portugal,T,1.8849574690000002
Gaza Strip,France,T,3452.2818297999997
Gaza Strip,Albania,T,1.158499118
Gaza Strip,Spain,T,6.349737509
Georgia,Georgia (own),I,3445036.2562909992
Georgia,Russian Federation,P,150351.59925300002
Georgia,Turkey,P,684257.9956499999
Georgia,Ukraine,T,307784.54173758
Germany (Baltic Sea),Germany (Baltic Sea) (own),I,2336492.5200699987
Germany (Baltic Sea),Denmark,P,1584963.6529429995
Germany (Baltic Sea),Poland,P,344800.68426199997
Germany (Baltic Sea),Sweden,P,264841.753364
Germany (Baltic Sea),Netherlands,P,5.434101323
Germany (Baltic Sea),United Kingdom,P,56.76769763
Germany (Baltic Sea),Finland,T,6290.529197044
Germany (Baltic Sea),Latvia,T,3877.9411598389993
Germany (Baltic Sea),Lithuania,T,6086.226090589999
Germany (Baltic Sea),Faeroe Isl. (Denmark),T,2658.780335886
Germany (Baltic Sea),Norway,T,0.074366263
Germany (Baltic Sea),Estonia,T,479.616749009
Germany (Baltic Sea),Spain,T,0.158554639
Germany (North Sea),Germany (North Sea) (own),I,4892255.5659
Germany (North Sea),Belgium,P,157093.33308499996
Germany (North Sea),Denmark,P,5219258.953921999
Germany (North Sea),France,P,185536.89230684002
Germany (North Sea),Netherlands,P,1750091.7579099997
Germany (North Sea),Sweden,P,280303.0601709999
Germany (North Sea),United Kingdom,P,703897.958288
Germany (North Sea),Poland,P,3.25e-05
Germany (North Sea),Norway,T,119900.36726977
Germany (North Sea),Russian Federation,T,255453.53237709298
Germany (North Sea),Faeroe Isl. (Denmark),T,98322.39550495199
Germany (North Sea),Iceland,T,3042.38944692
Germany (North Sea),Spain,T,193.24000711799997
Germany (North Sea),Portugal,T,8.048110569
Germany (North Sea),Ireland,T,1936.0959635919999
Germany (North Sea),Latvia,T,2068.649612163
Germany (North Sea),Estonia,T,0.468033314
Germany (North Sea),Greenland,T,115.40343895000001
Germany (North Sea),Lithuania,T,0.125284462
Ghana,Ghana (own),I,20468439.57434
Ghana,Cote dIvoire (Ivory Coast),P,261645.15484139
Ghana,Togo,P,118010.25719899999
Ghana,Israel,T,1868.2923263630003
Ghana,Mexico,T,11494.175362999998
Ghana,USA,T,61710.400208700004
Ghana,Cuba,T,8308.037381086999
Ghana,Malta,T,419.2861520400001
Ghana,Japan,T,1217256.9556409998
Ghana,Taiwan,T,2084.4692116969995
Ghana,Angola,T,10630.15988248
Ghana,France,T,41435.917870000005
Ghana,Korea (South),T,36108.789678473004
Ghana,Russian Federation,T,811.304782948
Ghana,Estonia,T,277.921534672
Ghana,Georgia,T,10.575400942000002
Ghana,Latvia,T,294.419156515
Ghana,Senegal,T,4216.854349007001
Ghana,Ukraine,T,137.057195318
Ghana,Dominican Republic,T,90.678458002
Ghana,South Cyprus,T,33.397046825000004
Ghana,Spain,T,27959.776289
Ghana,Cape Verde,T,6337.565647400001
Ghana,Norway,T,11849.0231329
Ghana,Aruba (Netherlands),T,69.31998725
Ghana,Barbados,T,121.68965913000001
Ghana,Curacao,T,116.70687917000001
Ghana,Grenada,T,189.23269723
Ghana,Saint Lucia,T,55.9568935
Ghana,Trinidad & Tobago,T,723.4470865000001
Ghana,Panama,T,4294.65834352
Ghana,Algeria,T,483.64893459999996
Ghana,Denmark,T,9.504176759
Ghana,Egypt,T,6.900489942
Ghana,Equatorial Guinea,T,499.9641325
Ghana,Germany,T,0.19311837999999998
Ghana,Iceland,T,0.124219735
Ghana,Liberia,T,333.30942157
Ghana,Morocco,T,18.93942769
Ghana,Poland,T,1.650989904
Ghana,United Kingdom,T,0.6232392270000001
Ghana,Venezuela,T,136.51409409000001
Ghana,Bermuda (UK),T,12.349190573000001
Ghana,Ireland,T,0.046144066
Ghana,Sao Tome & Principe,T,18.547777599
Ghana,Sweden,T,0.06101212
Ghana,China,T,69844.06273999998
Ghana,"Congo, R. of",T,77.71901020000001
Ghana,Mauritania,T,189.5151612
Glorieuse Islands (France),Glorieuse Islands (France) (own),I,3165.524800118
Glorieuse Islands (France),Madagascar,P,41.559375004
Glorieuse Islands (France),Egypt,T,160.65222537
Glorieuse Islands (France),Japan,T,1148.865128686
Glorieuse Islands (France),Taiwan,T,439.77429568300005
Glorieuse Islands (France),Russian Federation,T,270.255948594
Glorieuse Islands (France),Ukraine,T,332.321417252
Glorieuse Islands (France),Korea (South),T,137.50178843700002
Glorieuse Islands (France),Spain,T,265.76829082
Glorieuse Islands (France),Indonesia,T,0.594336852
Greece (without Crete),Greece (without Crete) (own),I,10003613.883820003
Greece (without Crete),Bulgaria,P,161.924865715
Greece (without Crete),Italy,P,16.577493092
Greece (without Crete),Turkey,P,58204.96963316002
Greece (without Crete),Libya,P,1287.915745926
Greece (without Crete),Egypt,P,0.034805857
Greece (without Crete),Croatia,T,152.693672815
Greece (without Crete),Malta,T,25.920885111000004
Greece (without Crete),Montenegro,T,3.6580865070000006
Greece (without Crete),Norway,T,131.783491904
Greece (without Crete),USA,T,73.860590327
Greece (without Crete),Canada,T,811.3811679
Greece (without Crete),Argentina,T,1.333875221
Greece (without Crete),Lebanon,T,1923.87937392
Greece (without Crete),South Cyprus,T,12.891523296999999
Greece (without Crete),Syrian Arab Republic,T,63.523080705000005
Greece (without Crete),Israel,T,1.6444501750000002
Greece (without Crete),Denmark,T,0.001569921
Greece (without Crete),Germany,T,0.000935488
Greece (without Crete),Iceland,T,2.17e-05
Greece (without Crete),Poland,T,0.000462473
Greece (without Crete),Sweden,T,2.17e-05
Greece (without Crete),Taiwan,T,0.002610743
Greece (without Crete),Tunisia,T,1087.91934275
Greece (without Crete),Cameroon,T,0.00045691
Greece (without Crete),Gambia,T,0.000584135
Greece (without Crete),Guinea-Bissau,T,0.000228455
Greece (without Crete),Liberia,T,0.011323546
Greece (without Crete),Mauritania,T,0.028709168
Greece (without Crete),Nigeria,T,0.000206621
Greece (without Crete),Sao Tome & Principe,T,0.00842406
Greece (without Crete),Togo,T,0.007595109
Greece (without Crete),Korea (South),T,0.570875914
Greece (without Crete),France,T,75.570864278
Greece (without Crete),Portugal,T,11.459382843
Greenland (Denmark),Greenland (Denmark) (own),I,7950141.439569997
Greenland (Denmark),Iceland,P,1980214.1665428043
Greenland (Denmark),Canada,P,2240.5342805170008
Greenland (Denmark),Belgium,T,17639.80824662
Greenland (Denmark),Denmark,T,389509.01214471407
Greenland (Denmark),Faeroe Isl. (Denmark),T,4143260.0121325995
Greenland (Denmark),France,T,6635.534942011001
Greenland (Denmark),Germany,T,8335430.596123001
Greenland (Denmark),Netherlands,T,91.98566611900002
Greenland (Denmark),Norway,T,4124054.431716409
Greenland (Denmark),Portugal,T,5311044.613519512
Greenland (Denmark),Russian Federation,T,1522597.3536232996
Greenland (Denmark),Spain,T,801497.3342404821
Greenland (Denmark),Sweden,T,921.027377895
Greenland (Denmark),United Kingdom,T,1190137.4242290137
Greenland (Denmark),Estonia,T,29528.73283609
Greenland (Denmark),Latvia,T,40110.50235757999
Greenland (Denmark),Lithuania,T,63815.310282709994
Greenland (Denmark),Italy,T,392.01582086
Greenland (Denmark),Poland,T,15022.684301682
Greenland (Denmark),Cuba,T,50.81466562
Greenland (Denmark),Japan,T,43081.064059555
Greenland (Denmark),Ireland,T,11.496577116
Grenada,Grenada (own),I,122575.62891440002
Grenada,Venezuela,P,1304.1396516149998
Grenada,Cuba,T,1926.0018210199996
Grenada,Sint Maarten,T,16.77875019
Grenada,Bahamas,T,0.174618602
Grenada,Curacao,T,18.496314155
Grenada,Taiwan,T,42.199431593000014
Grenada,Russian Federation,T,1426.162387518
Grenada,Korea (South),T,101.87945735500001
Grenada,Estonia,T,0.242146937
Grenada,Georgia,T,0.009214116999999999
Grenada,Latvia,T,0.25652100499999997
Grenada,Ukraine,T,0.119414935
Grenada,Angola,T,0.826761731
Grenada,Ghana,T,1.320378097
Grenada,Cape Verde,T,0.5552935849999999
Grenada,Panama,T,7.83164537
Grenada,USA,T,60.307102044000004
Grenada,Japan,T,9.067101422
Grenada,Martinique (France),T,4.195502578
Grenada,Mexico,T,0.66482379
Guadeloupe (France),Guadeloupe (France) (own),I,564653.865858
Guadeloupe (France),Dominica,P,2888.6068487
Guadeloupe (France),Cuba,T,3302.1400098600006
Guadeloupe (France),Sint Maarten,T,37.327461123000006
Guadeloupe (France),Venezuela,T,1915.0565625999998
Guadeloupe (France),Bahamas,T,0.38847166600000005
Guadeloupe (France),Curacao,T,43.984964727000005
Guadeloupe (France),Taiwan,T,1518.340209942
Guadeloupe (France),Russian Federation,T,3511.398891874
Guadeloupe (France),Korea (South),T,1654.726626227
Guadeloupe (France),Estonia,T,6.897319816
Guadeloupe (France),Georgia,T,0.26245509300000003
Guadeloupe (France),Latvia,T,7.30674964
Guadeloupe (France),Ukraine,T,3.4014180130000002
Guadeloupe (France),Angola,T,0.172313174
Guadeloupe (France),Ghana,T,0.30172508400000003
Guadeloupe (France),Cape Verde,T,0.09613326000000001
Guadeloupe (France),Panama,T,134.796644811
Guadeloupe (France),Japan,T,1.6537115770000002
Guadeloupe (France),Martinique (France),T,11.452527939
Guam (USA),Guam (USA) (own),I,34352.512132287986
Guam (USA),Australia,T,38.944755171
Guam (USA),North Marianas (USA),T,1.055740889
Guam (USA),Korea (South),T,2274.310526098
Guam (USA),Indonesia,T,20761.064910507994
Guam (USA),Japan,T,18057.850653439997
Guam (USA),Philippines,T,2288.998548652
Guam (USA),Taiwan,T,7882.62261391
Guam (USA),Palau,T,98.52109308300001
Guam (USA),New Zealand,T,3.851791952
Guam (USA),Malaysia,T,612.452277014
Guam (USA),Papua New Guinea,T,412.76621751799996
Guam (USA),Solomon Isl.,T,313.06844686299996
Guam (USA),Fiji,T,38.978851575
Guam (USA),Vanuatu,T,26.675059859
Guam (USA),French Polynesia,T,4.923423522
Guam (USA),Russian Federation,T,187.40312691999998
Guam (USA),Kiribati,T,4.805489628999999
Guam (USA),New Caledonia (France),T,1.243425419
Guam (USA),American Samoa,T,0.010054661
Guam (USA),Honduras,T,60.01491041
Guam (USA),Tonga,T,0.095256487
Guam (USA),Tuvalu,T,0.221590774
Guatemala (Caribbean),Guatemala (Caribbean) (own),I,214462.89450560004
Guatemala (Caribbean),Cuba,T,81.62152905099998
Guatemala (Caribbean),Sint Maarten,T,1.4769899350000002
Guatemala (Caribbean),Venezuela,T,78.16491787600002
Guatemala (Caribbean),Bahamas,T,0.017996204
Guatemala (Caribbean),Curacao,T,0.053167825000000016
Guatemala (Caribbean),Russian Federation,T,70.42784655509999
Guatemala (Caribbean),Taiwan,T,0.32495888900000003
Guatemala (Caribbean),Martinique (France),T,0.134613331
Guatemala (Caribbean),Korea (South),T,1.14074585
Guatemala (Pacific),Guatemala (Pacific) (own),I,1975478.3676219997
Guatemala (Pacific),Mexico,P,1361.5773644990002
Guatemala (Pacific),American Samoa,T,2.231218816
Guatemala (Pacific),USA,T,107991.47119920002
Guatemala (Pacific),Chile,T,27.977959519000002
Guatemala (Pacific),Colombia,T,12.380211628
Guatemala (Pacific),Ecuador,T,612.6406326429998
Guatemala (Pacific),Peru,T,236.73296244900007
Guatemala (Pacific),Panama,T,504.21999584
Guatemala (Pacific),Canada,T,516.2519069479999
Guatemala (Pacific),Japan,T,2857.73727433
Guatemala (Pacific),Russian Federation,T,5822.9649263599995
Guatemala (Pacific),Taiwan,T,10.882547222
Guatemala (Pacific),Spain,T,360.58423844
Guatemala (Pacific),Costa Rica,T,41.22477759
Guatemala (Pacific),Netherlands,T,126.66474894000001
Guatemala (Pacific),Bermuda (UK),T,15.207461577
Guatemala (Pacific),Korea (South),T,302.3029849
Guatemala (Pacific),China,T,56.34888636
Guinea,Guinea (own),I,9344918.402320001
Guinea,Senegal,P,1434921.0237163
Guinea,Liberia,P,276184.41513399995
Guinea,Sierra Leone,P,1201651.0200296
Guinea,Guinea-Bissau,P,0.010032687
Guinea,France,T,1897052.34027732
Guinea,Germany,T,1137133.3553288
Guinea,Greece,T,858762.5322073102
Guinea,Israel,T,39.122040631000004
Guinea,Italy,T,584157.98746183
Guinea,Korea (South),T,1619690.9806808003
Guinea,Mexico,T,289.085942613
Guinea,Panama,T,175698.720497654
Guinea,Portugal,T,480678.0435097
Guinea,Russian Federation,T,2206358.5496409996
Guinea,Spain,T,5416693.455687469
Guinea,Ukraine,T,1873449.019051
Guinea,USA,T,1335419.99687266
Guinea,Malta,T,1205934.6314499632
Guinea,China,T,1940329.670743
Guinea,Poland,T,420471.3046780001
Guinea,Japan,T,947759.5740815662
Guinea,Latvia,T,185620.592800506
Guinea,Taiwan,T,297.3868091
Guinea,Angola,T,124.15306690999999
Guinea,Lithuania,T,18547.984922
Guinea,Cote dIvoire (Ivory Coast),T,73254.36428089999
Guinea,Estonia,T,159.43026565800002
Guinea,Georgia,T,6.000295482
Guinea,Ghana,T,275976.914443
Guinea,Montenegro,T,4045.5713556700002
Guinea,Cape Verde,T,3587.1858790640003
Guinea,Norway,T,11603.4639974
Guinea,Venezuela,T,2.713216783
Guinea,Denmark,T,8.179819083
Guinea,Iceland,T,0.072788111
Guinea,Ireland,T,0.009564517
Guinea,Sweden,T,0.09399080300000001
Guinea,United Kingdom,T,0.078698854
Guinea,Dominican Republic,T,24.473119922000002
Guinea,Syrian Arab Republic,T,3.647117287
Guinea,Cuba,T,15.7488902
Guinea,Croatia,T,8.755021668000001
Guinea,Mauritania,T,4.777771659
Guinea,Bulgaria,T,110.2809379
Guinea-Bissau,Guinea-Bissau (own),I,1732063.4016399998
Guinea-Bissau,Guinea,P,134260.745129749
Guinea-Bissau,Senegal,P,2426378.48205899
Guinea-Bissau,Mexico,T,81.101904621
Guinea-Bissau,USA,T,433.20284237900006
Guinea-Bissau,Venezuela,T,12.026137085000002
Guinea-Bissau,China,T,2245180.3543077
Guinea-Bissau,France,T,814528.5712194102
Guinea-Bissau,Ghana,T,88773.50261990001
Guinea-Bissau,Greece,T,270548.79158529994
Guinea-Bissau,Honduras,T,100445.43158969199
Guinea-Bissau,Italy,T,1084686.2898620002
Guinea-Bissau,Japan,T,203240.58727375904
Guinea-Bissau,Korea (South),T,2892636.485251999
Guinea-Bissau,Malta,T,15.244612233000002
Guinea-Bissau,Morocco,T,105470.73166194999
Guinea-Bissau,Panama,T,117296.32218569
Guinea-Bissau,Portugal,T,729856.362486386
Guinea-Bissau,Russian Federation,T,3771759.4279402005
Guinea-Bissau,Saint Vincent & the Grenadines,T,16453.197190081
Guinea-Bissau,Sierra Leone,T,45182.90195445698
Guinea-Bissau,South Cyprus,T,47354.68158232999
Guinea-Bissau,Spain,T,2068175.4495239267
Guinea-Bissau,Latvia,T,805576.5587445799
Guinea-Bissau,Ukraine,T,313522.53229264094
Guinea-Bissau,Taiwan,T,5937.162110752
Guinea-Bissau,Angola,T,1908.10769698
Guinea-Bissau,Lithuania,T,10823.926925
Guinea-Bissau,Cote dIvoire (Ivory Coast),T,106400.33396379999
Guinea-Bissau,Estonia,T,68.302092802
Guinea-Bissau,Georgia,T,2.2093639549999997
Guinea-Bissau,Israel,T,0.14227863400000001
Guinea-Bissau,Norway,T,9836.883634600003
Guinea-Bissau,Denmark,T,24.700904357
Guinea-Bissau,Germany,T,0.64663953
Guinea-Bissau,Iceland,T,11551.107782117
Guinea-Bissau,Poland,T,5487.623429728
Guinea-Bissau,United Kingdom,T,858.788245171
Guinea-Bissau,Ireland,T,0.056355352000000004
Guinea-Bissau,Sweden,T,1.279863218
Guinea-Bissau,Cape Verde,T,78549.885777984
Guinea-Bissau,Dominican Republic,T,22.433237911
Guinea-Bissau,Mauritania,T,13913.141229758
Guinea-Bissau,Algeria,T,0.123040067
Guinea-Bissau,Belize,T,638008.958377
Guinea-Bissau,Gabon,T,3270.6098570000004
Guinea-Bissau,Comoros,T,186018.482747
Guinea-Bissau,Guatemala,T,19765.000399
Guinea-Bissau,Curacao,T,27025.89688
Guyana,Guyana (own),I,3007911.1604200006
Guyana,Venezuela,P,41417.5913229
Guyana,Trinidad & Tobago,P,726.70321985
Guyana,Barbados,P,87.03452306899999
Guyana,Suriname,P,1119.8800843000001
Guyana,Cuba,T,13069.7246454
Guyana,Sint Maarten,T,125.040624028
Guyana,Bahamas,T,1.4350183730000001
Guyana,USA,T,14463.420000554
Guyana,Curacao,T,82.49896239399999
Guyana,Russian Federation,T,9230.299488905
Guyana,Taiwan,T,80.65611764500001
Guyana,Korea (South),T,1949.5628180889998
Guyana,Estonia,T,0.068362793
Guyana,Georgia,T,0.002601347
Guyana,Latvia,T,0.072420857
Guyana,Ukraine,T,0.033713153
Guyana,Japan,T,11373.0959999
Guyana,Malta,T,0.003247471
Guyana,Mexico,T,3.5270568069999997
Guyana,Panama,T,45.983869895
Guyana,Martinique (France),T,27.177773639999998
Guyana,China,T,1.17885522
Haiti,Haiti (own),I,945716.5757720002
Haiti,Cuba,P,24445.346248670005
Haiti,Bahamas,P,0.957688984
Haiti,Colombia,P,0.416076371
Haiti,Jamaica,P,0.468469005
Haiti,Turks & Caicos Isl. (UK),P,0.612826795
Haiti,Sint Maarten,T,83.448428474
Haiti,Venezuela,T,72597.86659175999
Haiti,Curacao,T,8664.758696072
Haiti,Russian Federation,T,7159.426436194999
Haiti,Taiwan,T,445.803311981
Haiti,Korea (South),T,6045.110919775999
Haiti,Estonia,T,2.27954993
Haiti,Georgia,T,0.086740869
Haiti,Latvia,T,2.41486583
Haiti,Ukraine,T,1.124161656
Haiti,Panama,T,11.611111695
Haiti,Malta,T,0.019636902
Haiti,Mexico,T,1.892208644
Haiti,USA,T,6.179633082
Haiti,Martinique (France),T,1804.12445659
Haiti,Iceland,T,18.23765031
Haiti,Bermuda (UK),T,18.804370943000002
Haiti,Grenada,T,1.910098777
Haiti,Saint Kitts & Nevis,T,3.54523982
Haiti,Aruba (Netherlands),T,0.467530762
Haiti,Saint Lucia,T,0.363780907
Haiti,Suriname,T,238.9418591
Haiti,China,T,6.69160635
Haiti,Belize,T,45.624769829
Haiti,Japan,T,48.904415439999994
Hawaii Main Islands (USA),Hawaii Main Islands (USA) (own),I,1588225.664186
Hawaii Main Islands (USA),American Samoa,T,136.808923122
Hawaii Main Islands (USA),Indonesia,T,539.45006492
Hawaii Main Islands (USA),Japan,T,30887.437151782004
Hawaii Main Islands (USA),Philippines,T,1258.6179211359997
Hawaii Main Islands (USA),Taiwan,T,3553.351885263
Hawaii Main Islands (USA),Korea (South),T,3212.518231184
Hawaii Main Islands (USA),Palau,T,15.078492898
Hawaii Main Islands (USA),New Zealand,T,8.189917753
Hawaii Main Islands (USA),Russian Federation,T,56876.13390692101
Hawaii Main Islands (USA),Canada,T,3.518528777
Hawaii Main Islands (USA),Ecuador,T,42.620379695
Hawaii Main Islands (USA),Solomon Isl.,T,12.175234190999998
Hawaii Main Islands (USA),Spain,T,32.710051575
Hawaii Main Islands (USA),Bermuda (UK),T,102.687232778
Hawaii Main Islands (USA),Australia,T,0.073700397
Hawaii Main Islands (USA),Fiji,T,0.345361765
Hawaii Main Islands (USA),Papua New Guinea,T,13.06229868
Hawaii Main Islands (USA),Guam (USA),T,0.081734644
Hawaii Main Islands (USA),Kiribati,T,0.314149013
Hawaii Main Islands (USA),Tonga,T,0.135839377
Hawaii Main Islands (USA),China,T,480.7774607
Hawaii Northwest Islands (USA),Hawaii Northwest Islands (USA) (own),I,24080.75220443
Hawaii Northwest Islands (USA),American Samoa,T,140.398830235
Hawaii Northwest Islands (USA),Philippines,T,6202.469371486999
Hawaii Northwest Islands (USA),Taiwan,T,219795.5248001
Hawaii Northwest Islands (USA),Korea (South),T,15259.318612764
Hawaii Northwest Islands (USA),Indonesia,T,3214.768586384
Hawaii Northwest Islands (USA),Japan,T,117303.9033015
Hawaii Northwest Islands (USA),China,T,138891.3031284
Hawaii Northwest Islands (USA),Palau,T,295.736452184
Hawaii Northwest Islands (USA),New Zealand,T,117.669062618
Hawaii Northwest Islands (USA),Russian Federation,T,2366.309749675
Hawaii Northwest Islands (USA),Canada,T,3.817278032
Hawaii Northwest Islands (USA),Australia,T,6.946274160000001
Hawaii Northwest Islands (USA),Papua New Guinea,T,1265.38282931
Hawaii Northwest Islands (USA),Solomon Isl.,T,779.4701416759999
Hawaii Northwest Islands (USA),Ecuador,T,41.152120619
Hawaii Northwest Islands (USA),Spain,T,35.487378168999996
Hawaii Northwest Islands (USA),Bermuda (UK),T,110.802981696
Hawaii Northwest Islands (USA),Fiji,T,131.648941557
Hawaii Northwest Islands (USA),French Polynesia,T,21.085838717
Hawaii Northwest Islands (USA),Guam (USA),T,0.250477258
Hawaii Northwest Islands (USA),Kiribati,T,13.845875383
Hawaii Northwest Islands (USA),New Caledonia (France),T,5.94774671
Hawaii Northwest Islands (USA),Tonga,T,0.724700765
Hawaii Northwest Islands (USA),Tuvalu,T,1.250294795
Heard & McDonald Isl. (Australia),Heard & McDonald Isl. (Australia) (own),I,63698.47660085499
Heard & McDonald Isl. (Australia),Japan,T,0.7580347889999999
Heard & McDonald Isl. (Australia),Taiwan,T,0.00020370000000000002
Heard & McDonald Isl. (Australia),Ukraine,T,43462.0
Heard & McDonald Isl. (Australia),Indonesia,T,1.18e-05
Heard & McDonald Isl. (Australia),Poland,T,383.0
Honduras (Caribbean),Honduras (Caribbean) (own),I,801147.6077640001
Honduras (Caribbean),Cayman Isl. (UK),P,7115.838883270002
Honduras (Caribbean),Cuba,P,15106.535515000001
Honduras (Caribbean),Mexico,P,65.248955235
Honduras (Caribbean),Sint Maarten,T,251.47716228199997
Honduras (Caribbean),USA,T,117.306384815
Honduras (Caribbean),Venezuela,T,9854.32158287
Honduras (Caribbean),Bahamas,T,2.2047421409999997
Honduras (Caribbean),Curacao,T,223.28558676400002
Honduras (Caribbean),Russian Federation,T,14881.382403694999
Honduras (Caribbean),Taiwan,T,160.63636014
Honduras (Caribbean),Korea (South),T,299.925990529
Honduras (Caribbean),Malta,T,1.143952597
Honduras (Caribbean),Estonia,T,0.00023794
Honduras (Caribbean),Georgia,T,9.05e-06
Honduras (Caribbean),Latvia,T,0.000252065
Honduras (Caribbean),Ukraine,T,0.000117341
Honduras (Caribbean),Martinique (France),T,246.77283608
Honduras (Caribbean),Italy,T,45.68366101
Honduras (Pacific),Honduras (Pacific) (own),I,193107.2377771
Honduras (Pacific),Mexico,P,0.862785213
Honduras (Pacific),American Samoa,T,0.204481882
Honduras (Pacific),USA,T,127.79650557900003
Honduras (Pacific),Chile,T,0.009655816999999999
Honduras (Pacific),Colombia,T,0.00015236999999999998
Honduras (Pacific),Ecuador,T,0.030010952
Honduras (Pacific),Panama,T,0.000470805
Honduras (Pacific),Peru,T,0.0028986610000000003
Honduras (Pacific),Canada,T,0.000189402
Honduras (Pacific),Japan,T,2.2602354880000006
Honduras (Pacific),Russian Federation,T,65.28817034599999
Honduras (Pacific),Taiwan,T,0.232452792
Honduras (Pacific),Costa Rica,T,0.004598266
Honduras (Pacific),Spain,T,0.0006402090000000001
Honduras (Pacific),Bermuda (UK),T,0.002336723
Honduras (Pacific),Korea (South),T,2.2349768709999998
Honduras (Pacific),Senegal,T,2.61e-05
Hong Kong (China),Hong Kong (China) (own),I,1106248.6635909998
Hong Kong (China),China,P,252076.91779449
Hong Kong (China),Taiwan,T,7086.576538927
Hong Kong (China),Korea (South),T,3695.782785811999
Hong Kong (China),Ukraine,T,0.18588794
Howland & Baker Isl. (USA),Howland & Baker Isl. (USA) (own),I,104137.726327472
Howland & Baker Isl. (USA),American Samoa,T,4.6359844610000005
Howland & Baker Isl. (USA),Australia,T,68.22726070399999
Howland & Baker Isl. (USA),Guam (USA),T,16.299796126
Howland & Baker Isl. (USA),North Marianas (USA),T,1.245575463
Howland & Baker Isl. (USA),Philippines,T,13788.619927288
Howland & Baker Isl. (USA),Indonesia,T,32306.532710779997
Howland & Baker Isl. (USA),Japan,T,125921.49810639997
Howland & Baker Isl. (USA),Taiwan,T,16631.6186454
Howland & Baker Isl. (USA),Korea (South),T,5561.422642491001
Howland & Baker Isl. (USA),Palau,T,1053.5491141999998
Howland & Baker Isl. (USA),New Zealand,T,23.298222916
Howland & Baker Isl. (USA),Malaysia,T,817.7369060179999
Howland & Baker Isl. (USA),Russian Federation,T,190.95743609599998
Howland & Baker Isl. (USA),Canada,T,0.161228643
Howland & Baker Isl. (USA),Ecuador,T,1.6575302940000003
Howland & Baker Isl. (USA),Solomon Isl.,T,3667.1686414329997
Howland & Baker Isl. (USA),Spain,T,1.498864328
Howland & Baker Isl. (USA),Bermuda (UK),T,4.585656379
Howland & Baker Isl. (USA),Vanuatu,T,31.471540409000003
Howland & Baker Isl. (USA),Fiji,T,618.0626069049999
Howland & Baker Isl. (USA),Papua New Guinea,T,4193.40587161
Howland & Baker Isl. (USA),French Polynesia,T,108.48681727000002
Howland & Baker Isl. (USA),Kiribati,T,70.84140237
Howland & Baker Isl. (USA),New Caledonia (France),T,45.249275530999995
Howland & Baker Isl. (USA),Honduras,T,87.3106193
Howland & Baker Isl. (USA),Tonga,T,2.409608226
Howland & Baker Isl. (USA),Tuvalu,T,8.059403975
Iceland,Iceland (own),I,73662859.7678
Iceland,Greenland,P,257399.169703736
Iceland,Belgium,T,666359.9739174997
Iceland,Denmark,T,4338.432429135
Iceland,Faeroe Isl. (Denmark),T,1583952.8794910002
Iceland,France,T,143664.78979084996
Iceland,Germany,T,4480699.376383398
Iceland,Netherlands,T,13440.060013421002
Iceland,Norway,T,2008675.576871
Iceland,Russian Federation,T,474115.0930999498
Iceland,Sweden,T,46638.707391198994
Iceland,United Kingdom,T,4973261.796902747
Iceland,Spain,T,45286.615159166984
Iceland,Ireland,T,5.850890398
Iceland,Portugal,T,730.02503271
India (mainland),India (mainland) (own),I,140280795.22749993
India (mainland),Thailand,P,2588647.5889787995
India (mainland),Indonesia,P,595048.633543476
India (mainland),Sri Lanka,P,755712.82446893
India (mainland),China,P,63802.79009476
India (mainland),Egypt,T,9605.664407000002
India (mainland),Malaysia,T,796.484542898
India (mainland),Japan,T,106150.95010183004
India (mainland),Taiwan,T,1171509.596866203
India (mainland),Russian Federation,T,15536.988973360001
India (mainland),Ukraine,T,19464.07090349
India (mainland),Korea (South),T,40096.50947733999
India (mainland),Australia,T,1330.72527642
India (mainland),Spain,T,2848.0783964
India (mainland),Madagascar,T,884.39223415
India (mainland),Iran,T,176.795509
India (mainland),Honduras,T,5292.4456146
India (mainland),Panama,T,3069.0
Indonesia (Central),Indonesia (Central) (own),I,43741752.696499996
Indonesia (Central),Australia,P,20984.956472956
Indonesia (Central),Taiwan,P,974201.138068456
Indonesia (Central),Philippines,P,818295.8700298871
Indonesia (Central),China,P,822676.7319755
Indonesia (Central),Malaysia,P,887826.5699875001
Indonesia (Central),Thailand,P,18636271.3468645
Indonesia (Central),Palau,P,0.000144688
Indonesia (Central),Viet Nam,P,0.000991923
Indonesia (Central),Guam (USA),T,52.8584155
Indonesia (Central),North Marianas (USA),T,29.976673958000003
Indonesia (Central),Japan,T,11197.48702142
Indonesia (Central),Korea (South),T,2639.642930611
Indonesia (Central),USA,T,2.021806057
Indonesia (Central),Russian Federation,T,33.051712992
Indonesia (Central),Ukraine,T,132.206830056
Indonesia (Central),South Africa,T,0.0041315779999999995
Indonesia (Central),Madagascar,T,22.692424380000002
Indonesia (Central),Solomon Isl.,T,6.34e-05
Indonesia (Central),New Zealand,T,1.2833e-05
Indonesia (Central),Vanuatu,T,38.58787115
Indonesia (Eastern),Indonesia (Eastern) (own),I,80878842.13849998
Indonesia (Eastern),Australia,P,130997.12799045802
Indonesia (Eastern),Malaysia,P,1315185.2779859924
Indonesia (Eastern),Philippines,P,3317678.9342006883
Indonesia (Eastern),Taiwan,P,2490438.88085509
Indonesia (Eastern),Palau,P,236.629582264
Indonesia (Eastern),Thailand,P,58659608.2312656
Indonesia (Eastern),China,P,1242707.3485159997
Indonesia (Eastern),Papua New Guinea,P,1487.285918637
Indonesia (Eastern),Guam (USA),T,142.837985429
Indonesia (Eastern),Japan,T,1737592.2663325998
Indonesia (Eastern),North Marianas (USA),T,46.316369652
Indonesia (Eastern),USA,T,6681.49542298
Indonesia (Eastern),Korea (South),T,890929.402577038
Indonesia (Eastern),Russian Federation,T,4266.638315707
Indonesia (Eastern),Ukraine,T,300.22063022000003
Indonesia (Eastern),South Africa,T,0.068715096
Indonesia (Eastern),New Zealand,T,6.191778457
Indonesia (Eastern),Solomon Isl.,T,496.867701926
Indonesia (Eastern),Madagascar,T,50.267980559
Indonesia (Eastern),Fiji,T,3.703837646
Indonesia (Eastern),Vanuatu,T,342.18129757500003
Indonesia (Eastern),Sri Lanka,T,12.922154979
Indonesia (Eastern),French Polynesia,T,0.599699493
Indonesia (Eastern),Iran,T,0.000426943
Indonesia (Indian Ocean),Indonesia (Indian Ocean) (own),I,45867210.560920015
Indonesia (Indian Ocean),Australia,P,166998.92963161095
Indonesia (Indian Ocean),Malaysia,P,1366000.6617182796
Indonesia (Indian Ocean),Taiwan,P,200599.69435895002
Indonesia (Indian Ocean),Philippines,P,14126.913701845
Indonesia (Indian Ocean),Thailand,P,13220369.302013
Indonesia (Indian Ocean),China,P,2311.763721027
Indonesia (Indian Ocean),Guam (USA),T,0.7624910599999999
Indonesia (Indian Ocean),North Marianas (USA),T,0.34636498400000004
Indonesia (Indian Ocean),Japan,T,253037.39899946997
Indonesia (Indian Ocean),Korea (South),T,50334.469458157
Indonesia (Indian Ocean),USA,T,3.533299
Indonesia (Indian Ocean),Russian Federation,T,1153.0153897449998
Indonesia (Indian Ocean),Ukraine,T,5004.3389504199995
Indonesia (Indian Ocean),South Africa,T,0.039768494
Indonesia (Indian Ocean),Madagascar,T,2841.0343884999997
Indonesia (Indian Ocean),Vanuatu,T,0.445862816
Indonesia (Indian Ocean),New Zealand,T,0.115596548
Indonesia (Indian Ocean),Iran,T,80.24511214
Indonesia (Indian Ocean),Sri Lanka,T,4.14367128
Iran (Persian Gulf),Iran (Persian Gulf) (own),I,12746572.979100002
Iran (Persian Gulf),Bahrain,P,454209.25307800004
Iran (Persian Gulf),Pakistan,P,466193.93263699993
Iran (Persian Gulf),Saudi Arabia,P,466193.9326420001
Iran (Persian Gulf),United Arab Emirates,P,530305.8616270002
Iran (Persian Gulf),Iraq,P,17095.965
Iran (Persian Gulf),Egypt,T,2157.90837587
Iran (Persian Gulf),Russian Federation,T,2358.354336639
Iran (Persian Gulf),Ukraine,T,2899.9607953610002
Iran (Persian Gulf),Korea (South),T,543586.5358046349
Iran (Persian Gulf),Taiwan,T,362.37568742999997
Iran (Persian Gulf),Spain,T,46.53698858
Iran (Persian Gulf),China,T,1246610.65843
Iran (Sea of Oman),Iran (Sea of Oman) (own),I,3479646.2864800007
Iran (Sea of Oman),Egypt,T,942.9168281599999
Iran (Sea of Oman),Japan,T,33.651763222
Iran (Sea of Oman),Taiwan,T,170.749889368
Iran (Sea of Oman),Russian Federation,T,581.739818272
Iran (Sea of Oman),Ukraine,T,715.338929195
Iran (Sea of Oman),Korea (South),T,23535.778536881
Iran (Sea of Oman),Spain,T,32.38211031
Iran (Sea of Oman),China,T,8.851518695
Iraq,Iraq (own),I,492674.7555144001
Iraq,Egypt,T,26.404138291000006
Iraq,Russian Federation,T,55.283757095999995
Iraq,Ukraine,T,67.721904463
Iraq,Korea (South),T,58.19291322299999
Iraq,Taiwan,T,19.173545594
Iraq,Spain,T,5.7426109180000005
Iraq,Italy,T,25.004192696999997
Iraq,Romania,T,2.784424419
Ireland,Ireland (own),I,9222571.633049998
Ireland,United Kingdom,P,4010938.366873999
Ireland,Belgium,T,79217.11567690998
Ireland,France,T,2962909.7656590003
Ireland,Germany,T,764295.6533100498
Ireland,Netherlands,T,2742214.235280711
Ireland,Norway,T,4169184.3452617996
Ireland,Sweden,T,24745.090282748002
Ireland,Denmark,T,351396.990402719
Ireland,Greece,T,201.57795828699997
Ireland,Malta,T,8.033263165000001
Ireland,Spain,T,1300759.1541727001
Ireland,Estonia,T,5.776270387
Ireland,Georgia,T,0.219797202
Ireland,Latvia,T,4190.569289228001
Ireland,Portugal,T,2571.063846309
Ireland,Ukraine,T,2.848571646
Ireland,Russian Federation,T,1304384.971703066
Ireland,Poland,T,20.909659175999995
Ireland,Faeroe Isl. (Denmark),T,103346.51613699998
Ireland,Panama,T,0.0030172769999999996
Ireland,Iceland,T,0.16798415300000002
Ireland,Lithuania,T,68.651049218
Ireland,Greenland,T,27.493878933999998
Israel (Mediterranean),Israel (Mediterranean) (own),I,270640.012929
Israel (Mediterranean),Malta,T,381.17709213200004
Israel (Mediterranean),South Cyprus,T,232.75075158799996
Israel (Mediterranean),Bulgaria,T,5.202756502
Israel (Mediterranean),Greece,T,13510.066841889999
Israel (Mediterranean),Croatia,T,94.434137007
Israel (Mediterranean),Libya,T,3860.05615889
Israel (Mediterranean),Barbados,T,0.075709646
Israel (Mediterranean),Algeria,T,803.29083328
Israel (Mediterranean),Benin,T,0.657177248
Israel (Mediterranean),Liberia,T,0.14201657899999998
Israel (Mediterranean),Sao Tome & Principe,T,0.160410854
Israel (Mediterranean),Togo,T,0.211090532
Israel (Mediterranean),Turkey,T,75.57838448300001
Israel (Mediterranean),USA,T,19.154361681
Israel (Mediterranean),Portugal,T,41.561424578
Israel (Mediterranean),France,T,857.98367786
Israel (Mediterranean),Albania,T,18.52195458
Israel (Mediterranean),Spain,T,100.9999628
Israel (Red Sea),Israel (Red Sea) (own),I,11049.078833414
Italy (mainland),Italy (mainland) (own),I,32073555.577400003
Italy (mainland),Croatia,P,25949.413331469994
Italy (mainland),France,P,29787.862088922004
Italy (mainland),Greece,P,22970.2818329
Italy (mainland),Libya,P,1494.2601175920006
Italy (mainland),Malta,P,2179.163435863
Italy (mainland),Montenegro,P,405.587693539
Italy (mainland),Tunisia,P,3888.640056661
Italy (mainland),Spain,P,0.151662791
Italy (mainland),Angola,T,3501.171159562999
Italy (mainland),Bulgaria,T,7426.7388461420005
Italy (mainland),Morocco,T,930.3702017
Italy (mainland),Norway,T,19244.243170431004
Italy (mainland),USA,T,347.50799932
Italy (mainland),Argentina,T,123.9109949
Italy (mainland),Turkey,T,2352.706759149
Italy (mainland),Equatorial Guinea,T,0.515469633
Italy (mainland),Liberia,T,0.3732020119999999
Italy (mainland),Togo,T,0.9375055529999999
Italy (mainland),Denmark,T,78.07777284299998
Italy (mainland),Poland,T,44.413664316
Italy (mainland),Portugal,T,9.321773589
Italy (mainland),Germany,T,6.730000169
Italy (mainland),Iceland,T,0.9073528839999999
Italy (mainland),United Kingdom,T,2.8454543489999997
Italy (mainland),Ireland,T,19.401743386
Italy (mainland),Sweden,T,0.7877265680000001
Italy (mainland),Egypt,T,0.066070014
Italy (mainland),Faeroe Isl. (Denmark),T,1590.49232335
Italy (mainland),Taiwan,T,0.25285240200000003
Italy (mainland),Lithuania,T,1.353195322
Italy (mainland),Cameroon,T,0.001027417
Italy (mainland),Gambia,T,0.000913634
Italy (mainland),Guinea-Bissau,T,0.000513708
Italy (mainland),Mauritania,T,0.064556006
Italy (mainland),Nigeria,T,0.000339576
Italy (mainland),Sao Tome & Principe,T,0.016226956
Italy (mainland),Cuba,T,9.48318067
Italy (mainland),Korea (South),T,6.084374866
Italy (mainland),Trinidad & Tobago,T,3.400343667
Jamaica,Jamaica (own),I,3088418.0655599986
Jamaica,Cuba,P,13041.523132860002
Jamaica,Colombia,P,0.33757518
Jamaica,Sint Maarten,T,1345.8518912569998
Jamaica,Venezuela,T,30239.481404250004
Jamaica,Bahamas,T,1.535607056
Jamaica,Curacao,T,2060.633474775
Jamaica,Russian Federation,T,9038.734047875001
Jamaica,Taiwan,T,1719.3347937600001
Jamaica,Korea (South),T,2257.441111762
Jamaica,Estonia,T,0.573959586
Jamaica,Georgia,T,0.021840168
Jamaica,Latvia,T,0.608030183
Jamaica,Ukraine,T,0.283048554
Jamaica,Panama,T,53.66994081
Jamaica,Malta,T,0.034273608
Jamaica,Mexico,T,2.473345555
Jamaica,USA,T,31896.332303558
Jamaica,Martinique (France),T,2811.9758598900003
Jamaica,Italy,T,684.3184495200001
Jamaica,Argentina,T,1.155450407
Jan Mayen Isl. (Norway),Jan Mayen Isl. (Norway) (own),I,819620.3051942004
Jan Mayen Isl. (Norway),Iceland,P,551152.65372881
Jan Mayen Isl. (Norway),Greenland,P,3.633477776
Jan Mayen Isl. (Norway),France,T,10116.744545972
Jan Mayen Isl. (Norway),Germany,T,52666.3745125
Jan Mayen Isl. (Norway),Russian Federation,T,46651.65757824
Jan Mayen Isl. (Norway),United Kingdom,T,84061.764749019
Jan Mayen Isl. (Norway),Netherlands,T,204.789824662
Jan Mayen Isl. (Norway),Belgium,T,0.9635144489999999
Jan Mayen Isl. (Norway),Spain,T,2897.5676618099997
Jan Mayen Isl. (Norway),Faeroe Isl. (Denmark),T,1017.860230928
Jan Mayen Isl. (Norway),Ireland,T,25460.544935567
Jan Mayen Isl. (Norway),Sweden,T,100.4654231
Jan Mayen Isl. (Norway),Portugal,T,801.66052194
Japan (Daito Islands),Japan (Daito Islands) (own),I,229717.13041300006
Japan (Daito Islands),Philippines,P,8391.591308705
Japan (Daito Islands),Taiwan,P,145457.79299969997
Japan (Daito Islands),Korea (South),P,20106.596980213
Japan (Daito Islands),China,P,86066.37229030002
Japan (Daito Islands),Russian Federation,P,2464.9238140449997
Japan (Daito Islands),Australia,T,23.680890486000003
Japan (Daito Islands),Guam (USA),T,0.862139615
Japan (Daito Islands),North Marianas (USA),T,0.391630463
Japan (Daito Islands),Indonesia,T,8937.46740345
Japan (Daito Islands),USA,T,382.61904156599996
Japan (Daito Islands),Palau,T,245.509613802
Japan (Daito Islands),New Zealand,T,40.698536888
Japan (Daito Islands),Malaysia,T,51.154683466
Japan (Daito Islands),Papua New Guinea,T,1221.0458216
Japan (Daito Islands),Solomon Isl.,T,444.40455433
Japan (Daito Islands),Fiji,T,10.207688368000001
Japan (Daito Islands),Vanuatu,T,0.504131806
Japan (Ogasawara Islands),Japan (Ogasawara Islands) (own),I,473831.04716099997
Japan (Ogasawara Islands),Philippines,P,14245.229956671998
Japan (Ogasawara Islands),Taiwan,P,235475.59118599998
Japan (Ogasawara Islands),Korea (South),P,12973.185656869999
Japan (Ogasawara Islands),China,P,137422.5929145
Japan (Ogasawara Islands),Indonesia,T,5605.13542493
Japan (Ogasawara Islands),USA,T,507.6026810670001
Japan (Ogasawara Islands),Palau,T,553.92691123
Japan (Ogasawara Islands),New Zealand,T,61.412285598
Japan (Ogasawara Islands),Australia,T,11.936916999000001
Japan (Ogasawara Islands),Papua New Guinea,T,2788.394174
Japan (Ogasawara Islands),Solomon Isl.,T,979.5610343
Japan (Ogasawara Islands),Fiji,T,14.818915051
Japan (main islands),Japan (main islands) (own),I,360792812.5199999
Japan (main islands),China,P,22159750.369502
Japan (main islands),Korea (South),P,6595724.9807600025
Japan (main islands),Philippines,P,107292.79666141
Japan (main islands),Russian Federation,P,13845501.047400003
Japan (main islands),Taiwan,P,1099743.3081740001
Japan (main islands),Indonesia,T,39434.078396799996
Japan (main islands),USA,T,4725.308730367
Japan (main islands),Palau,T,5044.13539662
Japan (main islands),New Zealand,T,139.330095058
Japan (main islands),Australia,T,116.1956107
Japan (main islands),Papua New Guinea,T,25393.398026000003
Japan (main islands),Solomon Isl.,T,9735.947867
Japan (main islands),Fiji,T,187.47300589
Jarvis Isl. (USA),Jarvis Isl. (USA) (own),I,17720.730613056996
Jarvis Isl. (USA),Kiribati,P,22.953694497999997
Jarvis Isl. (USA),American Samoa,T,34.446496324
Jarvis Isl. (USA),Philippines,T,3214.8441966319997
Jarvis Isl. (USA),Indonesia,T,1816.2100444279997
Jarvis Isl. (USA),Japan,T,29635.275570580005
Jarvis Isl. (USA),Taiwan,T,5796.066100685999
Jarvis Isl. (USA),Korea (South),T,3921.558668804
Jarvis Isl. (USA),Palau,T,39.355557425
Jarvis Isl. (USA),New Zealand,T,11.029374783
Jarvis Isl. (USA),Russian Federation,T,699.271618948
Jarvis Isl. (USA),Canada,T,0.897869206
Jarvis Isl. (USA),Ecuador,T,9.446257515
Jarvis Isl. (USA),Solomon Isl.,T,175.100849624
Jarvis Isl. (USA),Spain,T,8.347053529
Jarvis Isl. (USA),Bermuda (UK),T,26.163477935
Jarvis Isl. (USA),Guam (USA),T,2.236191744
Jarvis Isl. (USA),Australia,T,1.55021747
Jarvis Isl. (USA),Fiji,T,38.99051168
Jarvis Isl. (USA),French Polynesia,T,7.087184007
Jarvis Isl. (USA),New Caledonia (France),T,6.077111912
Jarvis Isl. (USA),Papua New Guinea,T,62.73036225
Jarvis Isl. (USA),Tonga,T,1.688545391
Jarvis Isl. (USA),Tuvalu,T,1.274225367
Johnston Atoll (USA),Johnston Atoll (USA) (own),I,77184.21248914201
Johnston Atoll (USA),American Samoa,T,1358.9753205759998
Johnston Atoll (USA),Philippines,T,1224.6323938540002
Johnston Atoll (USA),Indonesia,T,562.5798744309998
Johnston Atoll (USA),Japan,T,23138.417259820002
Johnston Atoll (USA),Taiwan,T,1671.215149167
Johnston Atoll (USA),Korea (South),T,83900.828366871
Johnston Atoll (USA),Palau,T,24.098514243
Johnston Atoll (USA),New Zealand,T,4.974974618
Johnston Atoll (USA),Russian Federation,T,1030.208442313
Johnston Atoll (USA),Canada,T,1.39594548
Johnston Atoll (USA),Ecuador,T,14.727447674
Johnston Atoll (USA),Solomon Isl.,T,52.661723477
Johnston Atoll (USA),Spain,T,12.977426515000001
Johnston Atoll (USA),Bermuda (UK),T,40.796442945
Johnston Atoll (USA),Australia,T,0.533315003
Johnston Atoll (USA),Fiji,T,6.491556483
Johnston Atoll (USA),Papua New Guinea,T,84.538497873
Johnston Atoll (USA),Guam (USA),T,0.177612966
Johnston Atoll (USA),Kiribati,T,23.828990682
Johnston Atoll (USA),Tonga,T,0.278540384
Johnston Atoll (USA),French Polynesia,T,214.70610999000004
Johnston Atoll (USA),China,T,9443.381993266
Johnston Atoll (USA),Samoa,T,115.113767402
Johnston Atoll (USA),Belize,T,70.197215221
Johnston Atoll (USA),Cook Islands,T,69.26953627799999
Johnston Atoll (USA),Tokelau (New Zealand),T,0.781660178
Johnston Atoll (USA),Niue (New Zealand),T,1.697892706
Jordan,Jordan (own),I,11782.801011136999
Juan Fernandez Islands (Chile),Juan Fernandez Islands (Chile) (own),I,4819450.428839277
Kenya,Kenya (own),I,1037991.5715989998
Kenya,Egypt,T,1669.8669639600002
Kenya,Tanzania,T,101007.90406029999
Kenya,Japan,T,3502.2258187119987
Kenya,Taiwan,T,4339.65431207
Kenya,Russian Federation,T,1984.343179696
Kenya,Ukraine,T,2438.8142934469997
Kenya,Korea (South),T,3364.6065641209993
Kenya,Spain,T,953.030034715
Kenya,Indonesia,T,10.353324751999999
Kenya,Italy,T,28.48545967
Kenya,France,T,0.034134445
Kenya,Mayotte (France),T,0.162719037
Kenya,Seychelles,T,1.280178584
Kerguelen Isl. (France),Kerguelen Isl. (France) (own),I,135903.3260221
Kerguelen Isl. (France),Australia,T,30.341652497000002
Kerguelen Isl. (France),Japan,T,2417.369183222
Kerguelen Isl. (France),Taiwan,T,0.5213036750000001
Kerguelen Isl. (France),Ukraine,T,737876.191669
Kerguelen Isl. (France),Indonesia,T,0.000454167
Kerguelen Isl. (France),Poland,T,432.0
Kerguelen Isl. (France),Spain,T,0.03034646
Kermadec Isl. (New Zealand),Kermadec Isl. (New Zealand) (own),I,1185.364648672
Kermadec Isl. (New Zealand),Japan,T,32599.231362518003
Kermadec Isl. (New Zealand),Korea (South),T,72588.15376148002
Kermadec Isl. (New Zealand),Indonesia,T,397.37206966300005
Kermadec Isl. (New Zealand),Philippines,T,930.7103184609998
Kermadec Isl. (New Zealand),Taiwan,T,7954.447311890999
Kermadec Isl. (New Zealand),USA,T,36.812200296
Kermadec Isl. (New Zealand),Palau,T,2.506704102
Kermadec Isl. (New Zealand),Australia,T,152.85802386300003
Kermadec Isl. (New Zealand),Russian Federation,T,16110.160766833998
Kermadec Isl. (New Zealand),Solomon Isl.,T,1.625873393
Kermadec Isl. (New Zealand),Estonia,T,0.472873427
Kermadec Isl. (New Zealand),Latvia,T,0.69134798
Kermadec Isl. (New Zealand),Lithuania,T,0.514069255
Kermadec Isl. (New Zealand),Ukraine,T,94.98755299
Kiribati (Gilbert Islands),Kiribati (Gilbert Islands) (own),I,1182938.4010629999
Kiribati (Gilbert Islands),Marshall Isl.,P,95969.376894879
Kiribati (Gilbert Islands),Nauru,P,2.9295524729999998
Kiribati (Gilbert Islands),Cook Islands,P,21.667105022
Kiribati (Gilbert Islands),Tuvalu,P,6724.300666938
Kiribati (Gilbert Islands),Australia,T,3824.034492255
Kiribati (Gilbert Islands),Guam (USA),T,13.656885694
Kiribati (Gilbert Islands),Indonesia,T,88552.92248778898
Kiribati (Gilbert Islands),Japan,T,1014361.6406256099
Kiribati (Gilbert Islands),North Marianas (USA),T,4.824344015999999
Kiribati (Gilbert Islands),Philippines,T,66014.805217899
Kiribati (Gilbert Islands),USA,T,658807.6509805181
Kiribati (Gilbert Islands),Taiwan,T,746282.961899544
Kiribati (Gilbert Islands),Korea (South),T,530819.0271119239
Kiribati (Gilbert Islands),Palau,T,1672.898427257
Kiribati (Gilbert Islands),New Zealand,T,33948.539707043
Kiribati (Gilbert Islands),Malaysia,T,525.8961244
Kiribati (Gilbert Islands),Papua New Guinea,T,347005.688634145
Kiribati (Gilbert Islands),Solomon Isl.,T,59893.84451192201
Kiribati (Gilbert Islands),Fiji,T,306.811720467
Kiribati (Gilbert Islands),Vanuatu,T,32908.08107147999
Kiribati (Gilbert Islands),Russian Federation,T,238.28820694
Kiribati (Gilbert Islands),Micronesia,T,54218.27030977
Kiribati (Gilbert Islands),Samoa,T,44.603140802999995
Kiribati (Gilbert Islands),Tonga,T,7.0967532040000005
Kiribati (Gilbert Islands),Spain,T,35396.3737081
Kiribati (Gilbert Islands),China,T,44531.682903
Kiribati (Gilbert Islands),Portugal,T,10.084143896
Kiribati (Line Islands),Kiribati (Line Islands) (own),I,59366.4316655
Kiribati (Line Islands),Marshall Isl.,P,4631.752537895999
Kiribati (Line Islands),Nauru,P,5.672516205
Kiribati (Line Islands),Cook Islands,P,69.60874541300001
Kiribati (Line Islands),Tuvalu,P,789.1659906649999
Kiribati (Line Islands),American Samoa,T,89.74946102800001
Kiribati (Line Islands),Chile,T,17832.447004898997
Kiribati (Line Islands),Philippines,T,18940.988729961
Kiribati (Line Islands),Indonesia,T,3843.7591916509996
Kiribati (Line Islands),Japan,T,371199.3496939
Kiribati (Line Islands),USA,T,368129.24676218396
Kiribati (Line Islands),Peru,T,537.262895984
Kiribati (Line Islands),Taiwan,T,169611.63540018402
Kiribati (Line Islands),Korea (South),T,172309.20362720804
Kiribati (Line Islands),Colombia,T,5.647709982
Kiribati (Line Islands),Ecuador,T,91.54597399999999
Kiribati (Line Islands),Panama,T,32.402191205
Kiribati (Line Islands),Palau,T,68.94357940799999
Kiribati (Line Islands),New Zealand,T,3727.635821131
Kiribati (Line Islands),Russian Federation,T,22743.968864262995
Kiribati (Line Islands),Canada,T,5.629419557
Kiribati (Line Islands),Solomon Isl.,T,6329.71337627
Kiribati (Line Islands),Spain,T,2697.272757289
Kiribati (Line Islands),Bermuda (UK),T,15.273846526
Kiribati (Line Islands),Senegal,T,8.984317649
Kiribati (Line Islands),Australia,T,407.040713677
Kiribati (Line Islands),Fiji,T,25.883007395
Kiribati (Line Islands),Papua New Guinea,T,19031.980035860997
Kiribati (Line Islands),Micronesia,T,5661.618078697999
Kiribati (Line Islands),Samoa,T,145.711652327
Kiribati (Line Islands),Vanuatu,T,4309.374082562999
Kiribati (Line Islands),Tonga,T,22.533224805
Kiribati (Line Islands),China,T,21724.347913
Kiribati (Line Islands),Portugal,T,47.1877079
Kiribati (Phoenix Islands),Kiribati (Phoenix Islands) (own),I,30003.070110500004
Kiribati (Phoenix Islands),Marshall Isl.,P,27266.299361762
Kiribati (Phoenix Islands),Nauru,P,2.3151038589999997
Kiribati (Phoenix Islands),Cook Islands,P,16.256287870999998
Kiribati (Phoenix Islands),Tuvalu,P,2640.197001943
Kiribati (Phoenix Islands),American Samoa,T,32.457737611
Kiribati (Phoenix Islands),Australia,T,219.658392006
Kiribati (Phoenix Islands),Guam (USA),T,0.5239310049999999
Kiribati (Phoenix Islands),North Marianas (USA),T,0.18508024200000003
Kiribati (Phoenix Islands),Philippines,T,13521.24686538
Kiribati (Phoenix Islands),Indonesia,T,6044.182829067001
Kiribati (Phoenix Islands),Japan,T,338878.11796009005
Kiribati (Phoenix Islands),USA,T,279862.18403703003
Kiribati (Phoenix Islands),Taiwan,T,227965.033469496
Kiribati (Phoenix Islands),Korea (South),T,170193.73993096402
Kiribati (Phoenix Islands),Palau,T,301.07144728799994
Kiribati (Phoenix Islands),New Zealand,T,6210.862503538999
Kiribati (Phoenix Islands),Malaysia,T,46.813775467999996
Kiribati (Phoenix Islands),Russian Federation,T,2361.9607104710003
Kiribati (Phoenix Islands),Canada,T,2.2641700940000002
Kiribati (Phoenix Islands),Ecuador,T,14.336218032999998
Kiribati (Phoenix Islands),Solomon Isl.,T,19562.449979867
Kiribati (Phoenix Islands),Spain,T,7166.048668602
Kiribati (Phoenix Islands),Bermuda (UK),T,6.091477635
Kiribati (Phoenix Islands),Vanuatu,T,8488.909432448001
Kiribati (Phoenix Islands),Fiji,T,51.569241586
Kiribati (Phoenix Islands),Papua New Guinea,T,94021.033162079
Kiribati (Phoenix Islands),Micronesia,T,17186.059349208
Kiribati (Phoenix Islands),Samoa,T,201.286338196
Kiribati (Phoenix Islands),Tonga,T,3.1339145399999997
Kiribati (Phoenix Islands),China,T,17390.7531909
Kiribati (Phoenix Islands),Portugal,T,8.471754362
Korea (North),Korea (North) (own),I,38917486.37153001
Korea (North),Korea (South),P,14204.502991888998
Korea (North),China,P,418690.9709188401
Korea (North),Taiwan,T,35642.34681418
Korea (South),Korea (South) (own),I,100462137.4693
Korea (South),Japan,P,31399.10675858899
Korea (South),China,P,41774567.970304
Korea (South),Philippines,T,35455.172364698
Korea (South),Taiwan,T,1174200.5138189998
Korea (South),Indonesia,T,25845.575285252
Korea (South),USA,T,422.672494604
Korea (South),Palau,T,706.575455346
Korea (South),New Zealand,T,42.141290972
Korea (South),Australia,T,150.11363989299997
Korea (South),Papua New Guinea,T,2706.7215221359993
Korea (South),Solomon Isl.,T,7216.71937572
Korea (South),Fiji,T,1519.980159438
Korea (South),French Polynesia,T,483.6456802
Korea (South),Guam (USA),T,1.4521748190000001
Korea (South),Kiribati,T,577.960729491
Korea (South),New Caledonia (France),T,43.727809131
Korea (South),American Samoa,T,0.445555597
Korea (South),Tonga,T,2.692420694
Korea (South),Tuvalu,T,67.20499090999999
Korea (South),North Marianas (USA),T,0.15803561800000002
Korea (South),Canada,T,0.8275395999999999
Korea (South),Ukraine,T,18072.534072000002
Korea (South),Micronesia,T,2.778266216
Korea (South),Marshall Isl.,T,0.212600725
Korea (South),Samoa,T,2.998573821
Korea (South),Cook Islands,T,0.130320024
Korea (South),Belize,T,0.044662938
Korea (South),Vanuatu,T,2.439838055
Kuwait,Kuwait (own),I,2128739.8966300003
Kuwait,Iraq,P,56986.55
Kuwait,Egypt,T,214.893630032
Kuwait,Russian Federation,T,102.6834959
Kuwait,Ukraine,T,126.265212908
Kuwait,Korea (South),T,0.23979510499999998
Latvia,Latvia (own),I,2105214.04946
Latvia,Estonia,P,494041.2654229999
Latvia,Lithuania,P,249399.18745699993
Latvia,Russian Federation,P,439768.1035790002
Latvia,Sweden,P,768897.146088
Latvia,Denmark,T,471373.105741
Latvia,Finland,T,40806.95346017
Latvia,Germany,T,58874.962257520005
Latvia,Poland,T,561109.698454
Latvia,Netherlands,T,19.21606465
Latvia,Faeroe Isl. (Denmark),T,10389.140190815
Latvia,United Kingdom,T,226.8062791
Latvia,Spain,T,4.49651432
Lebanon,Lebanon (own),I,372837.9410650001
Lebanon,South Cyprus,P,241.742786084
Lebanon,Malta,T,147.487895589
Lebanon,Bulgaria,T,1.6851221619999999
Lebanon,Greece,T,7608.43920894
Lebanon,Croatia,T,4.328567222
Lebanon,Libya,T,60.06222013
Lebanon,Turkey,T,34.034297307
Liberia,Liberia (own),I,947258.8212890002
Liberia,Cote dIvoire (Ivory Coast),P,1722.1246251699997
Liberia,Ghana,T,502008.3324225001
Liberia,Greece,T,205656.32568630003
Liberia,Israel,T,25.016143807
Liberia,Korea (South),T,492434.89655860007
Liberia,Mexico,T,1471.545734258
Liberia,Portugal,T,202167.63072359996
Liberia,Senegal,T,181093.98583920003
Liberia,Spain,T,524848.8413591
Liberia,USA,T,8784.797373911999
Liberia,Venezuela,T,1.720735418
Liberia,Malta,T,113.430620857
Liberia,Italy,T,612491.972312
Liberia,Japan,T,175797.09710950003
Liberia,Taiwan,T,3130.384240772
Liberia,Angola,T,142581.873508654
Liberia,France,T,17383.825023
Liberia,Russian Federation,T,225091.76418220904
Liberia,Estonia,T,300.465126791
Liberia,Georgia,T,11.433224094
Liberia,Latvia,T,27278.319928311004
Liberia,Ukraine,T,9882.625501647
Liberia,Germany,T,56648.60889427101
Liberia,Cape Verde,T,93.120853574
Liberia,Norway,T,11997.9385467
Liberia,Panama,T,286.44800619
Liberia,Denmark,T,0.992926305
Liberia,Iceland,T,0.014495608
Liberia,Poland,T,0.26221891599999997
Liberia,United Kingdom,T,136310.44640287498
Liberia,Ireland,T,0.009989014000000001
Liberia,Sweden,T,0.012675572000000001
Liberia,Lithuania,T,491.4588407
Liberia,China,T,428880.370166
Libya,Libya (own),I,2551499.3283459996
Libya,Malta,P,2869.7010802389996
Libya,Tunisia,P,36322.423736249
Libya,Italy,P,514.673146195
Libya,Egypt,P,16605.616343851
Libya,Algeria,P,1481.2965696400001
Libya,Greece,P,4001.84075096
Libya,Angola,T,87.79487609200001
Libya,Morocco,T,14.49977767
Libya,USA,T,209.49851478899998
Libya,Turkey,T,1112.9020331850002
Libya,Equatorial Guinea,T,2.511648312
Libya,Liberia,T,14.146585624999998
Libya,Togo,T,9.566820974000002
Libya,Denmark,T,0.021364653
Libya,Poland,T,0.14157173799999997
Libya,Portugal,T,403.64782817599996
Libya,Germany,T,0.086574543
Libya,Iceland,T,471.81935247
Libya,United Kingdom,T,0.000940707
Libya,Ireland,T,0.001066385
Libya,Sweden,T,0.0029909960000000005
Libya,Taiwan,T,1680.266375591
Libya,Cameroon,T,0.231596007
Libya,Croatia,T,1186.023812354
Libya,Gambia,T,0.581203065
Libya,Guinea-Bissau,T,0.115798004
Libya,Mauritania,T,14.55194911
Libya,Nigeria,T,0.129082489
Libya,Sao Tome & Principe,T,91.037600667
Libya,Korea (South),T,5290.6155107449995
Libya,Benin,T,23.790748066
Libya,Bulgaria,T,0.114144716
Libya,France,T,56793.250876
Libya,Japan,T,61.93485285
Lithuania,Lithuania (own),I,165056.64793299997
Lithuania,Latvia,P,104159.7234357
Lithuania,Poland,P,632031.2995649999
Lithuania,Russian Federation,P,483956.9496719999
Lithuania,Sweden,P,153289.0698409
Lithuania,Denmark,T,154103.09656992
Lithuania,Estonia,T,5045.420106589
Lithuania,Finland,T,8912.356062180004
Lithuania,Germany,T,17518.43624616
Lithuania,Netherlands,T,3.891492508
Lithuania,Faeroe Isl. (Denmark),T,2124.4002495639998
Lithuania,United Kingdom,T,45.6485263
Lithuania,Spain,T,0.50159649
Lord Howe Isl. (Australia),Lord Howe Isl. (Australia) (own),I,63528.31564424001
Lord Howe Isl. (Australia),Indonesia,T,623.5745983190001
Lord Howe Isl. (Australia),Japan,T,93166.82942194001
Lord Howe Isl. (Australia),Philippines,T,1643.782246225
Lord Howe Isl. (Australia),Taiwan,T,9832.482064868002
Lord Howe Isl. (Australia),USA,T,51.74581397199999
Lord Howe Isl. (Australia),Korea (South),T,238855.338648445
Lord Howe Isl. (Australia),Palau,T,8.995348976
Lord Howe Isl. (Australia),New Zealand,T,3468.7030552160004
Lord Howe Isl. (Australia),Russian Federation,T,453167.08642782003
Lord Howe Isl. (Australia),Solomon Isl.,T,1.938102987
Lord Howe Isl. (Australia),Estonia,T,1.41674319
Lord Howe Isl. (Australia),Latvia,T,2.071299603
Lord Howe Isl. (Australia),Lithuania,T,1.540167144
Lord Howe Isl. (Australia),Ukraine,T,74251.439545688
Lord Howe Isl. (Australia),China,T,10261.328447932001
Lord Howe Isl. (Australia),Cook Islands,T,579.7013797120001
Macquarie Isl. (Australia),Macquarie Isl. (Australia) (own),I,6304.53443992
Macquarie Isl. (Australia),Korea (South),T,2586.192050751
Macquarie Isl. (Australia),Japan,T,3.3014390790000006
Macquarie Isl. (Australia),Taiwan,T,1496.2892877499999
Macquarie Isl. (Australia),Russian Federation,T,7391.1932958319985
Macquarie Isl. (Australia),Ukraine,T,1.594029429
Madagascar,Madagascar (own),I,5481553.406969999
Madagascar,France,P,1238.1192941049999
Madagascar,Seychelles,P,64720.44583639
Madagascar,Egypt,T,10161.5937084
Madagascar,Reunion (France),T,25767.25841159
Madagascar,Japan,T,65979.49925697003
Madagascar,Taiwan,T,37596.573781529994
Madagascar,Russian Federation,T,41281.4305922
Madagascar,Ukraine,T,50696.7306844
Madagascar,Australia,T,163.7737473
Madagascar,Korea (South),T,46203.71209906001
Madagascar,South Africa,T,3.53e-06
Madagascar,Spain,T,12446.467196639998
Madagascar,Indonesia,T,242.01426059100004
Madagascar,Italy,T,10801.791432139999
Madagascar,Romania,T,1271.33297546
Madagascar,Portugal,T,377.486846103
Madagascar,Thailand,T,13.5227017
Madagascar,China,T,1084.16693321
Madeira Isl. (Portugal),Madeira Isl. (Portugal) (own),I,465212.8728211199
Madeira Isl. (Portugal),Spain,T,15591.856612601003
Madeira Isl. (Portugal),Malta,T,0.033048964
Madeira Isl. (Portugal),Japan,T,24.971967743
Madeira Isl. (Portugal),USA,T,0.044924361
Madeira Isl. (Portugal),Denmark,T,6.0598302340000005
Madeira Isl. (Portugal),Faeroe Isl. (Denmark),T,388.183716667
Madeira Isl. (Portugal),Germany,T,15.807838169
Madeira Isl. (Portugal),Italy,T,0.289461434
Madeira Isl. (Portugal),Norway,T,4148.075776815001
Madeira Isl. (Portugal),Sweden,T,0.19302697800000007
Madeira Isl. (Portugal),France,T,118.953622353
Madeira Isl. (Portugal),Estonia,T,8.331785870000001
Madeira Isl. (Portugal),Georgia,T,0.10491670100000001
Madeira Isl. (Portugal),Latvia,T,14.103821663
Madeira Isl. (Portugal),South Africa,T,0.067763219
Madeira Isl. (Portugal),Ukraine,T,1.35972035
Madeira Isl. (Portugal),Korea (South),T,35.345599951000004
Madeira Isl. (Portugal),Taiwan,T,41.45171864
Madeira Isl. (Portugal),Poland,T,0.21420739600000002
Madeira Isl. (Portugal),Russian Federation,T,764.9622118550001
Madeira Isl. (Portugal),Panama,T,11.549885648
Madeira Isl. (Portugal),Iceland,T,0.000926612
Madeira Isl. (Portugal),Mexico,T,0.61778365
Madeira Isl. (Portugal),United Kingdom,T,16.90536022
Madeira Isl. (Portugal),Venezuela,T,4.470950002
Madeira Isl. (Portugal),Lithuania,T,21.916592664
Madeira Isl. (Portugal),Ireland,T,1.724983732
Malaysia (Peninsula East),Malaysia (Peninsula East) (own),I,21466293.3584
Malaysia (Peninsula East),Singapore,P,432850.4327976051
Malaysia (Peninsula East),Taiwan,P,0.20539500300000005
Malaysia (Peninsula East),Indonesia,P,71286.22071
Malaysia (Peninsula East),Thailand,P,12335776.491504
Malaysia (Peninsula East),Viet Nam,P,0.09761006
Malaysia (Peninsula East),Australia,T,181.636589556
Malaysia (Peninsula East),Guam (USA),T,13.217045775
Malaysia (Peninsula East),North Marianas (USA),T,4.285733768999999
Malaysia (Peninsula East),Korea (South),T,55.400669996
Malaysia (Peninsula East),Vanuatu,T,31.662627146
Malaysia (Peninsula East),Bulgaria,T,1.173910861
Malaysia (Peninsula East),Russian Federation,T,470.4652479
Malaysia (Peninsula East),China,T,267.459748695
Malaysia (Peninsula East),Japan,T,1.489633452
Malaysia (Peninsula West),Malaysia (Peninsula West) (own),I,42136312.088099994
Malaysia (Peninsula West),Singapore,P,55707.903159351
Malaysia (Peninsula West),Taiwan,P,2929.712733288
Malaysia (Peninsula West),Indonesia,P,2794.04384933
Malaysia (Peninsula West),Thailand,P,4417863.996925
Malaysia (Peninsula West),Australia,T,507.48017209500006
Malaysia (Peninsula West),Guam (USA),T,0.5180384809999999
Malaysia (Peninsula West),North Marianas (USA),T,0.16797847999999999
Malaysia (Peninsula West),Japan,T,5370.880400843
Malaysia (Peninsula West),Korea (South),T,907.7237266720001
Malaysia (Peninsula West),Russian Federation,T,26.575348275000003
Malaysia (Peninsula West),Ukraine,T,63.549979325
Malaysia (Peninsula West),Madagascar,T,20.413791264
Malaysia (Peninsula West),Vanuatu,T,1.241007978
Malaysia (Peninsula West),Sri Lanka,T,2.3377231739999997
Malaysia (Peninsula West),Bulgaria,T,0.180467465
Malaysia (Peninsula West),China,T,76.842115443
Malaysia (Sabah),Malaysia (Sabah) (own),I,17507156.5544
Malaysia (Sabah),Indonesia,P,31764.813529152
Malaysia (Sabah),Philippines,P,93.75058402799999
Malaysia (Sabah),Taiwan,P,504.519015803
Malaysia (Sabah),Thailand,P,8275484.004539998
Malaysia (Sabah),Viet Nam,P,24.699849636
Malaysia (Sabah),Australia,T,80.822220951
Malaysia (Sabah),Guam (USA),T,5.881144298000001
Malaysia (Sabah),North Marianas (USA),T,1.9070085080000003
Malaysia (Sabah),Korea (South),T,117.73500318699999
Malaysia (Sabah),Japan,T,1209.6549387259997
Malaysia (Sabah),USA,T,2.4064150929999997
Malaysia (Sabah),Palau,T,0.058894196
Malaysia (Sabah),New Zealand,T,0.031143950000000004
Malaysia (Sabah),Solomon Isl.,T,0.332787155
Malaysia (Sabah),Vanuatu,T,14.088812463
Malaysia (Sabah),Russian Federation,T,154.4430462
Malaysia (Sabah),China,T,164.92394791
Malaysia (Sarawak),Malaysia (Sarawak) (own),I,7326732.570749998
Malaysia (Sarawak),Indonesia,P,68228.161488274
Malaysia (Sarawak),Philippines,P,117.165708142
Malaysia (Sarawak),Taiwan,P,277.97550012799996
Malaysia (Sarawak),Thailand,P,15171720.674855
Malaysia (Sarawak),Viet Nam,P,0.014133968
Malaysia (Sarawak),Australia,T,173.697319104
Malaysia (Sarawak),Guam (USA),T,12.639333427999999
Malaysia (Sarawak),North Marianas (USA),T,4.098405882
Malaysia (Sarawak),Korea (South),T,140.999465122
Malaysia (Sarawak),Japan,T,1366.4878555849998
Malaysia (Sarawak),USA,T,2.852791518
Malaysia (Sarawak),Palau,T,0.140153455
Malaysia (Sarawak),New Zealand,T,0.035970478
Malaysia (Sarawak),Solomon Isl.,T,0.533786581
Malaysia (Sarawak),Vanuatu,T,30.278665017999998
Malaysia (Sarawak),Russian Federation,T,422.0044559
Malaysia (Sarawak),China,T,264.617092344
Maldives,Maldives (own),I,2215537.127084
Maldives,India,P,191157.11860199994
Maldives,Sri Lanka,P,23.92019415
Maldives,Egypt,T,6126.71168203
Maldives,Malaysia,T,0.133408441
Maldives,Japan,T,43404.551114009
Maldives,Taiwan,T,26802.590582840003
Maldives,Russian Federation,T,4732.963351599999
Maldives,Ukraine,T,5820.17192285
Maldives,Korea (South),T,7782.927649576999
Maldives,Australia,T,1.637322417
Maldives,Spain,T,1599.6809033
Maldives,Indonesia,T,41858.2884211
Maldives,China,T,1459.6325706
Malta,Malta (own),I,104283.07754670002
Malta,Libya,P,983.415985236
Malta,Tunisia,P,1630.729367599
Malta,Italy,P,11847.2214639
Malta,Angola,T,8083.728983901
Malta,Morocco,T,623.2583251
Malta,USA,T,3.2996923889999996
Malta,Turkey,T,8.931602127
Malta,Equatorial Guinea,T,0.388847081
Malta,Liberia,T,0.259231387
Malta,Togo,T,0.717250105
Malta,Denmark,T,1.229314467
Malta,Poland,T,6.780374697
Malta,Portugal,T,0.788605008
Malta,Germany,T,0.138487561
Malta,Iceland,T,0.014754879
Malta,United Kingdom,T,0.063314015
Malta,Ireland,T,0.06629041
Malta,Sweden,T,0.11311178399999999
Malta,Egypt,T,0.000707729
Marshall Isl.,Marshall Isl. (own),I,185277.70289290004
Marshall Isl.,Kiribati,P,14709.9349503
Marshall Isl.,Nauru,P,1.972055705
Marshall Isl.,Australia,T,5975.329052302
Marshall Isl.,Guam (USA),T,140.640208261
Marshall Isl.,Indonesia,T,241591.22395879
Marshall Isl.,Japan,T,864120.9483323998
Marshall Isl.,North Marianas (USA),T,18.170932310999998
Marshall Isl.,Philippines,T,51304.01212844
Marshall Isl.,USA,T,121813.447521884
Marshall Isl.,Taiwan,T,324456.432353721
Marshall Isl.,Korea (South),T,41806.658195116004
Marshall Isl.,Palau,T,4098.081660994001
Marshall Isl.,New Zealand,T,373.66042612700005
Marshall Isl.,Malaysia,T,7425.99153327
Marshall Isl.,Papua New Guinea,T,80562.091896417
Marshall Isl.,Solomon Isl.,T,34664.03892318
Marshall Isl.,Fiji,T,1661.8059157160003
Marshall Isl.,Vanuatu,T,432.72877654099995
Marshall Isl.,French Polynesia,T,198.96258873000002
Marshall Isl.,Russian Federation,T,2208.2428789
Marshall Isl.,New Caledonia (France),T,143.20945045
Marshall Isl.,American Samoa,T,2.962588362
Marshall Isl.,Honduras,T,1773.0021274
Marshall Isl.,Tonga,T,16.0387129
Marshall Isl.,Tuvalu,T,1389.1722523140002
Marshall Isl.,Mexico,T,4.031438924
Marshall Isl.,China,T,22279.981456750003
Marshall Isl.,Micronesia,T,10623.005591070001
Marshall Isl.,Samoa,T,31.973664826000004
Marshall Isl.,Cook Islands,T,18.477506769999998
Martinique (France),Martinique (France) (own),I,373383.488472
Martinique (France),Dominica,P,282.33448301
Martinique (France),Cuba,T,3239.24094783
Martinique (France),Sint Maarten,T,33.78994722
Martinique (France),Venezuela,T,1709.2837900229995
Martinique (France),Bahamas,T,0.35165630800000003
Martinique (France),Curacao,T,29.737986555
Martinique (France),Taiwan,T,383.944555245
Martinique (France),Russian Federation,T,2771.190362753
Martinique (France),Korea (South),T,570.991716692
Martinique (France),Estonia,T,1.663502166
Martinique (France),Georgia,T,0.063299169
Martinique (France),Latvia,T,1.76224885
Martinique (France),Ukraine,T,0.8203572290000001
Martinique (France),Angola,T,0.6155663739999999
Martinique (France),Ghana,T,0.5058145629999999
Martinique (France),Cape Verde,T,0.10242014299999999
Martinique (France),Panama,T,43.091953824
Martinique (France),Japan,T,2.031521146
Martinique (France),Mexico,T,0.520369173
Martinique (France),USA,T,3.286139619
Mauritania,Mauritania (own),I,14107609.29339
Mauritania,Senegal,P,3987569.999836
Mauritania,Cape Verde,P,17494.545925904
Mauritania,Algeria,P,3177.036010080001
Mauritania,France,T,2140459.3959115
Mauritania,Ghana,T,116071.96915903999
Mauritania,Italy,T,3766794.9296690007
Mauritania,Japan,T,3438007.7521152208
Mauritania,Spain,T,7736186.841159999
Mauritania,Cuba,T,47904.637246030994
Mauritania,Latvia,T,7738258.679989999
Mauritania,Lithuania,T,4673450.788759
Mauritania,Malta,T,45.10567683000001
Mauritania,Romania,T,9595341.734219998
Mauritania,Russian Federation,T,6214194.801569001
Mauritania,Ukraine,T,5862876.542718999
Mauritania,Germany,T,1612483.8042370002
Mauritania,Korea (South),T,1622326.9374770003
Mauritania,Slovenia,T,1279153.2385459996
Mauritania,Taiwan,T,601.3842407149999
Mauritania,Angola,T,458.45566026000006
Mauritania,Estonia,T,1546.251494021
Mauritania,Georgia,T,28621.690323954997
Mauritania,Cote dIvoire (Ivory Coast),T,2144.741595459
Mauritania,Israel,T,27.96055019
Mauritania,Norway,T,11752.5254441
Mauritania,Aruba (Netherlands),T,207.30221970999997
Mauritania,Barbados,T,533.13319877
Mauritania,Curacao,T,439.88958249999996
Mauritania,Grenada,T,844.9187279
Mauritania,Saint Lucia,T,273.60585654
Mauritania,Trinidad & Tobago,T,2682.8554669
Mauritania,Mexico,T,21.5326565
Mauritania,Panama,T,20027.37053804
Mauritania,Portugal,T,4257.32557623
Mauritania,USA,T,110.0208282
Mauritania,Denmark,T,89.508573229
Mauritania,Dominican Republic,T,76.454051034
Mauritania,Iceland,T,180918.74199767603
Mauritania,Poland,T,15.299227053000003
Mauritania,United Kingdom,T,1034754.1035266449
Mauritania,Venezuela,T,22.041644441
Mauritania,Bermuda (UK),T,112.09799566000001
Mauritania,Ireland,T,929511.4705827928
Mauritania,Sweden,T,0.33635700199999996
Mauritania,Greece,T,3.110023678
Mauritania,Egypt,T,10.618841097
Mauritania,Libya,T,28734.587024489996
Mauritania,Nigeria,T,86.28123844000001
Mauritania,Tunisia,T,1355.2354346
Mauritania,Guinea-Bissau,T,2.837814232
Mauritania,China,T,2799568.1485400004
Mauritania,Belize,T,6180262.7866
Mauritania,Netherlands,T,3945173.08466
Mauritania,South Cyprus,T,8096798.0418
Mauritania,Gambia,T,0.538418576
Mauritania,Korea (North),T,1139.8610082
Mauritania,Guinea,T,6091.218493021
Mauritania,Bahamas,T,4.900743245
Mauritania,Bulgaria,T,421.4391567
Mauritania,Comoros,T,47837.691000000006
Mauritania,Sierra Leone,T,4.697255025
Mauritius,Mauritius (own),I,595160.4944450001
Mauritius,France,P,295.11006711199997
Mauritius,Seychelles,P,708.100923638
Mauritius,Madagascar,P,3.842980105
Mauritius,Egypt,T,4848.829918409999
Mauritius,Reunion (France),T,40531.585416555004
Mauritius,Japan,T,100215.24592305001
Mauritius,Taiwan,T,77883.7673521
Mauritius,Russian Federation,T,16040.41684924
Mauritius,Ukraine,T,8527.2378463
Mauritius,Korea (South),T,19722.812986949004
Mauritius,Spain,T,23646.9871902
Mauritius,Indonesia,T,18008.47206122
Mauritius,Italy,T,6945.627642785
Mauritius,China,T,2412.2326682410003
Mauritius,Portugal,T,12696.228654400002
Mauritius,Thailand,T,105.071079183
Mauritius,Belize,T,2889.1325522499997
Mauritius,Malaysia,T,342.8663599
Mauritius,United Kingdom,T,730.2830895100001
Mauritius,Sri Lanka,T,2.63412352
Mayotte (France),Mayotte (France) (own),I,92691.42341699499
Mayotte (France),Egypt,T,330.07929142100005
Mayotte (France),Japan,T,5609.503786390999
Mayotte (France),Taiwan,T,875.8427885500001
Mayotte (France),Russian Federation,T,667.201044302
Mayotte (France),Ukraine,T,820.4267021329999
Mayotte (France),Korea (South),T,266.963469841
Mayotte (France),Spain,T,1152.6236405630002
Mayotte (France),Indonesia,T,2.744767125
Mayotte (France),Seychelles,T,2.341382929
Mexico (Atlantic),Mexico (Atlantic) (own),I,23430345.861320008
Mexico (Atlantic),Cuba,P,22643.303291613996
Mexico (Atlantic),USA,P,429.921682165
Mexico (Atlantic),Sint Maarten,T,439.700892281
Mexico (Atlantic),Venezuela,T,23269.748412200002
Mexico (Atlantic),Bahamas,T,5.357481954000001
Mexico (Atlantic),Curacao,T,296.27864619
Mexico (Atlantic),Russian Federation,T,23580.406871711
Mexico (Atlantic),Chile,T,2.492478208
Mexico (Atlantic),Colombia,T,0.005838593
Mexico (Atlantic),Ecuador,T,0.162713927
Mexico (Atlantic),Japan,T,925.724005949
Mexico (Atlantic),Panama,T,0.127666997
Mexico (Atlantic),Peru,T,4.179167787000001
Mexico (Atlantic),Taiwan,T,214.17446738999996
Mexico (Atlantic),Martinique (France),T,54.52775635
Mexico (Atlantic),Korea (South),T,1118.131592919
Mexico (Pacific),Mexico (Pacific) (own),I,75103841.03509998
Mexico (Pacific),USA,P,2289114.113665
Mexico (Pacific),American Samoa,T,33.483823408
Mexico (Pacific),Chile,T,2579.478777147
Mexico (Pacific),Peru,T,7054.552188683001
Mexico (Pacific),Colombia,T,245.35643144199997
Mexico (Pacific),Ecuador,T,10517.675843320003
Mexico (Pacific),Panama,T,2309.442752564
Mexico (Pacific),Japan,T,104739.96679573799
Mexico (Pacific),Canada,T,1825.126930971
Mexico (Pacific),Russian Federation,T,4148.186697182
Mexico (Pacific),Taiwan,T,127.37447215999998
Mexico (Pacific),Spain,T,74.563298275
Mexico (Pacific),Costa Rica,T,24.257055912000002
Mexico (Pacific),Netherlands,T,588.3151785
Mexico (Pacific),Bermuda (UK),T,159.774160864
Mexico (Pacific),Korea (South),T,10778.2799809
Micronesia (Federal States of),Micronesia (Federal States of) (own),I,698147.2127369997
Micronesia (Federal States of),Guam (USA),P,622.226862485
Micronesia (Federal States of),Palau,P,9999.030849735998
Micronesia (Federal States of),Papua New Guinea,P,373957.246657074
Micronesia (Federal States of),Marshall Isl.,P,88368.538421968
Micronesia (Federal States of),Australia,T,20982.184219132003
Micronesia (Federal States of),Indonesia,T,906226.1261161
Micronesia (Federal States of),Japan,T,3185395.1521269996
Micronesia (Federal States of),North Marianas (USA),T,143.69030822
Micronesia (Federal States of),Philippines,T,609895.8427571999
Micronesia (Federal States of),USA,T,1356886.1263123401
Micronesia (Federal States of),Taiwan,T,1500959.2846997902
Micronesia (Federal States of),Korea (South),T,779176.65111451
Micronesia (Federal States of),New Zealand,T,8135.018600742001
Micronesia (Federal States of),Malaysia,T,15479.55815015
Micronesia (Federal States of),Solomon Isl.,T,109378.38408640001
Micronesia (Federal States of),Fiji,T,4431.396712035999
Micronesia (Federal States of),Vanuatu,T,120973.706062914
Micronesia (Federal States of),French Polynesia,T,794.12389587
Micronesia (Federal States of),Russian Federation,T,11684.133252200001
Micronesia (Federal States of),Kiribati,T,56744.1854383
Micronesia (Federal States of),New Caledonia (France),T,275.768758204
Micronesia (Federal States of),American Samoa,T,46.847262483
Micronesia (Federal States of),Honduras,T,2655.167713
Micronesia (Federal States of),Tonga,T,77.54452452800001
Micronesia (Federal States of),Tuvalu,T,5723.4344512160005
Micronesia (Federal States of),Mexico,T,2478.7651704
Micronesia (Federal States of),China,T,93084.94171459999
Micronesia (Federal States of),Samoa,T,101.16439803200002
Micronesia (Federal States of),Nauru,T,5.994889995
Micronesia (Federal States of),Belize,T,449.45827795
Micronesia (Federal States of),Cook Islands,T,37.316014426
Micronesia (Federal States of),Spain,T,63818.732659999994
Micronesia (Federal States of),Portugal,T,61.332412309
Montenegro,Montenegro (own),I,64024.146633699995
Montenegro,Croatia,P,6108.24940833
Montenegro,Italy,P,635.304038659
Montenegro,Bulgaria,T,1599.9312582210007
Montenegro,Greece,T,4390.73271431
Montenegro,Malta,T,151.60601494399995
Montenegro,Norway,T,5144.231050599999
Montenegro,USA,T,69.797730719
Montenegro,Argentina,T,21.93452926
Montenegro,Denmark,T,0.020662935
Montenegro,Germany,T,0.019682562
Montenegro,Iceland,T,0.000281941
Montenegro,Poland,T,0.007605003
Montenegro,Sweden,T,0.000281941
Montenegro,Taiwan,T,0.048926041
Montenegro,Turkey,T,271.46167542
Montserrat (UK),Montserrat (UK) (own),I,13654.0997165
Montserrat (UK),Venezuela,P,837.0155517200001
Montserrat (UK),Cuba,T,659.8028920050001
Montserrat (UK),Sint Maarten,T,11.848829544
Montserrat (UK),Bahamas,T,0.07953958400000001
Montserrat (UK),Curacao,T,10.794276634
Montserrat (UK),Taiwan,T,129.44524227000002
Montserrat (UK),Russian Federation,T,481.849072213
Montserrat (UK),Korea (South),T,111.932519402
Montserrat (UK),Estonia,T,0.476543921
Montserrat (UK),Georgia,T,0.018133334999999997
Montserrat (UK),Latvia,T,0.504831936
Montserrat (UK),Ukraine,T,0.235007976
Montserrat (UK),Angola,T,0.009890166
Montserrat (UK),Ghana,T,0.019176128
Montserrat (UK),Cape Verde,T,0.006495397
Montserrat (UK),Panama,T,0.16404406700000002
Montserrat (UK),Japan,T,0.120972358
Montserrat (UK),Martinique (France),T,33.023154806
Montserrat (UK),Italy,T,8.162000608
Montserrat (UK),Cayman Isl. (UK),T,0.637863765
Montserrat (UK),Colombia,T,5.130377048
Morocco (Central),Morocco (Central) (own),I,22219187.2852
Morocco (Central),Algeria,P,3247.7632548869997
Morocco (Central),Spain,P,7347408.536940001
Morocco (Central),Portugal,P,415614.54156199994
Morocco (Central),France,T,517977.45066999993
Morocco (Central),Japan,T,6414876.862145999
Morocco (Central),Malta,T,1049.8155531599998
Morocco (Central),Norway,T,1619194.760778
Morocco (Central),Angola,T,86563.90461600001
Morocco (Central),Korea (South),T,1729419.658982
Morocco (Central),Libya,T,18907.855697800005
Morocco (Central),USA,T,80.88507314
Morocco (Central),Poland,T,2231649.9891534806
Morocco (Central),South Africa,T,1340393.2425546
Morocco (Central),Italy,T,6259213.538539999
Morocco (Central),Russian Federation,T,911447.314023626
Morocco (Central),Bulgaria,T,280703.85222020006
Morocco (Central),Estonia,T,781.135766252
Morocco (Central),Georgia,T,101123.41607369501
Morocco (Central),Latvia,T,1279521.1725697531
Morocco (Central),Ukraine,T,853077.5762166609
Morocco (Central),Lithuania,T,851753.0975500742
Morocco (Central),Dominican Republic,T,4024.7280006599995
Morocco (Central),Ghana,T,451.90652
Morocco (Central),Turkey,T,676.2743103710001
Morocco (Central),Romania,T,126058.63098290001
Morocco (Central),Cuba,T,46373.088493999996
Morocco (Central),Equatorial Guinea,T,1842.4953389400002
Morocco (Central),Liberia,T,1358.1586859400002
Morocco (Central),Mauritania,T,924.4127744699999
Morocco (Central),Saint Helena (UK),T,199.11596156000002
Morocco (Central),Togo,T,3143.0353683099997
Morocco (Central),Taiwan,T,83.328065219
Morocco (Central),Panama,T,10.270131434
Morocco (Central),Egypt,T,16.781408894000002
Morocco (Central),Sao Tome & Principe,T,339.18954208
Morocco (Central),Sierra Leone,T,151.23524407
Morocco (Central),Syrian Arab Republic,T,0.452454382
Morocco (Central),Cayman Isl. (UK),T,10257.686508399996
Morocco (Central),Senegal,T,59.57207923
Morocco (Central),China,T,1181446.3237730002
Morocco (Mediterranean),Morocco (Mediterranean) (own),I,3948814.9297000007
Morocco (Mediterranean),Portugal,P,2505.8901862889998
Morocco (Mediterranean),Spain,P,63604.75806239999
Morocco (Mediterranean),Angola,T,8031.0384216
Morocco (Mediterranean),Dominican Republic,T,669.587457677
Morocco (Mediterranean),Ghana,T,1200.824693
Morocco (Mediterranean),Estonia,T,3.5889028840000003
Morocco (Mediterranean),Georgia,T,0.136564039
Morocco (Mediterranean),Latvia,T,3.8019430329999997
Morocco (Mediterranean),Ukraine,T,1.769869886
Morocco (Mediterranean),Mauritania,T,137.454982891
Morocco (Mediterranean),Equatorial Guinea,T,288.069415293
Morocco (Mediterranean),Liberia,T,226.475126612
Morocco (Mediterranean),Libya,T,223.3612058
Morocco (Mediterranean),Togo,T,491.654744789
Morocco (Mediterranean),Turkey,T,26.47756766
Morocco (Mediterranean),Egypt,T,3.5139580070000003
Morocco (Mediterranean),Sao Tome & Principe,T,7.431809164
Morocco (Mediterranean),Korea (South),T,797.12
Morocco (Mediterranean),Faeroe Isl. (Denmark),T,11.49557202
Morocco (Mediterranean),Romania,T,1.22311156
Morocco (Mediterranean),Japan,T,1.031431683
Morocco (Mediterranean),France,T,0.027473692
Morocco (South),Morocco (South) (own),I,28883069.2909
Morocco (South),Spain,P,16007044.122680001
Morocco (South),Portugal,P,875699.4931910001
Morocco (South),France,T,195291.8028079999
Morocco (South),Japan,T,14914621.804139996
Morocco (South),Norway,T,3943629.808345999
Morocco (South),Korea (South),T,4009989.4528090004
Morocco (South),Cuba,T,3220.9149947700002
Morocco (South),Poland,T,5189883.69745917
Morocco (South),Malta,T,0.596810081
Morocco (South),South Africa,T,3132997.4041810003
Morocco (South),Taiwan,T,1754.5362212289997
Morocco (South),Angola,T,1.050572083
Morocco (South),Germany,T,824670.9969069997
Morocco (South),Italy,T,14556310.554419996
Morocco (South),Netherlands,T,1293302.7452100003
Morocco (South),Russian Federation,T,6578257.3276466895
Morocco (South),Bulgaria,T,668346.345215
Morocco (South),Estonia,T,399726.135627302
Morocco (South),Georgia,T,119.74374864600001
Morocco (South),Latvia,T,5059596.800688434
Morocco (South),Senegal,T,444.425229269
Morocco (South),Ukraine,T,3370049.423525589
Morocco (South),Lithuania,T,4010815.047673
Morocco (South),Romania,T,291794.85896522005
Morocco (South),Israel,T,148.58378108
Morocco (South),Aruba (Netherlands),T,10.97929771
Morocco (South),Barbados,T,32.366615727
Morocco (South),Cote dIvoire (Ivory Coast),T,67.305138518
Morocco (South),Curacao,T,29.680249165
Morocco (South),Grenada,T,49.938127252
Morocco (South),Saint Lucia,T,17.910112258
Morocco (South),Trinidad & Tobago,T,102.55800639
Morocco (South),Mexico,T,0.004885099
Morocco (South),Panama,T,265.583931447
Morocco (South),USA,T,0.022537249
Morocco (South),Dominican Republic,T,1181.96989813
Morocco (South),Venezuela,T,0.631133225
Morocco (South),Bermuda (UK),T,5.348520461
Morocco (South),Denmark,T,0.047458222
Morocco (South),Iceland,T,5.71e-05
Morocco (South),Ireland,T,2.47e-05
Morocco (South),Sweden,T,7.83e-05
Morocco (South),United Kingdom,T,0.000185418
Morocco (South),Cape Verde,T,138.11618177399998
Morocco (South),Syrian Arab Republic,T,1.5845826500000002
Morocco (South),Greece,T,0.177986126
Morocco (South),Egypt,T,0.067830126
Morocco (South),Equatorial Guinea,T,72.32507856
Morocco (South),Liberia,T,26.72389537
Morocco (South),Togo,T,156.583795
Morocco (South),Turkey,T,14818.43414
Morocco (South),China,T,3268754.0017175996
Mozambique,Mozambique (own),I,8840218.0044
Mozambique,South Africa,P,0.319513543
Mozambique,Madagascar,P,0.607439999
Mozambique,Egypt,T,6263.9613657
Mozambique,Japan,T,69612.07774879503
Mozambique,Taiwan,T,13551.749587368999
Mozambique,Russian Federation,T,37750.537863499994
Mozambique,Ukraine,T,46409.1432035
Mozambique,Korea (South),T,6442.140074149
Mozambique,Australia,T,0.22816191600000002
Mozambique,Spain,T,14284.586115211003
Mozambique,Indonesia,T,12.995583777999999
Mozambique,Romania,T,115.216540375
Mozambique,France,T,71.733141499
Mozambique,Italy,T,1800.39129903
Mozambique,China,T,2356.1476386420004
Mozambique,Belize,T,438.52215969499997
Mozambique,Portugal,T,881.462742509
Mozambique,Philippines,T,0.223515069
Mozambique,Seychelles,T,42.722524585
Mozambique,United Kingdom,T,18.632623026999998
Mozambique Channel Isl. (France),Mozambique Channel Isl. (France) (own),I,990.4968017429999
Mozambique Channel Isl. (France),Madagascar,P,41.559375008
Mozambique Channel Isl. (France),Egypt,T,1221.2598279099998
Mozambique Channel Isl. (France),Japan,T,3065.860462046
Mozambique Channel Isl. (France),Taiwan,T,1892.8655602269998
Mozambique Channel Isl. (France),Russian Federation,T,2626.9721838699998
Mozambique Channel Isl. (France),Ukraine,T,3230.2679141600006
Mozambique Channel Isl. (France),Korea (South),T,709.7556436269999
Mozambique Channel Isl. (France),Australia,T,0.011547852
Mozambique Channel Isl. (France),Spain,T,4318.5670534
Mozambique Channel Isl. (France),Indonesia,T,1.5094690789999998
Mozambique Channel Isl. (France),South Africa,T,513.925745936
Mozambique Channel Isl. (France),Reunion (France),T,374.57376442700007
Mozambique Channel Isl. (France),China,T,569.8886961400001
Myanmar,Myanmar (own),I,40883188.55059999
Myanmar,India,P,301116.57105100004
Myanmar,Thailand,P,19408270.914060995
Myanmar,China,P,164.70202495299998
Myanmar,Malaysia,T,1272.3662247239997
Myanmar,Japan,T,17353.037815519
Myanmar,Taiwan,T,8704.513047535
Myanmar,Russian Federation,T,42.460282871
Myanmar,Ukraine,T,240.34398748599997
Myanmar,Korea (South),T,4481.8573067649995
Myanmar,Australia,T,1187.83165115
Myanmar,Madagascar,T,201.48176634
Myanmar,Iran,T,0.054192458
Myanmar,Sri Lanka,T,27.21204524
Namibia,Namibia (own),I,14240560.65623531
Namibia,South Africa,P,26115050.668918
Namibia,Angola,P,2595.1762573299998
Namibia,Spain,T,9782612.357901001
Namibia,Russian Federation,T,17590920.572826
Namibia,Taiwan,T,13377.765085714002
Namibia,Bulgaria,T,1369346.74512
Namibia,Japan,T,2425060.394956756
Namibia,Korea (South),T,162932.02620779004
Namibia,Estonia,T,45.912091433
Namibia,Georgia,T,1.7470354310000002
Namibia,Germany,T,633432.6735552008
Namibia,Israel,T,264561.660554
Namibia,Latvia,T,48.637464560999994
Namibia,Ukraine,T,22.641579
Namibia,Cuba,T,1063999.0378851998
Namibia,Cape Verde,T,76.15709282
Namibia,Portugal,T,688545.5396799999
Namibia,Romania,T,915864.5305240001
Namibia,Panama,T,10.230090303999999
Namibia,Poland,T,1797611.44868429
Namibia,Dominican Republic,T,14.283522769
Namibia,Malta,T,0.090120648
Namibia,Cote dIvoire (Ivory Coast),T,9.918267771
Namibia,Denmark,T,0.553266806
Namibia,France,T,9893.582030000001
Namibia,Iceland,T,1478.7343732319998
Namibia,Italy,T,67562.16953779999
Namibia,Mexico,T,1.681715924
Namibia,Senegal,T,1.024530627
Namibia,United Kingdom,T,0.043905107
Namibia,USA,T,9.840201716
Namibia,Venezuela,T,0.039139132
Namibia,Algeria,T,124.2941307
Namibia,Ireland,T,0.000845001
Namibia,Sweden,T,0.006760004
Namibia,Iraq,T,64068.415537299996
Namibia,China,T,704545.8068510001
Namibia,Congo (ex-Zaire),T,300.628125
Namibia,Norway,T,2534.211504
Nauru,Nauru (own),I,25292.755493700006
Nauru,Kiribati,P,26596.504654795
Nauru,Marshall Isl.,P,38761.952418765
Nauru,Australia,T,948.4357721790001
Nauru,Guam (USA),T,2.9571900369999997
Nauru,Indonesia,T,24540.154128678998
Nauru,Japan,T,318041.87887161
Nauru,North Marianas (USA),T,1.2552985010000002
Nauru,Philippines,T,50080.83466451999
Nauru,USA,T,226157.553267469
Nauru,Korea (South),T,167187.320003729
Nauru,Taiwan,T,171815.26200409903
Nauru,Palau,T,368.79166158899983
Nauru,New Zealand,T,10599.773830202
Nauru,Malaysia,T,83.72111481200001
Nauru,Papua New Guinea,T,135716.224112447
Nauru,Solomon Isl.,T,22218.909801820002
Nauru,Fiji,T,103.98069496299996
Nauru,Vanuatu,T,18868.154649296
Nauru,Micronesia,T,20780.01774314
Nauru,Samoa,T,9.69494957
Nauru,Tonga,T,1.409145249
Nauru,China,T,22854.989931799995
Nauru,Cook Islands,T,4.601637851
Nauru,Tuvalu,T,2508.2490187509998
Netherlands,Netherlands (own),I,5367243.654120002
Netherlands,Belgium,P,535396.2900150003
Netherlands,Germany,P,733973.8107470002
Netherlands,United Kingdom,P,1033796.4653619999
Netherlands,Denmark,T,4803291.055823002
Netherlands,France,T,656112.2599298999
Netherlands,Norway,T,111798.40246283
Netherlands,Russian Federation,T,391635.9873022011
Netherlands,Sweden,T,153967.55037610003
Netherlands,Faeroe Isl. (Denmark),T,30569.160449158004
Netherlands,Iceland,T,2993.3847860500005
Netherlands,Spain,T,247.094983751
Netherlands,Portugal,T,17.349575564
Netherlands,Poland,T,7.08e-05
Netherlands,Latvia,T,7707.036924414
Netherlands,Estonia,T,0.779726518
Netherlands,Ireland,T,0.953390548
Netherlands,Greenland,T,416.38937002
Netherlands,Lithuania,T,0.194548833
New Caledonia (France),New Caledonia (France) (own),I,437094.88394800003
New Caledonia (France),Solomon Isl.,P,49.220945451
New Caledonia (France),Vanuatu,P,14.012079573000001
New Caledonia (France),Fiji,P,6.288736494
New Caledonia (France),Australia,T,266.81731908
New Caledonia (France),Guam (USA),T,13.693856926
New Caledonia (France),North Marianas (USA),T,5.812909498
New Caledonia (France),Philippines,T,4182.611748087002
New Caledonia (France),Indonesia,T,94516.28737852999
New Caledonia (France),Japan,T,100267.62597449998
New Caledonia (France),USA,T,3483.2915183199993
New Caledonia (France),Taiwan,T,23300.572829728
New Caledonia (France),Korea (South),T,17913.708984938
New Caledonia (France),Palau,T,21.649953787999998
New Caledonia (France),New Zealand,T,78.168987144
New Caledonia (France),Malaysia,T,399.20859076
New Caledonia (France),Russian Federation,T,1587.5673679729998
New Caledonia (France),Papua New Guinea,T,741.89858555
New Zealand,New Zealand (own),I,17903336.155629992
New Zealand,Australia,P,142444.471021113
New Zealand,Indonesia,T,422.982223877
New Zealand,Japan,T,9198638.936469799
New Zealand,Philippines,T,942.684807722
New Zealand,Taiwan,T,34511.63098076
New Zealand,USA,T,22046.517613149
New Zealand,Korea (South),T,4333250.605619276
New Zealand,Palau,T,2.014231142
New Zealand,Russian Federation,T,2422010.1694227005
New Zealand,Solomon Isl.,T,20.103156431000002
New Zealand,Estonia,T,21.79400226
New Zealand,Latvia,T,31.86315525
New Zealand,Lithuania,T,23.69265398
New Zealand,Ukraine,T,3700889.9098901297
New Zealand,China,T,1191.29254722
New Zealand,Fiji,T,162.083639284
New Zealand,Samoa,T,80.23811523699999
New Zealand,Tonga,T,12.501052913999999
New Zealand,Micronesia,T,11.872580124
New Zealand,Papua New Guinea,T,45.769756425
New Zealand,Spain,T,23.156186466
New Zealand,Vanuatu,T,118.40344280699998
New Zealand,Marshall Isl.,T,4.895500677
New Zealand,Cook Islands,T,12.722467596999998
New Zealand,Dominica,T,163859.161529
New Zealand,Kiribati,T,5.554635615
Nicaragua (Caribbean),Nicaragua (Caribbean) (own),I,1295296.6937650002
Nicaragua (Caribbean),Cayman Isl. (UK),T,183.733332556
Nicaragua (Caribbean),Cuba,T,5381.072433199999
Nicaragua (Caribbean),Sint Maarten,T,103.291144345
Nicaragua (Caribbean),Venezuela,T,4406.2562382900005
Nicaragua (Caribbean),Bahamas,T,1.098733722
Nicaragua (Caribbean),Curacao,T,16.461969274999998
Nicaragua (Caribbean),Russian Federation,T,794.0911011000001
Nicaragua (Caribbean),Taiwan,T,0.082722555
Nicaragua (Caribbean),Korea (South),T,0.009191209
Nicaragua (Pacific),Nicaragua (Pacific) (own),I,705962.0210830003
Nicaragua (Pacific),Colombia,P,28.537616070000002
Nicaragua (Pacific),Panama,P,166.44522778299998
Nicaragua (Pacific),El Salvador,P,483.62154886999997
Nicaragua (Pacific),American Samoa,T,0.002690048
Nicaragua (Pacific),Venezuela,T,19.988035596
Nicaragua (Pacific),USA,T,38489.15948146
Nicaragua (Pacific),Chile,T,24.927934572999998
Nicaragua (Pacific),Ecuador,T,2723.627904638
Nicaragua (Pacific),Mexico,T,584.487067719
Nicaragua (Pacific),Peru,T,528.6076447410001
Nicaragua (Pacific),Canada,T,0.543866681
Nicaragua (Pacific),Japan,T,39.245731708
Nicaragua (Pacific),China,T,47.71401271
Nigeria,Nigeria (own),I,16495041.759370001
Nigeria,Sao Tome & Principe,P,45.0
Nigeria,Benin,P,802.347921297
Nigeria,Equatorial Guinea,P,1330.7028462399999
Nigeria,Israel,T,66.64385576299999
Nigeria,Mexico,T,360.929269179
Nigeria,USA,T,1779.8709229589997
Nigeria,Malta,T,28.029792978
Nigeria,Japan,T,40645.2030465
Nigeria,Taiwan,T,1381.754607825
Nigeria,Angola,T,1256.72952563
Nigeria,France,T,6451.52294215
Nigeria,Korea (South),T,1869.2758498659998
Nigeria,Russian Federation,T,1413.703042809
Nigeria,Estonia,T,777.41006398
Nigeria,Georgia,T,2.807841241
Nigeria,Latvia,T,54.230437924
Nigeria,Senegal,T,1286.479591492
Nigeria,Ukraine,T,7.1893055740000005
Nigeria,Ghana,T,4443.11411237
Nigeria,South Cyprus,T,1.970151277
Nigeria,Spain,T,445.26966309
Nigeria,Cote dIvoire (Ivory Coast),T,7656.966668409999
Nigeria,Cape Verde,T,700.0013022500001
Nigeria,Norway,T,17602.7726526
Nigeria,Panama,T,2121.211664105
Nigeria,Denmark,T,0.24920111
Nigeria,Germany,T,0.011029452
Nigeria,Iceland,T,0.003086034
Nigeria,Poland,T,0.055886043999999996
Nigeria,United Kingdom,T,0.020385491
Nigeria,Venezuela,T,9.715128705
Nigeria,Ireland,T,0.000661036
Nigeria,Sweden,T,0.005288288
Nigeria,China,T,543370.3368307
Nigeria,Cuba,T,10.58345822
Nigeria,Lithuania,T,15.789252523
Nigeria,Egypt,T,0.509138662
Niue (New Zealand),Niue (New Zealand) (own),I,23287.472857068005
Niue (New Zealand),American Samoa,P,217.67395839
Niue (New Zealand),Tonga,P,1.6455417740000002
Niue (New Zealand),Cook Islands,P,6.3922735920000004
Niue (New Zealand),Indonesia,T,140.08325125200003
Niue (New Zealand),Japan,T,7338.81910763
Niue (New Zealand),Philippines,T,367.81557481
Niue (New Zealand),Taiwan,T,5944.402005903001
Niue (New Zealand),USA,T,28939.470818658003
Niue (New Zealand),Korea (South),T,1016.1723455809998
Niue (New Zealand),Palau,T,0.199078992
Niue (New Zealand),Russian Federation,T,3113.6008886500003
Niue (New Zealand),Canada,T,0.9876645390000001
Niue (New Zealand),Ecuador,T,6.157263028999999
Niue (New Zealand),Solomon Isl.,T,5.476477664000001
Niue (New Zealand),Spain,T,1.43833571
Niue (New Zealand),Bermuda (UK),T,1.822685363
Niue (New Zealand),Australia,T,8.552781732
Niue (New Zealand),Fiji,T,65.577799351
Niue (New Zealand),Samoa,T,13.752462695999997
Niue (New Zealand),Micronesia,T,3.32019066
Niue (New Zealand),Papua New Guinea,T,6.153267037
Niue (New Zealand),Vanuatu,T,58.087311379
Norfolk Isl. (Australia),Norfolk Isl. (Australia) (own),I,51938.17989384499
Norfolk Isl. (Australia),New Zealand,P,79.954897544
Norfolk Isl. (Australia),Japan,T,23136.273956080004
Norfolk Isl. (Australia),Indonesia,T,339.7788353449999
Norfolk Isl. (Australia),Philippines,T,833.319418517
Norfolk Isl. (Australia),Taiwan,T,6430.601986695
Norfolk Isl. (Australia),USA,T,31.028227640999997
Norfolk Isl. (Australia),Korea (South),T,7883.961597766
Norfolk Isl. (Australia),Palau,T,0.556616183
Norfolk Isl. (Australia),Russian Federation,T,10653.228673122
Norfolk Isl. (Australia),Solomon Isl.,T,1.320971519
Norfolk Isl. (Australia),Estonia,T,1.3564027699999999
Norfolk Isl. (Australia),Latvia,T,1.983081012
Norfolk Isl. (Australia),Lithuania,T,1.4745699810000001
Norfolk Isl. (Australia),Ukraine,T,91.6539394
Northern Marianas (USA),Northern Marianas (USA) (own),I,31668.937389109
Northern Marianas (USA),Japan,P,73798.97880311999
Northern Marianas (USA),Australia,T,122.46186362899999
Northern Marianas (USA),Guam (USA),T,31.307885001
Northern Marianas (USA),Philippines,T,10656.739638611
Northern Marianas (USA),Taiwan,T,112415.54586429999
Northern Marianas (USA),Korea (South),T,7726.593651538001
Northern Marianas (USA),Indonesia,T,59676.29228181999
Northern Marianas (USA),China,T,77440.70888015
Northern Marianas (USA),Palau,T,978.9222012739998
Northern Marianas (USA),New Zealand,T,22.52261221
Northern Marianas (USA),Malaysia,T,1542.10843078
Northern Marianas (USA),Papua New Guinea,T,4193.280520599999
Northern Marianas (USA),Solomon Isl.,T,2515.39038474
Northern Marianas (USA),Fiji,T,355.381272493
Northern Marianas (USA),Vanuatu,T,73.10702312800001
Northern Marianas (USA),French Polynesia,T,60.298890387
Northern Marianas (USA),Russian Federation,T,710.0893904
Northern Marianas (USA),Kiribati,T,32.770333928
Northern Marianas (USA),New Caledonia (France),T,22.645393861000002
Northern Marianas (USA),American Samoa,T,0.016608344
Northern Marianas (USA),Honduras,T,206.6026266
Northern Marianas (USA),Tonga,T,0.473834624
Northern Marianas (USA),Tuvalu,T,3.875385991
Norway,Norway (own),I,109056210.50169998
Norway,Denmark,P,14191195.548789999
Norway,Russian Federation,P,34685789.717700005
Norway,Sweden,P,3097196.4961599996
Norway,United Kingdom,P,6210353.964139997
Norway,Belgium,T,154509.72215760002
Norway,France,T,1940476.7483129997
Norway,Germany,T,4218081.98177
Norway,Ireland,T,227354.93335154705
Norway,Malta,T,1114.8809527469998
Norway,Netherlands,T,2387987.2879499993
Norway,Faeroe Isl. (Denmark),T,646785.479050312
Norway,Iceland,T,2164828.8078426896
Norway,Italy,T,8603.073936699999
Norway,Spain,T,169896.9491463
Norway,Portugal,T,56763.46897866001
Norway,Poland,T,21.909637580000005
Norway,Greenland,T,106380.02460040001
Oman,Oman (own),I,8049357.955479998
Oman,Yemen,P,121003.355797
Oman,Egypt,T,4374.33375173
Oman,Japan,T,4454.359647698001
Oman,Taiwan,T,11060.816449237002
Oman,Russian Federation,T,7038.208705969999
Oman,Ukraine,T,8641.647627440001
Oman,Korea (South),T,31302.275068782998
Oman,Spain,T,2992.6265696
Oman,Indonesia,T,0.561561986
Oman,Italy,T,2606.54323322
Oman,Romania,T,46.710557713
Oman,China,T,3569.851099120999
Oman (Musandam),Oman (Musandam) (own),I,281894.22093310003
Oman (Musandam),Egypt,T,46.682202214
Oman (Musandam),Russian Federation,T,86.409849718
Oman (Musandam),Ukraine,T,106.061950919
Oman (Musandam),Korea (South),T,51.166718458000005
Oman (Musandam),Taiwan,T,12.93793463
Oman (Musandam),Spain,T,8.113970138
Oman (Musandam),Italy,T,33.598721204
Oman (Musandam),Romania,T,0.134685485
Pakistan,Pakistan (own),I,38401617.63082
Pakistan,China,P,42605.922695892
Pakistan,India,P,205132.26816
Pakistan,Egypt,T,1990.8381109400002
Pakistan,Japan,T,119.33471597999998
Pakistan,Taiwan,T,79850.90701531999
Pakistan,Russian Federation,T,1901.81816927
Pakistan,Ukraine,T,2338.5790866160005
Pakistan,Korea (South),T,124214.70707833303
Pakistan,Spain,T,399.68995401
Pakistan,Indonesia,T,0.011226738
Pakistan,Korea (North),T,2190.045389
Palau,Palau (own),I,122208.79963789992
Palau,Indonesia,P,69914.86756547999
Palau,Philippines,P,26688.264248215004
Palau,Micronesia,P,34985.2543167
Palau,Australia,T,2015.2734748539997
Palau,Guam (USA),T,5.597505001
Palau,Japan,T,726797.9576422002
Palau,North Marianas (USA),T,2.3760866039999997
Palau,USA,T,594209.8182744852
Palau,Taiwan,T,278735.2843348
Palau,Korea (South),T,7485.6800514100005
Palau,New Zealand,T,96.806249671
Palau,Malaysia,T,262.10866903
Palau,Papua New Guinea,T,216921.87484921
Palau,Solomon Isl.,T,70274.886556033
Palau,Fiji,T,531.233334962
Palau,Vanuatu,T,440.267813531
Palau,Kiribati,T,36779.9304249
Palau,China,T,10076.093550866999
Palau,Marshall Isl.,T,52149.422540659005
Palau,Samoa,T,114.62766250200002
Palau,Tonga,T,18.018312066
Palau,Nauru,T,8.988337249
Palau,Cook Islands,T,41.569773383
Palau,Tuvalu,T,3311.653031796
Palau,Belize,T,116.41458347
Palau,Viet Nam,T,15241.046972
Palmyra Atoll & Kingman Reef (USA),Palmyra Atoll & Kingman Reef (USA) (own),I,2356.48962465
Palmyra Atoll & Kingman Reef (USA),Kiribati,P,10.351316182
Palmyra Atoll & Kingman Reef (USA),American Samoa,T,50.497701244999995
Palmyra Atoll & Kingman Reef (USA),Philippines,T,4328.568156744001
Palmyra Atoll & Kingman Reef (USA),Indonesia,T,2232.1003809290005
Palmyra Atoll & Kingman Reef (USA),Japan,T,56962.65773740001
Palmyra Atoll & Kingman Reef (USA),Taiwan,T,5150.543745722001
Palmyra Atoll & Kingman Reef (USA),Korea (South),T,2882.177474062
Palmyra Atoll & Kingman Reef (USA),Palau,T,155.450660848
Palmyra Atoll & Kingman Reef (USA),New Zealand,T,0.663682277
Palmyra Atoll & Kingman Reef (USA),Russian Federation,T,731.9273290410001
Palmyra Atoll & Kingman Reef (USA),Canada,T,1.018141586
Palmyra Atoll & Kingman Reef (USA),Ecuador,T,10.976427036
Palmyra Atoll & Kingman Reef (USA),Solomon Isl.,T,432.624727348
Palmyra Atoll & Kingman Reef (USA),Spain,T,9.465167375
Palmyra Atoll & Kingman Reef (USA),Bermuda (UK),T,30.437435207
Palmyra Atoll & Kingman Reef (USA),Australia,T,2.7996153830000003
Palmyra Atoll & Kingman Reef (USA),Fiji,T,98.69979061699999
Palmyra Atoll & Kingman Reef (USA),Papua New Guinea,T,568.60932938
Palmyra Atoll & Kingman Reef (USA),French Polynesia,T,10.481858908
Palmyra Atoll & Kingman Reef (USA),Guam (USA),T,0.255310228
Palmyra Atoll & Kingman Reef (USA),New Caledonia (France),T,4.644281674
Palmyra Atoll & Kingman Reef (USA),Tonga,T,0.159866228
Palmyra Atoll & Kingman Reef (USA),Tuvalu,T,0.307511682
Panama (Caribbean),Panama (Caribbean) (own),I,106340.77578169998
Panama (Caribbean),Colombia,P,0.001017907
Panama (Caribbean),Cuba,T,3514.7604028099995
Panama (Caribbean),Sint Maarten,T,71.50552379599999
Panama (Caribbean),Venezuela,T,3730.6646929599992
Panama (Caribbean),Bahamas,T,1.251577508
Panama (Caribbean),Curacao,T,18.276924303999998
Panama (Caribbean),Chile,T,0.0046548710000000005
Panama (Caribbean),Ecuador,T,0.015346371
Panama (Caribbean),Japan,T,152.296430076
Panama (Caribbean),Peru,T,0.058599841
Panama (Caribbean),Russian Federation,T,1405.0321451
Panama (Caribbean),Taiwan,T,97.136308916
Panama (Caribbean),Korea (South),T,874.1214348430001
Panama (Pacific),Panama (Pacific) (own),I,8800758.83129
Panama (Pacific),Colombia,P,2.6649914000000003
Panama (Pacific),Costa Rica,P,214.82526498
Panama (Pacific),American Samoa,T,0.00808352
Panama (Pacific),Venezuela,T,24.417608186
Panama (Pacific),USA,T,59689.8027569
Panama (Pacific),Chile,T,3.61096873
Panama (Pacific),Ecuador,T,264.207494959
Panama (Pacific),Mexico,T,134.537780181
Panama (Pacific),Peru,T,58.531642267
Panama (Pacific),Canada,T,0.095627642
Panama (Pacific),Japan,T,153.46241953700002
Panama (Pacific),Taiwan,T,5.471324769
Panama (Pacific),China,T,308.0357766
Papua New Guinea,Papua New Guinea (own),I,3250187.62964
Papua New Guinea,Australia,P,16293.459719578
Papua New Guinea,Indonesia,P,429987.70575466007
Papua New Guinea,Solomon Isl.,P,169272.417293
Papua New Guinea,Micronesia,P,124657.67236099999
Papua New Guinea,Guam (USA),T,51.03353727500001
Papua New Guinea,Japan,T,3409136.725716
Papua New Guinea,North Marianas (USA),T,21.663241808000002
Papua New Guinea,Philippines,T,1026813.0013202999
Papua New Guinea,USA,T,1917249.8482323831
Papua New Guinea,Taiwan,T,390356.8762723
Papua New Guinea,Korea (South),T,733608.1373258941
Papua New Guinea,Palau,T,29879.759832913995
Papua New Guinea,New Zealand,T,371.950987333
Papua New Guinea,Malaysia,T,1953.4942271
Papua New Guinea,Fiji,T,784.6765013930001
Papua New Guinea,Vanuatu,T,824.451500745
Papua New Guinea,Kiribati,T,142681.7969215
Papua New Guinea,Russian Federation,T,6139.350263299999
Papua New Guinea,Marshall Isl.,T,215087.73491950394
Papua New Guinea,Samoa,T,60.358021135
Papua New Guinea,Tonga,T,5.527824101999999
Papua New Guinea,Nauru,T,4.673224731
Papua New Guinea,China,T,120745.01294799999
Papua New Guinea,New Caledonia (France),T,457.80428438
Papua New Guinea,Cook Islands,T,46.85138323599999
Papua New Guinea,Tuvalu,T,15859.886587967
Peru,Peru (own),I,454372359.32129985
Peru,Chile,P,30895816.041259
Peru,Ecuador,P,86384.651567
Peru,USA,T,492087.333047873
Peru,Korea (South),T,43103.30014434
Peru,Japan,T,24058.234582999994
Peru,Spain,T,453.502474541
Peru,Latvia,T,635608.60292
Peru,Russian Federation,T,3227364.27192
Peru,Mexico,T,125.954550454
Peru,Panama,T,1677.163109177
Peru,China,T,2083011.24349
Philippines,Philippines (own),I,73464869.03999998
Philippines,Taiwan,P,418119.3914027
Philippines,Indonesia,P,328344.998257082
Philippines,Japan,P,190669.16295400003
Philippines,China,P,2228935.7428443003
Philippines,Palau,P,444.53398032300004
Philippines,Malaysia,P,3610.9017089
Philippines,Australia,T,891.8208810589997
Philippines,Guam (USA),T,56.55698266499999
Philippines,North Marianas (USA),T,19.978957655
Philippines,Korea (South),T,20754.970612294
Philippines,USA,T,412.5749644959999
Philippines,New Zealand,T,26.788958774000005
Philippines,Papua New Guinea,T,1108.33988348
Philippines,Solomon Isl.,T,512.0621163999999
Philippines,Fiji,T,28.643592625000004
Philippines,Vanuatu,T,81.342170444
Pitcairn (UK),Pitcairn (UK) (own),I,190.39999999999998
Pitcairn (UK),French Polynesia,P,41.92588651
Pitcairn (UK),American Samoa,T,102.003897419
Pitcairn (UK),Chile,T,42.50843379199999
Pitcairn (UK),Japan,T,18468.410589355997
Pitcairn (UK),Peru,T,550.9819247749999
Pitcairn (UK),Colombia,T,4.796947101999999
Pitcairn (UK),Ecuador,T,3773.577370215
Pitcairn (UK),Indonesia,T,111.43418418700001
Pitcairn (UK),Korea (South),T,33751.82821477799
Pitcairn (UK),Philippines,T,303.4320070719999
Pitcairn (UK),Taiwan,T,71886.53639031398
Pitcairn (UK),USA,T,29311.589992901
Pitcairn (UK),Panama,T,24.898624226
Pitcairn (UK),Palau,T,0.188804833
Pitcairn (UK),New Zealand,T,127.162481936
Pitcairn (UK),Russian Federation,T,50976.16412515
Pitcairn (UK),Canada,T,15.179525009999999
Pitcairn (UK),Solomon Isl.,T,2.0516570130000003
Pitcairn (UK),Spain,T,124.83529818900001
Pitcairn (UK),Bermuda (UK),T,99.005994212
Pitcairn (UK),Senegal,T,18.27848952
Pitcairn (UK),Australia,T,37080.94006741599
Pitcairn (UK),Ukraine,T,376.03739351
Pitcairn (UK),Estonia,T,10682.643498002
Pitcairn (UK),Guam (USA),T,0.894144301
Pitcairn (UK),Kiribati,T,2.606817433
Pitcairn (UK),Latvia,T,50609.183577972
Pitcairn (UK),Lithuania,T,47682.294935308004
Pitcairn (UK),Tonga,T,7.769420611999999
Pitcairn (UK),Fiji,T,9.405728069
Pitcairn (UK),New Caledonia (France),T,20.129979282
Pitcairn (UK),North Marianas (USA),T,0.023459603000000002
Pitcairn (UK),China,T,664.269124069
Pitcairn (UK),Norway,T,84794.0
Pitcairn (UK),Georgia,T,4114.800437
Pitcairn (UK),Marshall Isl.,T,0.03872983199999999
Pitcairn (UK),Micronesia,T,0.160670212
Pitcairn (UK),Papua New Guinea,T,0.008066999
Pitcairn (UK),Samoa,T,3.890165537
Pitcairn (UK),South Cyprus,T,12.74136384
Pitcairn (UK),Belize,T,13.57058246
Pitcairn (UK),Cook Islands,T,0.084507817
Poland,Poland (own),I,4111964.66469
Poland,Denmark,P,1064267.6786880004
Poland,Germany,P,610226.5828099999
Poland,Lithuania,P,249735.14669999995
Poland,Russian Federation,P,856093.76794
Poland,Sweden,P,1044355.5331769999
Poland,Estonia,T,42066.962250350014
Poland,Finland,T,46841.701128587985
Poland,Latvia,T,248224.91964399995
Poland,Netherlands,T,16.310699757000002
Poland,United Kingdom,T,185.6916492
Poland,Spain,T,2.008815651
Portugal (mainland),Portugal (mainland) (own),I,22466846.202299997
Portugal (mainland),Spain,P,1055493.2070334002
Portugal (mainland),Morocco,P,0.862193848
Portugal (mainland),France,T,40897.380660079994
Portugal (mainland),Denmark,T,547.2172135320001
Portugal (mainland),Germany,T,381.31198458300014
Portugal (mainland),Greece,T,109.632475836
Portugal (mainland),Malta,T,53.439174338
Portugal (mainland),Sweden,T,12.296591296000003
Portugal (mainland),Estonia,T,5.273137177000001
Portugal (mainland),Georgia,T,0.19989234
Portugal (mainland),Latvia,T,52.771608551
Portugal (mainland),Ukraine,T,2.590604896
Portugal (mainland),Angola,T,0.285899269
Portugal (mainland),Dominican Republic,T,3.667773575
Portugal (mainland),Korea (South),T,82.73223787
Portugal (mainland),Norway,T,287.621997922
Portugal (mainland),Poland,T,114.485801589
Portugal (mainland),Saint Helena (UK),T,0.603594856
Portugal (mainland),Panama,T,22.797086002999997
Portugal (mainland),Equatorial Guinea,T,0.118747528
Portugal (mainland),Iceland,T,3.624763269
Portugal (mainland),Liberia,T,0.07916503
Portugal (mainland),Togo,T,0.237495129
Portugal (mainland),United Kingdom,T,311.156094005
Portugal (mainland),Ireland,T,13.521315349999998
Portugal (mainland),Russian Federation,T,40268.22821942999
Portugal (mainland),Japan,T,1011.39980429
Portugal (mainland),Lithuania,T,360.407707052
Prince Edward Isl. (South Africa),Prince Edward Isl. (South Africa) (own),I,10353.298460599999
Prince Edward Isl. (South Africa),Egypt,T,195.75106953899999
Prince Edward Isl. (South Africa),Japan,T,9236.343627661
Prince Edward Isl. (South Africa),Taiwan,T,125.76642705799998
Prince Edward Isl. (South Africa),Russian Federation,T,654.905462807
Prince Edward Isl. (South Africa),Ukraine,T,382.6284761019999
Prince Edward Isl. (South Africa),Korea (South),T,3393.860667729
Prince Edward Isl. (South Africa),Australia,T,3918.358605791
Prince Edward Isl. (South Africa),Spain,T,12928.494067657
Prince Edward Isl. (South Africa),Indonesia,T,0.179655821
Prince Edward Isl. (South Africa),Argentina,T,16799.297250919997
Prince Edward Isl. (South Africa),Panama,T,16799.297251019998
Prince Edward Isl. (South Africa),USA,T,16799.297250909996
Prince Edward Isl. (South Africa),Vanuatu,T,16799.591295270002
Prince Edward Isl. (South Africa),China,T,150.50608959
Prince Edward Isl. (South Africa),Norway,T,24.01494932
Prince Edward Isl. (South Africa),Uruguay,T,11964.616846260002
Prince Edward Isl. (South Africa),New Zealand,T,0.000808627
Prince Edward Isl. (South Africa),United Kingdom,T,478.244930255
Prince Edward Isl. (South Africa),France,T,13.13303302
Puerto Rico (USA),Puerto Rico (USA) (own),I,285848.2075953959
Puerto Rico (USA),Venezuela,P,13185.49157581
Puerto Rico (USA),Cuba,T,10796.706330099998
Puerto Rico (USA),Sint Maarten,T,118.719237844
Puerto Rico (USA),Bahamas,T,0.7969461369999999
Puerto Rico (USA),Curacao,T,144.317167909
Puerto Rico (USA),Taiwan,T,1750.266412642
Puerto Rico (USA),Russian Federation,T,9988.746036422
Puerto Rico (USA),Korea (South),T,2185.2519921810003
Puerto Rico (USA),Estonia,T,2.52850062
Puerto Rico (USA),Georgia,T,0.096213878
Puerto Rico (USA),Latvia,T,2.678594676
Puerto Rico (USA),Ukraine,T,1.2469317549999999
Puerto Rico (USA),Angola,T,0.049533448
Puerto Rico (USA),Ghana,T,0.09260584399999999
Puerto Rico (USA),Cape Verde,T,0.023339619
Puerto Rico (USA),Malta,T,0.001600806
Puerto Rico (USA),Mexico,T,0.218089929
Puerto Rico (USA),Panama,T,346.858071331
Puerto Rico (USA),Japan,T,0.644080661
Puerto Rico (USA),Martinique (France),T,523.0857999899999
Puerto Rico (USA),Italy,T,115.94280097999999
Puerto Rico (USA),Cayman Isl. (UK),T,15.11856562
Puerto Rico (USA),Colombia,T,82.51753995
Qatar,Qatar (own),I,846645.782315
Qatar,Bahrain,P,9654.299953900003
Qatar,Egypt,T,691.8988272700001
Qatar,Russian Federation,T,999.3905325460003
Qatar,Ukraine,T,1228.904969056
Qatar,Korea (South),T,58.35702153
Qatar,Taiwan,T,123.290756478
Qatar,Spain,T,34.2481655
Reunion (France),Reunion (France) (own),I,96149.626401491
Reunion (France),Egypt,T,1103.86989612
Reunion (France),Japan,T,12463.034951659994
Reunion (France),Taiwan,T,7517.563203598
Reunion (France),Russian Federation,T,1923.7927232
Reunion (France),Ukraine,T,2365.60019332
Reunion (France),Korea (South),T,1528.0293341000001
Reunion (France),Spain,T,5311.224688120001
Reunion (France),Indonesia,T,40.91524741800001
Romania,Romania (own),I,508972.3509273
Romania,Canada,T,1181.7448106
Romania,USA,T,102.46469049
Romania,Turkey,T,89757.161656367
Romania,Lebanon,T,762.7485976
Romania,Syrian Arab Republic,T,43.48298387599999
Russia (Baltic Sea),Russia (Baltic Sea) (own),I,1541796.1939299996
Russia (Baltic Sea),Estonia,P,712386.755333
Russia (Baltic Sea),Finland,P,254786.45684290005
Russia (Baltic Sea),Latvia,P,180367.46904639993
Russia (Baltic Sea),Lithuania,P,174178.78037600004
Russia (Baltic Sea),Poland,P,1085167.8156869998
Russia (Baltic Sea),Sweden,P,269886.550381
Russia (Baltic Sea),Denmark,T,268485.0517338
Russia (Baltic Sea),Germany,T,31454.13352739
Russia (Baltic Sea),Netherlands,T,12.625458005999999
Russia (Baltic Sea),United Kingdom,T,148.966056
Russia (Baltic Sea),Faeroe Isl. (Denmark),T,570.08986402
Russia (Baltic Sea),Spain,T,1.182058186
Russia (Barents Sea),Russia (Barents Sea) (own),I,56938762.9036
Russia (Barents Sea),Norway,P,3692144.928426402
Russia (Barents Sea),Sweden,P,3569.4455194800003
Russia (Barents Sea),Denmark,T,4082.5392524900008
Russia (Barents Sea),France,T,545961.3948080001
Russia (Barents Sea),Germany,T,265852.47744801285
Russia (Barents Sea),Netherlands,T,1005.8882978
Russia (Barents Sea),United Kingdom,T,2084055.0543690007
Russia (Barents Sea),Belgium,T,4415.0631657
Russia (Barents Sea),Faeroe Isl. (Denmark),T,585392.2335431
Russia (Barents Sea),Iceland,T,61732.5890978
Russia (Barents Sea),Spain,T,81316.259676436
Russia (Barents Sea),Portugal,T,37218.064337523
Russia (Barents Sea),Ireland,T,1043.4541942790001
Russia (Barents Sea),Greenland,T,7676.0089356
Russia (Black Sea),Russia (Black Sea) (own),I,11357267.649929998
Russia (Black Sea),Ukraine,P,1868810.74
Russia (Black Sea),Korea (South),T,476.53932789000004
Russia (Far East),Russia (Far East) (own),I,276640705.6965
Russia (Far East),Japan,P,23183746.70363999
Russia (Far East),USA,P,260227.22647514506
Russia (Far East),China,P,32948003.229447003
Russia (Far East),Korea (North),P,879810.00272
Russia (Far East),Ukraine,P,4283.681729
Russia (Far East),Korea (South),T,6358076.2822071025
Russia (Far East),Philippines,T,4883.272065426001
Russia (Far East),Taiwan,T,655842.454812
Russia (Far East),Indonesia,T,3706.2997778470003
Russia (Far East),Palau,T,533.550306092
Russia (Far East),New Zealand,T,0.003218454
Russia (Far East),Australia,T,11.267435203
Russia (Far East),Papua New Guinea,T,2423.5327126
Russia (Far East),Solomon Isl.,T,996.0933944000001
Russia (Far East),Fiji,T,11.711583465999999
Russia (Kara Sea),Russia (Kara Sea) (own),I,408126.70031662
Russia (Laptev to Chukchi Sea),Russia (Laptev to Chukchi Sea) (own),I,413859.1746848
Saba and Sint Eustaius (Netherlands),Saba and Sint Eustaius (Netherlands) (own),I,10888.748209769998
Saba and Sint Eustaius (Netherlands),Cuba,T,79.885506723
Saba and Sint Eustaius (Netherlands),Sint Maarten,T,5252.401839863
Saba and Sint Eustaius (Netherlands),Venezuela,T,1221.5797492759998
Saba and Sint Eustaius (Netherlands),Bahamas,T,0.018621581999999998
Saba and Sint Eustaius (Netherlands),Curacao,T,62.78966460699999
Saba and Sint Eustaius (Netherlands),Taiwan,T,1041.041842546
Saba and Sint Eustaius (Netherlands),Russian Federation,T,66.31336931700001
Saba and Sint Eustaius (Netherlands),Korea (South),T,444.260349749
Saba and Sint Eustaius (Netherlands),Estonia,T,0.7140204840000001
Saba and Sint Eustaius (Netherlands),Georgia,T,0.027169732999999998
Saba and Sint Eustaius (Netherlands),Latvia,T,0.756405288
Saba and Sint Eustaius (Netherlands),Ukraine,T,0.35211971200000003
Saba and Sint Eustaius (Netherlands),Angola,T,1.4879231410000002
Saba and Sint Eustaius (Netherlands),Ghana,T,1.4692623619999998
Saba and Sint Eustaius (Netherlands),Cape Verde,T,0.355707289
Saba and Sint Eustaius (Netherlands),Panama,T,2.746736973
Saba and Sint Eustaius (Netherlands),Japan,T,6.750886806
Saba and Sint Eustaius (Netherlands),Martinique (France),T,32.207532249
Saba and Sint Eustaius (Netherlands),Italy,T,10.898796487
Saba and Sint Eustaius (Netherlands),Cayman Isl. (UK),T,1.019305581
Saba and Sint Eustaius (Netherlands),Colombia,T,11.21355217
Saba and Sint Eustaius (Netherlands),Argentina,T,4.557321618
Saba and Sint Eustaius (Netherlands),Lithuania,T,36.54295255
Saba and Sint Eustaius (Netherlands),Spain,T,0.945391162
Saint Helena (UK),Saint Helena (UK) (own),I,27651.539077899997
Saint Helena (UK),Malta,T,0.107251494
Saint Helena (UK),South Africa,T,22.863479174
Saint Helena (UK),Taiwan,T,589.940691153
Saint Helena (UK),Korea (South),T,543.776488202
Saint Helena (UK),Estonia,T,2.037410093
Saint Helena (UK),Georgia,T,0.077527025
Saint Helena (UK),Latvia,T,2.158352201
Saint Helena (UK),Ukraine,T,1.0047501429999999
Saint Helena (UK),Panama,T,42.65287825
Saint Helena (UK),Aruba (Netherlands),T,91.295712443
Saint Helena (UK),Barbados,T,368.00419082499997
Saint Helena (UK),Grenada,T,287.91779096899995
Saint Helena (UK),Saint Lucia,T,112.084557557
Saint Helena (UK),Trinidad & Tobago,T,1195.1344774680001
Saint Helena (UK),Algeria,T,45.31562274
Saint Helena (UK),Japan,T,1154.62105329
Saint Kitts & Nevis,Saint Kitts & Nevis (own),I,91741.36553200001
Saint Kitts & Nevis,Venezuela,P,845.4249033379999
Saint Kitts & Nevis,Cuba,T,66.39459422300001
Saint Kitts & Nevis,Sint Maarten,T,4.465299514
Saint Kitts & Nevis,Bahamas,T,0.02061462
Saint Kitts & Nevis,Curacao,T,14.388928563
Saint Kitts & Nevis,Taiwan,T,220.411554965
Saint Kitts & Nevis,Russian Federation,T,77.136159344
Saint Kitts & Nevis,Korea (South),T,197.290618769
Saint Kitts & Nevis,Estonia,T,0.535144486
Saint Kitts & Nevis,Georgia,T,0.020363187
Saint Kitts & Nevis,Latvia,T,0.5669110740000001
Saint Kitts & Nevis,Ukraine,T,0.26390688700000003
Saint Kitts & Nevis,Angola,T,1.114006968
Saint Kitts & Nevis,Ghana,T,1.264669993
Saint Kitts & Nevis,Cape Verde,T,0.65712585
Saint Kitts & Nevis,Panama,T,6.571661379999999
Saint Kitts & Nevis,Japan,T,8.289001506
Saint Kitts & Nevis,Martinique (France),T,18.328713909
Saint Kitts & Nevis,Italy,T,3.0623858129999997
Saint Kitts & Nevis,Cayman Isl. (UK),T,0.802151778
Saint Kitts & Nevis,Colombia,T,7.803050644
Saint Lucia,Saint Lucia (own),I,83142.82198000001
Saint Lucia,Venezuela,P,20765.518505099
Saint Lucia,Barbados,P,186.26197172000002
Saint Lucia,Cuba,T,3032.262585730001
Saint Lucia,Sint Maarten,T,48.483921409999994
Saint Lucia,Bahamas,T,0.223832158
Saint Lucia,Curacao,T,28.863786778999998
Saint Lucia,Taiwan,T,60.84165681799999
Saint Lucia,Russian Federation,T,1768.1090044919997
Saint Lucia,Korea (South),T,288.828721067
Saint Lucia,Martinique (France),T,3327.0530133999996
Saint Lucia,USA,T,2963.4380849179997
Saint Lucia,Estonia,T,0.09036859900000001
Saint Lucia,Georgia,T,0.0034387439999999997
Saint Lucia,Latvia,T,0.09573296399999999
Saint Lucia,Ukraine,T,0.044565339
Saint Lucia,Angola,T,0.21392781300000002
Saint Lucia,Ghana,T,0.22287003900000002
Saint Lucia,Cape Verde,T,0.049091166
Saint Lucia,Panama,T,9.816421837
Saint Lucia,Japan,T,0.927420481
Saint Lucia,Mexico,T,0.069816368
Saint Lucia,Italy,T,23.194876916
Saint Lucia,Cayman Isl. (UK),T,1.070120012
Saint Lucia,Colombia,T,9.101809029
Saint Lucia,Argentina,T,0.010779838
Saint Pierre & Miquelon (France),Saint Pierre & Miquelon (France) (own),I,277556.74405395
Saint Pierre & Miquelon (France),Canada,P,29.007093661
Saint Pierre & Miquelon (France),Taiwan,T,0.017932294
Saint Pierre & Miquelon (France),Mexico,T,0.266823632
Saint Vincent & the Grenadines,Saint Vincent & the Grenadines (own),I,81782.45203870001
Saint Vincent & the Grenadines,Grenada,P,39676.3456552
Saint Vincent & the Grenadines,Venezuela,P,4633.250789673
Saint Vincent & the Grenadines,Cuba,T,3167.430861489999
Saint Vincent & the Grenadines,Sint Maarten,T,45.878769380999984
Saint Vincent & the Grenadines,Bahamas,T,0.307977954
Saint Vincent & the Grenadines,Curacao,T,56.81783845299999
Saint Vincent & the Grenadines,Taiwan,T,127.65022059599998
Saint Vincent & the Grenadines,Russian Federation,T,2032.398954282
Saint Vincent & the Grenadines,Korea (South),T,1058.602838815
Saint Vincent & the Grenadines,Estonia,T,0.384473821
Saint Vincent & the Grenadines,Georgia,T,0.014629905
Saint Vincent & the Grenadines,Latvia,T,0.407296545
Saint Vincent & the Grenadines,Ukraine,T,0.189603535
Saint Vincent & the Grenadines,Angola,T,0.54874797
Saint Vincent & the Grenadines,Ghana,T,0.883488179
Saint Vincent & the Grenadines,Cape Verde,T,0.228964646
Saint Vincent & the Grenadines,Panama,T,96.906003483
Saint Vincent & the Grenadines,USA,T,369.907616576
Saint Vincent & the Grenadines,Japan,T,5.131721788
Saint Vincent & the Grenadines,Martinique (France),T,129.568711138
Saint Vincent & the Grenadines,Mexico,T,0.069971302
Saint Vincent & the Grenadines,Italy,T,32.454742455
Saint Vincent & the Grenadines,Cayman Isl. (UK),T,3.896422495
Saint Vincent & the Grenadines,Colombia,T,19.82350731
Samoa,Samoa (own),I,684274.3733220001
Samoa,Tonga,P,17.067737147
Samoa,American Samoa,T,1322.007253205
Samoa,Indonesia,T,203.221977791
Samoa,Japan,T,12370.227212510994
Samoa,Philippines,T,479.3616491709999
Samoa,Taiwan,T,2669.097766551
Samoa,USA,T,37129.056940491
Samoa,Korea (South),T,1948.2427283110003
Samoa,Palau,T,1.255689052
Samoa,New Zealand,T,5.091379816
Samoa,Russian Federation,T,14656.4113014
Samoa,Canada,T,0.541784053
Samoa,Ecuador,T,3.2692347859999997
Samoa,Solomon Isl.,T,59.841016975
Samoa,Spain,T,0.180594685
Samoa,Bermuda (UK),T,0.779503924
Samoa,Australia,T,62.134938045
Samoa,Fiji,T,382.59337358399995
Samoa,Micronesia,T,11.346231757
Samoa,Papua New Guinea,T,38.064336078
Samoa,Vanuatu,T,279.545877922
Samoa,Cook Islands,T,34.583819179
Samoa,Kiribati,T,1.712333909
Samoa,Marshall Isl.,T,0.174003736
Sao Tome & Principe,Sao Tome & Principe (own),I,424168.84440699994
Sao Tome & Principe,Israel,T,522.6835258300001
Sao Tome & Principe,Mexico,T,3775.4253049569998
Sao Tome & Principe,USA,T,15303.803937997
Sao Tome & Principe,Cuba,T,2381.6988776000003
Sao Tome & Principe,Malta,T,206.558654837
Sao Tome & Principe,Japan,T,159964.81122327002
Sao Tome & Principe,Taiwan,T,11515.177978046
Sao Tome & Principe,Angola,T,1191.7232256099999
Sao Tome & Principe,France,T,153948.18060939998
Sao Tome & Principe,Korea (South),T,898.472278299
Sao Tome & Principe,Latvia,T,4408.032892444
Sao Tome & Principe,Lithuania,T,227.35054149
Sao Tome & Principe,Portugal,T,2671.5340276249995
Sao Tome & Principe,Russian Federation,T,28493.791578099997
Sao Tome & Principe,Ukraine,T,2308.2256972000005
Sao Tome & Principe,Estonia,T,1.402055419
Sao Tome & Principe,Georgia,T,0.05335066
Sao Tome & Principe,Senegal,T,5360.796828230001
Sao Tome & Principe,Ghana,T,2237.4330984599997
Sao Tome & Principe,Spain,T,128420.98882770301
Sao Tome & Principe,Cote dIvoire (Ivory Coast),T,4687.70208249
Sao Tome & Principe,Cape Verde,T,481.31913782000004
Sao Tome & Principe,Norway,T,5368.43151162
Sao Tome & Principe,South Cyprus,T,0.6840545090000001
Sao Tome & Principe,Aruba (Netherlands),T,54.31710663999999
Sao Tome & Principe,Barbados,T,37.137810474
Sao Tome & Principe,Curacao,T,69.61872521000001
Sao Tome & Principe,Grenada,T,46.346798834
Sao Tome & Principe,Saint Lucia,T,18.458909474000002
Sao Tome & Principe,Trinidad & Tobago,T,98.13007661999998
Sao Tome & Principe,Panama,T,439.277165992
Sao Tome & Principe,Denmark,T,4.9799877630000005
Sao Tome & Principe,Germany,T,0.160950516
Sao Tome & Principe,Iceland,T,0.058722300000000005
Sao Tome & Principe,Poland,T,2.549300747
Sao Tome & Principe,United Kingdom,T,0.26891415
Sao Tome & Principe,Venezuela,T,13.032560443000001
Sao Tome & Principe,Bermuda (UK),T,8.665273613
Sao Tome & Principe,Ireland,T,0.011435384
Sao Tome & Principe,Sweden,T,0.103718514
Sao Tome & Principe,China,T,1402.123315617
Sardinia (Italy),Sardinia (Italy) (own),I,1191914.27165
Sardinia (Italy),Tunisia,P,821.0281503420001
Sardinia (Italy),Spain,P,1922.4374447130003
Sardinia (Italy),France,P,3046.5806537000003
Sardinia (Italy),Angola,T,1746.488295064
Sardinia (Italy),Libya,T,426.730124396
Sardinia (Italy),Malta,T,461.7590145369999
Sardinia (Italy),Morocco,T,287.9672596
Sardinia (Italy),USA,T,1.397193509
Sardinia (Italy),Turkey,T,42.391218812
Sardinia (Italy),Equatorial Guinea,T,0.178166594
Sardinia (Italy),Liberia,T,0.12285912499999999
Sardinia (Italy),Togo,T,0.319726552
Sardinia (Italy),Denmark,T,13.631193032
Sardinia (Italy),Poland,T,3.7816025869999996
Sardinia (Italy),Portugal,T,0.32048308
Sardinia (Italy),Germany,T,7.302516071999999
Sardinia (Italy),Iceland,T,0.141985518
Sardinia (Italy),United Kingdom,T,0.614135419
Sardinia (Italy),Ireland,T,0.880502162
Sardinia (Italy),Sweden,T,0.255092324
Sardinia (Italy),Egypt,T,0.004145643
Sardinia (Italy),Faeroe Isl. (Denmark),T,1.336600355
Sardinia (Italy),Lithuania,T,6.0557406700000005
Sardinia (Italy),Croatia,T,16.924751635
Sardinia (Italy),Norway,T,0.0041721069999999996
Sardinia (Italy),Cuba,T,3.747129164
Sardinia (Italy),Korea (South),T,296.4269924
Sardinia (Italy),Trinidad & Tobago,T,1.343592131
Saudi Arabia (Persian Gulf),Saudi Arabia (Persian Gulf) (own),I,2169866.4299289994
Saudi Arabia (Persian Gulf),Egypt,P,20387.07560223
Saudi Arabia (Persian Gulf),Sudan,P,1978.0071403600002
Saudi Arabia (Persian Gulf),Iran,P,66.169466137
Saudi Arabia (Persian Gulf),Russian Federation,T,5406.588929857
Saudi Arabia (Persian Gulf),Ukraine,T,8873.310815736
Saudi Arabia (Persian Gulf),Korea (South),T,21558.879989991998
Saudi Arabia (Persian Gulf),Taiwan,T,4259.888548127
Saudi Arabia (Persian Gulf),Spain,T,1281.3545821720002
Saudi Arabia (Persian Gulf),Italy,T,5526.111270086001
Saudi Arabia (Persian Gulf),Romania,T,90.592222569
Saudi Arabia (Persian Gulf),Georgia,T,143.6066079
Saudi Arabia (Persian Gulf),Lithuania,T,6.102138686
Saudi Arabia (Persian Gulf),Portugal,T,225.70100832199998
Saudi Arabia (Persian Gulf),China,T,642.1753033140001
Saudi Arabia (Persian Gulf),Norway,T,86.21260013
Saudi Arabia (Persian Gulf),Uruguay,T,132.675683098
Saudi Arabia (Persian Gulf),Belize,T,52.12064698199999
Saudi Arabia (Persian Gulf),Senegal,T,20.37012355
Saudi Arabia (Persian Gulf),United Kingdom,T,52.054719476
Saudi Arabia (Persian Gulf),France,T,2.8965344450000003
Saudi Arabia (Persian Gulf),Cook Islands,T,1292.130627
Saudi Arabia (Red Sea),Saudi Arabia (Red Sea) (own),I,1602681.7872829996
Saudi Arabia (Red Sea),Egypt,P,94655.28262057
Saudi Arabia (Red Sea),Yemen,P,427279.4171484998
Saudi Arabia (Red Sea),Sudan,P,9184.05376483
Saudi Arabia (Red Sea),Russian Federation,T,23493.105714338002
Saudi Arabia (Red Sea),Ukraine,T,33947.58972652
Saudi Arabia (Red Sea),Korea (South),T,106006.49741883001
Saudi Arabia (Red Sea),Taiwan,T,17488.67327592
Saudi Arabia (Red Sea),Spain,T,6958.469968968999
Saudi Arabia (Red Sea),Italy,T,22246.77307436
Saudi Arabia (Red Sea),Romania,T,443.301925756
Saudi Arabia (Red Sea),France,T,225.648731288
Saudi Arabia (Red Sea),Georgia,T,543.3928301
Saudi Arabia (Red Sea),Lithuania,T,47.829233271999996
Saudi Arabia (Red Sea),Portugal,T,1845.0152433910002
Saudi Arabia (Red Sea),China,T,3336.373855158
Saudi Arabia (Red Sea),Norway,T,400.2565498
Saudi Arabia (Red Sea),Uruguay,T,661.2535345019999
Saudi Arabia (Red Sea),Belize,T,323.752821852
Saudi Arabia (Red Sea),Japan,T,0.286471246
Saudi Arabia (Red Sea),Senegal,T,732.0298764500001
Saudi Arabia (Red Sea),United Kingdom,T,288.914241294
Saudi Arabia (Red Sea),Cook Islands,T,6006.269373
Senegal,Senegal (own),I,31059359.304399997
Senegal,Mauritania,P,4734.56489044
Senegal,Guinea-Bissau,P,1941.2465065570002
Senegal,Cape Verde,P,58138.66639041201
Senegal,Gambia,P,10253.119640617999
Senegal,Guinea,P,5021.576038210001
Senegal,Algeria,T,216.462191838
Senegal,Mexico,T,27.194123478999998
Senegal,USA,T,80.257082737
Senegal,Venezuela,T,33.284096445
Senegal,Cote dIvoire (Ivory Coast),T,504143.0686087
Senegal,France,T,613039.65383952
Senegal,Greece,T,565396.7538701601
Senegal,Italy,T,678335.55753434
Senegal,Morocco,T,156815.174895477
Senegal,Russian Federation,T,7416197.247973429
Senegal,Spain,T,6525195.362442298
Senegal,Cuba,T,24668.156819432
Senegal,Malta,T,31.753349743999998
Senegal,Latvia,T,770879.6310788072
Senegal,Ukraine,T,515678.9465091331
Senegal,Japan,T,6887.3849256700005
Senegal,Taiwan,T,250.314376236
Senegal,Angola,T,1019.9891911
Senegal,Korea (South),T,5235.841567935
Senegal,Lithuania,T,228416.42422076
Senegal,Estonia,T,135286.442398308
Senegal,Georgia,T,24601.928346168
Senegal,Dominican Republic,T,387.0074426
Senegal,Portugal,T,154439.40258536302
Senegal,Equatorial Guinea,T,96.92348513
Senegal,Israel,T,4.871533296
Senegal,Liberia,T,64.61565841999999
Senegal,Norway,T,201996.11272318498
Senegal,Togo,T,183.48263001
Senegal,Aruba (Netherlands),T,69.84378828000001
Senegal,Barbados,T,126.57499308000001
Senegal,Curacao,T,6838.38971634
Senegal,Grenada,T,213.04543836
Senegal,Poland,T,613457.451475398
Senegal,Saint Lucia,T,66.28176617
Senegal,Trinidad & Tobago,T,830.2693599
Senegal,Panama,T,301.46788186400005
Senegal,Denmark,T,17.987978623
Senegal,Germany,T,446.3885293949999
Senegal,Iceland,T,0.244110995
Senegal,United Kingdom,T,1.598242875
Senegal,Egypt,T,0.710909589
Senegal,Bermuda (UK),T,5.011324641
Senegal,Ireland,T,0.093185127
Senegal,Sweden,T,0.093412288
Senegal,Nigeria,T,47.38013586
Senegal,Canada,T,477.3278230699999
Senegal,Vanuatu,T,12226.317741840001
Senegal,Cameroon,T,7.261661467
Senegal,China,T,466016.37833659
Senegal,Bahamas,T,30.62964528
Senegal,Bulgaria,T,1077.4447632000001
Senegal,Gabon,T,1808.9828257
Senegal,Saint Vincent & the Grenadines,T,48782.886751
Senegal,Belize,T,72796.73874999999
Senegal,Sierra Leone,T,0.290027338
Senegal,Belgium,T,75954.636
Senegal,Comoros,T,10957.5648
Seychelles,Seychelles (own),I,301251.142829
Seychelles,Mauritius,P,157.901697944
Seychelles,Tanzania,P,6.740145436999999
Seychelles,Egypt,T,6051.45166866
Seychelles,Japan,T,223157.30925886997
Seychelles,Taiwan,T,75713.21029367
Seychelles,Russian Federation,T,25961.02162567
Seychelles,Ukraine,T,15936.37072549
Seychelles,Korea (South),T,15119.885153469999
Seychelles,Spain,T,17770.389790654997
Seychelles,Indonesia,T,35.066986324
Seychelles,France,T,3158.7689349179996
Seychelles,Italy,T,1352.0525275500001
Seychelles,India,T,178096.63887000002
Seychelles,Portugal,T,4517.856984121
Seychelles,China,T,3936.20929859
Seychelles,Thailand,T,26.07831846
Seychelles,United Kingdom,T,2699.287046801
Seychelles,Oman,T,17.143317995
Seychelles,Philippines,T,44.086615624000004
Sicily (Italy),Sicily (Italy) (own),I,12288362.007070001
Sicily (Italy),Libya,P,3699.058975006
Sicily (Italy),Malta,P,4219.9413921469995
Sicily (Italy),Tunisia,P,10452.800980229998
Sicily (Italy),Angola,T,28159.359612078995
Sicily (Italy),Morocco,T,2523.974625
Sicily (Italy),USA,T,13.260943283
Sicily (Italy),Turkey,T,77.78867834
Sicily (Italy),Equatorial Guinea,T,1.6090656349999999
Sicily (Italy),Liberia,T,1.109570492
Sicily (Italy),Togo,T,2.887527886
Sicily (Italy),Denmark,T,48.65166624500001
Sicily (Italy),Poland,T,32.221669326999994
Sicily (Italy),Portugal,T,2.806926104
Sicily (Italy),Germany,T,32.650916504
Sicily (Italy),Iceland,T,0.5825296329999998
Sicily (Italy),United Kingdom,T,2.1979859889999998
Sicily (Italy),Ireland,T,0.23595118
Sicily (Italy),Sweden,T,0.8114717810000001
Sicily (Italy),Egypt,T,0.036945982
Sicily (Italy),Croatia,T,22.188884138
Sicily (Italy),Korea (South),T,24.08138995
Sierra Leone,Sierra Leone (own),I,9455236.122229999
Sierra Leone,Liberia,P,7590.116144799999
Sierra Leone,Guinea,P,8854.4058603
Sierra Leone,China,T,340476.85552737006
Sierra Leone,Israel,T,180.66240727500002
Sierra Leone,Mexico,T,230.07739680999998
Sierra Leone,Russian Federation,T,126045.03817790002
Sierra Leone,Ukraine,T,94470.25910029998
Sierra Leone,USA,T,54597.51631561999
Sierra Leone,Venezuela,T,0.17387298499999998
Sierra Leone,Cote dIvoire (Ivory Coast),T,236087.65220434003
Sierra Leone,Malta,T,36.930257959
Sierra Leone,Korea (South),T,70298.3194856
Sierra Leone,Japan,T,77784.2041901
Sierra Leone,Latvia,T,118164.75625654397
Sierra Leone,Taiwan,T,762.0969603
Sierra Leone,Angola,T,236.291571337
Sierra Leone,France,T,130933.53770464004
Sierra Leone,Lithuania,T,11036.146272240001
Sierra Leone,Estonia,T,5.042680376
Sierra Leone,Georgia,T,0.19188282699999998
Sierra Leone,Senegal,T,715.4970353990001
Sierra Leone,Montenegro,T,3386.7843911
Sierra Leone,Ghana,T,59.117687769
Sierra Leone,Cape Verde,T,3395.0730853969994
Sierra Leone,Norway,T,1396.091126
Sierra Leone,Spain,T,377739.4356459001
Sierra Leone,Panama,T,149.110803216
Sierra Leone,Greece,T,57329.07638157001
Sierra Leone,Italy,T,38174.89650055999
Sierra Leone,Portugal,T,35946.39246039999
Sierra Leone,Croatia,T,9.0693327
Sierra Leone,Guatemala,T,551.7419029
Singapore,Singapore (own),I,469848.40367599996
Singapore,Indonesia,P,2395.4797924189998
Singapore,Malaysia,P,20.945673579999998
Singapore,Australia,T,66.372046545
Singapore,Guam (USA),T,1182.551767459
Singapore,North Marianas (USA),T,18.666962824000002
Singapore,Korea (South),T,307.17275724900003
Singapore,Taiwan,T,30.802022841
Singapore,Vanuatu,T,0.763000094
Singapore,Russian Federation,T,1690.3455428809998
Singapore,Honduras,T,0.182957158
Singapore,Iran,T,16191.7920452
Singapore,Kenya,T,17.58792185
Singapore,New Caledonia (France),T,0.042998258000000004
Singapore,Ukraine,T,1100.661549
Singapore,Solomon Isl.,T,0.007671125
Singapore,China,T,2.726648176
Singapore,USA,T,0.004887495
Singapore,Pakistan,T,175.976546453
Singapore,Japan,T,0.015785021
Singapore,Mayotte (France),T,0.00184782
Singapore,Portugal,T,0.010163007
Singapore,South Africa,T,7.16e-05
Singapore,Oman,T,25843.640458979997
Singapore,Philippines,T,0.6280096600000001
Singapore,Belize,T,3212.5549327979998
Singapore,Tanzania,T,98.91277831
Singapore,Cook Islands,T,13.000776518
Sint Maarten (Netherlands),Sint Maarten (Netherlands) (own),I,8146.79193413
Sint Maarten (Netherlands),Venezuela,T,50.878519238
Sint Maarten (Netherlands),Taiwan,T,16.832882389999998
Sint Maarten (Netherlands),Korea (South),T,52.74314148500001
Sint Maarten (Netherlands),Estonia,T,0.014769593999999999
Sint Maarten (Netherlands),Georgia,T,0.0005620549999999999
Sint Maarten (Netherlands),Latvia,T,0.01564633
Sint Maarten (Netherlands),Ukraine,T,0.007283637
Sint Maarten (Netherlands),Angola,T,0.050904749
Sint Maarten (Netherlands),Ghana,T,0.039129584
Sint Maarten (Netherlands),Cape Verde,T,0.0036422119999999997
Sint Maarten (Netherlands),Panama,T,37.071395071
Sint Maarten (Netherlands),Japan,T,0.080596849
Sint Maarten (Netherlands),Cayman Isl. (UK),T,0.02920642
Sint Maarten (Netherlands),Colombia,T,0.357730732
Sint Maarten (Netherlands),Argentina,T,0.028269009
Sint Maarten (Netherlands),Cuba,T,5.799979507
Sint Maarten (Netherlands),Grenada,T,0.420340997
Sint Maarten (Netherlands),Trinidad & Tobago,T,27.826724157
Sint Maarten (Netherlands),Barbados,T,73.407289835
Sint Maarten (Netherlands),Bermuda (UK),T,2.017336179
Sint Maarten (Netherlands),Dominican Republic,T,54.342552938
Sint Maarten (Netherlands),Saint Kitts & Nevis,T,1.487363707
Sint Maarten (Netherlands),Costa Rica,T,0.000410322
Sint Maarten (Netherlands),Dominica,T,29.035638731000006
Sint Maarten (Netherlands),Jamaica,T,0.20234865300000002
Sint Maarten (Netherlands),Saint Lucia,T,8992.662832999998
Sint Maarten (Netherlands),Saint Vincent & the Grenadines,T,48.055659694000006
Sint Maarten (Netherlands),British Virgin Isl. (UK),T,0.002398278
Sint Maarten (Netherlands),Belize,T,46.709710324
Sint Maarten (Netherlands),Suriname,T,0.243265051
Slovenia,Slovenia (own),I,58216.00781659999
Slovenia,Croatia,P,0.07073623600000001
Slovenia,Portugal,T,0.004182209
Slovenia,Denmark,T,0.001057809
Slovenia,France,T,3.231268113
Slovenia,Germany,T,1.37e-05
Slovenia,Norway,T,5.5e-05
Slovenia,Sweden,T,1.37e-05
Solomon Isl.,Solomon Isl. (own),I,1003599.9376370001
Solomon Isl.,Papua New Guinea,P,207415.8769169
Solomon Isl.,Fiji,P,12217.273548239997
Solomon Isl.,Vanuatu,P,41374.91475966001
Solomon Isl.,Australia,T,7213.167371124
Solomon Isl.,Guam (USA),T,23.688104089
Solomon Isl.,North Marianas (USA),T,9.803640419999999
Solomon Isl.,Philippines,T,35669.899644647005
Solomon Isl.,Indonesia,T,175732.66208158998
Solomon Isl.,Japan,T,1663539.1229748
Solomon Isl.,USA,T,298879.75951754197
Solomon Isl.,Taiwan,T,210960.18540218
Solomon Isl.,Korea (South),T,186253.00804975198
Solomon Isl.,Palau,T,3839.949440391
Solomon Isl.,New Zealand,T,19591.816744673
Solomon Isl.,Malaysia,T,946.5511666699999
Solomon Isl.,Tuvalu,T,4646.30753545
Solomon Isl.,Kiribati,T,31434.923475099997
Solomon Isl.,Samoa,T,247.570620233
Solomon Isl.,Marshall Isl.,T,49661.555539819004
Solomon Isl.,Micronesia,T,24844.771773700002
Solomon Isl.,Tonga,T,15.151601980999999
Solomon Isl.,Nauru,T,9.286167934
Solomon Isl.,Cook Islands,T,540.9426150219999
Solomon Isl.,China,T,53419.358011000004
Solomon Isl.,Spain,T,24633.656611000002
Solomon Isl.,Belize,T,95.90089977
Solomon Isl.,Portugal,T,32.8957623
Somalia,Somalia (own),I,1709677.44729
Somalia,Yemen,P,1590740.2736099998
Somalia,Djibouti,P,1285.08492902
Somalia,Kenya,P,14704.799999999997
Somalia,Egypt,T,613122.9546574003
Somalia,Japan,T,71244.860993113
Somalia,Taiwan,T,24785.301435940004
Somalia,Russian Federation,T,25480.153106382004
Somalia,Ukraine,T,8969.873879210001
Somalia,Korea (South),T,145349.931851108
Somalia,Thailand,T,2152112.2885037
Somalia,Italy,T,111015.47737090003
Somalia,Spain,T,7948.277052489999
Somalia,Iran,T,979638.6599999997
Somalia,Greece,T,3207.672
Somalia,Romania,T,3993.0846011000003
Somalia,India,T,1176845.24935
Somalia,Sudan,T,33086.8280644
Somalia,China,T,784.538659609
Somalia,France,T,1312.7554253149997
Somalia,Portugal,T,73.96716444
Somalia,Belize,T,2041.8616237600002
Somalia,United Kingdom,T,130.00082035
South Africa (Atlantic and Cape),South Africa (Atlantic and Cape) (own),I,60461223.09639999
South Africa (Atlantic and Cape),Taiwan,T,24554.234891842003
South Africa (Atlantic and Cape),Korea (South),T,237.693503001
South Africa (Atlantic and Cape),Spain,T,837.750281786
South Africa (Atlantic and Cape),Estonia,T,346133.98860978195
South Africa (Atlantic and Cape),Georgia,T,208219.33413867102
South Africa (Atlantic and Cape),Japan,T,16467.669472661
South Africa (Atlantic and Cape),Latvia,T,11.028612184
South Africa (Atlantic and Cape),Ukraine,T,5.134009152
South Africa (Atlantic and Cape),Angola,T,181.921957137
South Africa (Atlantic and Cape),Cape Verde,T,15.249317873
South Africa (Atlantic and Cape),Algeria,T,1124.63335113
South Africa (Atlantic and Cape),Equatorial Guinea,T,11.99095686
South Africa (Atlantic and Cape),Liberia,T,7.993971784999999
South Africa (Atlantic and Cape),Malta,T,0.235649214
South Africa (Atlantic and Cape),Panama,T,1.339303733
South Africa (Atlantic and Cape),Togo,T,23.891531100999998
South Africa (Atlantic and Cape),Egypt,T,0.09678338900000001
South Africa (Atlantic and Cape),Venezuela,T,0.05896093
South Africa (Atlantic and Cape),Uruguay,T,4123.2990013
South Africa (Atlantic and Cape),Germany,T,84.0
South Africa (Atlantic and Cape),Honduras,T,3060.92207689
South Africa (Atlantic and Cape),China,T,263.26234626
South Africa (Atlantic and Cape),Chile,T,5.514046895
South Africa (Atlantic and Cape),Portugal,T,3143.6221601999996
South Africa (Indian Ocean Coast),South Africa (Indian Ocean Coast) (own),I,476174.3887370002
South Africa (Indian Ocean Coast),Egypt,T,1336.9327010799998
South Africa (Indian Ocean Coast),Japan,T,17106.128233577
South Africa (Indian Ocean Coast),Taiwan,T,14438.038354
South Africa (Indian Ocean Coast),Russian Federation,T,1775.7836346499998
South Africa (Indian Ocean Coast),Ukraine,T,2183.6001661299997
South Africa (Indian Ocean Coast),Australia,T,995.7144850340001
South Africa (Indian Ocean Coast),Korea (South),T,914.924985818
South Africa (Indian Ocean Coast),Spain,T,1201.8951984780003
South Africa (Indian Ocean Coast),Indonesia,T,3.645527418
South Africa (Indian Ocean Coast),China,T,13.493412977999999
South Georgia & Sandwich Isl. (UK),South Georgia & Sandwich Isl. (UK) (own),I,33461.243890000005
South Georgia & Sandwich Isl. (UK),Falkland Isl. (UK),T,42.68327268000001
South Georgia & Sandwich Isl. (UK),Russian Federation,T,542193.13411
South Georgia & Sandwich Isl. (UK),Ukraine,T,3102019.1872670003
South Georgia & Sandwich Isl. (UK),Japan,T,310047.67699999997
South Georgia & Sandwich Isl. (UK),Poland,T,188157.66
South Georgia & Sandwich Isl. (UK),Germany,T,21574.8
South Georgia & Sandwich Isl. (UK),Spain,T,7782.079100000001
South Georgia & Sandwich Isl. (UK),USA,T,12806.914
South Georgia & Sandwich Isl. (UK),Bulgaria,T,588.1
South Georgia & Sandwich Isl. (UK),Chile,T,42979.098672
South Georgia & Sandwich Isl. (UK),Argentina,T,1001.1602430009999
South Georgia & Sandwich Isl. (UK),Korea (South),T,119859.211424
South Georgia & Sandwich Isl. (UK),South Africa,T,4323.15
South Georgia & Sandwich Isl. (UK),Panama,T,637.28
South Georgia & Sandwich Isl. (UK),Uruguay,T,4815.922345199999
South Georgia & Sandwich Isl. (UK),France,T,387.003
South Georgia & Sandwich Isl. (UK),New Zealand,T,4827.4422532
South Georgia & Sandwich Isl. (UK),Vanuatu,T,33631.676
South Georgia & Sandwich Isl. (UK),Norway,T,193530.368094
South Georgia & Sandwich Isl. (UK),China,T,21770.019994000002
South Orkney Islands (UK),Brazil,T,11314.605110391
South Orkney Islands (UK),Estonia,T,67.734763872
South Orkney Islands (UK),Latvia,T,226.116920589
South Orkney Islands (UK),Lithuania,T,254.89543766000003
South Orkney Islands (UK),Russian Federation,T,113397.36373056701
South Orkney Islands (UK),Ukraine,T,1980410.7994429138
South Orkney Islands (UK),Taiwan,T,18.935530543000002
South Orkney Islands (UK),Korea (South),T,142586.454582916
South Orkney Islands (UK),Poland,T,128373.159226808
South Orkney Islands (UK),Germany,T,13756.0
South Orkney Islands (UK),Japan,T,276916.60383999994
South Orkney Islands (UK),Chile,T,8014.8567407890005
South Orkney Islands (UK),Spain,T,1980.694785777
South Orkney Islands (UK),Argentina,T,3767.204
South Orkney Islands (UK),China,T,38792.851749121
South Orkney Islands (UK),USA,T,16139.462000000001
South Orkney Islands (UK),Uruguay,T,2555.0
South Orkney Islands (UK),Vanuatu,T,39094.903
South Orkney Islands (UK),Norway,T,337231.51585626404
Spain (Northwest),Spain (Northwest) (own),I,25279093.130599998
Spain (Northwest),France,P,859361.0949530001
Spain (Northwest),Portugal,P,268916.39559767797
Spain (Northwest),Italy,P,884.13810579
Spain (Northwest),Canada,T,94.76886204899999
Spain (Northwest),Ireland,T,1401.1320744169998
Spain (Northwest),USA,T,20.627922655
Spain (Northwest),Angola,T,8551.781937800002
Spain (Northwest),Denmark,T,9625.739114005002
Spain (Northwest),Germany,T,1968.2536227050002
Spain (Northwest),Greece,T,968.2564577400001
Spain (Northwest),Malta,T,87.91473845000002
Spain (Northwest),Sweden,T,10.143033015999997
Spain (Northwest),Estonia,T,16.397920165
Spain (Northwest),Georgia,T,0.62396957
Spain (Northwest),Latvia,T,70.460509758
Spain (Northwest),Ukraine,T,8.086645678
Spain (Northwest),Korea (South),T,54.502740534
Spain (Northwest),Poland,T,175.26118718600003
Spain (Northwest),Norway,T,12037.2139
Spain (Northwest),Panama,T,11.505238007
Spain (Northwest),Iceland,T,3.7029388279999997
Spain (Northwest),Russian Federation,T,55355.31807272499
Spain (Northwest),United Kingdom,T,4406.984382617
Spain (Northwest),Netherlands,T,1362.5816938199998
Spain (Northwest),Belgium,T,4819.563313924
Spain (Northwest),Faeroe Isl. (Denmark),T,249.783843
Spain (Northwest),Lithuania,T,237.260178292
"Spain (mainland, Med and Gulf of Cadiz)","Spain (mainland, Med and Gulf of Cadiz) (own)",I,24858199.910499994
"Spain (mainland, Med and Gulf of Cadiz)",France,P,56256.93872515999
"Spain (mainland, Med and Gulf of Cadiz)",Italy,P,71228.065766
"Spain (mainland, Med and Gulf of Cadiz)",Portugal,P,227423.06658999997
"Spain (mainland, Med and Gulf of Cadiz)",Morocco,P,4131.74492034
"Spain (mainland, Med and Gulf of Cadiz)",Canada,T,204.0
"Spain (mainland, Med and Gulf of Cadiz)",Denmark,T,18521.765868540002
"Spain (mainland, Med and Gulf of Cadiz)",Germany,T,13429.512305888
"Spain (mainland, Med and Gulf of Cadiz)",Malta,T,524.153435
"Spain (mainland, Med and Gulf of Cadiz)",Sweden,T,2124.909563104
"Spain (mainland, Med and Gulf of Cadiz)",USA,T,7815.789767199999
"Spain (mainland, Med and Gulf of Cadiz)",Angola,T,6741.7230048
"Spain (mainland, Med and Gulf of Cadiz)",Dominican Republic,T,419.76337975
"Spain (mainland, Med and Gulf of Cadiz)",Ghana,T,540.3789053
"Spain (mainland, Med and Gulf of Cadiz)",Turkey,T,4038.4650696700005
"Spain (mainland, Med and Gulf of Cadiz)",Estonia,T,2.4972652120000003
"Spain (mainland, Med and Gulf of Cadiz)",Georgia,T,0.095025317
"Spain (mainland, Med and Gulf of Cadiz)",Latvia,T,2.645504923
"Spain (mainland, Med and Gulf of Cadiz)",Ukraine,T,1.2315280720000001
"Spain (mainland, Med and Gulf of Cadiz)",Norway,T,102.25135963500001
"Spain (mainland, Med and Gulf of Cadiz)",Mauritania,T,26.013535798000003
"Spain (mainland, Med and Gulf of Cadiz)",Poland,T,83.861784981
"Spain (mainland, Med and Gulf of Cadiz)",Saint Helena (UK),T,0.280438582
"Spain (mainland, Med and Gulf of Cadiz)",Equatorial Guinea,T,164.441179191
"Spain (mainland, Med and Gulf of Cadiz)",Liberia,T,109.627454193
"Spain (mainland, Med and Gulf of Cadiz)",Libya,T,301.3159134
"Spain (mainland, Med and Gulf of Cadiz)",Panama,T,10.088659253000001
"Spain (mainland, Med and Gulf of Cadiz)",Togo,T,308.51770855999996
"Spain (mainland, Med and Gulf of Cadiz)",Iceland,T,0.592611376
"Spain (mainland, Med and Gulf of Cadiz)",United Kingdom,T,23.949423599
"Spain (mainland, Med and Gulf of Cadiz)",Egypt,T,0.863737132
"Spain (mainland, Med and Gulf of Cadiz)",Ireland,T,0.229593532
"Spain (mainland, Med and Gulf of Cadiz)",Russian Federation,T,4616.337217026
"Spain (mainland, Med and Gulf of Cadiz)",Sao Tome & Principe,T,3.818121487
"Spain (mainland, Med and Gulf of Cadiz)",Faeroe Isl. (Denmark),T,0.20945579
"Spain (mainland, Med and Gulf of Cadiz)",Korea (South),T,25.87794981
Sri Lanka,Sri Lanka (own),I,17739218.721
Sri Lanka,India,P,8926786.730285497
Sri Lanka,Malaysia,T,617.451986405
Sri Lanka,Japan,T,32654.5113884
Sri Lanka,Taiwan,T,7854.673042268999
Sri Lanka,Russian Federation,T,104.36271185700001
Sri Lanka,Ukraine,T,587.4812124040001
Sri Lanka,Korea (South),T,9227.073488147
Sri Lanka,Australia,T,909.79565763
Sri Lanka,Madagascar,T,245.61044017
Sri Lanka,Iran,T,36152.676016159996
Sri Lanka,China,T,7132.048529293001
St Barthelemy (France),St Barthelemy (France) (own),I,11782.40150552
St Barthelemy (France),Cuba,T,11.282269159999997
St Barthelemy (France),Sint Maarten,T,2.590184263
St Barthelemy (France),Venezuela,T,59.065431511
St Barthelemy (France),Bahamas,T,0.005912523999999999
St Barthelemy (France),Curacao,T,0.7799768770000002
St Barthelemy (France),Taiwan,T,30.559664774
St Barthelemy (France),Russian Federation,T,17.728368558
St Barthelemy (France),Korea (South),T,60.69562705400001
St Barthelemy (France),Estonia,T,0.121846548
St Barthelemy (France),Georgia,T,0.004636476
St Barthelemy (France),Latvia,T,0.129079454
St Barthelemy (France),Ukraine,T,0.060088714
St Barthelemy (France),Angola,T,0.019064864
St Barthelemy (France),Ghana,T,0.015065842000000001
St Barthelemy (France),Cape Verde,T,0.00140233
St Barthelemy (France),Panama,T,0.034242923
St Barthelemy (France),Japan,T,0.031031841
St Barthelemy (France),Martinique (France),T,9.488037466
St Martin (France),St Martin (France) (own),I,40794.23497009999
St Martin (France),Sint Maarten,P,1.78913145
St Martin (France),Cuba,T,0.04449179000000001
St Martin (France),Venezuela,T,10.520627840000001
St Martin (France),Bahamas,T,1.577e-05
St Martin (France),Curacao,T,0.0033298010000000007
St Martin (France),Taiwan,T,8.229249334
St Martin (France),Russian Federation,T,0.057733250099999994
St Martin (France),Korea (South),T,12.522939922999997
St Martin (France),Estonia,T,0.03664466500000001
St Martin (France),Georgia,T,0.0013943439999999998
St Martin (France),Latvia,T,0.03881992100000001
St Martin (France),Ukraine,T,0.018071343
St Martin (France),Angola,T,0.054185087
St Martin (France),Ghana,T,0.041785136
St Martin (France),Cape Verde,T,0.00549732
St Martin (France),Panama,T,0.12689380900000002
St Martin (France),Japan,T,0.112942452
St Martin (France),Martinique (France),T,0.028827045999999995
St Paul & Amsterdam Isl. (France),St Paul & Amsterdam Isl. (France) (own),I,54501.665206599995
St Paul & Amsterdam Isl. (France),Egypt,T,1353.78086424
St Paul & Amsterdam Isl. (France),Malaysia,T,4.965011326
St Paul & Amsterdam Isl. (France),Japan,T,798.965893713
St Paul & Amsterdam Isl. (France),Taiwan,T,1187.5944595800001
St Paul & Amsterdam Isl. (France),Russian Federation,T,1257.9003720219998
St Paul & Amsterdam Isl. (France),Ukraine,T,1701.5487399029998
St Paul & Amsterdam Isl. (France),Korea (South),T,2062.417238597
St Paul & Amsterdam Isl. (France),Australia,T,137.253473321
St Paul & Amsterdam Isl. (France),South Africa,T,0.031711198
St Paul & Amsterdam Isl. (France),Spain,T,1591.0687973560002
St Paul & Amsterdam Isl. (France),Indonesia,T,2.896622117
St Paul & Amsterdam Isl. (France),Madagascar,T,0.738490065
St Paul & Amsterdam Isl. (France),Sri Lanka,T,0.02594405
St Paul & Amsterdam Isl. (France),Seychelles,T,0.793905683
St Paul and St. Peter Archipelago (Brazil),St Paul and St. Peter Archipelago (Brazil) (own),I,24294.594080192997
St Paul and St. Peter Archipelago (Brazil),Venezuela,T,14.917981779999998
St Paul and St. Peter Archipelago (Brazil),Malta,T,3.046898746
St Paul and St. Peter Archipelago (Brazil),Taiwan,T,503.12923101699994
St Paul and St. Peter Archipelago (Brazil),Estonia,T,1201.299797966
St Paul and St. Peter Archipelago (Brazil),Korea (South),T,2366.6535523439998
St Paul and St. Peter Archipelago (Brazil),Latvia,T,1760.5846414139999
St Paul and St. Peter Archipelago (Brazil),Lithuania,T,1980.783847544
St Paul and St. Peter Archipelago (Brazil),Russian Federation,T,6976.143022988
St Paul and St. Peter Archipelago (Brazil),Ukraine,T,4011.090185221
St Paul and St. Peter Archipelago (Brazil),Georgia,T,0.123479854
Sudan,Sudan (own),I,126110.91376299996
Sudan,Egypt,P,59055.60119422
Sudan,Yemen,T,14965.259020800002
Sudan,Russian Federation,T,587.833625037
Sudan,Ukraine,T,722.832205617
Sudan,Korea (South),T,50.847232825999995
Sudan,Taiwan,T,127.28004632
Sudan,China,T,221.74426162
Suriname,Suriname (own),I,2823092.816453
Suriname,Cuba,T,14749.517509500001
Suriname,Sint Maarten,T,136.652460217
Suriname,Venezuela,T,186948.80786910004
Suriname,Bahamas,T,1.4221596490000001
Suriname,USA,T,93868.11306690001
Suriname,Japan,T,217070.82313489998
Suriname,Curacao,T,77.438807459
Suriname,Russian Federation,T,9441.219875511999
Suriname,Taiwan,T,86.23788992199998
Suriname,Korea (South),T,659651.197440524
Suriname,Estonia,T,0.084447341
Suriname,Georgia,T,0.0032133689999999998
Suriname,Latvia,T,0.089460186
Suriname,Ukraine,T,0.041645259000000004
Suriname,Panama,T,76.1447249
Suriname,Martinique (France),T,25.64069503
Suriname,Mexico,T,0.286465503
Svalbard Isl. (Norway),Svalbard Isl. (Norway) (own),I,8192766.323631001
Svalbard Isl. (Norway),Russian Federation,P,10923515.834859999
Svalbard Isl. (Norway),Denmark,T,4.001819008
Svalbard Isl. (Norway),France,T,90479.996118432
Svalbard Isl. (Norway),Germany,T,296064.78463789995
Svalbard Isl. (Norway),Iceland,T,277268.564195812
Svalbard Isl. (Norway),Netherlands,T,10424.879776043
Svalbard Isl. (Norway),Sweden,T,6138.244416619001
Svalbard Isl. (Norway),United Kingdom,T,1373626.0505209994
Svalbard Isl. (Norway),Belgium,T,2163.031448964
Svalbard Isl. (Norway),Faeroe Isl. (Denmark),T,21214.385927109997
Svalbard Isl. (Norway),Spain,T,20632.8706517
Svalbard Isl. (Norway),Ireland,T,7526.459679932
Svalbard Isl. (Norway),Portugal,T,4663.6700595
Sweden (Baltic),Sweden (Baltic) (own),I,5449781.730959998
Sweden (Baltic),Denmark,P,1659841.6275150005
Sweden (Baltic),Estonia,P,720494.2759340004
Sweden (Baltic),Finland,P,2066468.143955
Sweden (Baltic),Germany,P,938708.493956
Sweden (Baltic),Latvia,P,1543323.5813989998
Sweden (Baltic),Lithuania,P,340679.12984000007
Sweden (Baltic),Poland,P,2730697.89097
Sweden (Baltic),Russian Federation,P,409836.2258420001
Sweden (Baltic),Netherlands,T,100.53933431
Sweden (Baltic),United Kingdom,T,1186.067904
Sweden (Baltic),Spain,T,10.116870788
Sweden (West Coast),Sweden (West Coast) (own),I,2013312.9222739995
Sweden (West Coast),Denmark,P,2491364.188129999
Sweden (West Coast),Germany,P,67610.61519405899
Sweden (West Coast),Norway,P,6556.903670559
Sweden (West Coast),Latvia,P,0.035119642
Sweden (West Coast),United Kingdom,T,353.09682925800007
Sweden (West Coast),France,T,2457.6824094450003
Sweden (West Coast),Netherlands,T,9953.49989211
Sweden (West Coast),Iceland,T,214.78649315
Sweden (West Coast),Faeroe Isl. (Denmark),T,10120.6634823
Sweden (West Coast),Belgium,T,4276.230526400001
Sweden (West Coast),Portugal,T,273.2508663
Sweden (West Coast),Ireland,T,0.2608292
Syria,Syria (own),I,192505.77589299995
Syria,Israel,P,934.7108126439999
Syria,Lebanon,P,0.001424603
Syria,Turkey,P,3.335766016
Syria,Malta,T,0.627426599
Syria,Bulgaria,T,0.010401210999999999
Syria,Greece,T,13.195844936
Syria,South Cyprus,T,0.334974696
Syria,Croatia,T,10.273561350000001
Syria,Libya,T,1.804291139
Syria,Barbados,T,3.39e-05
Syria,Algeria,T,1.5981166640000002
Syria,Benin,T,0.000228733
Syria,Liberia,T,0.00012885499999999999
Syria,Sao Tome & Principe,T,0.00013476200000000002
Syria,Togo,T,0.00045629
Syria,USA,T,0.03594738
Syria,Portugal,T,0.927416053
Syria,France,T,11.06837936
Taiwan,Taiwan (own),I,24512595.200610008
Taiwan,Philippines,P,8960.274892714999
Taiwan,Indonesia,P,43329.709373426005
Taiwan,Japan,P,71610.173070766
Taiwan,China,P,762050.2053200001
Taiwan,Malaysia,P,215.15860551000003
Taiwan,Australia,T,118.38233772899999
Taiwan,Guam (USA),T,7.072792114
Taiwan,North Marianas (USA),T,2.4984892710000004
Taiwan,Korea (South),T,42657.606874302
Taiwan,USA,T,225.643391541
Taiwan,Palau,T,318.59935579899997
Taiwan,New Zealand,T,5.174570799
Taiwan,Papua New Guinea,T,1607.0755087100001
Taiwan,Solomon Isl.,T,648.63408883
Taiwan,Fiji,T,68.082055323
Taiwan,Vanuatu,T,10.172329473
Tanzania,Tanzania (own),I,4759107.372080001
Tanzania,Kenya,P,0.040397025
Tanzania,Egypt,T,2682.0780458799995
Tanzania,Japan,T,13241.847010798998
Tanzania,Taiwan,T,9387.808774231999
Tanzania,Russian Federation,T,14859.230688962998
Tanzania,Ukraine,T,22046.186340547
Tanzania,Korea (South),T,20458.925604643
Tanzania,Spain,T,4269.7198522300005
Tanzania,Indonesia,T,36.522360899
Tanzania,Italy,T,4871.77258141
Tanzania,Romania,T,338.717248519
Tanzania,Australia,T,103.94621910100001
Tanzania,France,T,151.075713345
Tanzania,Georgia,T,458.949662
Tanzania,Lithuania,T,47.77038275
Tanzania,China,T,66.08757233
Thailand (Andaman Sea),Thailand (Andaman Sea) (own),I,19568404.016560003
Thailand (Andaman Sea),India,P,88176.0220576
Thailand (Andaman Sea),Malaysia,P,267.630564409
Thailand (Andaman Sea),Japan,T,3936.0753073080004
Thailand (Andaman Sea),Taiwan,T,1289.5921155649996
Thailand (Andaman Sea),Russian Federation,T,38.484941901999996
Thailand (Andaman Sea),Ukraine,T,165.55320052
Thailand (Andaman Sea),Korea (South),T,1194.572457029
Thailand (Andaman Sea),Australia,T,100.80687723899999
Thailand (Andaman Sea),Madagascar,T,4.944521623
Thailand (Andaman Sea),Sri Lanka,T,2.411115851
Thailand (Andaman Sea),Bulgaria,T,0.272322368
Thailand (Andaman Sea),China,T,52.742971553000004
Thailand (Gulf of Thailand),Thailand (Gulf of Thailand) (own),I,89790430.38189995
Thailand (Gulf of Thailand),Indonesia,P,68946.580951
Thailand (Gulf of Thailand),Malaysia,P,744.8381547500001
Thailand (Gulf of Thailand),Australia,T,158.72368082799997
Thailand (Gulf of Thailand),Guam (USA),T,19.299970789
Thailand (Gulf of Thailand),North Marianas (USA),T,4.191584217000001
Thailand (Gulf of Thailand),Japan,T,536.9064505079999
Thailand (Gulf of Thailand),Taiwan,T,133.33603447
Thailand (Gulf of Thailand),Korea (South),T,117.81767060300001
Thailand (Gulf of Thailand),Russian Federation,T,889.069463596
Thailand (Gulf of Thailand),Ukraine,T,5.9727421409999994
Thailand (Gulf of Thailand),Madagascar,T,0.285484362
Thailand (Gulf of Thailand),Vanuatu,T,55.676877749
Thailand (Gulf of Thailand),Bulgaria,T,2.351102286
Thailand (Gulf of Thailand),China,T,163.02505598200003
Timor Leste,Timor Leste (own),I,209786.47600600004
Timor Leste,Australia,P,7440.994748743
Timor Leste,Indonesia,P,2593.513916195
Timor Leste,Malaysia,T,9693.529994084
Timor Leste,Japan,T,297908.988658285
Timor Leste,Taiwan,T,335.77561539000004
Timor Leste,South Africa,T,2.4999999999999998e-05
Timor Leste,Korea (South),T,16867.10934491
Timor Leste,Ukraine,T,230.584894588
Timor Leste,Sri Lanka,T,42919.550144099994
Timor Leste,Fiji,T,7047.07728885
Timor Leste,French Polynesia,T,3345.7144098600006
Timor Leste,Kiribati,T,2386.19510576
Timor Leste,New Zealand,T,142.324189243
Timor Leste,Palau,T,1073.5811658560003
Timor Leste,Papua New Guinea,T,2847.37842346
Timor Leste,Philippines,T,185.92017718999998
Timor Leste,Solomon Isl.,T,47581.55441710001
Timor Leste,USA,T,1913.4502087700005
Timor Leste,New Caledonia (France),T,61.95833039100001
Timor Leste,Tuvalu,T,217.97799572
Timor Leste,American Samoa,T,0.283404776
Timor Leste,China,T,86.39982128200002
Timor Leste,Guam (USA),T,0.651977518
Timor Leste,North Marianas (USA),T,0.66836786
Timor Leste,Tonga,T,0.325541819
Timor Leste,Micronesia,T,0.040868997
Timor Leste,Iran,T,0.080866707
Timor Leste,Reunion (France),T,0.073735482
Timor Leste,Belize,T,0.30140469
Timor Leste,Honduras,T,85.0
Togo,Togo (own),I,2427364.5421200003
Togo,Ghana,P,204881.26876035
Togo,Israel,T,165.06128900599998
Togo,Mexico,T,189.84610756799998
Togo,USA,T,800.6299825929999
Togo,Malta,T,11.651321686000001
Togo,Japan,T,21351.690620400004
Togo,Taiwan,T,85.42598020199999
Togo,Angola,T,319.190328985
Togo,France,T,1240.248586094
Togo,Korea (South),T,41.698119594000005
Togo,Germany,T,6153.1250725029995
Togo,Senegal,T,83.00180665599999
Togo,Estonia,T,0.186545076
Togo,Georgia,T,31864.643106267005
Togo,Latvia,T,0.19761853
Togo,Ukraine,T,0.091994834
Togo,South Cyprus,T,14895.098194245002
Togo,Spain,T,154789.82587071398
Togo,Cote dIvoire (Ivory Coast),T,116.66039358500001
Togo,Cape Verde,T,157.57372590000003
Togo,Norway,T,591.5434868059999
Togo,Panama,T,110.213135628
Togo,Denmark,T,0.271482062
Togo,Iceland,T,0.003944463
Togo,Poland,T,0.062336133999999994
Togo,United Kingdom,T,0.015163275
Togo,Venezuela,T,4.959465278
Togo,Ireland,T,0.0021607550000000003
Togo,Sweden,T,0.003457986
Togo,Greece,T,75653.50833571999
Togo,Guinea,T,42173.29251097001
Togo,Italy,T,58541.796821399985
Togo,Cuba,T,19.47705682
Togo,China,T,322826.01807259995
Tokelau (New Zealand),Tokelau (New Zealand) (own),I,2463.919650497
Tokelau (New Zealand),American Samoa,P,27.729198984999996
Tokelau (New Zealand),Samoa,P,35.899776967
Tokelau (New Zealand),Cook Islands,P,14.32944543
Tokelau (New Zealand),Kiribati,P,31.648168459
Tokelau (New Zealand),Australia,T,77.44199796000002
Tokelau (New Zealand),Guam (USA),T,0.178059413
Tokelau (New Zealand),North Marianas (USA),T,0.057737315
Tokelau (New Zealand),Indonesia,T,2300.0070235589997
Tokelau (New Zealand),Japan,T,39093.13407380001
Tokelau (New Zealand),Korea (South),T,6109.972867334
Tokelau (New Zealand),Philippines,T,2700.08952543
Tokelau (New Zealand),Taiwan,T,9401.680107757
Tokelau (New Zealand),USA,T,92265.981417614
Tokelau (New Zealand),Palau,T,64.577988374
Tokelau (New Zealand),Malaysia,T,6.345923705
Tokelau (New Zealand),Russian Federation,T,708.3017141530001
Tokelau (New Zealand),Canada,T,0.979554896
Tokelau (New Zealand),Ecuador,T,6.341892993
Tokelau (New Zealand),Solomon Isl.,T,241.04542150599994
Tokelau (New Zealand),Spain,T,3.332402481
Tokelau (New Zealand),Bermuda (UK),T,2.691426947
Tokelau (New Zealand),Vanuatu,T,2609.3274568870006
Tokelau (New Zealand),Fiji,T,1287.465700664
Tokelau (New Zealand),Papua New Guinea,T,344.146546827
Tokelau (New Zealand),French Polynesia,T,1.395752349
Tokelau (New Zealand),Tonga,T,4.1058166
Tokelau (New Zealand),Micronesia,T,33.230936869999994
Tokelau (New Zealand),Marshall Isl.,T,8.546405444
Tonga,Tonga (own),I,337740.20950500004
Tonga,American Samoa,P,23.579326169999998
Tonga,Fiji,P,195.10279581700001
Tonga,Samoa,P,63.30310571800001
Tonga,Australia,T,1397.6506585020004
Tonga,Guam (USA),T,3.249658602
Tonga,North Marianas (USA),T,1.1479535930000002
Tonga,Indonesia,T,18796.481494452
Tonga,Japan,T,22336.905738240002
Tonga,Philippines,T,1254.056952044
Tonga,Taiwan,T,10927.632729657998
Tonga,USA,T,60954.12777285199
Tonga,Korea (South),T,2389.232397064
Tonga,Palau,T,3.4996937200000002
Tonga,New Zealand,T,21.686494862
Tonga,Malaysia,T,73.02468175700001
Tonga,Russian Federation,T,14919.3666629
Tonga,Canada,T,1.556620761
Tonga,Ecuador,T,9.800000916
Tonga,Solomon Isl.,T,43.139124417000005
Tonga,Spain,T,5.295555063
Tonga,Bermuda (UK),T,4.165341777
Tonga,Vanuatu,T,156.47322981899998
Tonga,Papua New Guinea,T,36.06152837799999
Tonga,Micronesia,T,9.57782489
Tonga,China,T,1791.7654983
Tonga,Cook Islands,T,19.872295002999998
Tonga,Kiribati,T,0.101827768
Tonga,Marshall Isl.,T,0.010347522
Trindade & Martim Vaz Isl. (Brazil),Trindade & Martim Vaz Isl. (Brazil) (own),I,1856880.100593294
Trindade & Martim Vaz Isl. (Brazil),Venezuela,T,1236.470983908
Trindade & Martim Vaz Isl. (Brazil),Japan,T,27321.628217007998
Trindade & Martim Vaz Isl. (Brazil),Malta,T,2.1481718620000008
Trindade & Martim Vaz Isl. (Brazil),USA,T,55.75392584
Trindade & Martim Vaz Isl. (Brazil),Argentina,T,305.080757926
Trindade & Martim Vaz Isl. (Brazil),Cuba,T,2.931979067
Trindade & Martim Vaz Isl. (Brazil),Estonia,T,19066.254868106997
Trindade & Martim Vaz Isl. (Brazil),Korea (South),T,142643.125471137
Trindade & Martim Vaz Isl. (Brazil),Latvia,T,4616.200451984
Trindade & Martim Vaz Isl. (Brazil),Lithuania,T,5203.559786121001
Trindade & Martim Vaz Isl. (Brazil),Russian Federation,T,35704.328859953006
Trindade & Martim Vaz Isl. (Brazil),Taiwan,T,45891.67791322901
Trindade & Martim Vaz Isl. (Brazil),Ukraine,T,22889.337626439
Trindade & Martim Vaz Isl. (Brazil),Georgia,T,0.00500548
Trindade & Martim Vaz Isl. (Brazil),Panama,T,2049.5420018190002
Trindade & Martim Vaz Isl. (Brazil),Uruguay,T,178.53694967799998
Trindade & Martim Vaz Isl. (Brazil),Israel,T,2177.8355604
Trindade & Martim Vaz Isl. (Brazil),Italy,T,40319.187445699994
Trindade & Martim Vaz Isl. (Brazil),France,T,219.078662295
Trindade & Martim Vaz Isl. (Brazil),Portugal,T,42703.983983832004
Trindade & Martim Vaz Isl. (Brazil),Spain,T,128776.03681929801
Trindade & Martim Vaz Isl. (Brazil),United Kingdom,T,5517.96142683
Trindade & Martim Vaz Isl. (Brazil),Chile,T,418.083463446
Trindade & Martim Vaz Isl. (Brazil),Netherlands,T,122.76906932400001
Trindade & Martim Vaz Isl. (Brazil),Poland,T,296.46794556
Trindade & Martim Vaz Isl. (Brazil),Iceland,T,0.000238424
Trindade & Martim Vaz Isl. (Brazil),Norway,T,83.690313512
Trindade & Martim Vaz Isl. (Brazil),Belize,T,4066.020200861
Trindade & Martim Vaz Isl. (Brazil),Honduras,T,12.411872958999998
Trindade & Martim Vaz Isl. (Brazil),Namibia,T,90.62711983
Trindade & Martim Vaz Isl. (Brazil),China,T,481924.25205022004
Trindade & Martim Vaz Isl. (Brazil),Cambodia,T,229.049444199
Trindade & Martim Vaz Isl. (Brazil),Saint Vincent & the Grenadines,T,197.24382145500005
Trindade & Martim Vaz Isl. (Brazil),Vanuatu,T,87.97582115399999
Trindade & Martim Vaz Isl. (Brazil),Sierra Leone,T,12.640272037999999
Trinidad & Tobago,Trinidad & Tobago (own),I,1107809.7899810001
Trinidad & Tobago,Venezuela,P,445590.2108084
Trinidad & Tobago,Cuba,T,7163.277733780002
Trinidad & Tobago,Sint Maarten,T,102.57711087099997
Trinidad & Tobago,Bahamas,T,0.688586228
Trinidad & Tobago,Curacao,T,122.386104439
Trinidad & Tobago,Taiwan,T,3806.9669643889993
Trinidad & Tobago,Russian Federation,T,4911.86305081
Trinidad & Tobago,Korea (South),T,1527.419909056
Trinidad & Tobago,Estonia,T,0.45368739999999996
Trinidad & Tobago,Georgia,T,0.0172636
Trinidad & Tobago,Latvia,T,0.48061867
Trinidad & Tobago,Ukraine,T,0.223736245
Trinidad & Tobago,Angola,T,1.4779348689999998
Trinidad & Tobago,Ghana,T,1.419452396
Trinidad & Tobago,Cape Verde,T,0.552163224
Trinidad & Tobago,Panama,T,115.028899593
Trinidad & Tobago,Japan,T,7.38724885
Trinidad & Tobago,Martinique (France),T,259.823199072
Trinidad & Tobago,Italy,T,83.45721533
Trinidad & Tobago,Cayman Isl. (UK),T,3.430332795
Trinidad & Tobago,Colombia,T,30.61431156
Trinidad & Tobago,USA,T,10.68818282
Tristan da Cunha Isl. (UK),Tristan da Cunha Isl. (UK) (own),I,46440.27011416
Tristan da Cunha Isl. (UK),Malta,T,0.167402677
Tristan da Cunha Isl. (UK),Taiwan,T,1604.691310306
Tristan da Cunha Isl. (UK),Korea (South),T,0.644627992
Tristan da Cunha Isl. (UK),Estonia,T,0.549521967
Tristan da Cunha Isl. (UK),Georgia,T,0.020910269999999998
Tristan da Cunha Isl. (UK),Latvia,T,0.582141924
Tristan da Cunha Isl. (UK),Ukraine,T,0.270997128
Tristan da Cunha Isl. (UK),Japan,T,2464.8964746419997
Tristan da Cunha Isl. (UK),Spain,T,0.002540175
Tristan da Cunha Isl. (UK),South Africa,T,0.408896932
Tromelin Isl. (France),Tromelin Isl. (France) (own),I,45.79588890099999
Tromelin Isl. (France),Egypt,T,952.3307769
Tromelin Isl. (France),Japan,T,15574.584187120001
Tromelin Isl. (France),Taiwan,T,4438.358165886
Tromelin Isl. (France),Russian Federation,T,1220.575139033
Tromelin Isl. (France),Ukraine,T,1500.8855945640003
Tromelin Isl. (France),Korea (South),T,1397.46501085
Tromelin Isl. (France),Spain,T,1041.0688918380001
Tromelin Isl. (France),Indonesia,T,28.33023707
Tunisia,Tunisia (own),I,4251700.57118
Tunisia,Libya,P,2468.819581397
Tunisia,Malta,P,9119.874346888
Tunisia,Italy,P,53664.575467328
Tunisia,Algeria,P,2771.73727168
Tunisia,Angola,T,21966.234389298002
Tunisia,Morocco,T,1419.929811
Tunisia,USA,T,145.332500163
Tunisia,Turkey,T,806.8550508599999
Tunisia,Equatorial Guinea,T,1.6541553359999999
Tunisia,Liberia,T,3.452708642
Tunisia,Spain,T,855.412141494
Tunisia,Togo,T,3.162880873
Tunisia,Denmark,T,1.5362888920000002
Tunisia,Poland,T,16.785770854
Tunisia,Portugal,T,43.81480337399999
Tunisia,Germany,T,25.297002832999997
Tunisia,Iceland,T,0.012479395899999999
Tunisia,United Kingdom,T,0.055554322999999996
Tunisia,Ireland,T,0.130629715
Tunisia,Sweden,T,0.28796232700000013
Tunisia,Egypt,T,8307.087630992
Tunisia,Faeroe Isl. (Denmark),T,0.25783061900000004
Tunisia,Lithuania,T,2.670212419
Tunisia,Taiwan,T,294.69036452899996
Tunisia,Croatia,T,125.043077078
Tunisia,Norway,T,0.034154858999999996
Tunisia,Cuba,T,0.659064351
Tunisia,Korea (South),T,157.3330894
Tunisia,Trinidad & Tobago,T,0.236317895
Tunisia,Benin,T,34.413041461
Tunisia,Sao Tome & Principe,T,55.188540016
Tunisia,France,T,336.40240321
Turkey (Black Sea),Turkey (Black Sea) (own),I,24120840.612060007
Turkey (Black Sea),Canada,T,2550.4920859999997
Turkey (Black Sea),USA,T,222.44875198
Turkey (Black Sea),Lebanon,T,2294.19064317
Turkey (Black Sea),Syrian Arab Republic,T,42.20279271
Turkey (Marmara Sea),Turkey (Marmara Sea) (own),I,7407789.459789999
Turkey (Marmara Sea),Canada,T,1232.6706223
Turkey (Marmara Sea),USA,T,106.45804220000001
Turkey (Marmara Sea),Lebanon,T,675.0208009400002
Turkey (Marmara Sea),Syrian Arab Republic,T,48.851411105000004
Turkey (Marmara Sea),Israel,T,0.141263214
Turkey (Mediterranean Sea),Turkey (Mediterranean Sea) (own),I,4598824.6870140005
Turkey (Mediterranean Sea),Egypt,P,9369.7094796
Turkey (Mediterranean Sea),Israel,T,2051.0441962500004
Turkey (Mediterranean Sea),Canada,T,114.60767539
Turkey (Mediterranean Sea),USA,T,10.028644764
Turkey (Mediterranean Sea),Malta,T,2.308301037000001
Turkey (Mediterranean Sea),Lebanon,T,188.6695360420001
Turkey (Mediterranean Sea),Syrian Arab Republic,T,89.311362445
Turks & Caicos Isl. (UK),Turks & Caicos Isl. (UK) (own),I,681984.38863
Turks & Caicos Isl. (UK),Dominican Republic,P,3045.2326525000008
Turks & Caicos Isl. (UK),Haiti,P,107.31990757600002
Turks & Caicos Isl. (UK),Bahamas,P,0.408235306
Turks & Caicos Isl. (UK),Cuba,T,4342.301736940001
Turks & Caicos Isl. (UK),Sint Maarten,T,39.226509358
Turks & Caicos Isl. (UK),Venezuela,T,1784.49184138
Turks & Caicos Isl. (UK),Curacao,T,38.000558738
Turks & Caicos Isl. (UK),Russian Federation,T,5034.894785199999
Turks & Caicos Isl. (UK),Taiwan,T,414.516579383
Turks & Caicos Isl. (UK),Korea (South),T,382.374324043
Turks & Caicos Isl. (UK),Estonia,T,0.43726792400000003
Turks & Caicos Isl. (UK),Georgia,T,0.016638809
Turks & Caicos Isl. (UK),Latvia,T,0.46322448400000005
Turks & Caicos Isl. (UK),Ukraine,T,0.215638968
Turks & Caicos Isl. (UK),Panama,T,70.936012774
Turks & Caicos Isl. (UK),Martinique (France),T,12.927983216000001
Tuvalu,Tuvalu (own),I,78410.11639790001
Tuvalu,Fiji,P,921.8127335760001
Tuvalu,Kiribati,P,15996.01248674
Tuvalu,Australia,T,2087.916788702
Tuvalu,Guam (USA),T,8.124705710999999
Tuvalu,North Marianas (USA),T,2.8700815299999998
Tuvalu,Indonesia,T,48184.80370439001
Tuvalu,Japan,T,135928.207507
Tuvalu,Korea (South),T,71703.618437484
Tuvalu,Philippines,T,5566.329471980001
Tuvalu,Taiwan,T,49285.77163661001
Tuvalu,USA,T,151918.39182473696
Tuvalu,Palau,T,186.04873640999998
Tuvalu,New Zealand,T,6688.2004379069995
Tuvalu,Malaysia,T,359.2420258599999
Tuvalu,Papua New Guinea,T,73271.69400812901
Tuvalu,Solomon Isl.,T,10729.200531302
Tuvalu,Vanuatu,T,8678.726966481998
Tuvalu,Samoa,T,47.992068587999995
Tuvalu,Marshall Isl.,T,20803.370217137002
Tuvalu,Micronesia,T,10669.43585197
Tuvalu,Tonga,T,5.268023883
Tuvalu,Nauru,T,2.31193007
Tuvalu,China,T,7578.4314807
Tuvalu,Cook Islands,T,267.96685586499996
Tuvalu,Spain,T,813.509035
US Virgin Isl.,US Virgin Isl. (own),I,78997.13237969897
US Virgin Isl.,Venezuela,P,3529.7677508209995
US Virgin Isl.,British Virgin Isl. (UK),P,3.0717133719999996
US Virgin Isl.,Cuba,T,2474.32443736
US Virgin Isl.,Sint Maarten,T,41.316218619
US Virgin Isl.,Bahamas,T,0.27735017000000006
US Virgin Isl.,Curacao,T,60.734068609000005
US Virgin Isl.,Taiwan,T,735.143819165
US Virgin Isl.,Russian Federation,T,2378.98758861
US Virgin Isl.,Korea (South),T,608.380297461
US Virgin Isl.,Estonia,T,1.618769942
US Virgin Isl.,Georgia,T,0.061597034
US Virgin Isl.,Latvia,T,1.714861408
US Virgin Isl.,Ukraine,T,0.7982975399999999
US Virgin Isl.,Angola,T,0.207624475
US Virgin Isl.,Ghana,T,0.269461779
US Virgin Isl.,Cape Verde,T,0.07123549900000001
US Virgin Isl.,Panama,T,27.527653155
US Virgin Isl.,Japan,T,1.797641893
US Virgin Isl.,Martinique (France),T,143.249912321
US Virgin Isl.,Italy,T,35.556698252000004
US Virgin Isl.,Cayman Isl. (UK),T,3.335775479
US Virgin Isl.,Colombia,T,27.06974063
"USA (Alaska, Arctic)","USA (Alaska, Arctic) (own)",I,100033.13192661277
"USA (Alaska, Subarctic)","USA (Alaska, Subarctic) (own)",I,83753562.0076
"USA (Alaska, Subarctic)",Canada,P,195550.43199999997
"USA (Alaska, Subarctic)",Russian Federation,P,12709721.127307601
"USA (Alaska, Subarctic)",Korea (South),T,6399070.020051422
"USA (Alaska, Subarctic)",Taiwan,T,260322.37739409998
"USA (Alaska, Subarctic)",Japan,T,33103034.354560006
"USA (Alaska, Subarctic)",China,T,539184.6561933
"USA (Alaska, Subarctic)",Poland,T,357536.082461
"USA (Alaska, Subarctic)",Mexico,T,11752.90168
"USA (Alaska, Subarctic)",Germany,T,100630.396741
"USA (Alaska, Subarctic)",Portugal,T,235.7540255
USA (East Coast),USA (East Coast) (own),I,112178429.0755958
USA (East Coast),Cuba,P,119264.21878083
USA (East Coast),Bahamas,P,3.24565457
USA (East Coast),Canada,P,1552941.6313977905
USA (East Coast),Israel,T,2041.1106223199997
USA (East Coast),Sint Maarten,T,475.4146826869999
USA (East Coast),Venezuela,T,14194.73916007
USA (East Coast),Malta,T,1088.193246824
USA (East Coast),Mexico,T,58923.49481059
USA (East Coast),Estonia,T,471780.2095435779
USA (East Coast),Latvia,T,700386.2209240372
USA (East Coast),Lithuania,T,772712.11581675
USA (East Coast),Russian Federation,T,4122612.459757036
USA (East Coast),Curacao,T,1899.0698641289998
USA (East Coast),Norway,T,10445.462677897
USA (East Coast),Grenada,T,1750.1031351360002
USA (East Coast),Bulgaria,T,276051.80209313595
USA (East Coast),Iceland,T,13078.500000003
USA (East Coast),Japan,T,291504.52779792
USA (East Coast),Georgia,T,5.117398482
USA (East Coast),Ukraine,T,66.321488444
USA (East Coast),Dominican Republic,T,175.2230417
USA (East Coast),Germany,T,1246775.5760177902
USA (East Coast),Poland,T,1314173.4299559998
USA (East Coast),Saint Pierre & Miquelon (France),T,174.0
USA (East Coast),Spain,T,423863.403520563
USA (East Coast),Korea (South),T,7597.663144495999
USA (East Coast),Romania,T,64486.67864210001
USA (East Coast),Aruba (Netherlands),T,81.881093796
USA (East Coast),Barbados,T,91.564447614
USA (East Coast),Netherlands,T,42922.019430137996
USA (East Coast),Saint Lucia,T,94.708114503
USA (East Coast),Taiwan,T,1582.4172984099998
USA (East Coast),Trinidad & Tobago,T,991.8264824600001
USA (East Coast),Faeroe Isl. (Denmark),T,384.974930821
USA (East Coast),Italy,T,83925.794403785
USA (East Coast),Panama,T,62.884693127000006
USA (East Coast),Martinique (France),T,1103.9224916
USA (East Coast),South Cyprus,T,27.045110601999998
USA (East Coast),United Kingdom,T,1393.278448
USA (East Coast),Ireland,T,9542.969496040001
USA (East Coast),Syrian Arab Republic,T,0.053688398
USA (East Coast),Portugal,T,7.0
USA (Gulf of Mexico),USA (Gulf of Mexico) (own),I,89163949.3366
USA (Gulf of Mexico),Cuba,P,48771.53753940001
USA (Gulf of Mexico),Bahamas,P,7.503326940000001
USA (Gulf of Mexico),Mexico,P,12119.639569719999
USA (Gulf of Mexico),Sint Maarten,T,1117.80919882
USA (Gulf of Mexico),Venezuela,T,35417.9553398
USA (Gulf of Mexico),Curacao,T,621.9493992099999
USA (Gulf of Mexico),Russian Federation,T,45618.781695862
USA (Gulf of Mexico),Israel,T,4.02431972
USA (Gulf of Mexico),Taiwan,T,934.57014793
USA (Gulf of Mexico),Malta,T,56.127381998
USA (Gulf of Mexico),Martinique (France),T,2180.5739653600003
USA (Gulf of Mexico),Korea (South),T,1099.9664817399998
USA (Gulf of Mexico),Italy,T,893.9076619
USA (Gulf of Mexico),South Cyprus,T,19.673738831
USA (Gulf of Mexico),Syrian Arab Republic,T,0.000256331
USA (West Coast),USA (West Coast) (own),I,30598552.8484
USA (West Coast),Mexico,P,1053.239093822
USA (West Coast),Canada,P,3388.621690598
USA (West Coast),American Samoa,T,95.639961833
USA (West Coast),Chile,T,19252.475509555
USA (West Coast),Japan,T,31.647726666000004
USA (West Coast),Peru,T,75.84250402400001
USA (West Coast),Korea (South),T,120336.66672802
USA (West Coast),Colombia,T,1.577802172
USA (West Coast),Ecuador,T,182.60339401700003
USA (West Coast),Panama,T,27.761513765
USA (West Coast),Russian Federation,T,4546318.053724069
USA (West Coast),Taiwan,T,67.341923894
USA (West Coast),Netherlands,T,81.595677601
USA (West Coast),Spain,T,89.089292387
USA (West Coast),Bermuda (UK),T,41.754022535000004
USA (West Coast),Senegal,T,9.269086847
USA (West Coast),Lithuania,T,1469.0
Ukraine,Ukraine (own),I,5648464.32128
Ukraine,Turkey,P,2036.3823418299999
United Arab Emirates,United Arab Emirates (own),I,2643505.3911710004
United Arab Emirates,Egypt,T,1195.91270426
United Arab Emirates,Taiwan,T,316.930297156
United Arab Emirates,Russian Federation,T,2950.967977648
United Arab Emirates,Ukraine,T,3623.6271869510006
United Arab Emirates,Korea (South),T,1091.53591052
United Arab Emirates,Spain,T,344.60944933
United Arab Emirates,Indonesia,T,1e-10
United Arab Emirates,Italy,T,465.23259859999996
United Arab Emirates,Romania,T,1.329704057
United Arab Emirates (Fujairah),United Arab Emirates (Fujairah) (own),I,612087.9087891
United Arab Emirates (Fujairah),Egypt,T,89.942563693
United Arab Emirates (Fujairah),Japan,T,2.2389999999999999e-07
United Arab Emirates (Fujairah),Taiwan,T,23.862173459100003
United Arab Emirates (Fujairah),Russian Federation,T,59.103570539
United Arab Emirates (Fujairah),Ukraine,T,72.63963282899999
United Arab Emirates (Fujairah),Korea (South),T,78.452922469
United Arab Emirates (Fujairah),Spain,T,22.27116972
United Arab Emirates (Fujairah),Indonesia,T,7e-07
United Arab Emirates (Fujairah),Italy,T,15.798028353
United Arab Emirates (Fujairah),Romania,T,0.095431863
United Kingdom (UK),United Kingdom (UK) (own),I,44494636.45599999
United Kingdom (UK),Belgium,P,1518303.1305699998
United Kingdom (UK),Denmark,P,26782241.712440003
United Kingdom (UK),France,P,9018350.00526
United Kingdom (UK),Germany,P,5043110.55929
United Kingdom (UK),Ireland,P,2050880.5818650005
United Kingdom (UK),Netherlands,P,13987892.185899999
United Kingdom (UK),Norway,P,14959901.336050002
United Kingdom (UK),Russian Federation,T,3345513.508855799
United Kingdom (UK),Sweden,T,1877862.4234709996
United Kingdom (UK),Faeroe Isl. (Denmark),T,2658715.9561519884
United Kingdom (UK),Iceland,T,318273.61014503404
United Kingdom (UK),Spain,T,554737.78720679
United Kingdom (UK),Greece,T,30.805648515
United Kingdom (UK),Malta,T,0.7744650529999999
United Kingdom (UK),Estonia,T,2.748184722
United Kingdom (UK),Georgia,T,0.036259356000000006
United Kingdom (UK),Latvia,T,27848.044785153
United Kingdom (UK),Portugal,T,63626.29273980799
United Kingdom (UK),Ukraine,T,0.469920778
United Kingdom (UK),Poland,T,2.0317447860000004
United Kingdom (UK),Panama,T,1.8991194009999999
United Kingdom (UK),Lithuania,T,3.3527881710000003
United Kingdom (UK),Greenland,T,66492.24387279699
Uruguay,Uruguay (own),I,5680418.350139999
Uruguay,Brazil,P,70452.65409709999
Uruguay,Argentina,P,9579.610209249999
Uruguay,Chile,T,1382.7430531200002
Uruguay,Malta,T,13.072089658000001
Uruguay,USA,T,80.6911157
Uruguay,Venezuela,T,8070.00925042
Uruguay,Japan,T,12256.784226746002
Uruguay,Cuba,T,10.1895145
Uruguay,South Africa,T,629.585860987
Uruguay,Estonia,T,2220.2945157090003
Uruguay,Georgia,T,0.034563401
Uruguay,Korea (South),T,0.000723779
Uruguay,Latvia,T,3256.0619897330002
Uruguay,Lithuania,T,3669.3851668469997
Uruguay,Russian Federation,T,12896.663740973
Uruguay,Taiwan,T,0.000588571
Uruguay,Ukraine,T,7427.9937217550005
Uruguay,China,T,80192.065948
Vanuatu,Vanuatu (own),I,324786.123967
Vanuatu,Solomon Isl.,P,452.18346183099993
Vanuatu,Fiji,P,8394.654783449
Vanuatu,Australia,T,3884.938021519
Vanuatu,Guam (USA),T,37.582444169
Vanuatu,North Marianas (USA),T,5.556150793999999
Vanuatu,Philippines,T,4147.440929925
Vanuatu,Indonesia,T,94933.86510326799
Vanuatu,Japan,T,46671.71453559999
Vanuatu,USA,T,5118.533844211
Vanuatu,Taiwan,T,88154.564349633
Vanuatu,Korea (South),T,33798.871654487
Vanuatu,Palau,T,91.398015265
Vanuatu,New Zealand,T,263.87476555500007
Vanuatu,Malaysia,T,1609.21670633
Vanuatu,Russian Federation,T,2314.933906465
Vanuatu,Papua New Guinea,T,2374.6491166049996
Vanuatu,French Polynesia,T,7.044060795
Vanuatu,Ukraine,T,0.149447937
Vanuatu,Estonia,T,0.032417644
Vanuatu,Kiribati,T,18.865671879
Vanuatu,Latvia,T,0.047395077
Vanuatu,Lithuania,T,0.035241807
Vanuatu,New Caledonia (France),T,0.029647303
Vanuatu,Samoa,T,292.58371181200005
Vanuatu,Tonga,T,24.417798694000002
Vanuatu,Micronesia,T,46.583504254
Vanuatu,China,T,11894.366686000001
Vanuatu,Cook Islands,T,2242.4030842480006
Vanuatu,Marshall Isl.,T,0.555289591
Venezuela,Venezuela (own),I,17128148.74862
Venezuela,Curacao,P,187.79185707999994
Venezuela,Trinidad & Tobago,P,141749.59511232
Venezuela,Cuba,T,35247.70486789999
Venezuela,Sint Maarten,T,430.201366381
Venezuela,Bahamas,T,4.4771607
Venezuela,Taiwan,T,5169.799238814
Venezuela,Russian Federation,T,28292.310830817994
Venezuela,Korea (South),T,4023.66045451
Venezuela,Estonia,T,8.011827799
Venezuela,Georgia,T,0.30486410099999994
Venezuela,Latvia,T,8.487416264
Venezuela,Ukraine,T,3.951038532
Venezuela,Angola,T,269.48369318
Venezuela,Ghana,T,788.21370328
Venezuela,Cape Verde,T,221.30096471000002
Venezuela,Malta,T,0.466035047
Venezuela,Mexico,T,842.5349641099999
Venezuela,Panama,T,404.19922030999993
Venezuela,USA,T,3475.745178882
Venezuela,Japan,T,4694.289557100001
Venezuela,Martinique (France),T,89.98323883
Venezuela,Spain,T,7610.591679536999
Venezuela,Suriname,T,3058.5044835
Viet Nam,Viet Nam (own),I,93113476.89399001
Viet Nam,Taiwan,P,547404.193598
Viet Nam,Philippines,P,3458.437175617
Viet Nam,Indonesia,P,206574.34798720403
Viet Nam,China,P,3110993.2369272998
Viet Nam,Malaysia,P,1070.57010614
Viet Nam,Cambodia,P,408800.177012
Viet Nam,Thailand,P,0.088301288
Viet Nam,Australia,T,596.0449108389998
Viet Nam,Guam (USA),T,28.016139880000004
Viet Nam,North Marianas (USA),T,12.726454222
Viet Nam,Korea (South),T,98684.85331742701
Viet Nam,Japan,T,30850.8753689
Viet Nam,USA,T,104.99024511900001
Viet Nam,Palau,T,5.211785614999999
Viet Nam,New Zealand,T,2.217476508
Viet Nam,Papua New Guinea,T,1.314731727
Viet Nam,Solomon Isl.,T,6.822961934
Viet Nam,Vanuatu,T,16.382296996
Viet Nam,Russian Federation,T,28888.318577999995
Wake Isl. (USA),Wake Isl. (USA) (own),I,351.017724201
Wake Isl. (USA),Australia,T,36.730024144000005
Wake Isl. (USA),Guam (USA),T,10.348840176000001
Wake Isl. (USA),North Marianas (USA),T,0.9536068080000002
Wake Isl. (USA),Taiwan,T,60865.0613267
Wake Isl. (USA),Korea (South),T,2203.572336763
Wake Isl. (USA),China,T,28234.686106530004
Wake Isl. (USA),Indonesia,T,18489.562015611
Wake Isl. (USA),Japan,T,10024.724840937
Wake Isl. (USA),Philippines,T,1000.0982935170001
Wake Isl. (USA),Palau,T,169.362272982
Wake Isl. (USA),New Zealand,T,23.759760674
Wake Isl. (USA),Malaysia,T,660.298264109
Wake Isl. (USA),Solomon Isl.,T,440.96880825799997
Wake Isl. (USA),Vanuatu,T,24.094460443
Wake Isl. (USA),Fiji,T,78.187375472
Wake Isl. (USA),Papua New Guinea,T,679.31829474
Wake Isl. (USA),French Polynesia,T,7.438818799000001
Wake Isl. (USA),Russian Federation,T,57.902368773000006
Wake Isl. (USA),Kiribati,T,4.892273896
Wake Isl. (USA),New Caledonia (France),T,3.084319286
Wake Isl. (USA),American Samoa,T,0.006106898
Wake Isl. (USA),Honduras,T,78.81289957
Wake Isl. (USA),Tonga,T,0.518981842
Wake Isl. (USA),Tuvalu,T,0.201723876
Wallis & Futuna Isl. (France),Wallis & Futuna Isl. (France) (own),I,43496.305616300015
Wallis & Futuna Isl. (France),Fiji,P,0.038706936
Wallis & Futuna Isl. (France),American Samoa,T,0.9440247259999999
Wallis & Futuna Isl. (France),Australia,T,46.953177281
Wallis & Futuna Isl. (France),Guam (USA),T,2.424888968
Wallis & Futuna Isl. (France),North Marianas (USA),T,1.0293418530000003
Wallis & Futuna Isl. (France),Indonesia,T,16714.014603079002
Wallis & Futuna Isl. (France),Japan,T,45346.51726857299
Wallis & Futuna Isl. (France),Korea (South),T,7139.070457385001
Wallis & Futuna Isl. (France),Philippines,T,569.631328983
Wallis & Futuna Isl. (France),Taiwan,T,6220.108814055999
Wallis & Futuna Isl. (France),USA,T,4983.083595699
Wallis & Futuna Isl. (France),Palau,T,5.462738885
Wallis & Futuna Isl. (France),New Zealand,T,6.924481547999998
Wallis & Futuna Isl. (France),Malaysia,T,87.94409209400001
Wallis & Futuna Isl. (France),Russian Federation,T,57.293064003000005
Wallis & Futuna Isl. (France),Canada,T,0.111949259
Wallis & Futuna Isl. (France),Ecuador,T,0.704453827
Wallis & Futuna Isl. (France),Solomon Isl.,T,1.600193255
Wallis & Futuna Isl. (France),Spain,T,0.16303168699999998
Wallis & Futuna Isl. (France),Bermuda (UK),T,0.208426239
Wallis & Futuna Isl. (France),Vanuatu,T,2.48123938
Wallis & Futuna Isl. (France),Papua New Guinea,T,1.444941964
Wallis & Futuna Isl. (France),French Polynesia,T,138.4221962
Yemen (Arabian Sea),Yemen (Arabian Sea) (own),I,8050962.668820002
Yemen (Arabian Sea),Egypt,T,54759.14518105
Yemen (Arabian Sea),Japan,T,1847.206055894
Yemen (Arabian Sea),Taiwan,T,2223.719972996
Yemen (Arabian Sea),Russian Federation,T,631637.5719277299
Yemen (Arabian Sea),Ukraine,T,853909.9845528002
Yemen (Arabian Sea),Korea (South),T,19528.023097325997
Yemen (Arabian Sea),Spain,T,2481.3445217
Yemen (Arabian Sea),Indonesia,T,0.30231253999999996
Yemen (Arabian Sea),Georgia,T,5951.771089
Yemen (Arabian Sea),Lithuania,T,950.19314262
Yemen (Arabian Sea),Sudan,T,15901.745037350003
Yemen (Arabian Sea),China,T,3581.8624281280004
Yemen (Arabian Sea),Thailand,T,0.133865515
Yemen (Red Sea),Yemen (Red Sea) (own),I,2009321.94706
Yemen (Red Sea),Egypt,T,471178.45701343997
Yemen (Red Sea),Russian Federation,T,6319.976162744
Yemen (Red Sea),Ukraine,T,8153.448106373002
Yemen (Red Sea),Korea (South),T,5059.057898239999
Yemen (Red Sea),Taiwan,T,214.48312400900005
Yemen (Red Sea),Kuwait,T,15636.307867
Yemen (Red Sea),Spain,T,241.03158496
Yemen (Red Sea),Sudan,T,3248.20424018
Yemen (Red Sea),China,T,478.90316028300003
