alias_key,alias_display,code,iso_a3,basis,source,confidence,override
bamian,Bamian,AFG005,AFG,Older English romanization of Bamyan still found in many academic and historical references.,pretraining,medium,False
bamiyan,Bamiyan,AFG005,AFG,"Alternative common English romanization of Bamyan, widely used in Western media and UNESCO references (site of the famous Buddha statues).",pretraining,high,False
daikundi,Daikundi,AFG006,AFG,Common alternative English romanization of Daykundi used in many news and government sources.,pretraining,high,False
helmand,Helmand,AFG011,AFG,"Widely used English name for this province, especially in Western military and news coverage of the Afghanistan war; 'Hilmand' is the WB transliteration but 'Helmand' is far more common in English.",pretraining,high,False
helmand province,Helmand Province,AFG011,AFG,The province is almost universally referred to as 'Helmand Province' in English-language sources.,pretraining,high,False
herat,Herat,AFG012,AFG,Standard English name for this province; 'Hirat' is the WB transliteration but 'Herat' is the universally used English exonym.,pretraining,high,False
herat province,Herat Province,AFG012,AFG,The province is commonly referred to as 'Herat Province' in English sources.,pretraining,high,False
jowzjan,Jowzjan,AFG013,AFG,Common alternative romanization of Jawzjan found in many English-language sources including UN documents.,pretraining,high,False
khowst,Khowst,AFG017,AFG,Alternative English romanization of Khost used in various official documents and maps.,pretraining,medium,False
kondoz,Kondoz,AFG019,AFG,Alternative English romanization of Kunduz found in some academic and historical sources.,pretraining,medium,False
qunduz,Qunduz,AFG019,AFG,Alternative romanization of Kunduz found in some English-language documents.,pretraining,medium,False
paktia,Paktia,AFG026,AFG,"Paktya (WB canonical) is also widely spelled Paktia in English-language sources including UN, NATO, and media reports.",pretraining,high,False
sar-e-pol,Sar-e-Pol,AFG030,AFG,Sar-e-Pul (WB canonical) is also commonly romanized as Sar-e-Pol in English sources.,pretraining,high,False
sari pul,Sari Pul,AFG030,AFG,Alternative English romanization of the province name appearing in some academic and news sources.,pretraining,medium,False
urozgan,Urozgan,AFG032,AFG,Uruzgan (WB canonical) is also spelled Urozgan in numerous English-language military and news sources.,pretraining,high,False
maidan wardak,Maidan Wardak,AFG033,AFG,"The province is frequently referred to as Maidan Wardak in English-language sources, combining both components of the full provincial name.",pretraining,high,False
cuando-cubango,Cuando-Cubango,AGO005,AGO,Hyphenated spelling variant commonly used in English-language sources.,pretraining,medium,False
north cuanza,North Cuanza,AGO006,AGO,"English translation of 'Cuanza Norte', used in some English-language references.",pretraining,medium,False
south cuanza,South Cuanza,AGO007,AGO,"English translation of 'Cuanza Sul', used in some English-language references.",pretraining,medium,False
north lunda,North Lunda,AGO012,AGO,"English translation of 'Lunda Norte', the northern Lunda province.",pretraining,medium,False
south lunda,South Lunda,AGO013,AGO,"English translation of 'Lunda Sul', the southern Lunda province.",pretraining,medium,False
dibra,Dibra,ALB005,ALB,Dibra is the historical and commonly used English alternative name for the Diber district of Albania.,pretraining,medium,False
gjirokastra,Gjirokastra,ALB009,ALB,Gjirokastra is an alternative romanization of Gjirokaster used in English sources and UNESCO documentation.,pretraining,high,False
korca,Korca,ALB014,ALB,Korca (also spelled Korça) is the commonly used English alternative romanization for the Korce district.,pretraining,high,False
korcha,Korcha,ALB014,ALB,Korcha is another English transliteration variant of Korçë/Korce found in some English-language texts.,pretraining,medium,False
kruja,Kruja,ALB015,ALB,"Kruja is the historically common English name for the Kruje district, associated with the castle of Skanderbeg.",pretraining,high,False
lezha,Lezha,ALB019,ALB,Lezha is a common English-language variant spelling for the Lezhe district of Albania.,pretraining,high,False
malesia e madhe,Malesia e Madhe,ALB022,ALB,Alternative spelling without diacritics or capitalization variant used in some English sources.,pretraining,medium,False
saranda,Saranda,ALB030,ALB,"Saranda is the common English spelling of this Albanian coastal city/district, widely used in English travel and geographic sources.",pretraining,high,False
scutari,Scutari,ALB031,ALB,"Scutari is the historical Italian/English exonym for Shkoder, used in older English-language geographic and historical texts.",pretraining,medium,False
shkodra,Shkodra,ALB031,ALB,"Shkodra is an alternative English romanization of Shkoder, both widely used in English-language sources for this northern Albanian city and district.",pretraining,high,False
tirana,Tirana,ALB034,ALB,"Tirana is the standard English spelling of the Albanian capital and its surrounding district, universally used in English-language sources.",pretraining,high,False
valona,Valona,ALB036,ALB,"Valona is the Italian-derived exonym for Vlore historically used in English sources, particularly in historical and diplomatic contexts.",pretraining,medium,False
vlora,Vlora,ALB036,ALB,"Vlora is the common English alternative spelling of Vlore, widely used in English-language geographic and travel sources.",pretraining,high,False
ras al-khaimah,Ras al-Khaimah,ARE005,ARE,"Common English spelling using lowercase 'al-' with hyphen, frequently used in English-language sources instead of the WB 'Ras Al Khaimah' form.",pretraining,high,False
umm al-quwain,Umm al-Quwain,ARE007,ARE,"Standard English romanization with lowercase 'al-' and hyphen, widely used in English sources instead of WB 'Umm AL Quwain'.",pretraining,high,False
autonomous city of buenos aires,Autonomous City of Buenos Aires,ARG002,ARG,"The formal English designation for the Ciudad Autonoma de Buenos Aires (CABA), the federal capital territory of Argentina.",pretraining,high,False
buenos aires city,Buenos Aires City,ARG002,ARG,"Buenos Aires D.f. (Distrito Federal) is the autonomous city capital, commonly referred to in English as Buenos Aires City or the City of Buenos Aires to distinguish it from the province.",pretraining,high,False
city of buenos aires,City of Buenos Aires,ARG002,ARG,The official English name used by the Argentine government and international sources for the autonomous city (Buenos Aires D.f.) as distinct from Buenos Aires Province.,pretraining,high,False
gegharkunik,Gegharkunik,ARM004,ARM,The WB canonical name 'Gergharkunik' is a less common romanization; 'Gegharkunik' is the standard English spelling used in most reference sources.,pretraining,high,False
yerevan city,Yerevan City,ARM011,ARM,Yerevan functions as both the capital city and a separate administrative marz; English sources often call it 'Yerevan City' to distinguish the marz from the city itself.,pretraining,medium,False
styria,Styria,AUT006,AUT,Steiermark is the German name for the Austrian state whose standard English exonym is Styria.,pretraining,high,False
tyrol,Tyrol,AUT007,AUT,Tirol is the German spelling of the Austrian state whose standard English exonym is Tyrol.,pretraining,high,False
vienna,Vienna,AUT009,AUT,Wien is the German name for the Austrian capital city-state whose standard English exonym is Vienna.,pretraining,high,False
agdam,Agdam,AZE004,AZE,Aghdam is the WB canonical spelling but 'Agdam' is a widely used alternative English romanization of this Azerbaijani district.,pretraining,high,False
agstafa,Agstafa,AZE005,AZE,Aghstafa is the WB canonical spelling but 'Agstafa' is a common alternative English romanization used in international sources.,pretraining,high,False
baki,Baki,AZE009,AZE,"Baki is the Azerbaijani-language name for Baku, occasionally used in English-language geographic sources.",pretraining,medium,False
fizuli,Fizuli,AZE015,AZE,Fuzuli is the WB canonical spelling but 'Fizuli' is an alternative romanization used in many English sources for this Azerbaijani district.,pretraining,high,False
qabala,Qabala,AZE016,AZE,Gabala is the WB canonical spelling but 'Qabala' is a widely used alternative romanization found in many English-language sources.,pretraining,high,False
gedabek,Gedabek,AZE017,AZE,"Gadabay is the WB canonical spelling but 'Gedabek' is an alternative English romanization used in some sources, notably for the mining area.",pretraining,medium,False
gyanja,Gyanja,AZE019,AZE,Ganja is the standard English name but 'Gyanja' is an alternative romanization encountered in some English-language texts.,pretraining,medium,False
kazakh,Kazakh,AZE020,AZE,"Gazakh district is sometimes referred to as 'Kazakh' in older English-language sources, reflecting an alternative romanization.",pretraining,medium,False
djulfa,Djulfa,AZE033,AZE,Djulfa is an older alternative English romanization of Julfa (Culfa district) used in some historical and geographical English-language sources.,pretraining,medium,False
kelbajar,Kelbajar,AZE034,AZE,Kelbajar is a common alternative English romanization of Kalbajar used in many English-language sources and international reporting.,pretraining,high,False
stepanakert,Stepanakert,AZE037,AZE,"Khankendi is the WB/Azerbaijani canonical name; Stepanakert is the Armenian and widely used international English name for the same city, commonly found in English-language journalism and academia.",pretraining,high,False
khojali,Khojali,AZE039,AZE,Khojali is an alternative English romanization of Khojaly found in some English-language sources and international reporting.,pretraining,medium,False
nakhchivan autonomous republic,Nakhchivan Autonomous Republic,AZE048,AZE,Nakhchivan is an autonomous republic exclave of Azerbaijan and is frequently referred to by this full official English name in geopolitical contexts.,pretraining,high,False
nakhichevan,Nakhichevan,AZE048,AZE,"Older English romanization of Nakhchivan derived from the Russian 'Nakhichevan', still found in some English-language sources.",pretraining,medium,False
naxcivan,Naxcivan,AZE048,AZE,"Alternative romanization of Nakhchivan used in some transliteration systems, appearing in academic and geographic literature.",pretraining,medium,False
sheki,Sheki,AZE059,AZE,Alternative common English spelling of the Azerbaijani district and city of Shaki; 'Sheki' is widely used in English-language travel and geographic sources.,pretraining,high,False
shamakha,Shamakha,AZE060,AZE,"Alternative English romanization of Shamakhy, derived from the Russian 'Shemakha', commonly used in historical and some contemporary English sources.",pretraining,high,False
shemakha,Shemakha,AZE060,AZE,"Russian-derived English transliteration of Shamakhy, found frequently in older English-language geographic and historical texts.",pretraining,high,False
sumgayit,Sumgayit,AZE066,AZE,Sumgayit is the Azerbaijani romanization and a common alternative English spelling for the city/district known in Russian-derived transliteration as Sumgait.,pretraining,high,False
yevlax,Yevlax,AZE071,AZE,"Yevlax is an alternative romanization of the Azerbaijani name for this district, sometimes used in English sources alongside Yevlakh.",pretraining,medium,False
zakatala,Zakatala,AZE072,AZE,Zakatala is the Russian-derived romanization commonly used in older English texts and maps for the district known in Azerbaijani as Zagatala.,pretraining,high,False
bujumbura city,Bujumbura City,BDI002,BDI,English-language sources often use 'Bujumbura City' to refer to the urban capital district distinct from the rural Bujumbura province.,pretraining,medium,False
bujumbura mairie,Bujumbura Mairie,BDI002,BDI,The capital city district is commonly referred to as 'Bujumbura Mairie' in English-language sources to distinguish it from the surrounding Bujumbura province.,pretraining,high,False
brussels capital region,Brussels Capital Region,BEL001,BEL,The canonical name is in French/Dutch and the standard English name for this region is Brussels Capital Region.,pretraining,high,False
brussels-capital region,Brussels-Capital Region,BEL001,BEL,Hyphenated form commonly used in English-language official and academic sources.,pretraining,high,False
wallonia,Wallonia,BEL002,BEL,"Common English exonym for the Walloon Region of Belgium, widely used in English-language press and academia.",pretraining,high,False
walloon region,Walloon Region,BEL002,BEL,The canonical French name 'Region wallonne' translates directly to 'Walloon Region' in English.,pretraining,high,False
flanders,Flanders,BEL003,BEL,Very common English exonym for the Flemish Region (Vlaams Gewest) of Belgium.,pretraining,high,False
flemish region,Flemish Region,BEL003,BEL,"Standard English translation of the Dutch 'Vlaams Gewest', used in official EU and English-language sources.",pretraining,high,False
centre-east,Centre-East,BFA004,BFA,"English translation of the French directional compound 'Centre-est', used in English-language reports on Burkina Faso.",pretraining,high,False
centre-north,Centre-North,BFA005,BFA,"English translation of the French 'Centre-nord', commonly rendered this way in English administrative and humanitarian documents.",pretraining,high,False
centre-west,Centre-West,BFA006,BFA,"English translation of the French 'Centre-ouest', used in English-language references to this Burkinabe region.",pretraining,high,False
centre-south,Centre-South,BFA007,BFA,"English translation of the French 'Centre-sud', used in English-language administrative and development documents.",pretraining,high,False
upper basins,Upper Basins,BFA009,BFA,"English translation of the French 'Hauts-Bassins' (hauts = upper/high, bassins = basins), used occasionally in English-language texts.",pretraining,medium,False
central plateau,Central Plateau,BFA011,BFA,"English translation of 'Plateau Central', with word order reversed per standard English adjective placement, used in English-language references.",pretraining,high,False
south-west,South-West,BFA013,BFA,"Hyphenated English translation of the French 'Sud-ouest', an alternate spelling used in some English documents.",pretraining,high,False
chittagong,Chittagong,BGD002,BGD,"Chittagong is the widely used English name for the Chattogram division, the older anglicized spelling still commonly used in English-language sources.",pretraining,high,False
rajshahi division,Rajshahi Division,BGD006,BGD,Rajshahi Division is the full formal English name used to distinguish the administrative division from Rajshahi city.,pretraining,medium,False
yambol,Yambol,BGR006,BGR,The WB canonical name 'Jambol' uses a J-based romanization; 'Yambol' is the standard English spelling used in most English-language sources.,pretraining,high,False
kyustendil,Kyustendil,BGR008,BGR,The WB canonical name 'Kustendil' is an older romanization; 'Kyustendil' is the modern standard English spelling used in most contemporary English sources.,pretraining,high,False
rousse,Rousse,BGR016,BGR,"The Bulgarian city and province of Ruse is also commonly spelled 'Rousse' in English-language sources, particularly older or French-influenced texts.",pretraining,medium,False
smolyan,Smolyan,BGR020,BGR,The WB canonical name 'Smoljan' uses a J-based romanization; 'Smolyan' is the standard modern English spelling used in most English-language sources.,pretraining,high,False
sofia city,Sofia City,BGR022,BGR,The province surrounding the capital is commonly referred to in English as 'Sofia City' or 'Sofia City Province' to distinguish it from the surrounding Sofia Province.,pretraining,high,False
sofia city province,Sofia City Province,BGR022,BGR,English sources frequently use 'Sofia City Province' to distinguish the capital administrative unit from the surrounding Sofia Province.,pretraining,high,False
tarnovo,Tarnovo,BGR026,BGR,"Shortened informal English reference used for the region, dropping the 'Veliko' qualifier.",pretraining,medium,False
veliko turnovo,Veliko Turnovo,BGR026,BGR,"Alternative English romanization of the Bulgarian name, with 'u' instead of 'a' in the second syllable, commonly seen in older or alternative transliterations.",pretraining,medium,False
vratsa,Vratsa,BGR028,BGR,The WB canonical name 'Vratca' uses a less common romanization; 'Vratsa' is the standard English-language spelling used in most English sources and maps.,pretraining,high,False
central governorate,Central Governorate,BHR001,BHR,Central Region is the WB name for what is officially called the Central Governorate in English administrative usage.,pretraining,high,False
capital governorate,Capital Governorate,BHR007,BHR,Manama (BHR007) is the Capital Governorate of Bahrain; some sources refer to it by this administrative title rather than the city name.,pretraining,medium,False
muharraq governorate,Muharraq Governorate,BHR008,BHR,Muharraq is commonly referred to as Muharraq Governorate in English-language administrative sources.,pretraining,medium,False
northern governorate,Northern Governorate,BHR009,BHR,Northern Region is the WB name for what is officially called the Northern Governorate in English administrative usage.,pretraining,high,False
southern governorate,Southern Governorate,BHR012,BHR,Western Region in the WB data corresponds to what is sometimes labeled the Southern Governorate; however this mapping is uncertain so medium confidence.,pretraining,medium,False
federation of bih,Federation of BiH,BIH001,BIH,Common shorthand English reference used in news and policy documents for the Federation entity.,pretraining,medium,False
serb republic,Serb Republic,BIH002,BIH,An English translation of Republika Srpska used in some journalistic and academic sources.,pretraining,medium,False
homyel,Homyel,BLR002,BLR,"Homyel is an alternative romanization of the Belarusian name for this region, sometimes used in English sources alongside the Russian-derived 'Gomel'.",pretraining,medium,False
hrodna,Hrodna,BLR003,BLR,"Hrodna is the Belarusian romanization of this region, used as an alternative to the Russian-derived 'Grodno' in English sources.",pretraining,medium,False
mahilyow,Mahilyow,BLR006,BLR,"Mahilyow is the Belarusian romanization of this region, used as an alternative to the Russian-derived 'Mogilev' in English sources.",pretraining,medium,False
vitsebsk,Vitsebsk,BLR007,BLR,"Vitsebsk is the Belarusian romanization of this region, used as an alternative to the Russian-derived 'Vitebsk' in English sources.",pretraining,medium,False
brasilia,Brasilia,BRA007,BRA,Brazil's Federal District is commonly referred to by the name of its capital city Brasilia in English-language contexts.,pretraining,medium,False
federal district,Federal District,BRA007,BRA,Distrito Federal is the Portuguese name; 'Federal District' is the standard English translation used widely in English-language sources for Brazil's capital district.,pretraining,high,False
mongar,Mongar,BTN007,BTN,Monggar is the WB spelling but 'Mongar' is a widely used alternate romanization for this Bhutanese district in English sources.,pretraining,high,False
tashigang,Tashigang,BTN015,BTN,Trashigang is the WB canonical form but 'Tashigang' is a common alternate English romanization used in older and some current sources.,pretraining,medium,False
tashiyangtse,Tashiyangtse,BTN016,BTN,"An alternate romanization of Trashiyangtse using 'Tashi' instead of 'Trashi', found in some English-language sources.",pretraining,medium,False
trashi yangtse,Trashi Yangtse,BTN016,BTN,"Trashiyangtse is written as one word in the WB canonical form, but 'Trashi Yangtse' (two words) is a common alternate spelling in English sources.",pretraining,medium,False
wangdi phodrang,Wangdi Phodrang,BTN019,BTN,"Wangduephodrang is the WB canonical form but 'Wangdi Phodrang' is a shorter, widely used English alternate name for this district.",pretraining,high,False
wangdue phodrang,Wangdue Phodrang,BTN019,BTN,Wangduephodrang written as two words is a common English-language rendering of this Bhutanese district name.,pretraining,high,False
ghanzi district,Ghanzi District,BWA003,BWA,The region is commonly referred to with the 'District' suffix in English-language sources about Botswana.,pretraining,medium,False
kalahari,Kalahari,BWA004,BWA,"Kgalagadi District is commonly known in English as the Kalahari region, named after the Kalahari Desert that dominates it.",pretraining,medium,False
equator,Equator,CAF002,CAF,"Equateur is the French word for Equator, and English-language sources sometimes refer to this region by the English translation.",pretraining,medium,False
appenzell outer rhodes,Appenzell Outer Rhodes,CHE002,CHE,"The German 'Ausser-rhoden' translates to 'Outer Rhodes' in English, used in anglophone sources.",pretraining,high,False
appenzell inner rhodes,Appenzell Inner Rhodes,CHE003,CHE,"The German 'Inner-rhoden' translates to 'Inner Rhodes' in English, used in anglophone sources.",pretraining,high,False
basel land,Basel Land,CHE004,CHE,Shortened form commonly used in English-language references for Basel-Landschaft.,pretraining,high,False
basel-country,Basel-Country,CHE004,CHE,"The German 'Landschaft' means 'countryside/land', and 'Basel-Country' is an English exonym used to distinguish this canton from the city.",pretraining,medium,False
basel city,Basel City,CHE005,CHE,"English translation of 'Basel-Stadt', used to distinguish the city-canton from Basel-Landschaft.",pretraining,high,False
freiburg,Freiburg,CHE007,CHE,"The German name for this bilingual canton; the WB canonical form uses the French 'Fribourg', but English sources sometimes use the German 'Freiburg'.",pretraining,medium,False
geneva,Geneva,CHE008,CHE,"The standard English exonym for the French 'Geneve', widely used in English-language contexts.",pretraining,high,False
grisons,Grisons,CHE010,CHE,"The French and common English exonym for the canton of Graubünden, used widely in anglophone sources.",pretraining,high,False
lucerne,Lucerne,CHE012,CHE,"The standard English exonym for the German 'Luzern', widely used in English-language contexts.",pretraining,high,False
saint gallen,Saint Gallen,CHE016,CHE,"English spelling uses 'Saint' rather than the German 'Sankt', commonly seen in English-language references.",pretraining,high,False
st gallen,St Gallen,CHE016,CHE,"Abbreviated English form without period, also widely used in English-language sources.",pretraining,high,False
st. gallen,St. Gallen,CHE016,CHE,Abbreviated English form 'St. Gallen' is the most common English spelling used internationally.,pretraining,high,False
wallis,Wallis,CHE023,CHE,Wallis is the German co-official name for the bilingual canton canonically listed as Valais (French); both names appear regularly in English-language sources about Switzerland.,pretraining,high,False
aysen,Aysén,CHL001,CHL,"The region is commonly referred to in English as Aysén or Aysen, dropping the full honorary name of General Carlos Ibáñez del Campo.",pretraining,high,False
aysen region,Aysén Region,CHL001,CHL,English-language sources commonly refer to this region simply as the Aysén Region.,pretraining,high,False
o'higgins,O'Higgins,CHL008,CHL,"The region is widely known in English simply as O'Higgins, omitting the full official name.",pretraining,high,False
o'higgins region,O'Higgins Region,CHL008,CHL,"English-language sources consistently shorten the full name to O'Higgins Region, dropping the honorary title.",pretraining,high,False
metropolitan region,Metropolitan Region,CHL013,CHL,The Región Metropolitana is universally referred to in English as the Metropolitan Region.,pretraining,high,False
santiago metropolitan region,Santiago Metropolitan Region,CHL013,CHL,English sources often specify 'Santiago Metropolitan Region' to distinguish it from other metropolitan regions in the world.,pretraining,high,False
canton province,Canton Province,CHN006,CHN,"Guangdong was historically known in English as Canton or Canton Province, a name still encountered in some English-language sources.",pretraining,medium,False
guangxi zhuang autonomous region,Guangxi Zhuang Autonomous Region,CHN007,CHN,"The standard English translation of 'Guangxi Zhuangzu Zizhiqu' is the Guangxi Zhuang Autonomous Region, used in official English-language documents.",pretraining,high,False
ningxia hui autonomous region,Ningxia Hui Autonomous Region,CHN020,CHN,"The standard English translation of 'Ningxia Huizu Zizhiqu' is the Ningxia Hui Autonomous Region, used in official English-language documents.",pretraining,high,False
szechuan,Szechuan,CHN026,CHN,"Alternative romanization of Sichuan widely used in English, especially in culinary contexts (Szechuan cuisine).",pretraining,high,False
szechwan,Szechwan,CHN026,CHN,Older Wade-Giles romanization of Sichuan that appears in many English-language sources and maps.,pretraining,medium,False
xinjiang uyghur autonomous region,Xinjiang Uyghur Autonomous Region,CHN028,CHN,Full English translation of the administrative name with standard English spelling 'Uyghur' (vs WB 'Uygur').,pretraining,high,False
tibet,Tibet,CHN029,CHN,The canonical name 'Xizang Zizhiqu' is the Pinyin/Chinese administrative name; 'Tibet' is the well-established English exonym for this autonomous region.,pretraining,high,False
tibet autonomous region,Tibet Autonomous Region,CHN029,CHN,"The standard English full name translating 'Xizang Zizhiqu', widely used in English-language official and media contexts.",pretraining,high,False
mountains,Mountains,CIV031,CIV,Montagnes is the French word for mountains and some English sources translate the district name as Mountains region.,pretraining,medium,False
savannas,Savannas,CIV033,CIV,Savanes is the French plural for savannas and English-language texts sometimes render the district as Savannas.,pretraining,medium,False
bandama valley,Bandama Valley,CIV034,CIV,Some English-language sources translate Vallée du Bandama as Bandama Valley.,pretraining,medium,False
far north,Far North,CMR004,CMR,Extrême-Nord is the French name; 'Far North' is the standard English name used in official Cameroonian government documents and international sources.,pretraining,high,False
north kivu,North Kivu,COD009,COD,"Nord-Kivu is French; 'North Kivu' is the standard English exonym widely used in UN, media, and humanitarian reporting.",pretraining,high,False
south kivu,South Kivu,COD011,COD,"Sud-Kivu is French; 'South Kivu' is the standard English exonym widely used in UN, media, and humanitarian reporting.",pretraining,high,False
equator province,Equator Province,COD013,COD,Some English sources translate Équateur as 'Equator Province' due to its location straddling the equator.,pretraining,medium,False
upper katanga,Upper Katanga,COD014,COD,Haut-Katanga translates directly to 'Upper Katanga' in English and is widely used in international reporting.,pretraining,high,False
upper lomami,Upper Lomami,COD015,COD,Haut-Lomami translates directly to 'Upper Lomami' in English.,pretraining,high,False
upper uele,Upper Uele,COD016,COD,Haut-Uélé translates directly to 'Upper Uele' in English; used in UN and humanitarian reporting.,pretraining,high,False
central kasai,Central Kasai,COD019,COD,Kasaï-Central translates directly to 'Central Kasai' in English; used in international sources.,pretraining,high,False
eastern kasai,Eastern Kasai,COD020,COD,Kasaï-Oriental translates to 'Eastern Kasai' in English; used in international reporting.,pretraining,high,False
pointe-noire,Pointe-Noire,COG010,COG,"Point-Noire is the WB canonical spelling but the standard French and widely used English spelling is Pointe-Noire, which is the form used in most English-language sources.",pretraining,high,False
bogota dc,Bogota DC,COL006,COL,"English-language sources frequently refer to the capital district as 'Bogota DC', dropping the accent and the comma.",pretraining,medium,False
cauca department,Cauca Department,COL012,COL,English sources often append 'Department' to distinguish the department of Cauca from the Cauca River.,pretraining,medium,False
huila department,Huila Department,COL019,COL,"English sources often refer to Colombian departments with the word 'Department' appended, e.g. 'Huila Department'.",pretraining,medium,False
la guajira department,La Guajira Department,COL020,COL,English-language sources frequently refer to this region as 'La Guajira Department' or simply 'Guajira'.,pretraining,medium,False
north santander,North Santander,COL024,COL,Norte de Santander is commonly rendered in English as North Santander in academic and geographic references.,pretraining,medium,False
cauca valley,Cauca Valley,COL031,COL,Valle del Cauca translates literally to Cauca Valley in English and appears in English-language geographic texts.,pretraining,medium,False
havana,Havana,CUB008,CUB,"Standard English exonym for La Habana, the province surrounding the Cuban capital.",pretraining,high,False
nicosia,Nicosia,CYP001,CYP,"Nicosia is the standard English exonym for the capital district Lefkosia, widely used in international contexts.",pretraining,high,False
kyrenia,Kyrenia,CYP002,CYP,"Kyrenia is the well-known English name for the district of Keryneia, used in English-language sources and maps.",pretraining,high,False
famagusta,Famagusta,CYP003,CYP,"Famagusta is the standard English exonym for the district of Ammochostos, historically and commonly used in English.",pretraining,high,False
larnaca,Larnaca,CYP004,CYP,"Larnaca is the common English spelling of the district Larnaka, widely used in international travel and media.",pretraining,high,False
limassol,Limassol,CYP005,CYP,"Limassol is the well-established English name for the district of Lemesos, used extensively in English sources.",pretraining,high,False
paphos,Paphos,CYP006,CYP,"Paphos is the standard English exonym for the district of Pafos, used in English texts and by international visitors.",pretraining,high,False
south bohemia,South Bohemia,CZE001,CZE,Common shortened English form of the South Bohemian Region.,pretraining,high,False
south bohemian region,South Bohemian Region,CZE001,CZE,"Jihocesky is the Czech name for the South Bohemian Region, the standard English exonym used in English-language sources.",pretraining,high,False
south moravia,South Moravia,CZE002,CZE,Common shortened English form of the South Moravian Region.,pretraining,high,False
south moravian region,South Moravian Region,CZE002,CZE,"Jihomoravsky is the Czech name for the South Moravian Region, the standard English exonym.",pretraining,high,False
prague,Prague,CZE003,CZE,"Praha is the Czech name for Prague, the universally used English exonym for the Czech capital.",pretraining,high,False
north bohemia,North Bohemia,CZE004,CZE,Common shortened English form of the North Bohemian Region.,pretraining,high,False
north bohemian region,North Bohemian Region,CZE004,CZE,"Severocesky is the Czech name for the North Bohemian Region, the standard English exonym.",pretraining,high,False
north moravia,North Moravia,CZE005,CZE,Common shortened English form of the North Moravian Region.,pretraining,high,False
north moravian region,North Moravian Region,CZE005,CZE,"Severomoravsky is the Czech name for the North Moravian Region, the standard English exonym.",pretraining,high,False
central bohemia,Central Bohemia,CZE006,CZE,Common shortened English form of the Central Bohemian Region.,pretraining,high,False
central bohemian region,Central Bohemian Region,CZE006,CZE,"Stredocesky is the Czech name for the Central Bohemian Region, the standard English exonym.",pretraining,high,False
east bohemia,East Bohemia,CZE007,CZE,Common shortened English form of the East Bohemian Region.,pretraining,high,False
east bohemian region,East Bohemian Region,CZE007,CZE,"Vychodocesky is the Czech name for the East Bohemian Region, the standard English exonym.",pretraining,high,False
west bohemia,West Bohemia,CZE008,CZE,Common shortened English form of the West Bohemian Region.,pretraining,high,False
west bohemian region,West Bohemian Region,CZE008,CZE,"Zapadocesky is the Czech name for the West Bohemian Region, the standard English exonym.",pretraining,high,False
baden-wurttemberg,Baden-Württemberg,DEU001,DEU,The canonical WB name uses 'Wuerttemberg' (ASCII transliteration) while the standard English spelling retains the umlaut form 'Württemberg'.,pretraining,high,False
bavaria,Bavaria,DEU002,DEU,Bayern is the German name for the state; Bavaria is the standard English exonym used in international contexts.,pretraining,high,False
hesse,Hesse,DEU007,DEU,Hessen is the German name; Hesse is the standard English exonym for this German state.,pretraining,high,False
mecklenburg-western pomerania,Mecklenburg-Western Pomerania,DEU008,DEU,Mecklenburg-Vorpommern is the German name; Mecklenburg-Western Pomerania is the standard English translation used in official and international contexts.,pretraining,high,False
lower saxony,Lower Saxony,DEU009,DEU,Niedersachsen is the German name; Lower Saxony is the standard English exonym for this state.,pretraining,high,False
north rhine-westphalia,North Rhine-Westphalia,DEU010,DEU,Nordrhein-Westfalen is the German name; North Rhine-Westphalia is the standard English translation used internationally.,pretraining,high,False
rhineland-palatinate,Rhineland-Palatinate,DEU011,DEU,Rheinland-Pfalz is the German name; Rhineland-Palatinate is the standard English exonym.,pretraining,high,False
saxony,Saxony,DEU013,DEU,Sachsen is the German name; Saxony is the standard English exonym for this state.,pretraining,high,False
saxony-anhalt,Saxony-Anhalt,DEU014,DEU,Sachsen-Anhalt is the German name; Saxony-Anhalt is the standard English translation used in international contexts.,pretraining,high,False
thuringia,Thuringia,DEU016,DEU,Thueringen (Thüringen) is the German name; Thuringia is the standard English exonym for this state.,pretraining,high,False
ali sabieh,Ali Sabieh,DJI001,DJI,"Ali Sabieh is the common English spelling used in many international sources, differing from the WB canonical 'Ali Sabeh'.",pretraining,high,False
dikhil,Dikhil,DJI002,DJI,"Dikhil is a widely used alternative English romanization of the region, differing from the WB canonical 'Dilkhil'.",pretraining,high,False
northern jutland,Northern Jutland,DNK003,DNK,"Region Nordjylland is also commonly referred to in English as 'Northern Jutland', a slight variation on the WB canonical 'North Jutland'.",pretraining,medium,False
national district,National District,DOM005,DOM,Distrito Nacional is the seat of Santo Domingo and is commonly referred to in English as the National District.,pretraining,high,False
el seybo,El Seybo,DOM007,DOM,El Seybo is an alternative spelling of El Seibo used in some official Dominican and English-language sources.,pretraining,medium,False
maria trinidad sanchez,Maria Trinidad Sanchez,DOM015,DOM,"The canonical WB name spells the last word as Sanches, but the correct and widely used spelling in English sources is Sanchez.",pretraining,high,False
hermanas mirabal,Hermanas Mirabal,DOM022,DOM,Salcedo province was renamed Hermanas Mirabal in 2007 in honor of the Mirabal sisters; the new name is now the official name though Salcedo remains widely used.,pretraining,high,False
algiers,Algiers,DZA004,DZA,"Algiers is the standard English exonym for Alger, the capital city and province of Algeria.",pretraining,high,False
msila,Msila,DZA026,DZA,English sources frequently drop the apostrophe and write the province name as 'Msila' rather than the canonical 'M'Sila'.,pretraining,high,False
souk ahras,Souk Ahras,DZA040,DZA,English sources commonly write the province name without the hyphen as 'Souk Ahras' rather than the canonical 'Souk-Ahras'.,pretraining,high,False
el iskandariyah,El Iskandariyah,EGY001,EGY,Arabic romanization of Alexandria used in some international databases.,pretraining,medium,False
assyut,Assyut,EGY002,EGY,Another common English spelling variant of this Upper Egypt governorate.,pretraining,medium,False
asyut,Asyut,EGY002,EGY,Common alternative romanization of the governorate also spelled Assiut or Asyut in English sources.,pretraining,high,False
asswan,Asswan,EGY003,EGY,Older English spelling of Aswan still found in historical and some modern texts.,pretraining,medium,False
al buhayrah,Al Buhayrah,EGY004,EGY,Standard Arabic romanization used in UN and government documents for this Nile Delta governorate.,pretraining,medium,False
beheira,Beheira,EGY004,EGY,Very common alternative English romanization of the governorate also spelled Behera.,pretraining,high,False
beni sweif,Beni Sweif,EGY005,EGY,Alternative English spelling of Beni Suef governorate found in many sources.,pretraining,medium,False
ad daqahliyah,Ad Daqahliyah,EGY007,EGY,UN-style Arabic romanization for the Dakahlia governorate.,pretraining,medium,False
daqahliyya,Daqahliyya,EGY007,EGY,Alternative Arabic romanization of the Dakahlia governorate used in academic sources.,pretraining,medium,False
faiyum,Faiyum,EGY009,EGY,"Common English alternative spelling of Fayoum governorate, also spelled Faiyum or Fayyum.",pretraining,high,False
fayyum,Fayyum,EGY009,EGY,Another widely used English romanization of Fayoum governorate.,pretraining,high,False
al gharbiyah,Al Gharbiyah,EGY010,EGY,UN-style Arabic romanization for the Gharbia governorate.,pretraining,medium,False
gharbiyya,Gharbiyya,EGY010,EGY,Alternative Arabic romanization of Gharbia governorate used in academic and UN sources.,pretraining,medium,False
kafr ash-shaykh,Kafr ash-Shaykh,EGY013,EGY,Arabic romanization of the governorate used in UN and government databases.,pretraining,medium,False
kafr el-sheikh,Kafr el-Sheikh,EGY013,EGY,"Common alternative English spelling of Kafr El-Shikh governorate, widely used in English-language sources.",pretraining,high,False
qaliubiya,Qaliubiya,EGY014,EGY,Another common English romanization variant of the Kalyoubia governorate.,pretraining,high,False
qalyubia,Qalyubia,EGY014,EGY,Very common alternative English romanization of Kalyoubia governorate.,pretraining,high,False
luxor governorate,Luxor Governorate,EGY015,EGY,"Full formal English name of the Luxor administrative division, which became Egypt's newest governorate in 2009.",pretraining,medium,False
matruh,Matruh,EGY016,EGY,Common alternative English spelling of Matrouh governorate on the Mediterranean coast.,pretraining,high,False
mersa matruh,Mersa Matruh,EGY016,EGY,Name sometimes used for the governorate referencing its capital city Mersa Matruh.,pretraining,medium,False
al minya,Al Minya,EGY017,EGY,Full Arabic-romanized name for the Menia (Minya) governorate used in UN and government documents.,pretraining,high,False
minya,Minya,EGY017,EGY,"Most common English spelling of Menia governorate, widely used in English-language sources.",pretraining,high,False
menofia,Menofia,EGY018,EGY,Another common English romanization variant of the Menoufia governorate.,pretraining,medium,False
monufia,Monufia,EGY018,EGY,Common English alternative spelling of Menoufia governorate in the Nile Delta.,pretraining,high,False
el wadi el gedid,El Wadi El Gedid,EGY019,EGY,Egyptian Arabic romanization of New Valley governorate used in some official Egyptian sources.,pretraining,medium,False
wadi al-jadid,Wadi al-Jadid,EGY019,EGY,Arabic name (meaning New Valley) used in UN and government documents for the New Valley governorate.,pretraining,high,False
north sinai governorate,North Sinai Governorate,EGY020,EGY,Full formal English name used in official documents for the North Sinai administrative division.,pretraining,medium,False
shamal sina,Shamal Sina,EGY020,EGY,Arabic romanization of North Sinai governorate used in UN and regional databases.,pretraining,medium,False
qina,Qina,EGY022,EGY,"Alternative romanization of the Arabic name for this Upper Egypt governorate, sometimes spelled Qina in English sources.",pretraining,medium,False
al sharqiyya,Al Sharqiyya,EGY024,EGY,"More formal English transliteration of the Arabic name for this governorate, used in some official and academic contexts.",pretraining,medium,False
sharkia,Sharkia,EGY024,EGY,"Common alternative English romanization of the same governorate, widely used in English-language sources alongside Sharqia.",pretraining,high,False
sharqia,Sharqia,EGY024,EGY,The WB canonical name 'Shrkia' is an abbreviated romanization; 'Sharqia' (also Sharkia or Al Sharqiyya) is the more widely used English spelling of this Nile Delta governorate.,pretraining,high,False
sohag,Sohag,EGY027,EGY,The most common English spelling of this Upper Egypt governorate; WB uses 'Suhag' but 'Sohag' appears more frequently in English-language sources including official Egyptian usage.,pretraining,high,False
southern red sea,Southern Red Sea,ERI004,ERI,Debubawi Keih Bahri means 'Southern Red Sea' in Tigrinya; the English translation is commonly used in official and international sources.,pretraining,high,False
northern red sea,Northern Red Sea,ERI007,ERI,Semenawi Keih Bahri means 'Northern Red Sea' in Tigrinya; the English translation is commonly used in official and international sources.,pretraining,high,False
andalusia,Andalusia,ESP002,ESP,"Standard English exonym for the Spanish region Andalucía, widely used in English-language texts.",pretraining,high,False
castile and leon,Castile and Leon,ESP006,ESP,"Standard English translation of Castilla y León, the largest autonomous community of Spain.",pretraining,high,False
castile-leon,Castile-Leon,ESP006,ESP,Common hyphenated English short form of Castile and León used in many English sources.,pretraining,high,False
castile-la mancha,Castile-La Mancha,ESP007,ESP,"English rendering of Castilla-La Mancha, partially translating Castilla to Castile.",pretraining,high,False
catalonia,Catalonia,ESP008,ESP,Standard English exonym for the autonomous community known in Spanish as Cataluña and in Catalan as Catalunya.,pretraining,high,False
community of madrid,Community of Madrid,ESP011,ESP,"English translation of Comunidad de Madrid, the autonomous community surrounding Spain's capital.",pretraining,high,False
foral community of navarre,Foral Community of Navarre,ESP012,ESP,Full English translation of the official name Comunidad Foral de Navarra.,pretraining,medium,False
navarra,Navarra,ESP012,ESP,The Spanish/Basque name used widely in English-language sources as an alternative to the exonym Navarre.,pretraining,high,False
navarre,Navarre,ESP012,ESP,Standard English exonym for the Foral Community of Navarra (Comunidad Foral de Navarra).,pretraining,high,False
valencia,Valencia,ESP013,ESP,Common shortened English name for the Comunitat Valenciana autonomous community.,pretraining,high,False
valencian community,Valencian Community,ESP013,ESP,"Standard English translation of Comunitat Valenciana, used widely in English sources.",pretraining,high,False
basque country,Basque Country,ESP018,ESP,"Standard English exonym for País Vasco/Euskadi, the autonomous community of the Basque people in northern Spain.",pretraining,high,False
asturias,Asturias,ESP019,ESP,"Common shortened English reference to the Principado de Asturias, dropping the Principado de prefix.",pretraining,high,False
principality of asturias,Principality of Asturias,ESP019,ESP,"English translation of Principado de Asturias, the full official name of the autonomous community.",pretraining,high,False
region of murcia,Region of Murcia,ESP020,ESP,"English translation of Región de Murcia, the official name of this autonomous community.",pretraining,high,False
harju county,Harju County,EST002,EST,"Estonian 'maakond' means 'county' in English, and 'Harju County' is the standard English exonym used in official and international contexts.",pretraining,high,False
ida-viru county,Ida-Viru County,EST004,EST,"Estonian 'maakond' means 'county' in English, and 'Ida-Viru County' is the standard English exonym.",pretraining,high,False
jarva county,Järva County,EST005,EST,"Estonian 'maakond' means 'county' in English, and 'Järva County' is the standard English exonym.",pretraining,high,False
jogeva county,Jõgeva County,EST006,EST,"Estonian 'maakond' means 'county' in English, and 'Jõgeva County' is the standard English exonym.",pretraining,high,False
laane county,Lääne County,EST007,EST,"Estonian 'maakond' means 'county' in English, and 'Lääne County' is the standard English exonym.",pretraining,high,False
west county,West County,EST007,EST,"'Lääne' means 'west' in Estonian, so 'West County' is a direct English translation used in some international sources.",pretraining,medium,False
laane-viru county,Lääne-Viru County,EST008,EST,"Estonian 'maakond' means 'county' in English, and 'Lääne-Viru County' is the standard English exonym.",pretraining,high,False
parnu county,Pärnu County,EST009,EST,"Estonian 'maakond' means 'county' in English, and 'Pärnu County' is the standard English exonym.",pretraining,high,False
polva county,Põlva County,EST010,EST,"Estonian 'maakond' means 'county' in English, and 'Põlva County' is the standard English exonym.",pretraining,high,False
rapla county,Rapla County,EST011,EST,"Estonian 'maakond' means 'county' in English, and 'Rapla County' is the standard English exonym.",pretraining,high,False
tartu county,Tartu County,EST013,EST,"Estonian 'maakond' means 'county' in English, and 'Tartu County' is the standard English exonym.",pretraining,high,False
valga county,Valga County,EST014,EST,"Estonian 'maakond' means 'county' in English, and 'Valga County' is the standard English exonym.",pretraining,high,False
viljandi county,Viljandi County,EST015,EST,"Estonian 'maakond' means 'county' in English, and 'Viljandi County' is the standard English exonym.",pretraining,high,False
voru county,Võru County,EST016,EST,"Estonian 'maakond' means 'county' in English, and 'Võru County' is the standard English exonym.",pretraining,high,False
addis ababa city administration,Addis Ababa City Administration,ETH001,ETH,The federal chartered city of Addis Ababa is sometimes referred to by its full administrative title in official contexts.,pretraining,medium,False
benishangul-gumuz,Benishangul-Gumuz,ETH004,ETH,The hyphenated spelling 'Benishangul-Gumuz' is commonly used in English-language sources and differs from the WB canonical 'Benishangul Gumz'.,pretraining,high,False
gambella,Gambella,ETH006,ETH,The double-l spelling 'Gambella' is widely used in English-language reporting and UN documents as an alternative to 'Gambela'.,pretraining,high,False
southern nations nationalities and peoples region,Southern Nations Nationalities and Peoples Region,ETH010,ETH,"Common variant without the serial comma, widely used in English-language academic and policy literature.",pretraining,high,False
"southern nations, nationalities, and peoples region","Southern Nations, Nationalities, and Peoples Region",ETH010,ETH,"SNNP is the initialism for the full English name 'Southern Nations, Nationalities, and Peoples Region', which is the standard expanded English form.",pretraining,high,False
lappi,Lappi,FIN002,FIN,"Lappi is the Finnish-language name for Lapland, but the canonical WB name 'Lapland' is already the English exonym, so this native form is not an alias needed for English resolution.",pretraining,medium,False
lower normandy,Lower Normandy,FRA005,FRA,Basse-Normandie is the French name; 'Lower Normandy' is the standard English translation used in English-language sources.,pretraining,high,False
burgundy,Burgundy,FRA006,FRA,Bourgogne is the French name for the region; 'Burgundy' is the well-established English exonym used internationally.,pretraining,high,False
brittany,Brittany,FRA007,FRA,Bretagne is the French name; 'Brittany' is the standard English exonym widely used in English-language contexts.,pretraining,high,False
upper normandy,Upper Normandy,FRA012,FRA,Haute-Normandie is the French name; 'Upper Normandy' is the standard English translation used in English-language sources.,pretraining,high,False
languedoc-roussillon,Languedoc-Roussillon,FRA014,FRA,The canonical WB name 'Languedoc-Rousillon' appears to have a spelling error (single 's'); the correct spelling 'Languedoc-Roussillon' is how the region is known in English.,pretraining,high,False
picardy,Picardy,FRA020,FRA,"Picardie is the French name; 'Picardy' is the traditional English exonym for this region, well known in English-language history and geography.",pretraining,high,False
provence-alpes-cote d'azur,Provence-Alpes-Cote d'Azur,FRA022,FRA,The canonical name uses a hyphen in Cote-d'Azur; the common English rendering drops the hyphen between Cote and d'Azur.,pretraining,medium,False
upper ogooue,Upper Ogooue,GAB002,GAB,Haut-Ogooué is the French name; 'Upper Ogooue' is the standard English translation used in some English-language sources.,pretraining,medium,False
middle ogooue,Middle Ogooue,GAB003,GAB,Moyen-Ogooué is the French name; 'Middle Ogooue' is the standard English translation of 'Moyen'.,pretraining,medium,False
akrotiri and dhekelia,Akrotiri and Dhekelia,GBR001,GBR,Common shorthand dropping the 'Sovereign Base Areas of' prefix and the '(U.K.)' suffix when referring to this territory.,pretraining,high,False
central river region north,Central River Region North,GMB002,GMB,Central River North is sometimes referred to with the word 'Region' included in administrative documents.,pretraining,medium,False
central river region south,Central River Region South,GMB003,GMB,Central River South is sometimes referred to with the word 'Region' included in administrative documents.,pretraining,medium,False
bolama-bijagos,Bolama-Bijagos,GNB003,GNB,The canonical name uses a slash separator; the hyphenated form is commonly used in English sources for this archipelago region.,pretraining,high,False
bissau,Bissau,GNB008,GNB,"The Autonomous Sector of Bissau is commonly referred to simply as Bissau in English usage, as it is the capital city region.",pretraining,high,False
bissau autonomous sector,Bissau Autonomous Sector,GNB008,GNB,English translation of the canonical Portuguese name 'Sector Autonomo De Bissau'.,pretraining,high,False
bioko north,Bioko North,GNQ002,GNQ,"English translation of 'Bioko Norte', where Norte means North in Spanish.",pretraining,medium,False
bioko south,Bioko South,GNQ003,GNQ,"English translation of 'Bioko Sur', where Sur means South in Spanish.",pretraining,medium,False
central south,Central South,GNQ004,GNQ,"Alternative English translation of 'Centro Sur', a region in continental Equatorial Guinea.",pretraining,medium,False
south center,South Center,GNQ004,GNQ,"English translation of 'Centro Sur', meaning South Center or Central South in Spanish.",pretraining,medium,False
attica,Attica,GRC002,GRC,"Standard English exonym for the Greek region 'Attiki', which includes Athens and is widely known by this classical English name.",pretraining,high,False
ionian islands,Ionian Islands,GRC005,GRC,"Standard English exonym for 'Ionioi Nisoi', the Greek island group in the Ionian Sea, widely used in English.",pretraining,high,False
epirus,Epirus,GRC006,GRC,"Standard English exonym for the Greek region 'Ipeiros', derived from the classical Greek name for this northwestern region.",pretraining,high,False
peloponnese,Peloponnese,GRC010,GRC,"Standard English exonym for 'Peloponnisos', the large peninsula in southern Greece, widely used in English-language sources.",pretraining,high,False
thessaly,Thessaly,GRC012,GRC,"Standard English exonym for 'Thessalia', the historical and administrative region of central Greece, widely used in English.",pretraining,high,False
barima-waini,Barima-Waini,GUY001,GUY,The canonical WB name uses a space after the slash; the hyphenated form is the standard official spelling used in Guyana.,pretraining,high,False
region 1,Region 1,GUY001,GUY,Guyana's regions are commonly referred to by their official number; Region 1 is the standard numerical alias for Barima-Waini.,pretraining,high,False
cuyuni-mazaruni,Cuyuni-Mazaruni,GUY002,GUY,The canonical WB name uses a slash; the hyphenated form is the standard official spelling used in Guyana.,pretraining,high,False
region 7,Region 7,GUY002,GUY,Guyana's regions are commonly referred to by their official number; Region 7 is the standard numerical alias for Cuyuni-Mazaruni.,pretraining,high,False
demerara-mahaica,Demerara-Mahaica,GUY003,GUY,The canonical WB name uses a space; the hyphenated form is the standard official spelling used in Guyana.,pretraining,high,False
region 4,Region 4,GUY003,GUY,Guyana's regions are commonly referred to by their official number; Region 4 is the standard numerical alias for Demerara-Mahaica.,pretraining,high,False
east berbice-corentyne,East Berbice-Corentyne,GUY004,GUY,The canonical WB name uses a slash; the hyphenated form is the standard official spelling used in Guyana.,pretraining,high,False
region 6,Region 6,GUY004,GUY,Guyana's regions are commonly referred to by their official number; Region 6 is the standard numerical alias for East Berbice-Corentyne.,pretraining,high,False
essequibo islands-west demerara,Essequibo Islands-West Demerara,GUY005,GUY,The canonical WB name uses a slash; the hyphenated form is the standard official spelling used in Guyana.,pretraining,high,False
region 3,Region 3,GUY005,GUY,Guyana's regions are commonly referred to by their official number; Region 3 is the standard numerical alias for Essequibo Islands-West Demerara.,pretraining,high,False
mahaica-berbice,Mahaica-Berbice,GUY006,GUY,The canonical WB name uses a space; the hyphenated form is the standard official spelling used in Guyana.,pretraining,high,False
region 5,Region 5,GUY006,GUY,Guyana's regions are commonly referred to by their official number; Region 5 is the standard numerical alias for Mahaica-Berbice.,pretraining,high,False
pomeroon-supenaam,Pomeroon-Supenaam,GUY007,GUY,The canonical WB name uses a slash; the hyphenated form is the standard official spelling used in Guyana.,pretraining,high,False
region 2,Region 2,GUY007,GUY,Guyana's regions are commonly referred to by their official number; Region 2 is the standard numerical alias for Pomeroon-Supenaam.,pretraining,high,False
potaro-siparuni,Potaro-Siparuni,GUY008,GUY,The canonical WB name uses a slash; the hyphenated form is the standard official spelling used in Guyana.,pretraining,high,False
region 8,Region 8,GUY008,GUY,Guyana's regions are commonly referred to by their official number; Region 8 is the standard numerical alias for Potaro-Siparuni.,pretraining,high,False
region 10,Region 10,GUY009,GUY,Guyana's regions are commonly referred to by their official number; Region 10 is the standard numerical alias for Upper Demerara-Berbice.,pretraining,high,False
upper demerara-berbice,Upper Demerara-Berbice,GUY009,GUY,The canonical WB name uses a slash; the hyphenated form is the standard official spelling used in Guyana.,pretraining,high,False
region 9,Region 9,GUY010,GUY,Guyana's regions are commonly referred to by their official number; Region 9 is the standard numerical alias for Upper Takutu-Upper Essequibo.,pretraining,high,False
upper takutu-upper essequibo,Upper Takutu-Upper Essequibo,GUY010,GUY,The canonical WB name uses a slash; the hyphenated form is the standard official spelling used in Guyana.,pretraining,high,False
la mosquitia,La Mosquitia,HND008,HND,"English-language sources frequently use 'La Mosquitia' to refer to the Gracias a Dios department, the name of the broader geographic region.",pretraining,high,False
mosquitia,Mosquitia,HND008,HND,Gracias a Dios department is commonly referred to in English as 'Mosquitia' or 'La Mosquitia' after the Mosquito Coast region it encompasses.,pretraining,high,False
city of zagreb,City of Zagreb,HRV003,HRV,The Croatian capital's administrative county is commonly referred to in English as 'City of Zagreb'.,pretraining,high,False
istria,Istria,HRV004,HRV,The Croatian county 'Istra' has a well-established English exonym 'Istria' referring to the Istrian peninsula.,pretraining,high,False
medimurje county,Medimurje County,HRV009,HRV,English sources frequently append 'County' to Croatian county names when referring to them in administrative contexts.,pretraining,medium,False
medjimurje,Medjimurje,HRV009,HRV,"English-language sources commonly render the Croatian 'Medimurje' as 'Medjimurje', an alternative romanization without the diacritic.",pretraining,medium,False
kvarner,Kvarner,HRV012,HRV,"The county is sometimes informally referred to by the name of its bay, 'Kvarner', in English-language tourism and geographic sources.",pretraining,medium,False
primorje-gorski kotar,Primorje-Gorski Kotar,HRV012,HRV,The WB canonical name 'Primorje-gorski Kota' appears truncated; English sources consistently spell the county as 'Primorje-Gorski Kotar'.,pretraining,high,False
sibenik-knin,Sibenik-Knin,HRV013,HRV,"The county's full official name is Sibenik-Knin; the WB canonical form drops the '-Knin' part, but English sources use the full hyphenated name.",pretraining,high,False
brod-posavina,Brod-Posavina,HRV015,HRV,"The county is commonly referred to in English as 'Brod-Posavina' after its 2016 renaming, differing from the WB 'Slavonski Brod-posav'.",pretraining,high,False
slavonski brod-posavina,Slavonski Brod-Posavina,HRV015,HRV,Alternative English rendering of the county using its former name with proper capitalization of 'Posavina'.,pretraining,medium,False
split-dalmatia,Split-Dalmatia,HRV016,HRV,English-language sources consistently use 'Split-Dalmatia' as the English exonym for the Croatian county 'Split-Dalmatija'.,pretraining,high,False
vukovar-syrmia,Vukovar-Syrmia,HRV019,HRV,"The Croatian 'Vukovar-Srijem' county is often rendered in English as 'Vukovar-Syrmia', using the Latin/English exonym for the Srijem/Syrmia region.",pretraining,high,False
zadar county,Zadar County,HRV020,HRV,The county was renamed to simply 'Zadar County' after reorganization; the WB form 'Zadar-Knin' reflects an older administrative name.,pretraining,high,False
zagreb county,Zagreb County,HRV021,HRV,"The WB region 'Zagreb' refers to Zagreb County (Zagrebačka županija), distinct from the City of Zagreb, and English sources often use 'Zagreb County' to disambiguate.",pretraining,medium,False
budapest capital region,Budapest Capital Region,HUN005,HUN,Budapest is sometimes referred to as the Budapest Capital Region in English administrative contexts to distinguish the city-county from the surrounding Pest county.,pretraining,medium,False
csongrad-csanad,Csongrad-Csanad,HUN006,HUN,The county was officially renamed Csongrad-Csanad in 2020; the WB canonical name Csongrad reflects the older name.,pretraining,medium,False
north sumatra,North Sumatra,IDN002,IDN,Sumatera Utara is the Indonesian name; 'North Sumatra' is the standard English translation widely used in English-language sources.,pretraining,high,False
west sumatra,West Sumatra,IDN003,IDN,Sumatera Barat is the Indonesian name; 'West Sumatra' is the standard English translation widely used in English-language sources.,pretraining,high,False
south sumatra,South Sumatra,IDN006,IDN,Sumatera Selatan is the Indonesian name; 'South Sumatra' is the standard English translation widely used in English-language sources.,pretraining,high,False
jakarta,Jakarta,IDN011,IDN,DKI Jakarta (Daerah Khusus Ibukota Jakarta) is the full official name; 'Jakarta' is the universally used short English name for the capital region.,pretraining,high,False
west java,West Java,IDN012,IDN,Jawa Barat is the Indonesian name; 'West Java' is the standard English translation widely used in English-language sources.,pretraining,high,False
central java,Central Java,IDN013,IDN,Jawa Tengah is the Indonesian name; 'Central Java' is the standard English translation widely used in English-language sources.,pretraining,high,False
special region of yogyakarta,Special Region of Yogyakarta,IDN014,IDN,"Daerah Istimewa Yogyakarta translates directly to 'Special Region of Yogyakarta', the English translation used in official and academic contexts.",pretraining,high,False
yogyakarta,Yogyakarta,IDN014,IDN,Daerah Istimewa Yogyakarta means 'Special Region of Yogyakarta'; 'Yogyakarta' is the common English short form used universally.,pretraining,high,False
east java,East Java,IDN015,IDN,Jawa Timur is the Indonesian name; 'East Java' is the standard English translation widely used in English-language sources.,pretraining,high,False
east nusa tenggara,East Nusa Tenggara,IDN019,IDN,Nusa Tenggara Timur translates to 'East Nusa Tenggara'; this English translation is widely used in academic and official English-language sources.,pretraining,high,False
west kalimantan,West Kalimantan,IDN020,IDN,Kalimantan Barat is the Indonesian name; 'West Kalimantan' is the standard English translation widely used in English-language sources.,pretraining,high,False
central kalimantan,Central Kalimantan,IDN021,IDN,Kalimantan Tengah is the Indonesian name; 'Central Kalimantan' is the standard English translation widely used in English-language sources.,pretraining,high,False
south kalimantan,South Kalimantan,IDN022,IDN,Kalimantan Selatan is the Indonesian name; 'South Kalimantan' is the standard English translation widely used in English-language sources.,pretraining,high,False
east kalimantan,East Kalimantan,IDN023,IDN,Kalimantan Timur is the Indonesian name; 'East Kalimantan' is the standard English translation widely used in English-language sources.,pretraining,high,False
north kalimantan,North Kalimantan,IDN024,IDN,Kalimantan Utara is the Indonesian name; 'North Kalimantan' is the standard English translation widely used in English-language sources.,pretraining,high,False
north sulawesi,North Sulawesi,IDN025,IDN,Standard English translation of 'Sulawesi Utara' (Utara means North in Indonesian).,pretraining,high,False
central sulawesi,Central Sulawesi,IDN026,IDN,Standard English translation of 'Sulawesi Tengah' (Tengah means Central in Indonesian).,pretraining,high,False
south sulawesi,South Sulawesi,IDN027,IDN,Standard English translation of 'Sulawesi Selatan' (Selatan means South in Indonesian).,pretraining,high,False
southeast sulawesi,Southeast Sulawesi,IDN028,IDN,Standard English translation of 'Sulawesi Tenggara' (Tenggara means Southeast in Indonesian).,pretraining,high,False
south west papua,South West Papua,IDN034,IDN,"Standard English translation of 'Papua Barat Daya' (Barat Daya means Southwest in Indonesian), the newly created province.",pretraining,medium,False
southwest papua,Southwest Papua,IDN034,IDN,Compact English form of 'Papua Barat Daya' used in English-language sources for this province created in 2022.,pretraining,medium,False
west papua,West Papua,IDN035,IDN,"Standard English translation of 'Papua Barat' (Barat means West in Indonesian), widely used in English-language sources.",pretraining,high,False
south papua,South Papua,IDN036,IDN,"Standard English translation of 'Papua Selatan' (Selatan means South in Indonesian), a province created in 2022.",pretraining,high,False
central papua,Central Papua,IDN037,IDN,"Standard English translation of 'Papua Tengah' (Tengah means Central in Indonesian), a province created in 2022.",pretraining,high,False
highland papua,Highland Papua,IDN038,IDN,"Standard English translation of 'Papua Pegunungan' (Pegunungan means Mountains/Highlands in Indonesian), a province created in 2022.",pretraining,high,False
papua highlands,Papua Highlands,IDN038,IDN,Alternative English rendering of 'Papua Pegunungan' used in some English-language sources.,pretraining,medium,False
national capital territory,National Capital Territory,IND010,IND,"Delhi is officially designated the National Capital Territory of Delhi, often referenced by this descriptive English name.",pretraining,medium,False
orissa,Orissa,IND026,IND,Odisha was officially renamed from Orissa in 2011; Orissa remains widely used in English contexts and historical references.,pretraining,high,False
pondicherry,Pondicherry,IND027,IND,Puducherry was officially renamed from Pondicherry in 2006; the former name remains the most widely recognized English form internationally.,pretraining,high,False
tamilnadu,Tamilnadu,IND031,IND,Common alternate single-word spelling of Tamil Nadu used in some English sources and URLs.,pretraining,medium,False
ardabil,Ardabil,IRN001,IRN,"Alternative common English romanization of the province name, widely used in academic and geographic sources.",pretraining,high,False
chaharmahal and bakhtiari,Chaharmahal and Bakhtiari,IRN003,IRN,Standard English rendering uses 'and' instead of '-o' and the full form 'Bakhtiari' instead of 'bakhtiyar'.,pretraining,high,False
isfahan,Isfahan,IRN005,IRN,"Widely used English/international spelling of the province and city name, more common than 'Esfahan' in English sources.",pretraining,high,False
qazvin,Qazvin,IRN007,IRN,Standard English romanization of this province uses 'Qazvin' rather than 'Ghazvin'.,pretraining,high,False
kohgiluyeh and boyer-ahmad,Kohgiluyeh and Boyer-Ahmad,IRN018,IRN,Standard English rendering uses 'and' and the full form 'Boyer-Ahmad' rather than the contracted 'boyerahma'.,pretraining,high,False
kurdistan,Kurdistan,IRN019,IRN,"Common English name for this province, using the well-known English exonym 'Kurdistan' rather than the Persian romanization 'Kordestan'.",pretraining,high,False
sistan and balochestan,Sistan and Balochestan,IRN024,IRN,"Alternative English romanization of Baluchestan as 'Balochestan', widely used in academic and journalistic sources.",pretraining,high,False
sistan and baluchestan,Sistan and Baluchestan,IRN024,IRN,The WB canonical name uses a Persian-style connector '-o-' but English sources consistently write 'Sistan and Baluchestan'.,pretraining,high,False
sistan-baluchestan,Sistan-Baluchestan,IRN024,IRN,Hyphenated English shorthand commonly used in international reporting and maps.,pretraining,medium,False
west azerbayjan,West Azerbayjan,IRN026,IRN,Alternative English romanization occasionally seen in older or transliteration-heavy sources.,pretraining,medium,False
anbar,Anbar,IRQ001,IRQ,Al-Anbar is commonly referred to simply as Anbar in English-language news and government sources.,pretraining,high,False
basra,Basra,IRQ002,IRQ,"Al-Basrah is widely known in English as Basra, Iraq's second-largest city and the province named after it.",pretraining,high,False
basrah,Basrah,IRQ002,IRQ,Alternative English romanization of Al-Basrah used in many official and journalistic sources.,pretraining,high,False
muthanna,Muthanna,IRQ003,IRQ,"Al-Muthanna is commonly referred to as Muthanna in English sources, dropping the Arabic article.",pretraining,high,False
najaf,Najaf,IRQ004,IRQ,"Al-Najaf is widely known in English simply as Najaf, a major Shia holy city and province.",pretraining,high,False
diwaniyah,Diwaniyah,IRQ005,IRQ,"Al-Qadissiya governorate is often referred to by the name of its capital city, Diwaniyah, in English-language sources.",pretraining,medium,False
qadisiyyah,Qadisiyyah,IRQ005,IRQ,"Al-Qadissiya is also romanized as Qadisiyyah in English sources, an alternate transliteration of the same Arabic name.",pretraining,high,False
sulaimaniya,Sulaimaniya,IRQ006,IRQ,Alternative English romanization of the Kurdish province name used in many journalistic and official sources.,pretraining,high,False
sulaymaniyah,Sulaymaniyah,IRQ006,IRQ,"Al-Sulaymaniyah is commonly written as Sulaymaniyah in English, dropping the Arabic article.",pretraining,high,False
dohuk,Dohuk,IRQ010,IRQ,Dohuk is a widely used alternative English spelling of the Duhok governorate in Iraqi Kurdistan.,pretraining,high,False
arbil,Arbil,IRQ011,IRQ,Arbil is another common English romanization of the Kurdish capital city and governorate Erbil.,pretraining,high,False
irbil,Irbil,IRQ011,IRQ,Erbil is also romanized as Irbil in many English sources including the UN and US government documents.,pretraining,high,False
karbala,Karbala,IRQ012,IRQ,"Kerbala is more commonly spelled Karbala in English, the major Shia holy city and Iraqi governorate.",pretraining,high,False
missan,Missan,IRQ014,IRQ,Maysan governorate is also romanized as Missan in some English and official Iraqi sources.,pretraining,medium,False
nineveh,Nineveh,IRQ015,IRQ,"Ninewa is the modern Arabic romanization, but Nineveh is the widely-used English name for this governorate, referencing the ancient Assyrian city.",pretraining,high,False
saladin,Saladin,IRQ016,IRQ,"Salah Al-Din is the Arabic name; Saladin is the well-known English form of this name, referencing the famous historical figure.",pretraining,high,False
salah ad-din,Salah ad-Din,IRQ016,IRQ,"Alternative English romanization of the governorate name, used in academic and some official sources.",pretraining,high,False
dhi qar,Dhi Qar,IRQ017,IRQ,Thi Qar is also commonly romanized as Dhi Qar in English-language sources including UN documents.,pretraining,high,False
wasit,Wasit,IRQ018,IRQ,"Wassit is also commonly spelled Wasit in English, an alternative romanization of the governorate name.",pretraining,high,False
east bardastrands,East Bardastrands,ISL002,ISL,"Austur-baroastrandar is the Icelandic name; 'Austur' means 'East' and 'baroastrandar' refers to Bardastrands, giving the English form East Bardastrands.",pretraining,medium,False
east hunavatns,East Hunavatns,ISL003,ISL,Austur-hunavatns means 'East Hunavatns' in Icelandic; 'Austur' translates to 'East'.,pretraining,medium,False
east skaftafell,East Skaftafell,ISL004,ISL,Austur-skaftafells is the Icelandic name for the eastern Skaftafell county; 'Austur' means 'East'.,pretraining,medium,False
eyjafjordur,Eyjafjordur,ISL007,ISL,Eyjafjaroar is the genitive Icelandic form; the nominative and commonly used English-language spelling is Eyjafjordur.,pretraining,high,False
north isafjardar,North Isafjardar,ISL011,ISL,Norour-isafjaroar means 'North Isafjardar' in Icelandic; 'Norour' translates to 'North'.,pretraining,medium,False
north mula,North Mula,ISL012,ISL,Norour-mula means 'North Mula' in Icelandic; 'Norour' translates to 'North'.,pretraining,medium,False
north thingeyjarsysla,North Thingeyjarsysla,ISL013,ISL,Norour-pingeyjar is the Icelandic name; the English exonym uses 'North Thingeyjarsysla' with Th- for the thorn character.,pretraining,medium,False
skagafjordur,Skagafjordur,ISL015,ISL,Skagafjaroar is the Icelandic genitive form; the nominative and English-used spelling is Skagafjordur.,pretraining,high,False
south mula,South Mula,ISL018,ISL,Suour-mula means 'South Mula' in Icelandic; 'Suour' translates to 'South'.,pretraining,medium,False
south thingeyjarsysla,South Thingeyjarsysla,ISL019,ISL,Suour-pingeyjar is the Icelandic name; the English exonym uses 'South Thingeyjarsysla' with Th- for the thorn character.,pretraining,medium,False
west bardastrands,West Bardastrands,ISL020,ISL,Vestur-baroastrandar means 'West Bardastrands' in Icelandic; 'Vestur' translates to 'West'.,pretraining,medium,False
west hunavatn,West Hunavatn,ISL021,ISL,"Vestur-hunavatns is Icelandic for West Hunavatn, with 'vestur' meaning west and 'hunavatns' being the genitive of Hunavatn (a lake/region name).",pretraining,medium,False
west isafjord,West Isafjord,ISL022,ISL,"Vestur-isafjaroar is Icelandic for West Isafjord, with 'vestur' meaning west and 'isafjaroar' being the genitive of Isafjordur (a fjord/town).",pretraining,medium,False
west skaftafell,West Skaftafell,ISL023,ISL,"Vestur-skaftafells is Icelandic for West Skaftafell, with 'vestur' meaning west and 'skaftafells' being the genitive of Skaftafell (a region in southeast Iceland).",pretraining,medium,False
center district,Center District,ISR001,ISR,The Central District of Israel is commonly referred to as 'Center District' in English-language sources.,pretraining,medium,False
haifa district,Haifa District,ISR002,ISR,"The region named 'Haifa' in the WB database is officially the Haifa District, and callers commonly include the word 'District'.",pretraining,medium,False
jerusalem district,Jerusalem District,ISR003,ISR,"The 'Jerusalem' WB region is officially the Jerusalem District, and English speakers commonly use the full form.",pretraining,medium,False
northern district,Northern District,ISR004,ISR,The WB canonical name 'Northern' is commonly referred to as 'Northern District' in English-language sources about Israeli administrative divisions.,pretraining,high,False
tel aviv district,Tel Aviv District,ISR006,ISR,"The WB region 'Tel Aviv' is officially the Tel Aviv District, and English speakers commonly include 'District' when referring to the administrative division.",pretraining,medium,False
abruzzo,Abruzzo,ITA001,ITA,The modern Italian and internationally used spelling is 'Abruzzo'; the WB canonical 'Abruzzi' is an older plural form rarely used today.,pretraining,high,False
lombardy,Lombardy,ITA009,ITA,The standard English exonym for the Italian region 'Lombardia' is 'Lombardy'.,pretraining,high,False
piedmont,Piedmont,ITA012,ITA,The standard English exonym for the Italian region 'Piemonte' is 'Piedmont'.,pretraining,high,False
apulia,Apulia,ITA013,ITA,The standard English/Latin exonym for the Italian region 'Puglia' is 'Apulia'.,pretraining,high,False
tuscany,Tuscany,ITA016,ITA,The standard English exonym for the Italian region 'Toscana' is 'Tuscany'.,pretraining,high,False
trentino-south tyrol,Trentino-South Tyrol,ITA017,ITA,Common English hybrid name combining the Italian name Trentino with the English exonym South Tyrol for this bilingual region.,pretraining,medium,False
aosta valley,Aosta Valley,ITA019,ITA,The standard English exonym for the Italian region 'Valle d'Aosta' is 'Aosta Valley'.,pretraining,high,False
ajlun,Ajlun,JOR001,JOR,"Alternative common English romanization of the Arabic name, widely used in travel and geographic sources.",pretraining,high,False
al balqa,Al Balqa,JOR004,JOR,"The full Arabic-derived English name including the definite article, commonly used in official and geographic references.",pretraining,medium,False
jerash,Jerash,JOR006,JOR,"Standard English spelling used for the famous Roman ruins and the governorate, differing from WB canonical 'Jarash'.",pretraining,high,False
kerak,Kerak,JOR007,JOR,"Common alternative English romanization of the governorate, also used for the historic crusader castle Al-Karak.",pretraining,high,False
maan,Maan,JOR008,JOR,"ASCII-stripped form of the canonical Ma'an, differing materially due to the apostrophe representing the Arabic ayn consonant.",pretraining,high,False
at tafilah,At Tafilah,JOR011,JOR,"Full romanized Arabic name including the definite article, used in some official geographic databases.",pretraining,medium,False
tafila,Tafila,JOR011,JOR,"Common alternative English romanization of the governorate, used in many English-language sources instead of WB canonical 'Tafiela'.",pretraining,high,False
aichi,Aichi,JPN001,JPN,The WB romanization 'Aiti' is Nihon-shiki; the standard English/Hepburn name for this prefecture is 'Aichi'.,pretraining,high,False
hiroshima,Hiroshima,JPN007,JPN,The WB romanization 'Hirosima' is Nihon-shiki; the universally used English name is 'Hiroshima'.,pretraining,high,False
fukui,Fukui,JPN009,JPN,The WB romanization 'Hukui' is Nihon-shiki; the standard English/Hepburn name is 'Fukui'.,pretraining,high,False
fukuoka,Fukuoka,JPN010,JPN,The WB romanization 'Hukuoka' is Nihon-shiki; the standard English/Hepburn name is 'Fukuoka'.,pretraining,high,False
fukushima,Fukushima,JPN011,JPN,The WB romanization 'Hukusima' is Nihon-shiki; the standard English/Hepburn name is 'Fukushima'.,pretraining,high,False
hyogo,Hyogo,JPN012,JPN,The WB romanization 'Hyoogo' uses a macron-style double vowel not used in standard English; the common English name is 'Hyogo'.,pretraining,high,False
ishikawa,Ishikawa,JPN014,JPN,The WB romanization 'Isikawa' is Nihon-shiki; the standard English/Hepburn name is 'Ishikawa'.,pretraining,high,False
kagoshima,Kagoshima,JPN017,JPN,The WB romanization 'Kagosima' is Nihon-shiki; the standard English/Hepburn name is 'Kagoshima'.,pretraining,high,False
kochi,Kochi,JPN019,JPN,The WB romanization 'Kooti' is Nihon-shiki; the standard English/Hepburn name is 'Kochi'.,pretraining,high,False
kyoto,Kyoto,JPN021,JPN,The WB romanization 'Kyooto' uses a double-o not used in standard English; the universal English name is 'Kyoto'.,pretraining,high,False
oita,Oita,JPN031,JPN,The WB canonical name 'Ooita' uses an older Nihon-shiki/Wapuro romanization; the standard modern Hepburn romanization used in English is 'Oita'.,pretraining,high,False
osaka,Osaka,JPN032,JPN,The WB canonical name 'Oosaka' uses a non-standard romanization; the universally recognized English name is 'Osaka'.,pretraining,high,False
shiga,Shiga,JPN035,JPN,The WB canonical name 'Siga' uses a non-standard romanization; standard Hepburn romanization used in English is 'Shiga'.,pretraining,high,False
shimane,Shimane,JPN036,JPN,The WB canonical name 'Simane' uses a non-standard romanization; standard Hepburn romanization used in English is 'Shimane'.,pretraining,high,False
shizuoka,Shizuoka,JPN037,JPN,The WB canonical name 'Sizuoka' uses a non-standard romanization; standard Hepburn romanization used in English is 'Shizuoka'.,pretraining,high,False
chiba,Chiba,JPN038,JPN,The WB canonical name 'Tiba' uses a non-standard romanization; standard Hepburn romanization used in English is 'Chiba'.,pretraining,high,False
tokushima,Tokushima,JPN039,JPN,The WB canonical name 'Tokusima' uses a non-standard romanization; standard Hepburn romanization used in English is 'Tokushima'.,pretraining,high,False
tokyo,Tokyo,JPN040,JPN,The WB canonical name 'Tookyoo' uses a non-standard romanization; the universally recognized English name is 'Tokyo'.,pretraining,high,False
tokyo metropolis,Tokyo Metropolis,JPN040,JPN,The Tokyo Metropolitan area is commonly referred to as 'Tokyo Metropolis' in English administrative and academic contexts.,pretraining,high,False
tochigi,Tochigi,JPN041,JPN,The WB canonical name 'Totigi' uses a non-standard romanization; standard Hepburn romanization used in English is 'Tochigi'.,pretraining,high,False
yamaguchi,Yamaguchi,JPN046,JPN,The WB canonical name 'Yamaguti' uses an older romanization; the standard modern English spelling of this Japanese prefecture is 'Yamaguchi'.,pretraining,high,False
yamanashi,Yamanashi,JPN047,JPN,The WB canonical name 'Yamanasi' uses an older romanization; the standard modern English spelling of this Japanese prefecture is 'Yamanashi'.,pretraining,high,False
akmola,Akmola,KAZ001,KAZ,Commonly referred to simply as Akmola in English-language sources.,pretraining,high,False
akmola region,Akmola Region,KAZ001,KAZ,"The standard English name for this oblast is Akmola Region, dropping the Russian '-skaya' suffix.",pretraining,high,False
aktobe,Aktobe,KAZ002,KAZ,Aktobe is the widely used English short form for this oblast.,pretraining,high,False
aktobe region,Aktobe Region,KAZ002,KAZ,"The standard English exonym for Aktyubinskaya is Aktobe Region, using the Kazakh-derived name.",pretraining,high,False
aktyubinsk region,Aktyubinsk Region,KAZ002,KAZ,Older anglicization of Aktyubinskaya sometimes used in English sources.,pretraining,medium,False
almaty oblast,Almaty Oblast,KAZ003,KAZ,English-language sources frequently use Almaty Oblast to distinguish the region from Almaty City.,pretraining,high,False
almaty region,Almaty Region,KAZ003,KAZ,The standard English name for Almatinskaya Oblast is Almaty Region.,pretraining,high,False
atyrau,Atyrau,KAZ005,KAZ,Atyrau is the commonly used English short form for this oblast.,pretraining,high,False
atyrau region,Atyrau Region,KAZ005,KAZ,The standard English name for Atyrauskaya Oblast is Atyrau Region.,pretraining,high,False
jambyl region,Jambyl Region,KAZ006,KAZ,The standard English name for this oblast (also spelled Zhambyl/Dzhambul) is Jambyl Region.,pretraining,high,False
zhambyl,Zhambyl,KAZ006,KAZ,Zhambyl is a common short English form for this region.,pretraining,high,False
zhambyl region,Zhambyl Region,KAZ006,KAZ,Zhambyl is an alternative English romanization widely used for this oblast.,pretraining,high,False
karaganda,Karaganda,KAZ007,KAZ,Karaganda is the widely used English short name for this oblast.,pretraining,high,False
karaganda region,Karaganda Region,KAZ007,KAZ,The standard English name for Karagandinskaya Oblast is Karaganda Region.,pretraining,high,False
karagandy region,Karagandy Region,KAZ007,KAZ,Karagandy is the Kazakh-derived alternate English spelling used in some official sources.,pretraining,medium,False
kostanay,Kostanay,KAZ008,KAZ,Kostanay is the most commonly used English short form for this oblast.,pretraining,high,False
kostanay region,Kostanay Region,KAZ008,KAZ,The standard modern English name for Kustanayskaya Oblast is Kostanay Region.,pretraining,high,False
qostanay region,Qostanay Region,KAZ008,KAZ,Qostanay is the Kazakh-script romanization used in some English official documents.,pretraining,medium,False
kyzylorda,Kyzylorda,KAZ009,KAZ,Kyzylorda is the widely used English short form for this oblast.,pretraining,high,False
kyzylorda region,Kyzylorda Region,KAZ009,KAZ,The standard English name for Kyzylordinskaya Oblast is Kyzylorda Region.,pretraining,high,False
mangystau,Mangystau,KAZ010,KAZ,Mangystau is the commonly used English short form for this oblast.,pretraining,high,False
mangystau region,Mangystau Region,KAZ010,KAZ,The standard English name for Mangistauskaya Oblast is Mangystau Region.,pretraining,high,False
pavlodar,Pavlodar,KAZ011,KAZ,Pavlodar is the widely used English short form for this oblast.,pretraining,high,False
pavlodar region,Pavlodar Region,KAZ011,KAZ,The standard English name for Pavlodarskaya Oblast is Pavlodar Region.,pretraining,high,False
turkestan region,Turkestan Region,KAZ014,KAZ,South Kazakhstan Region was renamed Turkestan Region in 2018; this is now the current official English name.,pretraining,high,False
homa bay county,Homa Bay County,KEN008,KEN,Homa Bay is sometimes referred to with the 'County' suffix in official Kenyan administrative usage.,pretraining,medium,False
kisumu city,Kisumu City,KEN017,KEN,"Kisumu is the third-largest city in Kenya and the capital of Kisumu County, often referenced as 'Kisumu City' in English contexts.",pretraining,medium,False
muranga,Muranga,KEN029,KEN,Murang'a is commonly spelled without the apostrophe as Muranga in English usage.,pretraining,high,False
nairobi city,Nairobi City,KEN030,KEN,Nairobi County is officially called Nairobi City County and is commonly referred to as Nairobi City in English.,pretraining,medium,False
taita-taveta,Taita-Taveta,KEN039,KEN,Taita Taveta is often hyphenated as Taita-Taveta in English-language sources.,pretraining,medium,False
turkana county,Turkana County,KEN043,KEN,"Commonly referred to as Turkana County in Kenyan administrative and media contexts, distinguishing it from the Turkana people and Lake Turkana.",pretraining,medium,False
uasin gishu county,Uasin Gishu County,KEN044,KEN,Frequently referred to as Uasin Gishu County in English-language sources covering Kenya; the plateau region shares the same name.,pretraining,medium,False
chui,Chui,KGZ002,KGZ,"Alternative romanization of the Chuy region name, used in some English sources and based on the Chui River.",pretraining,medium,False
chui province,Chui Province,KGZ002,KGZ,The Chuy/Chui region is frequently referred to with the 'Province' suffix in English administrative contexts.,pretraining,medium,False
jalal-abat,Jalal-Abat,KGZ003,KGZ,Alternative romanization of the Kyrgyz name used in some English sources.,pretraining,medium,False
osh province,Osh Province,KGZ005,KGZ,The Osh region is commonly referred to as 'Osh Province' in English to distinguish it from Osh city.,pretraining,high,False
issyk-kul,Issyk-Kul,KGZ007,KGZ,"The region is very commonly spelled 'Issyk-Kul' in English, derived from the name of Lake Issyk-Kul which dominates the region.",pretraining,high,False
issyk-kul province,Issyk-Kul Province,KGZ007,KGZ,The region is commonly referred to as 'Issyk-Kul Province' in English-language sources.,pretraining,high,False
kracheh,Kracheh,KHM011,KHM,Alternative English romanization of the Khmer name for Kratie province.,pretraining,medium,False
mondulkiri,Mondulkiri,KHM012,KHM,Single-word spelling Mondulkiri is widely used in English alongside the spaced WB form Mondul Kiri.,pretraining,high,False
ratanakiri,Ratanakiri,KHM019,KHM,Single-word English spelling Ratanakiri is commonly used alongside the spaced WB form Ratanak Kiri.,pretraining,high,False
siem reap,Siem Reap,KHM020,KHM,"The canonical WB name 'Siemreap' is a compressed romanization; 'Siem Reap' is the standard English spelling widely used in travel, news, and official English-language sources.",pretraining,high,False
sihanoukville,Sihanoukville,KHM021,KHM,"Preah Sihanouk province is commonly referred to in English by its capital city name, Sihanoukville, which is the dominant English exonym used in tourism, media, and international references.",pretraining,high,False
tbong khmum,Tbong Khmum,KHM025,KHM,Alternative English romanization of the WB canonical 'Tboung Khmum'; the spelling 'Tbong Khmum' appears in English news and government sources and differs materially from the WB canonical form.,pretraining,high,False
charlestown parish,Charlestown Parish,KNA010,KNA,"Saint Paul Charlestown is commonly referred to by its principal town Charlestown, the capital of Nevis.",pretraining,medium,False
jeollabuk-do,Jeollabuk-do,KOR002,KOR,"Official Revised Romanization spelling, widely used in modern English sources as an alternative to the WB McCune-Reischauer form Chollabuk-do.",pretraining,high,False
north jeolla,North Jeolla,KOR002,KOR,"Chollabuk-do is the McCune-Reischauer romanization of 전라북도; the modern Revised Romanization renders this as Jeollabuk-do, and the standard English exonym is North Jeolla Province.",pretraining,high,False
jeollanam-do,Jeollanam-do,KOR003,KOR,"Official Revised Romanization spelling, widely used in modern English sources as an alternative to the WB McCune-Reischauer form Chollanam-do.",pretraining,high,False
south jeolla,South Jeolla,KOR003,KOR,Chollanam-do is the McCune-Reischauer romanization of 전라남도; the standard English exonym is South Jeolla Province.,pretraining,high,False
chungcheongbuk-do,Chungcheongbuk-do,KOR004,KOR,"Official Revised Romanization spelling, widely used in modern English sources as an alternative to the WB McCune-Reischauer form Chungchongbuk-do.",pretraining,high,False
north chungcheong,North Chungcheong,KOR004,KOR,Chungchongbuk-do is the McCune-Reischauer romanization of 충청북도; the standard English exonym is North Chungcheong Province.,pretraining,high,False
chungcheongnam-do,Chungcheongnam-do,KOR005,KOR,"Official Revised Romanization spelling, widely used in modern English sources as an alternative to the WB McCune-Reischauer form Chungchongnam-do.",pretraining,high,False
south chungcheong,South Chungcheong,KOR005,KOR,Chungchongnam-do is the McCune-Reischauer romanization of 충청남도; the standard English exonym is South Chungcheong Province.,pretraining,high,False
incheon,Incheon,KOR006,KOR,"Inchon is the McCune-Reischauer romanization of 인천; Incheon is the Revised Romanization form used universally in modern English (airport code ICN, city branding).",pretraining,high,False
gangwon,Gangwon,KOR007,KOR,"Short-form English name for 강원도 widely used in English media, especially during the 2018 PyeongChang Winter Olympics coverage.",pretraining,high,False
gangwon-do,Gangwon-do,KOR007,KOR,Kang-won-do is the McCune-Reischauer romanization of 강원도; Gangwon-do is the Revised Romanization form used in modern English sources including the 2018 Winter Olympics.,pretraining,high,False
gwangju,Gwangju,KOR008,KOR,Kwangju is the McCune-Reischauer romanization of 광주; Gwangju is the Revised Romanization form universally used in modern English for this city.,pretraining,high,False
gyeonggi,Gyeonggi,KOR009,KOR,Short-form English name for 경기도 commonly used in English sources when referring to the province surrounding Seoul.,pretraining,high,False
gyeonggi-do,Gyeonggi-do,KOR009,KOR,Kyonggi-do is the McCune-Reischauer romanization of 경기도; Gyeonggi-do is the Revised Romanization form widely used in modern English.,pretraining,high,False
gyeongsangbuk-do,Gyeongsangbuk-do,KOR010,KOR,"Official Revised Romanization spelling, widely used in modern English sources as an alternative to the WB McCune-Reischauer form Kyongsangbuk-do.",pretraining,high,False
north gyeongsang,North Gyeongsang,KOR010,KOR,Kyongsangbuk-do is the McCune-Reischauer romanization of 경상북도; the standard English exonym is North Gyeongsang Province.,pretraining,high,False
gyeongsangnam-do,Gyeongsangnam-do,KOR011,KOR,"Official Revised Romanization spelling, widely used in modern English sources as an alternative to the WB McCune-Reischauer form Kyongsangnam-do.",pretraining,high,False
south gyeongsang,South Gyeongsang,KOR011,KOR,Kyongsangnam-do is the McCune-Reischauer romanization of 경상남도; the standard English exonym is South Gyeongsang Province.,pretraining,high,False
busan,Busan,KOR012,KOR,"Pusan is the McCune-Reischauer romanization of 부산; Busan is the Revised Romanization form now universally used in English (official city name, international port).",pretraining,high,False
daegu,Daegu,KOR014,KOR,Taegu is the McCune-Reischauer romanization of 대구; Daegu is the Revised Romanization form now universally used in English for this major city.,pretraining,high,False
daejeon,Daejeon,KOR015,KOR,Taejon is the McCune-Reischauer romanization of 대전; Daejeon is the Revised Romanization form now universally used in English for this major city.,pretraining,high,False
ahmadi,Ahmadi,KWT001,KWT,"Al Ahmadi is commonly referred to as Ahmadi in English, dropping the Arabic definite article.",pretraining,high,False
farwaniya,Farwaniya,KWT002,KWT,"Al Farwaniyah is frequently shortened to Farwaniya in English usage, dropping the Arabic article.",pretraining,high,False
jahra,Jahra,KWT003,KWT,Al Jahrah is commonly anglicized and shortened to Jahra in English-language sources and maps.,pretraining,high,False
attapeu,Attapeu,LAO001,LAO,"Attapeu is the common English spelling used in news media and travel sources, differing from the WB canonical 'Attapu'.",pretraining,high,False
bolikhamsai,Bolikhamsai,LAO003,LAO,"Bolikhamsai is a common alternative English romanization of this province, widely used in English-language sources.",pretraining,high,False
huaphanh,Huaphanh,LAO005,LAO,Huaphanh is an alternative English romanization of Houaphan province used in some English sources.,pretraining,medium,False
khammouane,Khammouane,LAO006,LAO,Khammouane is a common alternative English spelling of Khammouan province found in travel and news sources.,pretraining,high,False
luang namtha,Luang Namtha,LAO007,LAO,"Luang Namtha is the standard English spelling of this province, replacing the WB canonical 'Louang Namtha'.",pretraining,high,False
luang prabang,Luang Prabang,LAO008,LAO,"Luang Prabang is the overwhelmingly common English name for this province and its capital city, replacing the WB canonical 'Louangphrabang'.",pretraining,high,False
oudomxay,Oudomxay,LAO009,LAO,"Oudomxay is a widely used English romanization of this province, differing from the WB canonical 'Oudômxai'.",pretraining,high,False
udomxai,Udomxai,LAO009,LAO,Udomxai is another common English romanization of Oudômxai province used in various sources.,pretraining,medium,False
salavan,Salavan,LAO011,LAO,Salavan is a common alternative English romanization of Saravan province used in English-language sources.,pretraining,high,False
sayaboury,Sayaboury,LAO015,LAO,Sayaboury is an alternative English romanization of Xaignabouri province used in some English sources.,pretraining,medium,False
xayaburi,Xayaburi,LAO015,LAO,"Xayaburi is the common English name for this province, differing from the WB canonical 'Xaignabouri'.",pretraining,high,False
sekong,Sekong,LAO017,LAO,"Sekong is the common English name for this province, differing from the WB canonical 'Xékong'.",pretraining,high,False
xieng khouang,Xieng Khouang,LAO018,LAO,"Xieng Khouang is the standard English spelling of this province, differing from the WB canonical 'Xiangkhoang'.",pretraining,high,False
bekaa valley,Bekaa Valley,LBN004,LBN,"English-language sources frequently refer to the Bekaa governorate as the Bekaa Valley, emphasizing the geographic feature.",pretraining,high,False
beqaa,Beqaa,LBN004,LBN,"Beqaa is a common alternative English romanization of the Bekaa Valley governorate, widely used in news and academic sources.",pretraining,high,False
beqaa valley,Beqaa Valley,LBN004,LBN,"Alternative romanization combining Beqaa spelling with the common English Valley suffix, used in many English texts.",pretraining,medium,False
mont-liban,Mont-Liban,LBN005,LBN,"Mont-Liban is the French-language administrative name for Mount Lebanon governorate, used in official Lebanese government documents.",pretraining,medium,False
nabatieh,Nabatieh,LBN006,LBN,"Nabatieh is a widely used alternative English romanization of Nabatiye, the name of the southern Lebanese governorate.",pretraining,high,False
nabatiyeh,Nabatiyeh,LBN006,LBN,Nabatiyeh is another common English romanization variant for the Nabatiye governorate seen in UN and news sources.,pretraining,high,False
liban-nord,Liban-Nord,LBN007,LBN,Liban-Nord is the official French administrative name for the North governorate of Lebanon.,pretraining,medium,False
liban-sud,Liban-Sud,LBN008,LBN,Liban-Sud is the official French administrative name for the South governorate of Lebanon.,pretraining,medium,False
green mountain,Green Mountain,LBY004,LBY,"Al Jabal Al Akhdar translates to 'The Green Mountain' in English, a name used in some English-language sources for this Libyan region.",pretraining,medium,False
ash shati district,Ash Shati District,LBY008,LBY,Ash Shati is sometimes rendered with the district qualifier in English usage; the base name is also spelled 'Ash-Shati'.,pretraining,medium,False
zawiya,Zawiya,LBY010,LBY,Zawiya is a commonly used short English form for the Az Zawia district of Libya.,pretraining,high,False
benghazi,Benghazi,LBY011,LBY,"Benghazi is the standard English exonym for Banghazi, the second-largest city and region of Libya.",pretraining,high,False
derna,Derna,LBY012,LBY,"Derna is the common English name for Darnah, widely used in news and academic sources.",pretraining,high,False
ghadames,Ghadames,LBY013,LBY,"Ghadames is the standard English spelling for Ghadamis, a UNESCO World Heritage site in western Libya.",pretraining,high,False
misrata,Misrata,LBY015,LBY,"Misrata is the standard English exonym for Misurata, widely used in news and international sources.",pretraining,high,False
sirt,Sirt,LBY020,LBY,Sirt is an alternative English romanization of Surt/Sirte used in some academic and geographic sources.,pretraining,medium,False
mohales hoek,Mohales Hoek,LSO006,LSO,"The apostrophe in 'Mohale's Hoek' is commonly dropped in English usage, yielding 'Mohales Hoek'.",pretraining,medium,False
qachas nek,Qachas Nek,LSO008,LSO,"The apostrophe in 'Qacha's Nek' is commonly dropped in English writing, yielding 'Qachas Nek'.",pretraining,medium,False
alytus,Alytus,LTU001,LTU,"The nominative English form of the county name, widely used in English to refer to Alytaus apskritis.",pretraining,high,False
alytus county,Alytus County,LTU001,LTU,"The English exonym for the Lithuanian genitive 'Alytaus' (apskritis) is 'Alytus County', the form used in English-language sources.",pretraining,high,False
kaunas,Kaunas,LTU002,LTU,"The nominative English form of the county name, widely used in English to refer to Kauno apskritis.",pretraining,high,False
kaunas county,Kaunas County,LTU002,LTU,"The English exonym for the Lithuanian genitive 'Kauno' (apskritis) is 'Kaunas County', used in English-language sources.",pretraining,high,False
klaipeda,Klaipeda,LTU003,LTU,"The nominative English form of the county name, widely used in English to refer to Klaipedos apskritis.",pretraining,high,False
klaipeda county,Klaipeda County,LTU003,LTU,"The English exonym for the Lithuanian genitive 'Klaipedos' (apskritis) is 'Klaipeda County', used in English-language sources.",pretraining,high,False
marijampole,Marijampole,LTU004,LTU,"The nominative English form of the county name, widely used in English to refer to Marijampoles apskritis.",pretraining,high,False
marijampole county,Marijampole County,LTU004,LTU,"The English exonym for the Lithuanian genitive 'Marijampoles' (apskritis) is 'Marijampole County', used in English-language sources.",pretraining,high,False
panevezys,Panevezys,LTU005,LTU,"The nominative English form of the county name, widely used in English to refer to Panevezio apskritis.",pretraining,high,False
panevezys county,Panevezys County,LTU005,LTU,"The English exonym for the Lithuanian genitive 'Panevezio' (apskritis) is 'Panevezys County', used in English-language sources.",pretraining,high,False
siauliai,Siauliai,LTU006,LTU,"The nominative English form of the county name, widely used in English to refer to Siauliu apskritis.",pretraining,high,False
siauliai county,Siauliai County,LTU006,LTU,"The English exonym for the Lithuanian genitive 'Siauliu' (apskritis) is 'Siauliai County', used in English-language sources.",pretraining,high,False
taurage,Taurage,LTU007,LTU,"The nominative English form of the county name, widely used in English to refer to Taurages apskritis.",pretraining,high,False
taurage county,Taurage County,LTU007,LTU,"The English exonym for the Lithuanian genitive 'Taurages' (apskritis) is 'Taurage County', used in English-language sources.",pretraining,high,False
telsiai,Telsiai,LTU008,LTU,"The nominative English form of the county name, widely used in English to refer to Telsiu apskritis.",pretraining,high,False
telsiai county,Telsiai County,LTU008,LTU,"The English exonym for the Lithuanian genitive 'Telsiu' (apskritis) is 'Telsiai County', used in English-language sources.",pretraining,high,False
utena,Utena,LTU009,LTU,"The nominative English form of the county name, widely used in English to refer to Utenos apskritis.",pretraining,high,False
utena county,Utena County,LTU009,LTU,"The English exonym for the Lithuanian genitive 'Utenos' (apskritis) is 'Utena County', used in English-language sources.",pretraining,high,False
vilnius,Vilnius,LTU010,LTU,"The nominative English form of the county name, widely used in English to refer to Vilniaus apskritis.",pretraining,high,False
vilnius county,Vilnius County,LTU010,LTU,"The English exonym for the Lithuanian genitive 'Vilniaus' (apskritis) is 'Vilnius County', used in English-language sources.",pretraining,high,False
aluksne municipality,Aluksne Municipality,LVA008,LVA,"Alūksnes novads is commonly referred to in English as Aluksne Municipality, dropping the diacritic from the Latvian name.",pretraining,medium,False
balvi municipality,Balvi Municipality,LVA015,LVA,Balvu novads is the Latvian genitive form; English sources use Balvi Municipality as the standard English rendering.,pretraining,medium,False
bauska municipality,Bauska Municipality,LVA016,LVA,"Bauskas novads is rendered in English as Bauska Municipality, using the nominative form of the town name.",pretraining,medium,False
daugavpils city,Daugavpils City,LVA025,LVA,Daugavpils is a city (not a novads/municipality) and is sometimes referred to as 'Daugavpils City' in English to distinguish it from Daugavpils novads.,pretraining,medium,False
karsava municipality,Karsava Municipality,LVA048,LVA,"Accent-stripped English rendering of Kārsavas novads, with 'municipality' as the English equivalent of 'novads'.",pretraining,medium,False
kraslava municipality,Kraslava Municipality,LVA053,LVA,"Accent-stripped English rendering of Krāslavas novads, used in English-language administrative references.",pretraining,medium,False
kuldiga municipality,Kuldiga Municipality,LVA056,LVA,Accent-stripped English rendering of Kuldīgas novads; Kuldiga is also the historically recognized English form of this western Latvian town.,pretraining,medium,False
limbazu municipality,Limbazu Municipality,LVA060,LVA,"Accent-stripped English rendering of Limbažu novads, used in English administrative references.",pretraining,medium,False
ludza municipality,Ludza Municipality,LVA063,LVA,English administrative documents often refer to Latvian novads using the anglicized 'Municipality' suffix instead of the Latvian 'novads'.,pretraining,medium,False
madona municipality,Madona Municipality,LVA064,LVA,English administrative documents often refer to Latvian novads using the anglicized 'Municipality' suffix instead of the Latvian 'novads'.,pretraining,medium,False
ogre municipality,Ogre Municipality,LVA072,LVA,English administrative documents often refer to Latvian novads using the anglicized 'Municipality' suffix instead of the Latvian 'novads'.,pretraining,medium,False
rezekne municipality,Rezekne Municipality,LVA083,LVA,"Rēzeknes novads translates to Rezekne Municipality in English, using the diacritic-free form of the city name.",pretraining,medium,False
rujiena municipality,Rujiena Municipality,LVA090,LVA,"Rūjienas novads translates to Rujiena Municipality in English, dropping the macron diacritics.",pretraining,medium,False
salacgriva municipality,Salacgriva Municipality,LVA092,LVA,"Salacgrīvas novads translates to Salacgriva Municipality in English, dropping the macron.",pretraining,medium,False
saldus municipality,Saldus Municipality,LVA095,LVA,Saldus novads translates to Saldus Municipality in English; Saldus is a notable Latvian town with English-language references.,pretraining,medium,False
sigulda municipality,Sigulda Municipality,LVA098,LVA,Siguldas novads translates to Sigulda Municipality in English; Sigulda is a well-known Latvian tourist town.,pretraining,medium,False
laayoune-saguia al hamra,Laayoune-Saguia al Hamra,MAR007,MAR,"Alternative English romanization where 'Sakia' is rendered as 'Saguia', a common variant spelling used in international sources",pretraining,medium,False
laayoune-sakia el hamra,Laayoune-Sakia el Hamra,MAR007,MAR,Alternative English romanization using 'el' instead of 'al' and dropping diacritics from Laâyoune,pretraining,medium,False
tighina,Tighina,MDA004,MDA,"Bender is also widely known in English by its Romanian/Moldovan name Tighina, used frequently in geopolitical and academic English texts.",pretraining,high,False
kishinev,Kishinev,MDA010,MDA,"Kishinev is the traditional Russian-derived English transliteration of the Moldovan capital, still found in older English texts and references.",pretraining,high,False
dubossary,Dubossary,MDA015,MDA,"Dubossary is the Russian-derived transliteration of Dubăsari used in some English sources, particularly in Transnistrian conflict contexts.",pretraining,medium,False
pridnestrovie,Pridnestrovie,MDA035,MDA,"Romanized form of the Russian name for the region, used in English diplomatic and news contexts.",pretraining,medium,False
trans-dniester,Trans-Dniester,MDA035,MDA,"Hyphenated English exonym for the breakaway Moldovan territory, used in English-language reporting.",pretraining,high,False
transdniestria,Transdniestria,MDA035,MDA,Common English alternative spelling for the breakaway region of Transnistria/Transdniestria.,pretraining,high,False
autonomous territorial unit of gagauzia,Autonomous Territorial Unit of Gagauzia,MDA037,MDA,Full official English-language name of the Gagauzian autonomous unit within Moldova.,pretraining,high,False
gagauzia,Gagauzia,MDA037,MDA,"Standard short English name for the Autonomous Territorial Unit of Gagauzia, widely used in English sources.",pretraining,high,False
majunga,Majunga,MDG032,MDG,"Mahajanga is commonly referred to as Majunga in English and French sources, a name that remains widely used in travel literature and historical texts.",pretraining,high,False
tamatave,Tamatave,MDG033,MDG,"Toamasina is the official name but the city and region were long known as Tamatave in English sources, a name still commonly encountered in historical and some current references.",pretraining,medium,False
tulear,Tulear,MDG034,MDG,"Toliara is widely referred to as Tulear in English sources, especially in older literature and marine charts, and remains a common alternative name.",pretraining,high,False
baja california norte,Baja California Norte,MEX002,MEX,"Baja California is sometimes called Baja California Norte in English to distinguish it from Baja California Sur, though the official name lacks 'Norte'.",pretraining,medium,False
northeastern region,Northeastern Region,MKD002,MKD,North Macedonia's 'Northeast' statistical region is commonly referred to as 'Northeastern Region' in English-language administrative contexts.,pretraining,medium,False
pelagonija,Pelagonija,MKD003,MKD,The Macedonian/South Slavic spelling 'Pelagonija' is an alternative romanization of the region name 'Pelagonia' used in some official and academic sources.,pretraining,medium,False
southeastern region,Southeastern Region,MKD006,MKD,North Macedonia's 'Southeast' statistical region is commonly referred to as 'Southeastern Region' in English-language administrative contexts.,pretraining,medium,False
southwestern region,Southwestern Region,MKD007,MKD,North Macedonia's 'Southwest' statistical region is commonly referred to as 'Southwestern Region' in English-language administrative contexts.,pretraining,medium,False
bamako capital district,Bamako Capital District,MLI001,MLI,English sources frequently use 'Bamako Capital District' to distinguish the federal district from the surrounding Koulikoro region.,pretraining,medium,False
bamako district,Bamako District,MLI001,MLI,"The District de Bamako, containing the capital city, is commonly referred to in English as Bamako District or simply Bamako Capital District.",pretraining,high,False
timbuktu,Timbuktu,MLI009,MLI,Tombouctou is the French spelling of the city and region; 'Timbuktu' is the standard English exonym universally used in Anglophone sources.,pretraining,high,False
timbuktu region,Timbuktu Region,MLI009,MLI,The administrative region of Tombouctou is referred to in English as Timbuktu Region.,pretraining,high,False
vittoriosa,Vittoriosa,MLT003,MLT,"Birgu is officially known in English as Vittoriosa, the name given by the Knights of St John and widely used in English-language contexts.",pretraining,high,False
cospicua,Cospicua,MLT006,MLT,"Bormla is commonly referred to in English as Cospicua, one of the Three Cities in Malta.",pretraining,high,False
senglea,Senglea,MLT020,MLT,"Isla is the Maltese name for the city known in English as Senglea, one of Malta's historic Three Cities.",pretraining,high,False
rahal gdid,Rahal Gdid,MLT038,MLT,"Paola is the official name but the locality is also known by its Maltese name Rahal Gdid (meaning 'New Village'), used in some official and colloquial contexts.",pretraining,medium,False
rabat,Rabat,MLT044,MLT,"Rabat Malta is commonly referred to simply as 'Rabat' in English contexts, distinguishing it from Rabat Morocco by context or country specification.",pretraining,high,False
rabat gozo,Rabat Gozo,MLT045,MLT,The older name Rabat (Victoria) on Gozo island is commonly referenced as 'Rabat Gozo' to distinguish it from Rabat Malta.,pretraining,high,False
saint julian's,Saint Julian's,MLT047,MLT,"Full English form of San Giljan, used interchangeably with St Julian's in official and tourist contexts.",pretraining,high,False
st julian's,St Julian's,MLT047,MLT,"San Giljan is the Maltese name; the standard English exonym is St Julian's (also written Saint Julian's), widely used in tourism and international references.",pretraining,high,False
san giovanni,San Giovanni,MLT048,MLT,San Gwann is the Maltese form of the Italian/English Saint John; San Giovanni is an alternative Italianate form sometimes used in English contexts given Malta's history.,pretraining,medium,False
st lawrence,St Lawrence,MLT049,MLT,"Abbreviated English form of San Lawrenz, commonly used in English-language references to this Gozo village.",pretraining,high,False
saint paul's bay,Saint Paul's Bay,MLT050,MLT,"Full English exonym for San Pawl il-Bahar, used in official and tourist references.",pretraining,high,False
st paul's bay,St Paul's Bay,MLT050,MLT,"San Pawl il-Bahar means Saint Paul the Sea in Maltese; the standard English name is St Paul's Bay, widely used in tourism and on English maps.",pretraining,high,False
santa lucia,Santa Lucia,MLT052,MLT,Santa Lucija is the Maltese spelling; the English/Italian form Santa Lucia is commonly used in international references.,pretraining,high,False
ta xbiex,Ta Xbiex,MLT057,MLT,"The apostrophe in Ta' Xbiex is often dropped in English writing, making Ta Xbiex a common alternative spelling used in addresses and references.",pretraining,high,False
irrawaddy,Irrawaddy,MMR001,MMR,Ayeyarwady is the Burmese name; Irrawaddy is the long-established English exonym for this region and its eponymous river.,pretraining,high,False
pegu,Pegu,MMR002,MMR,Bago is the modern Burmese name; Pegu is the traditional English name historically used for this region and its capital city.,pretraining,high,False
karenni,Karenni,MMR005,MMR,"Kayah State is also widely known in English as Karenni State, referring to the Karenni people who inhabit the region.",pretraining,high,False
karen,Karen,MMR006,MMR,"Kayin State is commonly referred to in English as Karen State, after the Karen people; this is the widely used English exonym.",pretraining,high,False
magwe,Magwe,MMR007,MMR,Magway is the modern romanization; Magwe is the older and still widely encountered English spelling of this region.,pretraining,high,False
nay pyi taw,Nay Pyi Taw,MMR010,MMR,Naypyidaw is frequently written as Nay Pyi Taw in international English-language sources including UN and diplomatic usage.,pretraining,high,False
naypyidaw union territory,Naypyidaw Union Territory,MMR010,MMR,"Naypyidaw has the formal designation of Union Territory in English-language sources, distinguishing it from states and regions.",pretraining,medium,False
arakan,Arakan,MMR011,MMR,"Rakhine State is historically and commonly known in English as Arakan, the name used widely in international media and academic literature.",pretraining,high,False
rangoon,Rangoon,MMR015,MMR,Yangon is the modern official name; Rangoon is the longstanding English exonym still widely used in international contexts.,pretraining,high,False
rozaje,Rozaje,MNE017,MNE,The WB canonical name 'Rozaj' is one romanization of the municipality; 'Rozaje' (from the native 'Rožaje') appears in many English-language sources and travel references.,pretraining,medium,False
ulaanbaatar city,Ulaanbaatar City,MNG011,MNG,Ulaanbaatar is often referred to as 'Ulaanbaatar City' to distinguish the capital city region from the city itself.,pretraining,medium,False
ulan bator,Ulan Bator,MNG011,MNG,"Ulan Bator is a common older English romanization of the Mongolian capital region name, widely used in older maps and texts.",pretraining,high,False
south gobi,South Gobi,MNG046,MNG,Ömnögovi literally means 'South Gobi' in Mongolian and this English translation is used in some English-language sources.,pretraining,medium,False
middle gobi,Middle Gobi,MNG048,MNG,Dundgovi literally means 'Middle Gobi' in Mongolian and this English translation appears in some sources.,pretraining,medium,False
south khangai,South Khangai,MNG062,MNG,Övörkhangai means 'South Khangai' in Mongolian and this English translation appears in some geographic sources.,pretraining,medium,False
uvurkhangai,Uvurkhangai,MNG062,MNG,Uvurkhangai is an alternative English romanization of Övörkhangai used in some maps and sources.,pretraining,medium,False
north khangai,North Khangai,MNG065,MNG,Arkhangai means 'North Khangai' in Mongolian and this English translation is used in some geographic references.,pretraining,medium,False
hovsgol,Hovsgol,MNG067,MNG,Hovsgol is another common English romanization of Khövsgöl used in tourism and geographic references.,pretraining,medium,False
bayan-olgi,Bayan-Olgi,MNG083,MNG,Bayan-Olgi is another common English romanization of Bayan-Ölgii dropping the umlaut.,pretraining,medium,False
bayan-ulgii,Bayan-Ulgii,MNG083,MNG,"Bayan-Ulgii is a common ASCII English romanization of Bayan-Ölgii, replacing the umlaut with a double-i.",pretraining,high,False
ubsunur,Ubsunur,MNG085,MNG,"Uvs aimag is sometimes referred to as Ubsunur in English sources, particularly in reference to the Uvs Nuur basin UNESCO site.",pretraining,medium,False
uvs province,Uvs Province,MNG085,MNG,Mongolian aimags are commonly referred to in English with the suffix 'Province' appended to the name.,pretraining,medium,False
maputo city,Maputo City,MOZ002,MOZ,Cidade de Maputo is the Portuguese name for the capital city province; English speakers commonly refer to it as Maputo City to distinguish it from Maputo Province.,pretraining,high,False
dakhlet nouadhibou,Dakhlet Nouadhibou,MRT004,MRT,"The canonical name uses a hyphen between Dakhlet and Nouadhibou, but the unhyphenated form is commonly used in English sources.",pretraining,medium,False
nouadhibou,Nouadhibou,MRT004,MRT,The region is commonly referred to simply as Nouadhibou after its capital city in many English-language contexts.,pretraining,medium,False
hodh ech chargui,Hodh Ech Chargui,MRT007,MRT,"Alternative English romanization of the region name, with 'Chargui' instead of 'Chargi', used in various English sources.",pretraining,medium,False
hodh el chargui,Hodh el Chargui,MRT007,MRT,Common alternative English romanization substituting 'el' for 'ech' and using 'Chargui' spelling.,pretraining,medium,False
hodh el gharby,Hodh El Gharby,MRT008,MRT,Alternative romanization of the western Hodh region appearing in some English-language sources.,pretraining,medium,False
tiris zemmour,Tiris Zemmour,MRT012,MRT,The unhyphenated and alternative spelling 'Zemmour' (vs 'Zemmou') is commonly found in English sources for this region.,pretraining,high,False
nouakchott north,Nouakchott North,MRT014,MRT,English translation of the French 'Nord' directional qualifier in the region name.,pretraining,medium,False
nouakchott west,Nouakchott West,MRT015,MRT,English translation of the French 'Ouest' directional qualifier in the region name.,pretraining,medium,False
nouakchott south,Nouakchott South,MRT016,MRT,English translation of the French 'Sud' directional qualifier in the region name.,pretraining,medium,False
malacca,Malacca,MYS006,MYS,Melaka is the Malay spelling; Malacca is the traditional English exonym historically and widely used in English contexts.,pretraining,high,False
penang,Penang,MYS011,MYS,Pulau Pinang is the Malay name; Penang is the standard English exonym widely used internationally and in English-language media.,pretraining,high,False
caprivi strip,Caprivi Strip,NAM001,NAM,"The Caprivi region is very commonly referred to as the 'Caprivi Strip' in English, referencing its narrow geographic shape.",pretraining,high,False
zambezi region,Zambezi Region,NAM001,NAM,Caprivi was officially renamed Zambezi Region in 2013; this is the current official English name used by the Namibian government.,pretraining,high,False
niamey,Niamey,NER008,NER,"The Communauté Urbaine de Niamey is universally known in English simply as 'Niamey', the capital city of Niger.",pretraining,high,False
niamey capital district,Niamey Capital District,NER008,NER,The Communauté Urbaine de Niamey is commonly referred to in English as the Niamey Capital District or simply the Niamey urban community.,pretraining,medium,False
niamey urban community,Niamey Urban Community,NER008,NER,"Direct English translation of 'Communauté Urbaine de Niamey', used in English-language administrative and geographic sources.",pretraining,high,False
akwa ibom,Akwa Ibom,NGA003,NGA,The canonical name 'Akwa lbom' contains a lowercase 'l' instead of uppercase 'I' (typographic error); the correct spelling universally used in English is 'Akwa Ibom'.,pretraining,high,False
abuja,Abuja,NGA015,NGA,"The Federal Capital Territory is widely known internationally by the name of its capital city, Abuja, and callers frequently use 'Abuja' to refer to the entire territory.",pretraining,high,False
nasarawa,Nasarawa,NGA026,NGA,"The WB canonical name 'Nassarawa' uses a double-s spelling, while the official and more common English spelling is 'Nasarawa'.",pretraining,high,False
north caribbean coast autonomous region,North Caribbean Coast Autonomous Region,NIC014,NIC,The official English name used by the Nicaraguan government and international sources for Región Autónoma del Caribe Norte.,pretraining,high,False
south caribbean coast autonomous region,South Caribbean Coast Autonomous Region,NIC015,NIC,The official English name used by the Nicaraguan government and international sources for Región Autónoma del Caribe Sur.,pretraining,high,False
frisia,Frisia,NLD003,NLD,"Friesland is the Dutch province whose historical English exonym is Frisia, used in academic and historical contexts.",pretraining,medium,False
north brabant,North Brabant,NLD007,NLD,"Noord-brabant translates directly to North Brabant in English, the standard English-language name for this Dutch province.",pretraining,high,False
finmark,Finmark,NOR004,NOR,Older anglicized spelling of Finnmark used in some English historical and geographic texts.,pretraining,medium,False
more og romsdal,More og Romsdal,NOR007,NOR,The WB canonical form uses 'Moere' as a diacritic-stripped rendering; 'More og Romsdal' is the standard ASCII English spelling used in most English-language sources.,pretraining,high,False
nord-trondelag,Nord-Trondelag,NOR008,NOR,The WB form 'Nord-troendelag' uses 'oe' for the o-with-stroke; 'Nord-Trondelag' is the common ASCII English rendering.,pretraining,high,False
ostfold,Ostfold,NOR010,NOR,The WB form 'Oestfold' uses 'Oe' for the o-with-stroke; 'Ostfold' is the common ASCII English rendering.,pretraining,high,False
sor-trondelag,Sor-Trondelag,NOR014,NOR,The WB form 'Soer-Troendelag' uses expanded vowel digraphs; 'Sor-Trondelag' is the common ASCII English rendering.,pretraining,high,False
far-western province,Far-Western Province,NPL004,NPL,Sudurpashchim Province corresponds to the former Far-Western Development Region and is commonly referred to in English sources as Far-Western Province.,pretraining,high,False
madesh,Madesh,NPL007,NPL,Alternative romanization of Madhesh used in some English sources and older documents.,pretraining,medium,False
manawatu-whanganui,Manawatu-Whanganui,NZL08,NZL,"The region was renamed from Manawatu-Wanganui to Manawatu-Whanganui in 2019 to reflect the correct Maori spelling, and both forms are widely used in English contexts.",pretraining,high,False
ad dakhiliyah,Ad Dakhiliyah,OMN001,OMN,The WB canonical name 'A Dakhliya' is a shortened romanization; 'Ad Dakhiliyah' is the more complete and commonly used English transliteration of this Omani governorate.,pretraining,high,False
dakhiliyah,Dakhiliyah,OMN001,OMN,Common abbreviated English form used in reference materials for the Ad Dakhiliyah governorate of Oman.,pretraining,high,False
dakhliyah,Dakhliyah,OMN001,OMN,Alternative romanization of the governorate name used in some English-language sources.,pretraining,medium,False
east region,East Region,OMN002,OMN,"'Sharqiyah' derives from the Arabic word for 'eastern', and 'East Region' is sometimes used as an English translation in administrative contexts.",pretraining,medium,False
al batinah,Al Batinah,OMN003,OMN,Alternative common romanization of the Al Batnah governorate name used widely in English-language sources.,pretraining,high,False
batinah,Batinah,OMN003,OMN,Abbreviated English form of the Al Batinah/Al Batnah governorate name commonly used in travel and geographic references.,pretraining,high,False
ad dhahirah,Ad Dhahirah,OMN004,OMN,"More complete romanization of the Al Dhahira governorate name, commonly used in English-language references to Oman.",pretraining,high,False
dhahira,Dhahira,OMN004,OMN,Abbreviated English form of the Dhahirah/Dhahira governorate used in many English sources.,pretraining,high,False
wusta,Wusta,OMN005,OMN,The article-stripped form 'Wusta' is commonly used in English references for this Omani governorate.,pretraining,high,False
dhufar,Dhufar,OMN006,OMN,"Common alternative English spelling of the Dhofar governorate, used in many academic and geographic references.",pretraining,high,False
zufar,Zufar,OMN006,OMN,Alternative romanization of the Dhofar governorate name used in some historical and geographic English texts.,pretraining,medium,False
musandam peninsula,Musandam Peninsula,OMN007,OMN,The Musandam governorate is frequently referred to as the 'Musandam Peninsula' in English-language geographic and travel sources.,pretraining,high,False
islamabad capital territory,Islamabad Capital Territory,PAK003,PAK,"The Federal Capital Territory of Pakistan is commonly referred to as Islamabad Capital Territory (ICT) in English-language sources, news, and official documents.",pretraining,high,False
guna yala,Guna Yala,PAN008,PAN,The official spelling was updated from Kuna Yala to Guna Yala; both spellings appear in English sources.,pretraining,high,False
ngobe bugle,Ngobe Bugle,PAN010,PAN,Ngäbe Buglé is frequently rendered without diacritics as 'Ngobe Bugle' in English-language documents.,pretraining,high,False
cuzco,Cuzco,PER008,PER,"Cuzco is a widely used alternative English spelling of Cusco, the historic Inca capital city and region.",pretraining,high,False
metro manila,Metro Manila,PHL013,PHL,Metro Manila is the widely used English name for the National Capital Region (NCR) of the Philippines.,pretraining,high,False
muslim mindanao,Muslim Mindanao,PHL015,PHL,Muslim Mindanao is a common English shorthand for the Autonomous Region in Muslim Mindanao (ARMM) in the Philippines.,pretraining,high,False
simbu,Simbu,PNG003,PNG,"Chimbu Province is commonly referred to as Simbu Province, an alternative spelling widely used in PNG and international contexts.",pretraining,high,False
port moresby,Port Moresby,PNG015,PNG,"National Capital District is commonly identified by the name of its capital city, Port Moresby, in everyday usage.",pretraining,medium,False
lower silesia,Lower Silesia,POL001,POL,"Dolnoslaskie is the Polish name for Lower Silesia, the well-established English exonym for this region in southwestern Poland.",pretraining,high,False
kuyavian-pomeranian,Kuyavian-Pomeranian,POL002,POL,"Kujawsko-Pomorskie is rendered in English as Kuyavian-Pomeranian Voivodeship, referencing the two historical regions of Kujawy and Pomerania it encompasses.",pretraining,high,False
lodz,Lodz,POL003,POL,Lodzkie (Łódzkie) is named after the city Łódź; English sources commonly refer to this voivodeship as Lodz or Łódź Voivodeship.,pretraining,high,False
masovian,Masovian,POL007,POL,"Mazowieckie is the Polish name for the Masovian Voivodeship, with Masovian being the standard English adjective for the Mazovia region.",pretraining,high,False
mazovia,Mazovia,POL007,POL,"Mazovia is the English exonym for the historical region corresponding to Mazowieckie voivodeship, widely used in English language sources.",pretraining,high,False
opole,Opole,POL008,POL,Opolskie is commonly referred to in English as Opole Voivodeship after its capital city Opole.,pretraining,high,False
subcarpathian,Subcarpathian,POL009,POL,"Podkarpackie is rendered in English as Subcarpathian Voivodeship, from the Latin/English prefix sub- (under/below) plus Carpathian.",pretraining,high,False
podlachia,Podlachia,POL010,POL,"Podlaskie is sometimes referred to in English as Podlachia or Podlasie, the Latinized/English form of the region name.",pretraining,medium,False
pomerania,Pomerania,POL011,POL,Pomerania is the classical English exonym for the Pomorze region; Pomorskie voivodeship is commonly called Pomerania in English.,pretraining,high,False
pomeranian,Pomeranian,POL011,POL,"Pomorskie is the Polish adjective for Pomeranian; English sources refer to this as Pomeranian Voivodeship, using the English exonym for the Pomerania region.",pretraining,high,False
silesia,Silesia,POL012,POL,Silesia is the well-established English exonym for the Śląsk/Schlesien region; Śląskie voivodeship is commonly identified as Silesia in English.,pretraining,high,False
silesian,Silesian,POL012,POL,Slaskie (Śląskie) is the Polish adjective for Silesian; English sources commonly refer to this voivodeship as Silesian Voivodeship.,pretraining,high,False
holy cross,Holy Cross,POL013,POL,"Swietokrzyskie (Świętokrzyskie) literally means Holy Cross in English, and the region is officially translated as Holy Cross Voivodeship in English-language sources.",pretraining,high,False
masuria,Masuria,POL014,POL,Masuria (Mazury) is one of the two historical regions comprising Warminsko-Mazurskie and is frequently used in English to refer to the whole voivodeship colloquially.,pretraining,medium,False
warmian-masurian,Warmian-Masurian,POL014,POL,"Warminsko-Mazurskie (Warmińsko-Mazurskie) is the Polish name for Warmian-Masurian Voivodeship, the standard English translation using exonyms for Warmia and Masuria.",pretraining,high,False
west pomerania,West Pomerania,POL016,POL,"West Pomerania is a common English name for the Zachodniopomorskie region, reflecting the English exonym for the Pomerania region with a western qualifier.",pretraining,high,False
west pomeranian,West Pomeranian,POL016,POL,"Zachodnio-Pomorskie (Zachodniopomorskie) is officially translated as West Pomeranian Voivodeship in English, using the exonym for western Pomerania.",pretraining,high,False
chagang province,Chagang Province,PRK001,PRK,English-language sources commonly refer to this province using the English word 'Province' appended to the Korean name.,pretraining,high,False
north hamgyong,North Hamgyong,PRK002,PRK,Shortened English exonym widely used in English-language references without the word 'Province'.,pretraining,high,False
north hamgyong province,North Hamgyong Province,PRK002,PRK,"The standard English exonym translates 'bukto' (북도) as 'North' and appends 'Province', yielding 'North Hamgyong Province'.",pretraining,high,False
south hamgyong,South Hamgyong,PRK003,PRK,Shortened English exonym widely used in English-language references without the word 'Province'.,pretraining,high,False
south hamgyong province,South Hamgyong Province,PRK003,PRK,"The standard English exonym translates 'namdo' (남도) as 'South' and appends 'Province', yielding 'South Hamgyong Province'.",pretraining,high,False
north hwanghae,North Hwanghae,PRK004,PRK,Shortened English exonym widely used in English-language references without the word 'Province'.,pretraining,high,False
north hwanghae province,North Hwanghae Province,PRK004,PRK,"The standard English exonym translates 'bukto' as 'North' and appends 'Province', yielding 'North Hwanghae Province'.",pretraining,high,False
south hwanghae,South Hwanghae,PRK005,PRK,Shortened English exonym widely used in English-language references without the word 'Province'.,pretraining,high,False
south hwanghae province,South Hwanghae Province,PRK005,PRK,"The standard English exonym translates 'namdo' as 'South' and appends 'Province', yielding 'South Hwanghae Province'.",pretraining,high,False
kaesong city,Kaesong City,PRK006,PRK,"English translation of 'Kaesong-si', replacing the Korean '-si' suffix with the English word 'City'.",pretraining,high,False
kangwon province,Kangwon Province,PRK007,PRK,"English-language sources commonly refer to this province using the English word 'Province' appended, dropping the '-do' suffix.",pretraining,high,False
north p'yongan,North P'yongan,PRK008,PRK,English exonym using the WB romanization of the province name with the English translation of 'bukto' prepended.,pretraining,high,False
north pyongan,North Pyongan,PRK008,PRK,"Shortened English exonym widely used without the word 'Province', with alternate romanization 'Pyongan'.",pretraining,high,False
north pyongan province,North Pyongan Province,PRK008,PRK,"Standard English exonym translating 'bukto' as 'North', using the alternate romanization 'Pyongan' for P'yongan, and appending 'Province'.",pretraining,high,False
south p'yongan,South P'yongan,PRK009,PRK,English exonym using the WB romanization of the province name with the English translation of 'namdo' prepended.,pretraining,high,False
south pyongan,South Pyongan,PRK009,PRK,"Shortened English exonym widely used without the word 'Province', with alternate romanization 'Pyongan'.",pretraining,high,False
south pyongan province,South Pyongan Province,PRK009,PRK,"Standard English exonym translating 'namdo' as 'South', using the alternate romanization 'Pyongan', and appending 'Province'.",pretraining,high,False
pyongyang,Pyongyang,PRK010,PRK,"The standard English name for the capital city, widely used internationally without the '-si' suffix and with the alternate romanization 'Pyongyang'.",pretraining,high,False
pyongyang city,Pyongyang City,PRK010,PRK,English translation of 'P'yongyang-si' using the standard English exonym 'Pyongyang' plus the English word 'City'.,pretraining,high,False
ryanggang province,Ryanggang Province,PRK011,PRK,"An alternate romanization of Yanggang-do used in some English-language sources, reflecting a different transcription system.",pretraining,medium,False
yanggang province,Yanggang Province,PRK011,PRK,"English-language sources commonly refer to this province using the English word 'Province' appended, dropping the '-do' suffix.",pretraining,high,False
braganza,Braganza,PRT005,PRT,"Braganza is the traditional English exonym for the Portuguese city and district of Bragança, historically significant as the name of the Portuguese royal house.",pretraining,high,False
lisbon,Lisbon,PRT012,PRT,"Lisbon is the standard English exonym for Lisboa, the capital district of Portugal.",pretraining,high,False
oporto,Oporto,PRT015,PRT,"Oporto is the traditional English exonym for Porto, derived from 'o Porto' (the port), still used in English-language contexts including wine references.",pretraining,high,False
khan younis,Khan Younis,PSE009,PSE,Khan Yunis is also commonly romanized as Khan Younis in English-language sources.,pretraining,medium,False
khan yunes,Khan Yunes,PSE009,PSE,"Khan Yunis appears in some English-language sources as Khan Yunes, an alternative romanization.",pretraining,medium,False
doha,Doha,QAT001,QAT,"Ad Dawhah is the Arabic name for Doha, the capital city of Qatar, universally known in English as Doha.",pretraining,high,False
al khor,Al Khor,QAT004,QAT,Al Khawr is commonly romanized as Al Khor in English-language sources and official communications.,pretraining,high,False
al wakrah,Al Wakrah,QAT005,QAT,The canonical name Al-wakrah uses a hyphen; the standard English form omits it and is written Al Wakrah.,pretraining,high,False
al rayyan,Al Rayyan,QAT006,QAT,"Ar Rayyan is commonly spelled Al Rayyan in English, including in FIFA World Cup 2022 coverage where the city hosted matches.",pretraining,high,False
al shamal,Al Shamal,QAT007,QAT,"Ash Shamal is sometimes rendered as Al Shamal in English sources, reflecting an alternate romanization of the Arabic definite article.",pretraining,medium,False
shamal,Shamal,QAT007,QAT,"The region is often referred to simply as Shamal in English-language references, dropping the Arabic article.",pretraining,medium,False
bucharest,Bucharest,ROU010,ROU,"Standard English exonym for Bucureşti, the capital city of Romania",pretraining,high,False
adygea,Adygea,RUS001,RUS,"The standard English exonym for Adygeya Rep. is Adygea, dropping the Russian transliteration suffix.",pretraining,high,False
republic of adygea,Republic of Adygea,RUS001,RUS,The full English administrative name for this republic.,pretraining,high,False
agin-buryat autonomous okrug,Agin-Buryat Autonomous Okrug,RUS002,RUS,"Standard English name for Aginskiy Buryatskiy A. Okrug, using the Anglicized form Agin-Buryat.",pretraining,high,False
altai republic,Altai Republic,RUS003,RUS,"Standard English name for Altay Rep., using the common Anglicized spelling Altai.",pretraining,high,False
republic of altai,Republic of Altai,RUS003,RUS,Alternative English form with word order matching English administrative conventions.,pretraining,high,False
altai krai,Altai Krai,RUS004,RUS,"Standard English transliteration of Altayskiy Kray, using Altai spelling and Krai for Kray.",pretraining,high,False
amur oblast,Amur Oblast,RUS005,RUS,"Shortened English form of Amurskaya Oblast, using the root name Amur without the Russian adjectival suffix.",pretraining,high,False
arkhangelsk oblast,Arkhangelsk Oblast,RUS006,RUS,Shortened English form of Arkhangelskaya Oblast using the root city name Arkhangelsk.,pretraining,high,False
astrakhan oblast,Astrakhan Oblast,RUS007,RUS,Standard English form of Astrakhanskaya Oblast using the root city name Astrakhan.,pretraining,high,False
republic of bashkortostan,Republic of Bashkortostan,RUS008,RUS,Full English administrative name for this republic.,pretraining,high,False
belgorod oblast,Belgorod Oblast,RUS009,RUS,Shortened English form of Belgorodskaya Oblast using the root city name Belgorod.,pretraining,high,False
bryansk oblast,Bryansk Oblast,RUS010,RUS,Shortened English form of Bryanskaya Oblast using the root city name Bryansk.,pretraining,high,False
buryatia,Buryatia,RUS011,RUS,"Standard English exonym for Buryatiya Rep., using the Anglicized form Buryatia.",pretraining,high,False
republic of buryatia,Republic of Buryatia,RUS011,RUS,Full English administrative name for this republic.,pretraining,high,False
chechen republic,Chechen Republic,RUS012,RUS,"Alternative English name using the adjectival form Chechen, commonly used in official and journalistic contexts.",pretraining,high,False
republic of chechnya,Republic of Chechnya,RUS012,RUS,Full English administrative name for this republic.,pretraining,high,False
chelyabinsk oblast,Chelyabinsk Oblast,RUS013,RUS,Shortened English form of Chelyabinskaya Oblast using the root city name Chelyabinsk.,pretraining,high,False
chita oblast,Chita Oblast,RUS014,RUS,Shortened English form of Chitinskaya Oblast using the root city name Chita.,pretraining,high,False
chukotka,Chukotka,RUS015,RUS,Commonly used shortened English name for the Chukotka Autonomous Okrug.,pretraining,high,False
chukotka autonomous okrug,Chukotka Autonomous Okrug,RUS015,RUS,"Full English name for Chukotskiy Okrug, using the root name Chukotka.",pretraining,high,False
chuvash republic,Chuvash Republic,RUS016,RUS,"The official English name of this federal subject, widely used in English-language sources.",pretraining,high,False
chuvashia,Chuvashia,RUS016,RUS,"Standard English exonym for Chuvashiya Rep., using the Anglicized form Chuvashia.",pretraining,high,False
republic of dagestan,Republic of Dagestan,RUS017,RUS,Full English administrative name for this republic.,pretraining,high,False
evenk autonomous okrug,Evenk Autonomous Okrug,RUS018,RUS,"Standard English name for Evenkiyskiy Okrug, using the Anglicized form Evenk.",pretraining,high,False
evenkia,Evenkia,RUS018,RUS,Shortened English reference name for the Evenkiyskiy Okrug region.,pretraining,medium,False
ingushetia,Ingushetia,RUS019,RUS,"Standard English exonym for Ingushetiya Rep., using the Anglicized form Ingushetia.",pretraining,high,False
republic of ingushetia,Republic of Ingushetia,RUS019,RUS,Full English administrative name for this republic.,pretraining,high,False
irkutsk oblast,Irkutsk Oblast,RUS020,RUS,Shortened English form of Irkutskaya Oblast using the root city name Irkutsk.,pretraining,high,False
kabardino-balkaria,Kabardino-Balkaria,RUS022,RUS,"The standard English exonym for Kabardino-Balkariya Republic, widely used in English-language sources.",pretraining,high,False
kalmykia,Kalmykia,RUS024,RUS,"The standard English exonym for Kalmykiya Republic, used in English-language encyclopedias and news sources.",pretraining,high,False
kamchatka,Kamchatka,RUS026,RUS,"The widely used short English name for the Kamchatka peninsula region, commonly used without the Oblast suffix.",pretraining,high,False
kamchatka oblast,Kamchatka Oblast,RUS026,RUS,"The common English spelling of Kamchatskaya Oblast, dropping the Russian adjectival suffix.",pretraining,high,False
karachay-cherkessia,Karachay-Cherkessia,RUS027,RUS,"Standard English exonym for Karatchayevo-Cherkesiya Republic, used in English-language sources.",pretraining,high,False
karachay-cherkessia republic,Karachay-Cherkessia Republic,RUS027,RUS,Full standard English exonym for Karatchayevo-Cherkesiya Republic.,pretraining,high,False
karelia,Karelia,RUS028,RUS,"Standard English exonym for the Republic of Karelya, widely used in English-language sources.",pretraining,high,False
republic of karelia,Republic of Karelia,RUS028,RUS,"Full standard English name for Karelya Rep., used in international English-language sources.",pretraining,high,False
khabarovsk krai,Khabarovsk Krai,RUS030,RUS,"Standard English transliteration of Khabarovskiy Kray, using the English spelling 'Krai' instead of 'Kray'.",pretraining,high,False
khakassia,Khakassia,RUS031,RUS,"Standard English exonym for Khakasiya Republic, used in English-language sources.",pretraining,high,False
republic of khakassia,Republic of Khakassia,RUS031,RUS,Full standard English name for Khakasiya Rep.,pretraining,high,False
khanty-mansiysk autonomous okrug,Khanty-Mansiysk Autonomous Okrug,RUS032,RUS,"Standard English name for Khanty-Mansyiskiy Okrug, using the English form Khanty-Mansiysk.",pretraining,high,False
yugra,Yugra,RUS032,RUS,"The official alternative name for the Khanty-Mansiysk Autonomous Okrug, widely used in English sources as Khanty-Mansiysk-Yugra.",pretraining,medium,False
komi republic,Komi Republic,RUS034,RUS,"Standard English name for Komi Rep., reversing the Russian word order to English convention.",pretraining,high,False
komi-permyak okrug,Komi-Permyak Okrug,RUS035,RUS,"Standard English transliteration of Komi-Permyatskiy Okrug, dropping the Russian adjectival suffix.",pretraining,medium,False
koryak autonomous okrug,Koryak Autonomous Okrug,RUS036,RUS,"Full English name for the former Koryakskiy Okrug, used in English-language sources.",pretraining,high,False
koryak okrug,Koryak Okrug,RUS036,RUS,"Standard English transliteration of Koryakskiy Okrug, dropping the Russian adjectival suffix.",pretraining,high,False
krasnodar krai,Krasnodar Krai,RUS038,RUS,"Standard English transliteration of Krasnodarskiy Kray, using the English form 'Krai' instead of 'Kray'.",pretraining,high,False
krasnoyarsk krai,Krasnoyarsk Krai,RUS039,RUS,"Standard English transliteration of Krasnoyarskiy Kray, using the English form 'Krai' instead of 'Kray'.",pretraining,high,False
kursk,Kursk,RUS041,RUS,"The region is commonly referred to simply as 'Kursk' in English, after its administrative center.",pretraining,medium,False
kursk oblast,Kursk Oblast,RUS041,RUS,"Standard English form drops the adjectival suffix '-skaya' and uses 'Oblast' directly, as used in English-language sources.",pretraining,high,False
leningrad oblast,Leningrad Oblast,RUS042,RUS,"Standard English exonym for the region surrounding Saint Petersburg, widely used in English-language sources.",pretraining,high,False
lipetsk oblast,Lipetsk Oblast,RUS043,RUS,"Standard English form dropping the adjectival suffix '-skaya', as used in English-language sources.",pretraining,high,False
magadan oblast,Magadan Oblast,RUS044,RUS,"Standard English form dropping the adjectival suffix '-skaya', as used in English-language sources.",pretraining,high,False
mari el republic,Mari El Republic,RUS045,RUS,"Standard English name for this republic of the Russian Federation, commonly written without the hyphen.",pretraining,high,False
republic of mari el,Republic of Mari El,RUS045,RUS,Official English-language form of the name of this federal subject of Russia.,pretraining,high,False
mordovia,Mordovia,RUS046,RUS,Common English shorthand for the Republic of Mordoviya.,pretraining,high,False
republic of mordovia,Republic of Mordovia,RUS046,RUS,"Standard English exonym for Mordoviya, used in English-language sources and official translations.",pretraining,high,False
moscow oblast,Moscow Oblast,RUS047,RUS,"Standard English name for Moskovskaya Oblast, replacing the adjectival Russian form with the city name.",pretraining,high,False
moscow region,Moscow Region,RUS047,RUS,Alternative English designation for Moskovskaya Oblast used in English-language sources.,pretraining,high,False
moscow,Moscow,RUS048,RUS,"Standard English exonym for Moskva, the federal city and capital of Russia.",pretraining,high,False
murmansk oblast,Murmansk Oblast,RUS049,RUS,"Standard English form dropping the adjectival suffix '-skaya', as used in English-language sources.",pretraining,high,False
nenets,Nenets,RUS051,RUS,Common English shorthand referring to the Nenets Autonomous Okrug.,pretraining,medium,False
nenets autonomous okrug,Nenets Autonomous Okrug,RUS051,RUS,"Standard English name for the Nenetskiy Okrug federal subject, using the English adjectival form of the ethnonym.",pretraining,high,False
nizhni novgorod oblast,Nizhni Novgorod Oblast,RUS052,RUS,"Alternative English romanization of the oblast name, variant spelling of Nizhny.",pretraining,medium,False
nizhny novgorod oblast,Nizhny Novgorod Oblast,RUS052,RUS,"Standard English name for Nizhegorodskaya Oblast, using the name of the regional capital city.",pretraining,high,False
novgorod oblast,Novgorod Oblast,RUS053,RUS,"Standard English form dropping the adjectival suffix '-skaya', as used in English-language sources.",pretraining,high,False
novosibirsk oblast,Novosibirsk Oblast,RUS054,RUS,"Standard English form dropping the adjectival suffix '-skaya', as used in English-language sources.",pretraining,high,False
omsk oblast,Omsk Oblast,RUS055,RUS,"Standard English form dropping the adjectival suffix '-skaya', as used in English-language sources.",pretraining,high,False
orenburg oblast,Orenburg Oblast,RUS056,RUS,"Standard English form dropping the adjectival suffix '-skaya', as used in English-language sources.",pretraining,high,False
orel oblast,Orel Oblast,RUS057,RUS,"Alternative English romanization of Oryol Oblast, with older spelling of the city name.",pretraining,medium,False
oryol oblast,Oryol Oblast,RUS057,RUS,"Standard English exonym for Orlovskaya Oblast, using the city name Oryol (also spelled Orel).",pretraining,high,False
penza oblast,Penza Oblast,RUS058,RUS,"Standard English form dropping the adjectival suffix '-skaya', as used in English-language sources.",pretraining,high,False
perm krai,Perm Krai,RUS059,RUS,"After the 2005 merger with Komi-Permyak Okrug, the region was redesignated as Perm Krai, which is the current official English-language name.",pretraining,high,False
perm oblast,Perm Oblast,RUS059,RUS,"Standard English form dropping the adjectival suffix '-skaya', as used in English-language sources.",pretraining,high,False
maritime territory,Maritime Territory,RUS060,RUS,Alternative English translation of Primorskiy Kray used in some English-language academic and geopolitical sources.,pretraining,medium,False
primorsky krai,Primorsky Krai,RUS060,RUS,"Standard English romanization of Primorskiy Kray, the common English spelling used in geopolitical and academic sources.",pretraining,high,False
pskov oblast,Pskov Oblast,RUS061,RUS,English-language sources routinely drop the adjectival '-skaya' suffix and use 'Pskov Oblast' as the standard English form.,pretraining,high,False
rostov oblast,Rostov Oblast,RUS062,RUS,English sources standardly use 'Rostov Oblast' rather than the Russian adjectival form 'Rostovskaya Oblast'.,pretraining,high,False
ryazan oblast,Ryazan Oblast,RUS063,RUS,The standard English exonym drops the adjectival suffix to give 'Ryazan Oblast'.,pretraining,high,False
sakha republic,Sakha Republic,RUS064,RUS,The region is widely known in English as the 'Sakha Republic'; 'Rep.' in the canonical form is an abbreviation expansion.,pretraining,high,False
yakutia,Yakutia,RUS064,RUS,Yakutia is the traditional and very widely used English exonym for the Sakha Republic.,pretraining,high,False
samara oblast,Samara Oblast,RUS066,RUS,English sources use 'Samara Oblast' rather than the Russian adjectival form 'Samarskaya Oblast'.,pretraining,high,False
saint petersburg,Saint Petersburg,RUS067,RUS,"The standard English name for the city is 'Saint Petersburg', distinct from the WB romanization 'Sankt-peterburg'.",pretraining,high,False
st. petersburg,St. Petersburg,RUS067,RUS,Very common abbreviated English spelling of Saint Petersburg used in English-language media and publications.,pretraining,high,False
saratov oblast,Saratov Oblast,RUS068,RUS,"English sources standardly use 'Saratov Oblast', dropping the adjectival suffix from the WB canonical name.",pretraining,high,False
north ossetia,North Ossetia,RUS069,RUS,"The standard English name for this republic is 'North Ossetia' or 'North Ossetia-Alania', translating the Russian 'Severnaya Osetiya'.",pretraining,high,False
north ossetia-alania,North Ossetia-Alania,RUS069,RUS,"The full official English name of the republic, widely used in English sources alongside the shorter 'North Ossetia'.",pretraining,high,False
smolensk oblast,Smolensk Oblast,RUS070,RUS,"English sources use 'Smolensk Oblast', dropping the Russian adjectival suffix '-skaya'.",pretraining,high,False
stavropol krai,Stavropol Krai,RUS071,RUS,Standard English transliteration uses 'Stavropol Krai' (or 'Kray'); 'Krai' is the more common English spelling than the WB's 'Kray'.,pretraining,high,False
stavropol kray,Stavropol Kray,RUS071,RUS,Alternative English romanization of the Stavropol administrative region using 'Kray' spelling without the adjectival prefix.,pretraining,high,False
sverdlovsk oblast,Sverdlovsk Oblast,RUS072,RUS,"English sources use 'Sverdlovsk Oblast', dropping the adjectival '-skaya' suffix from the WB canonical name.",pretraining,high,False
tambov oblast,Tambov Oblast,RUS073,RUS,"English sources use 'Tambov Oblast', the standard form without the Russian adjectival ending.",pretraining,high,False
republic of tatarstan,Republic of Tatarstan,RUS074,RUS,"Full official English name of the republic, widely used in international contexts.",pretraining,high,False
dolgano-nenets autonomous okrug,Dolgano-Nenets Autonomous Okrug,RUS075,RUS,The full official English name of the Taymyrskiy Okrug references the indigenous peoples in the name.,pretraining,medium,False
taymyr autonomous okrug,Taymyr Autonomous Okrug,RUS075,RUS,"English sources refer to this administrative unit as 'Taymyr Autonomous Okrug', expanding the abbreviated 'Okrug' designator.",pretraining,medium,False
tomsk oblast,Tomsk Oblast,RUS076,RUS,"English sources use 'Tomsk Oblast', dropping the adjectival '-skaya' suffix from the WB canonical name.",pretraining,high,False
tula oblast,Tula Oblast,RUS077,RUS,"English sources use 'Tula Oblast', dropping the Russian adjectival suffix from 'Tulskaya Oblast'.",pretraining,high,False
tver oblast,Tver Oblast,RUS078,RUS,"English sources use 'Tver Oblast', dropping the adjectival suffix from the WB canonical 'Tverskaya Oblast'.",pretraining,high,False
tyumen oblast,Tyumen Oblast,RUS079,RUS,"English sources use 'Tyumen Oblast', dropping the adjectival suffix from the WB canonical 'Tyumenskaya Oblast'.",pretraining,high,False
tuva republic,Tuva Republic,RUS080,RUS,"English sources commonly refer to this region as 'Tuva' or 'Tuva Republic', an anglicized form of the WB canonical 'Tyva Rep.'",pretraining,high,False
tyva republic,Tyva Republic,RUS080,RUS,Expansion of the abbreviated 'Rep.' to 'Republic' in the canonical WB name.,pretraining,high,False
udmurt republic,Udmurt Republic,RUS081,RUS,"The official English name of the republic, used in English-language sources as an alternative to 'Udmurtia'.",pretraining,high,False
udmurtia,Udmurtia,RUS081,RUS,"The standard English exonym for this republic is 'Udmurtia', without the 'Rep.' abbreviation.",pretraining,high,False
ulyanovsk oblast,Ulyanovsk Oblast,RUS082,RUS,English sources commonly drop the adjectival suffix '-skaya' and refer to this region as Ulyanovsk Oblast.,pretraining,high,False
vladimir oblast,Vladimir Oblast,RUS084,RUS,English sources commonly shorten 'Vladimirskaya Oblast' to 'Vladimir Oblast'.,pretraining,high,False
volgograd oblast,Volgograd Oblast,RUS085,RUS,English sources commonly shorten 'Volgogradskaya Oblast' to 'Volgograd Oblast'.,pretraining,high,False
vologda oblast,Vologda Oblast,RUS086,RUS,English sources commonly shorten 'Vologodskaya Oblast' to 'Vologda Oblast'.,pretraining,high,False
voronezh oblast,Voronezh Oblast,RUS087,RUS,English sources commonly shorten 'Voronezhskaya Oblast' to 'Voronezh Oblast'.,pretraining,high,False
yamalo-nenets,Yamalo-Nenets,RUS088,RUS,Shortened English reference commonly used in academic and journalistic contexts.,pretraining,high,False
yamalo-nenets autonomous okrug,Yamalo-Nenets Autonomous Okrug,RUS088,RUS,"The standard English name for this region is Yamalo-Nenets Autonomous Okrug, which is more commonly used than the WB transliteration 'Yamalo-nenetskiy Okrug'.",pretraining,high,False
yaroslavl oblast,Yaroslavl Oblast,RUS089,RUS,English sources commonly shorten 'Yaroslavskaya Oblast' to 'Yaroslavl Oblast'.,pretraining,high,False
jewish autonomous oblast,Jewish Autonomous Oblast,RUS090,RUS,"The standard English translation of 'Yevreyskaya Avtonomnaya Oblast' is 'Jewish Autonomous Oblast', widely used in English-language sources.",pretraining,high,False
jewish autonomous region,Jewish Autonomous Region,RUS090,RUS,Alternative English rendering used in some sources instead of 'Oblast'.,pretraining,medium,False
northern province,Northern Province,RWA003,RWA,Rwanda's Northern Province is the standard English name corresponding to the Kinyarwanda name Amajyaruguru.,pretraining,high,False
southern province,Southern Province,RWA004,RWA,Rwanda's Southern Province is the standard English name corresponding to the Kinyarwanda name Amajyepfo.,pretraining,high,False
western province,Western Province,RWA005,RWA,Rwanda's Western Province is the standard English name corresponding to the Kinyarwanda name Iburengerazuba.,pretraining,high,False
aseer,Aseer,SAU001,SAU,Aseer is an alternative English romanization used in some Saudi and international sources for this region.,pretraining,medium,False
northern border region,Northern Border Region,SAU003,SAU,Northern Border Region is another common English-language name used for Al Hudud ash Shamaliyah in administrative and geographic sources.,pretraining,high,False
northern borders,Northern Borders,SAU003,SAU,"Northern Borders is the standard English translation of Al Hudud ash Shamaliyah, the northernmost region of Saudi Arabia.",pretraining,high,False
jawf,Jawf,SAU004,SAU,"Jawf is the simplified English romanization of Al Jawf, dropping the Arabic definite article.",pretraining,high,False
madinah,Madinah,SAU005,SAU,Madinah is a common alternative English romanization of Al Madinah used in many international and Saudi sources.,pretraining,high,False
al qassim,Al Qassim,SAU006,SAU,Al Qassim is a common English romanization variant of Al Qasim retaining the Arabic article.,pretraining,high,False
qassim,Qassim,SAU006,SAU,"Qassim is the widely-used English name for Al Qasim region, appearing in Saudi government and international sources.",pretraining,high,False
riyadh,Riyadh,SAU007,SAU,"Riyadh is the standard English exonym for Ar Riyadh, the capital city and region, universally used in English-language sources.",pretraining,high,False
hail,Hail,SAU009,SAU,"Hail is the standard English romanization of Ha'il, dropping the diacritic, and widely used in English-language sources.",pretraining,high,False
jazan,Jazan,SAU010,SAU,Jazan is an alternative English romanization of this region used in Saudi government communications and some international sources.,pretraining,high,False
makkah al-mukarramah,Makkah al-Mukarramah,SAU011,SAU,Makkah al-Mukarramah is the formal English name for the Mecca region used in Saudi official sources.,pretraining,medium,False
mecca,Mecca,SAU011,SAU,"Mecca is the universally recognized English exonym for Makkah, the holiest city in Islam.",pretraining,high,False
gezira,Gezira,SDN001,SDN,"Al Jazeera state is commonly referred to in English as Gezira, the anglicized transliteration widely used in journalism and academic literature.",pretraining,high,False
al qadarif,Al Qadarif,SDN003,SDN,Alternative romanization of the state capital and state name appearing in some official and academic sources.,pretraining,medium,False
north darfur,North Darfur,SDN008,SDN,"Northern Darfur is widely referred to as North Darfur in English-language media, UN documents, and humanitarian reporting.",pretraining,high,False
north kordofan,North Kordofan,SDN009,SDN,Northern Kordofan is commonly called North Kordofan in English sources including UN and NGO reports.,pretraining,high,False
south darfur,South Darfur,SDN012,SDN,"Southern Darfur is widely referred to as South Darfur in English-language media, UN documents, and humanitarian reporting.",pretraining,high,False
south kordofan,South Kordofan,SDN013,SDN,Southern Kordofan is commonly called South Kordofan in English sources including UN and NGO reports.,pretraining,high,False
west darfur,West Darfur,SDN014,SDN,"Western Darfur is widely referred to as West Darfur in English-language media, UN documents, and humanitarian reporting.",pretraining,high,False
saint-louis,Saint-Louis,SEN015,SEN,"The region is commonly written with a hyphen in French and English sources, differing from the WB canonical 'Saint Louis' (no hyphen).",pretraining,medium,False
galguduud,Galguduud,SOM006,SOM,Alternative common romanization of Galgaduud used in many English-language sources.,pretraining,medium,False
hiran,Hiran,SOM008,SOM,Commonly used English alternative spelling of Hiraan region in Somalia.,pretraining,high,False
middle juba,Middle Juba,SOM009,SOM,"Standard English translation of Juba Dhexe, where dhexe means middle in Somali.",pretraining,high,False
lower juba,Lower Juba,SOM010,SOM,"Standard English translation of Juba Hoose, where hoose means lower in Somali.",pretraining,high,False
middle shabelle,Middle Shabelle,SOM014,SOM,"Standard English translation of Shabelle Dhexe, where dhexe means middle in Somali.",pretraining,high,False
middle shebelle,Middle Shebelle,SOM014,SOM,"Alternative English spelling using Shebelle for Shabelle, widely found in humanitarian and news reporting.",pretraining,medium,False
lower shabelle,Lower Shabelle,SOM015,SOM,"Standard English translation of Shabelle Hoose, where hoose means lower in Somali.",pretraining,high,False
lower shebelle,Lower Shebelle,SOM015,SOM,"Alternative English spelling using Shebelle for Shabelle, widely found in humanitarian and news reporting.",pretraining,medium,False
bor district,Bor District,SRB001,SRB,"Borski okrug is the Bor District in English, named after the city of Bor; commonly referenced in English-language sources this way.",pretraining,medium,False
branicevo district,Branicevo District,SRB002,SRB,"Branicevski okrug is rendered in English as Branicevo District, using the anglicized form without the Serbian adjectival suffix.",pretraining,medium,False
belgrade,Belgrade,SRB003,SRB,Grad Beograd means 'City of Belgrade' in Serbian; Belgrade is the universally used English exonym for the Serbian capital.,pretraining,high,False
city of belgrade,City of Belgrade,SRB003,SRB,"Direct English translation of 'Grad Beograd', used in administrative and geographic contexts.",pretraining,high,False
jablanica district,Jablanica District,SRB004,SRB,"Jablanicki okrug is rendered in English as Jablanica District, using the base toponym without the Serbian adjectival suffix.",pretraining,medium,False
south backa,South Backa,SRB005,SRB,Juzno-backi means 'South Backa' in Serbian; South Backa is the standard English name for this district in Vojvodina.,pretraining,high,False
south banat,South Banat,SRB006,SRB,Juzno-banatski means 'South Banat' in Serbian; South Banat is the standard English name for this district in Vojvodina.,pretraining,high,False
kolubara district,Kolubara District,SRB007,SRB,"Kolubarski okrug is rendered in English as Kolubara District, named after the Kolubara River.",pretraining,medium,False
macva district,Macva District,SRB008,SRB,"Macvanski okrug is rendered in English as Macva District, using the base toponym without the Serbian adjectival suffix.",pretraining,medium,False
moravica district,Moravica District,SRB009,SRB,"Moravicki okrug is rendered in English as Moravica District, named after the Moravica River.",pretraining,medium,False
nisava district,Nisava District,SRB010,SRB,"Nisavski okrug is rendered in English as Nisava District, named after the Nisava River.",pretraining,medium,False
pcinja district,Pcinja District,SRB011,SRB,"Pcinjski okrug is rendered in English as Pcinja District, named after the Pcinja River.",pretraining,medium,False
pirot district,Pirot District,SRB012,SRB,"Pirotski okrug is rendered in English as Pirot District, named after the city of Pirot.",pretraining,medium,False
podunavlje district,Podunavlje District,SRB013,SRB,Podunavski okrug is rendered in English as Podunavlje District; Podunavlje means 'along the Danube' in Serbian.,pretraining,medium,False
pomoravlje district,Pomoravlje District,SRB014,SRB,Pomoravski okrug is rendered in English as Pomoravlje District; Pomoravlje means 'along the Morava River'.,pretraining,medium,False
rasina district,Rasina District,SRB015,SRB,"Rasinski okrug is rendered in English as Rasina District, named after the Rasina River.",pretraining,medium,False
raska district,Raska District,SRB016,SRB,"Raski okrug is rendered in English as Raska District, named after the historical region of Raska.",pretraining,medium,False
north backa,North Backa,SRB017,SRB,Severno-backi means 'North Backa' in Serbian; North Backa is the standard English name for this district in Vojvodina.,pretraining,high,False
north banat,North Banat,SRB018,SRB,Severno-banatski means 'North Banat' in Serbian; North Banat is the standard English name for this district in Vojvodina.,pretraining,high,False
central banat,Central Banat,SRB019,SRB,Srednje-banatski means 'Central Banat' in Serbian; Central Banat is the standard English name for this district in Vojvodina.,pretraining,high,False
srem district,Srem District,SRB020,SRB,"Sremski okrug is commonly referred to in English as the Srem District, using the Serbian regional name Srem.",pretraining,medium,False
syrmia,Syrmia,SRB020,SRB,Sremski refers to the Srem (Syrmia) region; Syrmia is the well-known English/Latin exonym for this historical region spanning Serbia and Croatia.,pretraining,high,False
sumadija,Sumadija,SRB021,SRB,"English-language sources commonly refer to this district simply as 'Sumadija', dropping the Serbian adjectival suffix '-ski'.",pretraining,high,False
sumadija district,Šumadija District,SRB021,SRB,The canonical name 'Sumadijski' is the Serbian adjectival form; the standard English exonym for this region is 'Šumadija' or 'Šumadija District'.,pretraining,high,False
toplica,Toplica,SRB022,SRB,"English-language sources commonly refer to this district as 'Toplica', dropping the Serbian adjectival suffix '-ki'.",pretraining,high,False
toplica district,Toplica District,SRB022,SRB,The canonical name 'Toplicki' is the Serbian adjectival form; the English name used in most sources is 'Toplica District'.,pretraining,high,False
zajecar,Zajecar,SRB023,SRB,"English-language sources commonly refer to this district as 'Zajecar' (or Zaječar), dropping the Serbian adjectival suffix '-ski'.",pretraining,high,False
zajecar district,Zajecar District,SRB023,SRB,The canonical name 'Zajecarski' is the Serbian adjectival form; the English name used in most sources is 'Zaječar District' or 'Zajecar District'.,pretraining,high,False
west backa,West Backa,SRB024,SRB,"Short-form English reference dropping 'District', as commonly seen in English-language geographic sources.",pretraining,medium,False
west backa district,West Bačka District,SRB024,SRB,'Zapadno-backi' is the Serbian adjectival form meaning 'West Bačka'; the standard English name is 'West Bačka District'.,pretraining,high,False
zlatibor,Zlatibor,SRB025,SRB,"English-language sources commonly refer to this district simply as 'Zlatibor', dropping the Serbian adjectival suffix '-ski'.",pretraining,high,False
zlatibor district,Zlatibor District,SRB025,SRB,'Zlatiborski' is the Serbian adjectival form; the standard English name is 'Zlatibor District'.,pretraining,high,False
zilina region,Zilina Region,SVK008,SVK,English sources commonly append 'Region' to distinguish the administrative unit from the city of Zilina.,pretraining,medium,False
upper carniola,Upper Carniola,SVN001,SVN,Gorenjska is the Slovenian name for the historical region known in English as Upper Carniola.,pretraining,high,False
gorizia,Gorizia,SVN002,SVN,"Goriska is the Slovenian name for the region centered on Gorizia, commonly referred to by its Italian/English name.",pretraining,medium,False
inner carniola-karst,Inner Carniola-Karst,SVN005,SVN,"Notranjsko-kraska translates to Inner Carniola-Karst in English, combining the English exonym for Notranjska with the Karst region.",pretraining,medium,False
coastal-karst,Coastal-Karst,SVN006,SVN,"Obalno-kraska translates to Coastal-Karst in English, referring to the coastal and Karst areas of Slovenia.",pretraining,medium,False
drava,Drava,SVN008,SVN,"Podravska refers to the region along the Drava River, commonly called the Drava region in English sources.",pretraining,medium,False
mura,Mura,SVN009,SVN,"Pomurska refers to the region along the Mura River, commonly called the Mura region in English sources.",pretraining,medium,False
savinja,Savinja,SVN010,SVN,Savinjska refers to the Savinja river valley region; Savinja is the common English short form used in geographic references.,pretraining,medium,False
lower sava,Lower Sava,SVN011,SVN,"Spodnjeposavska translates to Lower Sava in English, referring to the lower Sava River region.",pretraining,high,False
zasavje,Zasavje,SVN012,SVN,Zasavska is the adjectival form; Zasavje is the noun form of the region name more commonly used in English-language geographic references.,pretraining,medium,False
blekinge county,Blekinge County,SWE001,SWE,Swedish 'Laen' means 'County' in English; 'Blekinge County' is the standard English name for this Swedish county.,pretraining,high,False
dalarna,Dalarna,SWE002,SWE,The region is widely referred to simply as 'Dalarna' in English-language sources.,pretraining,high,False
dalarna county,Dalarna County,SWE002,SWE,The county is commonly known in English as 'Dalarna County'; 'Dalarnas' is the genitive form of 'Dalarna'.,pretraining,high,False
gavleborg county,Gavleborg County,SWE003,SWE,The ASCII-simplified English name for Gaevleborgs Laen; 'Gaevleborg' is an older romanization and 'ae' maps to 'a' in English usage.,pretraining,high,False
gavleborgs county,Gavleborgs County,SWE003,SWE,English transliteration of Gaevleborgs Laen using simplified spelling without the ae digraph.,pretraining,medium,False
halland county,Halland County,SWE005,SWE,Standard English name for Hallands Laen; 'Hallands' is genitive of 'Halland'.,pretraining,high,False
jamtland,Jamtland,SWE006,SWE,The region is commonly referred to as 'Jamtland' in English without the county suffix.,pretraining,high,False
jamtland county,Jamtland County,SWE006,SWE,English transliteration of Jaemtlands Laen; 'ae' is rendered as 'a' in English usage.,pretraining,high,False
jonkoping county,Jonkoping County,SWE007,SWE,English transliteration of Joenkoepings Laen; 'oe' maps to 'o' in ASCII-simplified English usage.,pretraining,high,False
kalmar county,Kalmar County,SWE008,SWE,Standard English name for Kalmar Laen; the region name is unchanged in English.,pretraining,high,False
kronoberg county,Kronoberg County,SWE009,SWE,Standard English name for Kronobergs Laen; 'Kronobergs' is the genitive form of 'Kronoberg'.,pretraining,high,False
norrbotten,Norrbotten,SWE010,SWE,The region is widely referred to simply as 'Norrbotten' in English-language sources.,pretraining,high,False
norrbotten county,Norrbotten County,SWE010,SWE,Standard English name for Norrbottens Laen; 'Norrbottens' is the genitive form of 'Norrbotten'.,pretraining,high,False
orebro county,Orebro County,SWE011,SWE,English transliteration of Oerebro Laen; 'Oe' maps to 'O' in ASCII-simplified English usage.,pretraining,high,False
ostergotland,Ostergotland,SWE012,SWE,The region is commonly referred to as 'Ostergotland' in English without the county suffix.,pretraining,high,False
ostergotland county,Ostergotland County,SWE012,SWE,English transliteration of Oestergoetlands Laen; 'Oe' → 'O' and 'oe' → 'o' in simplified English usage.,pretraining,high,False
scania,Scania,SWE013,SWE,"The traditional English/Latin exonym for the Swedish region Skane is 'Scania', widely used in historical and modern English texts.",pretraining,high,False
skane county,Skane County,SWE013,SWE,English transliteration of Skaane Laen; 'Skaane' simplifies to 'Skane' in English usage.,pretraining,high,False
sodermanland,Sodermanland,SWE014,SWE,The region is commonly referred to as 'Sodermanland' in English without the county suffix.,pretraining,high,False
sodermanland county,Sodermanland County,SWE014,SWE,English transliteration of Soedermanlands Laen; 'Soe' maps to 'So' in ASCII-simplified English usage.,pretraining,high,False
stockholm county,Stockholm County,SWE015,SWE,Standard English name for Stockholms Laen; 'Stockholms' is the genitive form of 'Stockholm'.,pretraining,high,False
uppsala county,Uppsala County,SWE016,SWE,Standard English name for Uppsala Laen; the region name is unchanged in English.,pretraining,high,False
varmland,Varmland,SWE017,SWE,The region is commonly referred to as 'Varmland' in English without the county suffix.,pretraining,high,False
varmland county,Varmland County,SWE017,SWE,English transliteration of Vaermlands Laen; 'ae' maps to 'a' in ASCII-simplified English usage.,pretraining,high,False
vasterbotten,Vasterbotten,SWE018,SWE,The region is widely referred to simply as 'Vasterbotten' in English-language sources.,pretraining,high,False
vasterbotten county,Vasterbotten County,SWE018,SWE,English transliteration of Vaesterbottens Laen; 'ae' maps to 'a' in ASCII-simplified English usage.,pretraining,high,False
vasternorrland,Vasternorrland,SWE019,SWE,The region is commonly referred to as 'Vasternorrland' in English without the county suffix.,pretraining,high,False
vasternorrland county,Vasternorrland County,SWE019,SWE,English transliteration of Vaesternorrlands Laen; 'ae' maps to 'a' in ASCII-simplified English usage.,pretraining,high,False
vastmanland,Vastmanland,SWE020,SWE,The region is commonly referred to as 'Vastmanland' in English without the county suffix.,pretraining,high,False
vastmanland county,Vastmanland County,SWE020,SWE,English transliteration of Vaestmanlands Laen; 'ae' maps to 'a' in ASCII-simplified English usage.,pretraining,high,False
vastra gotaland,Vastra Gotaland,SWE021,SWE,The region is commonly referred to as 'Vastra Gotaland' in English without the county suffix.,pretraining,high,False
vastra gotaland county,Vastra Gotaland County,SWE021,SWE,English transliteration of Vaestra Goetalands Laen; 'ae' maps to 'a' and 'oe' maps to 'o' in ASCII-simplified English usage.,pretraining,high,False
west gotaland county,West Gotaland County,SWE021,SWE,"'Vaestra' means 'West' in Swedish, making 'West Gotaland County' a partial English translation used in some English-language sources.",pretraining,medium,False
hasaka,Hasaka,SYR001,SYR,Shorter colloquial English name for the Al Hasakah governorate used in news and reference sources.,pretraining,medium,False
ar raqqa,Ar Raqqa,SYR003,SYR,Common alternate English romanization of Ar Raqqah without the terminal h.,pretraining,high,False
raqqa,Raqqa,SYR003,SYR,"Standard English spelling of the governorate, widely used in English-language media and reference sources.",pretraining,high,False
suweida,Suweida,SYR004,SYR,Alternative English romanization of the As Suwayda governorate name used in English texts.,pretraining,medium,False
sweida,Sweida,SYR004,SYR,Colloquial English name for the As Suwayda governorate used in English-language news and reference sources.,pretraining,medium,False
damascus governorate,Damascus Governorate,SYR005,SYR,"English name for the Damascus city-governorate, the capital of Syria, widely used in English sources.",pretraining,high,False
daraa,Daraa,SYR006,SYR,Standard English spelling used in international media and reference sources for the Dar`a governorate.,pretraining,high,False
dera,Dera,SYR006,SYR,Alternative English transliteration of Dar`a governorate found in some English-language sources.,pretraining,medium,False
deir al-zour,Deir al-Zour,SYR007,SYR,Common alternative English romanization of the Dayr az Zawr governorate.,pretraining,high,False
deir ez-zor,Deir ez-Zor,SYR007,SYR,Standard English spelling of the Dayr az Zawr governorate widely used in English-language sources.,pretraining,high,False
homs,Homs,SYR009,SYR,"Standard English name for the Ḥimṣ governorate, widely used in English-language media and reference sources.",pretraining,high,False
lattakia,Lattakia,SYR011,SYR,Alternate English spelling of Latakia governorate found in some English-language sources.,pretraining,medium,False
al quneitra,Al Quneitra,SYR012,SYR,Common English name including the Arabic article for the Quneitra governorate.,pretraining,high,False
damascus countryside,Damascus Countryside,SYR013,SYR,Alternative English rendering of Rif Dimashq used in English-language news and reference texts.,pretraining,high,False
rural damascus,Rural Damascus,SYR013,SYR,"Standard English translation of Rif Dimashq (rif = rural/countryside in Arabic), widely used in English-language sources.",pretraining,high,False
tartous,Tartous,SYR014,SYR,Common alternative English romanization of the Tartus governorate used in some English-language sources.,pretraining,medium,False
east ennedi,East Ennedi,TCD005,TCD,"English translation of 'Ennedi Est', used in English-language geographic sources.",pretraining,medium,False
west ennedi,West Ennedi,TCD006,TCD,"English translation of 'Ennedi Ouest', used in English-language geographic sources.",pretraining,medium,False
western logone,Western Logone,TCD011,TCD,"English translation of 'Logone Occidental', used in some English-language academic and news sources.",pretraining,medium,False
eastern logone,Eastern Logone,TCD012,TCD,"English translation of 'Logone Oriental', used in some English-language academic and news sources.",pretraining,medium,False
east mayo-kebbi,East Mayo-Kebbi,TCD014,TCD,"English translation of 'Mayo-Kebbi Est', used in some English-language sources.",pretraining,medium,False
west mayo-kebbi,West Mayo-Kebbi,TCD015,TCD,"English translation of 'Mayo-Kebbi Ouest', used in some English-language sources.",pretraining,medium,False
middle chari,Middle Chari,TCD016,TCD,"English translation of 'Moyen-Chari', used in some English-language sources.",pretraining,medium,False
ouadai,Ouadai,TCD017,TCD,"Alternative English romanization of 'Ouaddaï', dropping the diaeresis, found in many English-language sources.",pretraining,high,False
wadai,Wadai,TCD017,TCD,"Traditional English name for the Ouaddaï region, historically used in English geographic and historical texts.",pretraining,high,False
n'djamena,N'Djamena,TCD022,TCD,The canonical name 'Ville de N'Djamena' includes the French word 'Ville de' (City of); the standard English and international name is simply N'Djamena.,pretraining,high,False
ndjamena,Ndjamena,TCD022,TCD,"Common alternate romanization of the capital city name without the apostrophe, widely used in English-language sources.",pretraining,high,False
savannas region,Savannas Region,TGO005,TGO,"Direct English translation of the French 'Savanes' (savannas), sometimes used in English-language geographic sources.",pretraining,medium,False
bangkok metropolis,Bangkok Metropolis,THA003,THA,Bangkok is officially known as the Bangkok Metropolitan Area or Bangkok Metropolis in administrative contexts.,pretraining,medium,False
krung thep,Krung Thep,THA003,THA,Krung Thep is the short Thai name for Bangkok commonly used in English-language references to distinguish it from the Thai official name.,pretraining,medium,False
kamphaeng phet,Kamphaeng Phet,THA014,THA,"Alternative romanization of the WB canonical 'Kampaeng Phet', with 'Kamphaeng' being the more commonly used English spelling.",pretraining,high,False
korat,Korat,THA028,THA,"Nakhon Ratchasima is widely known by its shorter colloquial name Korat, used extensively in English-language sources and by locals.",pretraining,high,False
nakhon si tammarat,Nakhon Si Tammarat,THA030,THA,"Alternative English romanization omitting the 'h' in Thammarat, seen in some older maps and travel sources.",pretraining,medium,False
patani,Patani,THA037,THA,Pattani province is frequently spelled Patani in English-language historical and political science literature referring to the region.,pretraining,medium,False
phang nga,Phang Nga,THA039,THA,Phangnga is commonly written as two words 'Phang Nga' in English travel and geographic sources.,pretraining,high,False
phang-nga,Phang-nga,THA039,THA,Hyphenated romanization 'Phang-nga' appears in some English-language maps and tourism materials.,pretraining,medium,False
ayudhya,Ayudhya,THA046,THA,"Alternative romanization of the province name used in some English-language sources, derived directly from the canonical spelling.",pretraining,medium,False
ayutthaya,Ayutthaya,THA046,THA,"Phra Nakhon Si Ayudhya is commonly known in English as Ayutthaya, the name of the famous historical capital city that gives the province its identity.",pretraining,high,False
phuket island,Phuket Island,THA048,THA,Phuket is widely referred to as Phuket Island in English-language tourism and geographic contexts due to its island geography.,pretraining,medium,False
prachuap khiri khan,Prachuap Khiri Khan,THA049,THA,Prachuap Khilikhan is more commonly spelled Prachuap Khiri Khan in English-language maps and official Thai romanizations.,pretraining,high,False
samut prakan,Samut Prakan,THA056,THA,Samut Prakarn is also romanized as Samut Prakan (without the trailing 'n') in many English-language maps and official sources.,pretraining,high,False
samut songkhram,Samut Songkhram,THA058,THA,Samut Songkham is more commonly romanized as Samut Songkhram in English-language sources including official Thai government transliterations.,pretraining,high,False
songkla,Songkla,THA063,THA,Alternative romanization of Songkhla province sometimes used in English sources.,pretraining,medium,False
trat,Trat,THA069,THA,Trad province is commonly romanized as Trat in English-language travel and geographic sources.,pretraining,high,False
gorno-badakhshan,Gorno-Badakhshan,TJK001,TJK,Gorno-Badakhshan Autonomous Oblast (or Region) is the widely used English name for the Badakhshan Autonomous Mountainous Region of Tajikistan.,pretraining,high,False
gorno-badakhshan autonomous oblast,Gorno-Badakhshan Autonomous Oblast,TJK001,TJK,The full English-language name using the Soviet-era 'Oblast' designation is commonly used in geographic and political science literature.,pretraining,high,False
dushanbe city,Dushanbe City,TJK003,TJK,Dushanbe is the capital city of Tajikistan and is commonly referred to simply as Dushanbe or Dushanbe City in English sources.,pretraining,medium,False
sogd province,Sogd Province,TJK005,TJK,Sogd is an alternative English romanization of Sughd used in some geographic and historical sources.,pretraining,medium,False
charjew,Charjew,TKM003,TKM,Charjew is an alternative romanization of Chardzhou used in some English-language sources.,pretraining,medium,False
lebap,Lebap,TKM003,TKM,Chardzhou (also spelled Charjew/Chardzou) was renamed Lebap Province in 1992; Lebap is the current and widely used English name for this region.,pretraining,high,False
dashhowuz,Dashhowuz,TKM005,TKM,Dashhowuz is an alternative romanization of Dashoguz used in some English-language sources for the region formerly known as Tashauz.,pretraining,medium,False
dashoguz,Dashoguz,TKM005,TKM,Tashauz was renamed Dashoguz (also spelled Dashhowuz) in 1992; Dashoguz is the current official and widely used English name for this region.,pretraining,high,False
oe-cusse ambeno,Oe-Cusse Ambeno,TLS012,TLS,Variant spelling of the exclave district name used in some official and academic English-language documents.,pretraining,medium,False
oecusse,Oecusse,TLS012,TLS,"Oecusse is a widely used alternative English/Portuguese spelling for the exclave district, appearing in many international sources.",pretraining,high,False
oecussi-ambeno,Oecussi-Ambeno,TLS012,TLS,"The full traditional name of the exclave district combining the town and region names, used in historical and geographic references.",pretraining,high,False
medenine,Medenine,TUN013,TUN,The canonical WB name 'Mednine' is an alternate romanization; 'Medenine' is the more widely used English spelling of this Tunisian governorate.,pretraining,high,False
tunis governorate,Tunis Governorate,TUN022,TUN,The region is commonly referred to as 'Tunis Governorate' in English administrative and geographic contexts to distinguish it from the city of Tunis.,pretraining,medium,False
zaghouan governorate,Zaghouan Governorate,TUN023,TUN,English sources commonly append 'Governorate' to Tunisian region names; 'Zaghouan Governorate' is the standard English form used in reference works.,pretraining,medium,False
ariana governorate,Ariana Governorate,TUN024,TUN,English sources commonly append 'Governorate' to Tunisian region names; 'Ariana Governorate' is the standard English form used in reference works.,pretraining,medium,False
manouba governorate,Manouba Governorate,TUN025,TUN,English sources commonly append 'Governorate' to Tunisian region names; 'Manouba Governorate' is the standard English form used in reference works.,pretraining,medium,False
afyonkarahisar,Afyonkarahisar,TUR003,TUR,"The WB canonical name 'Afyon' is a common shortened form; the full official name is Afyonkarahisar, which is widely used in English sources.",pretraining,high,False
mersin,Mersin,TUR037,TUR,Icel province was officially renamed Mersin in 2002 and English sources universally use Mersin; Icel is the outdated WB canonical name.,pretraining,high,False
kahramanmaras,Kahramanmaras,TUR042,TUR,The WB canonical name 'K.maras' is an abbreviated form; the full official name Kahramanmaras is the form widely used in English sources and what callers would search for.,pretraining,high,False
izmit,Izmit,TUR052,TUR,"Izmit is the name of the principal city in Kocaeli province and is widely used in English to refer to the province or region, especially after the 1999 Izmit earthquake.",pretraining,high,False
urfa,Urfa,TUR067,TUR,Sanliurfa is commonly referred to simply as Urfa in English-language sources and by international audiences.,pretraining,high,False
lake van province,Lake Van Province,TUR077,TUR,Van province is sometimes referred to in English as Lake Van Province due to its association with the famous lake.,pretraining,medium,False
dar es salaam,Dar es Salaam,TZA002,TZA,The canonical name uses a hyphenated form 'Dar-es-salaam' but the standard English spelling omits hyphens.,pretraining,high,False
north pemba,North Pemba,TZA007,TZA,"'Kaskazini' means 'north' in Swahili, so the English exonym for this Pemba Island region is 'North Pemba'.",pretraining,high,False
north unguja,North Unguja,TZA008,TZA,"'Kaskazini' means 'north' in Swahili; Unguja is the main island of Zanzibar, making 'North Unguja' the English exonym.",pretraining,high,False
north zanzibar,North Zanzibar,TZA008,TZA,"Unguja island is commonly known in English as Zanzibar island, so 'North Zanzibar' is a widely used English reference.",pretraining,medium,False
south pemba,South Pemba,TZA012,TZA,"'Kusini' means 'south' in Swahili, so the English exonym for this Pemba Island region is 'South Pemba'.",pretraining,high,False
south unguja,South Unguja,TZA013,TZA,"'Kusini' means 'south' in Swahili; Unguja is the main island of Zanzibar, making 'South Unguja' the English exonym.",pretraining,high,False
south zanzibar,South Zanzibar,TZA013,TZA,"Unguja island is commonly known in English as Zanzibar island, so 'South Zanzibar' is a widely used English reference.",pretraining,medium,False
urban west,Urban West,TZA018,TZA,"'Mjini Magharibi' translates literally to 'City West' or 'Urban West' in English, the direct English translation used in some official documents.",pretraining,medium,False
zanzibar city,Zanzibar City,TZA018,TZA,'Mjini Magharibi' (Western City) is the urban Zanzibar region containing Zanzibar City and Stone Town; 'Zanzibar City' is the commonly used English name.,pretraining,medium,False
coast region,Coast Region,TZA023,TZA,"Pwani means 'coast' in Swahili, and the region is commonly referred to as 'Coast Region' in English-language sources.",pretraining,high,False
rovuma,Rovuma,TZA025,TZA,"Ruvuma is sometimes spelled 'Rovuma' in English-language sources, reflecting the Portuguese-influenced spelling used for the Rovuma River on the Mozambique border.",pretraining,medium,False
gulu district,Gulu District,UGA030,UGA,Gulu is commonly referred to as 'Gulu District' in English-language sources to distinguish it as an administrative division.,pretraining,medium,False
hoima district,Hoima District,UGA031,UGA,Hoima is commonly referred to as 'Hoima District' in English-language sources to distinguish the administrative division from the town.,pretraining,medium,False
jinja district,Jinja District,UGA035,UGA,Jinja is commonly referred to as 'Jinja District' in English-language sources to distinguish the administrative division from the city.,pretraining,medium,False
kabale district,Kabale District,UGA037,UGA,Kabale is commonly referred to as 'Kabale District' in English-language sources to distinguish the administrative division from the town.,pretraining,medium,False
cherkasy,Cherkasy,UKR001,UKR,Common shortened English reference to Cherkaska oblast using the capital city name.,pretraining,high,False
cherkasy oblast,Cherkasy Oblast,UKR001,UKR,The English exonym drops the transliteration apostrophe and uses the standard English oblast suffix with the city name Cherkasy.,pretraining,high,False
chernihiv,Chernihiv,UKR002,UKR,Common shortened English reference to the oblast by its capital city name.,pretraining,high,False
chernihiv oblast,Chernihiv Oblast,UKR002,UKR,"Standard English name for the region, using the modern Ukrainian romanization Chernihiv rather than the WB transliteration Chernihivs'ka.",pretraining,high,False
chernivtsi,Chernivtsi,UKR003,UKR,Common shortened English reference to the oblast by its capital city name.,pretraining,high,False
chernivtsi oblast,Chernivtsi Oblast,UKR003,UKR,"Standard English name using the city name Chernivtsi, differing from the WB transliteration Chernivets'ka.",pretraining,high,False
autonomous republic of crimea,Autonomous Republic of Crimea,UKR004,UKR,Official English designation of the Ukrainian administrative unit before 2014 Russian occupation.,pretraining,high,False
dnipro oblast,Dnipro Oblast,UKR005,UKR,Official English name after the 2016 renaming that removed the Soviet-era Petrov suffix.,pretraining,high,False
dnipropetrovsk,Dnipropetrovsk,UKR005,UKR,Common shortened English reference to the oblast using the former city name.,pretraining,high,False
dnipropetrovsk oblast,Dnipropetrovsk Oblast,UKR005,UKR,Widely used English name for this region; the oblast was renamed Dnipro Oblast in 2016 but Dnipropetrovsk remains very common in English sources.,pretraining,high,False
donetsk,Donetsk,UKR006,UKR,Common shortened English reference to the oblast by its capital city name.,pretraining,high,False
donetsk oblast,Donetsk Oblast,UKR006,UKR,"Standard English name for the region, using the city name Donetsk without the Ukrainian suffix -s'ka.",pretraining,high,False
ivano-frankivsk,Ivano-Frankivsk,UKR007,UKR,Common shortened English reference to the oblast by its capital city name.,pretraining,high,False
ivano-frankivsk oblast,Ivano-Frankivsk Oblast,UKR007,UKR,"Standard English name using the city name Ivano-Frankivsk, differing from the WB form Ivano-frankivs'ka.",pretraining,high,False
kharkiv,Kharkiv,UKR008,UKR,Common shortened English reference to the oblast by its capital city name.,pretraining,high,False
kharkiv oblast,Kharkiv Oblast,UKR008,UKR,"Standard English name using the city name Kharkiv, differing from the WB transliteration Kharkivs'ka.",pretraining,high,False
kherson,Kherson,UKR009,UKR,Common shortened English reference to the oblast by its capital city name.,pretraining,high,False
kherson oblast,Kherson Oblast,UKR009,UKR,"Standard English name using the city name Kherson, differing from the WB transliteration Khersons'ka.",pretraining,high,False
khmelnitsky oblast,Khmelnitsky Oblast,UKR010,UKR,Older Russian-based transliteration widely used in English sources prior to adoption of Ukrainian romanization standards.,pretraining,medium,False
khmelnytskyi,Khmelnytskyi,UKR010,UKR,Common shortened English reference to the oblast by its capital city name.,pretraining,high,False
khmelnytskyi oblast,Khmelnytskyi Oblast,UKR010,UKR,"Standard modern English romanization of the oblast, differing from WB's Khmel'nyts'ka.",pretraining,high,False
kirovohrad oblast,Kirovohrad Oblast,UKR011,UKR,Standard English name for the region using the city name Kirovohrad; the oblast was renamed Kropyvnytskyi Oblast in 2016 but Kirovohrad remains common in older English sources.,pretraining,high,False
kiev oblast,Kiev Oblast,UKR012,UKR,"Older English name using the Russian-based romanization Kiev, still widely seen in English sources.",pretraining,high,False
kyiv oblast,Kyiv Oblast,UKR012,UKR,"Standard English name for the region surrounding the capital, using the modern English exonym Kyiv instead of the WB transliteration Kyyivs'ka.",pretraining,high,False
lviv,Lviv,UKR013,UKR,Common shortened English reference to the oblast by its capital city name.,pretraining,high,False
lviv oblast,Lviv Oblast,UKR013,UKR,"Standard English name using the city name Lviv, differing from the WB transliteration L'vivs'ka.",pretraining,high,False
lugansk oblast,Lugansk Oblast,UKR014,UKR,"Russian-based romanization of the oblast name, widely used in English-language media particularly in conflict coverage.",pretraining,high,False
luhansk,Luhansk,UKR014,UKR,Common shortened English reference to the oblast by its capital city name.,pretraining,high,False
luhansk oblast,Luhansk Oblast,UKR014,UKR,"Standard English name using the Ukrainian romanization Luhansk, differing from the WB form Luhans'ka.",pretraining,high,False
mykolaiv,Mykolaiv,UKR015,UKR,Common shortened English reference to the oblast by its capital city name.,pretraining,high,False
mykolaiv oblast,Mykolaiv Oblast,UKR015,UKR,"Standard modern English name using the Ukrainian romanization, differing from WB's Mykolayivs'ka.",pretraining,high,False
nikolaev oblast,Nikolaev Oblast,UKR015,UKR,"Older Russian-based English romanization of the oblast, still encountered in some English sources.",pretraining,medium,False
odesa oblast,Odesa Oblast,UKR016,UKR,Modern Ukrainian-based English spelling preferred by Ukrainian government and many English-language outlets.,pretraining,high,False
odessa,Odessa,UKR016,UKR,Common shortened English reference to the oblast by the well-known city name Odessa.,pretraining,high,False
odessa oblast,Odessa Oblast,UKR016,UKR,Well-known English name for the region using the traditional English/Russian spelling Odessa rather than the WB transliteration Odes'ka.,pretraining,high,False
poltava,Poltava,UKR017,UKR,Common shortened English reference to the oblast by its capital city name.,pretraining,high,False
poltava oblast,Poltava Oblast,UKR017,UKR,"Standard English name using the city name Poltava, differing from the WB transliteration Poltavs'ka.",pretraining,high,False
rivne,Rivne,UKR018,UKR,Common shortened English reference to the oblast by its capital city name.,pretraining,high,False
rivne oblast,Rivne Oblast,UKR018,UKR,"Standard English name using the city name Rivne, differing from the WB transliteration Rivnens'ka.",pretraining,high,False
rovno oblast,Rovno Oblast,UKR018,UKR,"Older Russian-based English romanization of the oblast, encountered in historical and some current English sources.",pretraining,medium,False
sumy,Sumy,UKR019,UKR,Common shortened English reference to the oblast by its capital city name.,pretraining,high,False
sumy oblast,Sumy Oblast,UKR019,UKR,"Standard English name using the city name Sumy, differing from the WB transliteration Sums'ka.",pretraining,high,False
ternopil oblast,Ternopil Oblast,UKR020,UKR,"Standard English name using the city name Ternopil, differing from the WB transliteration Ternopil's'ka.",pretraining,high,False
vinnytsia,Vinnytsia,UKR021,UKR,"Shortened English reference to the oblast by its capital city name, commonly used in English contexts.",pretraining,high,False
vinnytsia oblast,Vinnytsia Oblast,UKR021,UKR,"The standard English exonym for Vinnyts'ka is Vinnytsia Oblast, using the Ukrainian-based romanization preferred in English-language sources.",pretraining,high,False
volhynia,Volhynia,UKR022,UKR,"The classical English exonym for Volyn Oblast, used in historical and geographic literature.",pretraining,medium,False
volhynia oblast,Volhynia Oblast,UKR022,UKR,Traditional English/Latin exonym Volhynia is widely used in historical and geographical English texts for this region.,pretraining,medium,False
volyn oblast,Volyn Oblast,UKR022,UKR,"Standard English name for Volyns'ka, using the Ukrainian-based romanization Volyn and adding Oblast as the administrative suffix.",pretraining,high,False
transcarpathia,Transcarpathia,UKR023,UKR,"Well-established English exonym for Zakarpats'ka Oblast, meaning 'beyond the Carpathians', widely used in English-language sources.",pretraining,high,False
zakarpattia,Zakarpattia,UKR023,UKR,"Commonly used English short form for the oblast, meaning Transcarpathia in Ukrainian.",pretraining,high,False
zakarpattia oblast,Zakarpattia Oblast,UKR023,UKR,"Standard English name for Zakarpats'ka, using the Ukrainian-based romanization Zakarpattia with the Oblast suffix.",pretraining,high,False
zaporizhia oblast,Zaporizhia Oblast,UKR024,UKR,Alternative English romanization of Zaporiz'ka commonly found in English-language journalism and reference works.,pretraining,high,False
zaporizhzhia,Zaporizhzhia,UKR024,UKR,"Commonly used English short form for the oblast, named after the city of Zaporizhzhia.",pretraining,high,False
zaporizhzhia oblast,Zaporizhzhia Oblast,UKR024,UKR,"Standard English name for Zaporiz'ka, using the Ukrainian-based romanization Zaporizhzhia with the Oblast suffix.",pretraining,high,False
zhytomyr,Zhytomyr,UKR025,UKR,"Commonly used English short form for the oblast, named after its capital city Zhytomyr.",pretraining,high,False
zhytomyr oblast,Zhytomyr Oblast,UKR025,UKR,"Standard English name for Zhytomyrs'ka, using the Ukrainian-based romanization Zhytomyr with the Oblast suffix.",pretraining,high,False
andizhan,Andizhan,UZB001,UZB,Alternative romanization of Andijan commonly seen in older English-language sources and transliterations from Russian.,pretraining,medium,False
buxoro,Buxoro,UZB002,UZB,Uzbek-script romanization of the region sometimes used in English geographic sources as an alternative to the Russian-derived Bukhara.,pretraining,medium,False
farghona,Farghona,UZB003,UZB,"Alternative romanization of Fergana from Uzbek, occasionally used in English academic and geographic texts.",pretraining,medium,False
qoraqalpogiston,Qoraqalpogiston,UZB005,UZB,Uzbek romanization of Karakalpakstan used in some English-language geographic and official documents.,pretraining,medium,False
republic of karakalpakstan,Republic of Karakalpakstan,UZB005,UZB,Karakalpakstan is an autonomous republic within Uzbekistan and is often referred to with its full title in English sources.,pretraining,high,False
qashqadaryo,Qashqadaryo,UZB006,UZB,"Uzbek romanization of Kashkadarya, used in some modern English-language sources.",pretraining,medium,False
khwarazm,Khwarazm,UZB007,UZB,"Historical English exonym for Khorezm, derived from the ancient name of the region, used in academic and historical contexts.",pretraining,medium,False
xorazm,Xorazm,UZB007,UZB,Uzbek romanization of Khorezm used in some modern English-language sources and official Uzbek transliterations.,pretraining,medium,False
navoi,Navoi,UZB009,UZB,"Common alternative English spelling of Navoiy, dropping the final y, widely used in English sources.",pretraining,high,False
samarqand,Samarqand,UZB010,UZB,Uzbek romanization of Samarkand commonly used in English geographic and academic sources as an alternative spelling.,pretraining,high,False
syr darya,Syr Darya,UZB011,UZB,"Common English two-word spelling of Sirdarya, also the name of the major river in the region, widely used in English texts.",pretraining,high,False
syrdarya,Syrdarya,UZB011,UZB,"Alternative romanization of Sirdarya derived from the Russian transliteration, used in some English-language sources.",pretraining,medium,False
surxondaryo,Surxondaryo,UZB012,UZB,Uzbek romanization of Surkhandarya used in modern English-language geographic sources.,pretraining,medium,False
capital district,Capital District,VEN011,VEN,Distrito Capital is the Spanish official name; 'Capital District' is the standard English translation used in international references.,pretraining,high,False
can tho city,Can Tho City,VNM013,VNM,Can Tho is a municipality-level city in Vietnam commonly referred to as 'Can Tho City' in English sources to distinguish it from the broader region.,pretraining,medium,False
da nang city,Da Nang City,VNM015,VNM,Da Nang is a directly-administered municipality and is frequently called 'Da Nang City' in English administrative and news sources.,pretraining,high,False
danang,Danang,VNM015,VNM,"Da Nang is commonly written as a single word 'Danang' in English-language sources, particularly in travel and news contexts.",pretraining,high,False
dak lac,Dak Lac,VNM016,VNM,Alternative romanization of the province name used in some English-language administrative sources.,pretraining,medium,False
dak lak,Dak Lak,VNM016,VNM,The province 'Dac Lac' is more commonly romanized as 'Dak Lak' in English-language sources including official Vietnamese government documents.,pretraining,high,False
dak nong,Dak Nong,VNM017,VNM,The province 'Dac Nong' is more commonly romanized as 'Dak Nong' in English-language and official Vietnamese sources.,pretraining,high,False
hai phong,Hai Phong,VNM026,VNM,Haiphong is commonly written as two words 'Hai Phong' in many English sources and official Vietnamese romanization.,pretraining,high,False
ha noi,Ha Noi,VNM027,VNM,"Hanoi is the anglicized one-word form; the official Vietnamese spelling is two words 'Ha Noi', used in many English contexts as well.",pretraining,high,False
ho chi minh city,Ho Chi Minh City,VNM029,VNM,The WB canonical name 'Ho Chi Minh' omits 'City'; the full English name universally used is 'Ho Chi Minh City'.,pretraining,high,False
saigon,Saigon,VNM029,VNM,"Saigon is the widely recognized former name of Ho Chi Minh City, still commonly used in English to refer to the city and province.",pretraining,high,False
lao kay,Lao Kay,VNM038,VNM,Lao Cai has an older French-era English spelling 'Lao Kay' still encountered in some English-language texts.,pretraining,medium,False
thua thien hue,Thua Thien Hue,VNM057,VNM,"Alternative romanization of the canonical name dropping the hyphen, commonly used in English texts.",pretraining,high,False
urosevac,Urosevac,XKX001,XKX,Ferizaj is the Albanian name; Uroševac (ASCII: Urosevac) is the Serbian exonym used in English historical and journalistic sources.,pretraining,high,False
dakovica,Đakovica,XKX002,XKX,Gjakovë is the Albanian name; Đakovica is the Serbian exonym widely used in English sources and international reporting.,pretraining,high,False
djakovica,Djakovica,XKX002,XKX,"ASCII romanization of the Serbian Đakovica, commonly used in English texts that strip diacritics.",pretraining,high,False
gnjilane,Gnjilane,XKX003,XKX,Gjilan is the Albanian name; Gnjilane is the Serbian exonym used in many English-language sources and UN documents.,pretraining,high,False
kosovska mitrovica,Kosovska Mitrovica,XKX004,XKX,"Serbian name for the district capital and region, widely used in English-language reporting to distinguish it from other Mitrovica locations.",pretraining,high,False
mitrovica,Mitrovica,XKX004,XKX,"Common English spelling of Mitrovicë, dropping the Albanian diacritic, widely used in news and international documents.",pretraining,high,False
pristina,Pristina,XKX006,XKX,"The standard English exonym for Prishtinë, used universally in English news, diplomacy, and international organizations.",pretraining,high,False
aden,Aden,YEM001,YEM,"Aden is the standard English exonym for this governorate, widely used in English-language sources and historically significant as a major port city.",pretraining,high,False
al baida,Al Baida,YEM003,YEM,Al Baida is a common alternative romanization of Al Bayda' used in English-language sources.,pretraining,medium,False
ad dali,Ad Dali,YEM004,YEM,Ad Dali is an alternative romanization of Al Dali' used in some English-language sources.,pretraining,medium,False
hodeida,Hodeida,YEM005,YEM,Hodeida is another common English spelling of the Al Hudaydah governorate name used in international reporting.,pretraining,high,False
hodeidah,Hodeidah,YEM005,YEM,"Hodeidah is the traditional English exonym for Al Hudaydah governorate, widely used in English-language news and historical sources.",pretraining,high,False
al mahra,Al Mahra,YEM007,YEM,Al Mahra is a common alternative romanization of Al Mahrah used in English-language sources.,pretraining,medium,False
hadhramaut,Hadhramaut,YEM011,YEM,"Hadhramaut is a traditional English alternative spelling of Hadramawt governorate, frequently used in historical and geographic texts.",pretraining,high,False
hadhramawt,Hadhramawt,YEM011,YEM,Hadhramawt is another common English romanization variant for Hadramawt governorate.,pretraining,high,False
marib,Marib,YEM015,YEM,Marib (without the apostrophe) is the common English spelling used in news media and geographic sources for this governorate.,pretraining,high,False
saada,Saada,YEM017,YEM,"Saada is a common English romanization of Sa'dah governorate, frequently used in international news coverage of Yemen.",pretraining,high,False
sadah,Sadah,YEM017,YEM,Sadah is another English romanization variant for Sa'dah governorate used in some sources.,pretraining,medium,False
sanaa,Sanaa,YEM018,YEM,"Sanaa is the standard English spelling for the San'a' governorate, widely used in English-language sources.",pretraining,high,False
sanaa city,Sanaa City,YEM019,YEM,"Sanaa City is the English form for the capital city governorate of Yemen, distinct from the surrounding San'a' governorate.",pretraining,high,False
taiz,Taiz,YEM022,YEM,"Ta`izz is commonly romanized as 'Taiz' or 'Taizz' in English-language sources, with the backtick-apostrophe representing an Arabic ayin that is often dropped in English usage.",pretraining,high,False
kwazulu-natal,KwaZulu-Natal,ZAF004,ZAF,"The canonical WB form 'Kwa-Zulu Natal' uses a hyphen mid-word and a space; the official and widely used English spelling is 'KwaZulu-Natal' (no space, camel-case prefix).",pretraining,high,False
