ADM1_code_A,ADM1_name_A,country_A,ISO_A3_A,WB_region_A,ADM1_code_B,ADM1_name_B,country_B,ISO_A3_B,WB_region_B,cross_country,border_length_km,narrow_border,potential_artifact
AFG001,Badakhshan,Afghanistan,AFG,SAR,AFG024,Nuristan,Afghanistan,AFG,SAR,False,208.5909,False,False
AFG001,Badakhshan,Afghanistan,AFG,SAR,AFG027,Panjsher,Afghanistan,AFG,SAR,False,26.7181,False,False
AFG001,Badakhshan,Afghanistan,AFG,SAR,AFG031,Takhar,Afghanistan,AFG,SAR,False,264.7982,False,False
AFG001,Badakhshan,Afghanistan,AFG,SAR,PAK005,Khyber Pakhtunkhwa,Pakistan,PAK,SAR,True,347.5337,False,False
AFG001,Badakhshan,Afghanistan,AFG,SAR,TJK001,Badakhshan Autonomous Mountainous Region,Tajikistan,TJK,ECA,True,877.9218,False,False
AFG001,Badakhshan,Afghanistan,AFG,SAR,TJK004,Khatlon Province,Tajikistan,TJK,ECA,True,111.8314,False,False
AFG002,Badghis,Afghanistan,AFG,SAR,AFG008,Faryab,Afghanistan,AFG,SAR,False,175.7875,False,False
AFG002,Badghis,Afghanistan,AFG,SAR,AFG010,Ghor,Afghanistan,AFG,SAR,False,136.3065,False,False
AFG002,Badghis,Afghanistan,AFG,SAR,AFG012,Hirat,Afghanistan,AFG,SAR,False,285.2321,False,False
AFG002,Badghis,Afghanistan,AFG,SAR,TKM004,Mary,Turkmenistan,TKM,ECA,True,211.264,False,False
AFG003,Baghlan,Afghanistan,AFG,SAR,AFG005,Bamyan,Afghanistan,AFG,SAR,False,81.9564,False,False
AFG003,Baghlan,Afghanistan,AFG,SAR,AFG019,Kunduz,Afghanistan,AFG,SAR,False,122.4681,False,False
AFG003,Baghlan,Afghanistan,AFG,SAR,AFG027,Panjsher,Afghanistan,AFG,SAR,False,104.3977,False,False
AFG003,Baghlan,Afghanistan,AFG,SAR,AFG028,Parwan,Afghanistan,AFG,SAR,False,147.1928,False,False
AFG003,Baghlan,Afghanistan,AFG,SAR,AFG029,Samangan,Afghanistan,AFG,SAR,False,166.969,False,False
AFG003,Baghlan,Afghanistan,AFG,SAR,AFG031,Takhar,Afghanistan,AFG,SAR,False,140.7361,False,False
AFG004,Balkh,Afghanistan,AFG,SAR,AFG003,Baghlan,Afghanistan,AFG,SAR,False,4.1062,True,False
AFG004,Balkh,Afghanistan,AFG,SAR,AFG013,Jawzjan,Afghanistan,AFG,SAR,False,137.182,False,False
AFG004,Balkh,Afghanistan,AFG,SAR,AFG019,Kunduz,Afghanistan,AFG,SAR,False,49.217,False,False
AFG004,Balkh,Afghanistan,AFG,SAR,AFG029,Samangan,Afghanistan,AFG,SAR,False,235.0491,False,False
AFG004,Balkh,Afghanistan,AFG,SAR,AFG030,Sar-e-Pul,Afghanistan,AFG,SAR,False,179.4782,False,False
AFG004,Balkh,Afghanistan,AFG,SAR,TJK004,Khatlon Province,Tajikistan,TJK,ECA,True,43.3499,False,False
AFG004,Balkh,Afghanistan,AFG,SAR,TKM003,Chardzhou,Turkmenistan,TKM,ECA,True,28.4011,False,False
AFG004,Balkh,Afghanistan,AFG,SAR,UZB012,Surkhandarya,Uzbekistan,UZB,ECA,True,146.5063,False,False
AFG005,Bamyan,Afghanistan,AFG,SAR,AFG006,Daykundi,Afghanistan,AFG,SAR,False,134.7261,False,False
AFG005,Bamyan,Afghanistan,AFG,SAR,AFG009,Ghazni,Afghanistan,AFG,SAR,False,22.452,False,False
AFG005,Bamyan,Afghanistan,AFG,SAR,AFG010,Ghor,Afghanistan,AFG,SAR,False,99.9434,False,False
AFG005,Bamyan,Afghanistan,AFG,SAR,AFG028,Parwan,Afghanistan,AFG,SAR,False,29.2321,False,False
AFG005,Bamyan,Afghanistan,AFG,SAR,AFG029,Samangan,Afghanistan,AFG,SAR,False,137.1973,False,False
AFG005,Bamyan,Afghanistan,AFG,SAR,AFG030,Sar-e-Pul,Afghanistan,AFG,SAR,False,109.7213,False,False
AFG005,Bamyan,Afghanistan,AFG,SAR,AFG033,Wardak,Afghanistan,AFG,SAR,False,231.0174,False,False
AFG006,Daykundi,Afghanistan,AFG,SAR,AFG009,Ghazni,Afghanistan,AFG,SAR,False,149.5716,False,False
AFG006,Daykundi,Afghanistan,AFG,SAR,AFG010,Ghor,Afghanistan,AFG,SAR,False,313.5653,False,False
AFG006,Daykundi,Afghanistan,AFG,SAR,AFG011,Hilmand,Afghanistan,AFG,SAR,False,42.5885,False,False
AFG006,Daykundi,Afghanistan,AFG,SAR,AFG032,Uruzgan,Afghanistan,AFG,SAR,False,240.858,False,False
AFG007,Farah,Afghanistan,AFG,SAR,AFG010,Ghor,Afghanistan,AFG,SAR,False,226.1235,False,False
AFG007,Farah,Afghanistan,AFG,SAR,AFG011,Hilmand,Afghanistan,AFG,SAR,False,223.8771,False,False
AFG007,Farah,Afghanistan,AFG,SAR,AFG012,Hirat,Afghanistan,AFG,SAR,False,456.9559,False,False
AFG007,Farah,Afghanistan,AFG,SAR,AFG023,Nimroz,Afghanistan,AFG,SAR,False,315.7254,False,False
AFG007,Farah,Afghanistan,AFG,SAR,IRN016,Khorasan,Islamic Republic of Iran,IRN,MENA,True,246.4799,False,False
AFG007,Farah,Afghanistan,AFG,SAR,IRN024,Sistan-o baluchestan,Islamic Republic of Iran,IRN,MENA,True,72.109,False,False
AFG008,Faryab,Afghanistan,AFG,SAR,AFG010,Ghor,Afghanistan,AFG,SAR,False,98.0725,False,False
AFG008,Faryab,Afghanistan,AFG,SAR,AFG013,Jawzjan,Afghanistan,AFG,SAR,False,226.4687,False,False
AFG008,Faryab,Afghanistan,AFG,SAR,AFG030,Sar-e-Pul,Afghanistan,AFG,SAR,False,159.5552,False,False
AFG008,Faryab,Afghanistan,AFG,SAR,TKM003,Chardzhou,Turkmenistan,TKM,ECA,True,99.2674,False,False
AFG008,Faryab,Afghanistan,AFG,SAR,TKM004,Mary,Turkmenistan,TKM,ECA,True,153.6712,False,False
AFG009,Ghazni,Afghanistan,AFG,SAR,AFG021,Logar,Afghanistan,AFG,SAR,False,29.7988,False,False
AFG009,Ghazni,Afghanistan,AFG,SAR,AFG025,Paktika,Afghanistan,AFG,SAR,False,238.4875,False,False
AFG009,Ghazni,Afghanistan,AFG,SAR,AFG026,Paktya,Afghanistan,AFG,SAR,False,24.2997,False,False
AFG009,Ghazni,Afghanistan,AFG,SAR,AFG032,Uruzgan,Afghanistan,AFG,SAR,False,80.1064,False,False
AFG009,Ghazni,Afghanistan,AFG,SAR,AFG033,Wardak,Afghanistan,AFG,SAR,False,239.5766,False,False
AFG009,Ghazni,Afghanistan,AFG,SAR,AFG034,Zabul,Afghanistan,AFG,SAR,False,248.8766,False,False
AFG010,Ghor,Afghanistan,AFG,SAR,AFG011,Hilmand,Afghanistan,AFG,SAR,False,67.8343,False,False
AFG010,Ghor,Afghanistan,AFG,SAR,AFG012,Hirat,Afghanistan,AFG,SAR,False,321.3791,False,False
AFG010,Ghor,Afghanistan,AFG,SAR,AFG030,Sar-e-Pul,Afghanistan,AFG,SAR,False,151.4884,False,False
AFG011,Hilmand,Afghanistan,AFG,SAR,AFG015,Kandahar,Afghanistan,AFG,SAR,False,359.136,False,False
AFG011,Hilmand,Afghanistan,AFG,SAR,AFG023,Nimroz,Afghanistan,AFG,SAR,False,334.1792,False,False
AFG011,Hilmand,Afghanistan,AFG,SAR,AFG032,Uruzgan,Afghanistan,AFG,SAR,False,118.0951,False,False
AFG011,Hilmand,Afghanistan,AFG,SAR,PAK002,Balochistan,Pakistan,PAK,SAR,True,221.0832,False,False
AFG012,Hirat,Afghanistan,AFG,SAR,IRN016,Khorasan,Islamic Republic of Iran,IRN,MENA,True,376.8409,False,False
AFG012,Hirat,Afghanistan,AFG,SAR,TKM001,Ahal,Turkmenistan,TKM,ECA,True,15.6826,False,False
AFG012,Hirat,Afghanistan,AFG,SAR,TKM004,Mary,Turkmenistan,TKM,ECA,True,176.9657,False,False
AFG013,Jawzjan,Afghanistan,AFG,SAR,AFG030,Sar-e-Pul,Afghanistan,AFG,SAR,False,148.0331,False,False
AFG013,Jawzjan,Afghanistan,AFG,SAR,TKM003,Chardzhou,Turkmenistan,TKM,ECA,True,105.5828,False,False
AFG014,Kabul,Afghanistan,AFG,SAR,AFG016,Kapisa,Afghanistan,AFG,SAR,False,55.3235,False,False
AFG014,Kabul,Afghanistan,AFG,SAR,AFG020,Laghman,Afghanistan,AFG,SAR,False,66.6301,False,False
AFG014,Kabul,Afghanistan,AFG,SAR,AFG021,Logar,Afghanistan,AFG,SAR,False,78.0815,False,False
AFG014,Kabul,Afghanistan,AFG,SAR,AFG022,Nangarhar,Afghanistan,AFG,SAR,False,64.3157,False,False
AFG014,Kabul,Afghanistan,AFG,SAR,AFG028,Parwan,Afghanistan,AFG,SAR,False,131.7793,False,False
AFG014,Kabul,Afghanistan,AFG,SAR,AFG033,Wardak,Afghanistan,AFG,SAR,False,43.6074,False,False
AFG015,Kandahar,Afghanistan,AFG,SAR,AFG032,Uruzgan,Afghanistan,AFG,SAR,False,180.1298,False,False
AFG015,Kandahar,Afghanistan,AFG,SAR,AFG034,Zabul,Afghanistan,AFG,SAR,False,354.0589,False,False
AFG015,Kandahar,Afghanistan,AFG,SAR,PAK002,Balochistan,Pakistan,PAK,SAR,True,572.6302,False,False
AFG016,Kapisa,Afghanistan,AFG,SAR,AFG020,Laghman,Afghanistan,AFG,SAR,False,31.3355,False,False
AFG016,Kapisa,Afghanistan,AFG,SAR,AFG027,Panjsher,Afghanistan,AFG,SAR,False,60.5473,False,False
AFG016,Kapisa,Afghanistan,AFG,SAR,AFG028,Parwan,Afghanistan,AFG,SAR,False,97.4533,False,False
AFG017,Khost,Afghanistan,AFG,SAR,AFG025,Paktika,Afghanistan,AFG,SAR,False,45.3069,False,False
AFG017,Khost,Afghanistan,AFG,SAR,AFG026,Paktya,Afghanistan,AFG,SAR,False,131.9688,False,False
AFG017,Khost,Afghanistan,AFG,SAR,PAK005,Khyber Pakhtunkhwa,Pakistan,PAK,SAR,True,194.2142,False,False
AFG018,Kunar,Afghanistan,AFG,SAR,AFG020,Laghman,Afghanistan,AFG,SAR,False,17.473,False,False
AFG018,Kunar,Afghanistan,AFG,SAR,AFG022,Nangarhar,Afghanistan,AFG,SAR,False,77.7412,False,False
AFG018,Kunar,Afghanistan,AFG,SAR,AFG024,Nuristan,Afghanistan,AFG,SAR,False,161.7872,False,False
AFG018,Kunar,Afghanistan,AFG,SAR,PAK005,Khyber Pakhtunkhwa,Pakistan,PAK,SAR,True,165.6342,False,False
AFG019,Kunduz,Afghanistan,AFG,SAR,AFG031,Takhar,Afghanistan,AFG,SAR,False,112.193,False,False
AFG019,Kunduz,Afghanistan,AFG,SAR,TJK004,Khatlon Province,Tajikistan,TJK,ECA,True,189.0476,False,False
AFG020,Laghman,Afghanistan,AFG,SAR,AFG022,Nangarhar,Afghanistan,AFG,SAR,False,93.4431,False,False
AFG020,Laghman,Afghanistan,AFG,SAR,AFG024,Nuristan,Afghanistan,AFG,SAR,False,87.0843,False,False
AFG020,Laghman,Afghanistan,AFG,SAR,AFG027,Panjsher,Afghanistan,AFG,SAR,False,27.6835,False,False
AFG021,Logar,Afghanistan,AFG,SAR,AFG022,Nangarhar,Afghanistan,AFG,SAR,False,62.5691,False,False
AFG021,Logar,Afghanistan,AFG,SAR,AFG026,Paktya,Afghanistan,AFG,SAR,False,157.2626,False,False
AFG021,Logar,Afghanistan,AFG,SAR,AFG033,Wardak,Afghanistan,AFG,SAR,False,94.4,False,False
AFG021,Logar,Afghanistan,AFG,SAR,PAK005,Khyber Pakhtunkhwa,Pakistan,PAK,SAR,True,1.4547,True,False
AFG022,Nangarhar,Afghanistan,AFG,SAR,PAK005,Khyber Pakhtunkhwa,Pakistan,PAK,SAR,True,214.0829,False,False
AFG023,Nimroz,Afghanistan,AFG,SAR,IRN024,Sistan-o baluchestan,Islamic Republic of Iran,IRN,MENA,True,221.9558,False,False
AFG023,Nimroz,Afghanistan,AFG,SAR,PAK002,Balochistan,Pakistan,PAK,SAR,True,171.7125,False,False
AFG024,Nuristan,Afghanistan,AFG,SAR,AFG027,Panjsher,Afghanistan,AFG,SAR,False,84.1183,False,False
AFG024,Nuristan,Afghanistan,AFG,SAR,PAK005,Khyber Pakhtunkhwa,Pakistan,PAK,SAR,True,106.2308,False,False
AFG025,Paktika,Afghanistan,AFG,SAR,AFG026,Paktya,Afghanistan,AFG,SAR,False,98.0701,False,False
AFG025,Paktika,Afghanistan,AFG,SAR,AFG034,Zabul,Afghanistan,AFG,SAR,False,43.8496,False,False
AFG025,Paktika,Afghanistan,AFG,SAR,PAK002,Balochistan,Pakistan,PAK,SAR,True,235.9198,False,False
AFG025,Paktika,Afghanistan,AFG,SAR,PAK005,Khyber Pakhtunkhwa,Pakistan,PAK,SAR,True,161.4565,False,False
AFG026,Paktya,Afghanistan,AFG,SAR,PAK005,Khyber Pakhtunkhwa,Pakistan,PAK,SAR,True,47.4511,False,False
AFG027,Panjsher,Afghanistan,AFG,SAR,AFG028,Parwan,Afghanistan,AFG,SAR,False,34.2454,False,False
AFG027,Panjsher,Afghanistan,AFG,SAR,AFG031,Takhar,Afghanistan,AFG,SAR,False,42.671,False,False
AFG028,Parwan,Afghanistan,AFG,SAR,AFG033,Wardak,Afghanistan,AFG,SAR,False,82.9958,False,False
AFG029,Samangan,Afghanistan,AFG,SAR,AFG030,Sar-e-Pul,Afghanistan,AFG,SAR,False,55.723,False,False
AFG031,Takhar,Afghanistan,AFG,SAR,TJK004,Khatlon Province,Tajikistan,TJK,ECA,True,137.8809,False,False
AFG032,Uruzgan,Afghanistan,AFG,SAR,AFG034,Zabul,Afghanistan,AFG,SAR,False,130.4102,False,False
AFG034,Zabul,Afghanistan,AFG,SAR,PAK002,Balochistan,Pakistan,PAK,SAR,True,73.9354,False,False
AGO001,Bengo,Angola,AGO,AFR,AGO018,Zaire,Angola,AGO,AFR,False,89.0527,False,False
AGO002,Benguela,Angola,AGO,AFR,AGO007,Cuanza Sul,Angola,AGO,AFR,False,181.2389,False,False
AGO002,Benguela,Angola,AGO,AFR,AGO009,Huambo,Angola,AGO,AFR,False,169.1427,False,False
AGO002,Benguela,Angola,AGO,AFR,AGO010,Huíla,Angola,AGO,AFR,False,209.8007,False,False
AGO002,Benguela,Angola,AGO,AFR,AGO016,Namibe,Angola,AGO,AFR,False,145.3867,False,False
AGO003,Bié,Angola,AGO,AFR,AGO005,Cuando Cubango,Angola,AGO,AFR,False,243.9678,False,False
AGO003,Bié,Angola,AGO,AFR,AGO007,Cuanza Sul,Angola,AGO,AFR,False,162.8078,False,False
AGO003,Bié,Angola,AGO,AFR,AGO009,Huambo,Angola,AGO,AFR,False,320.3231,False,False
AGO003,Bié,Angola,AGO,AFR,AGO010,Huíla,Angola,AGO,AFR,False,74.417,False,False
AGO003,Bié,Angola,AGO,AFR,AGO013,Lunda Sul,Angola,AGO,AFR,False,86.6609,False,False
AGO003,Bié,Angola,AGO,AFR,AGO014,Malanje,Angola,AGO,AFR,False,478.3009,False,False
AGO003,Bié,Angola,AGO,AFR,AGO015,Moxico,Angola,AGO,AFR,False,332.2619,False,False
AGO004,Cabinda,Angola,AGO,AFR,COG005,Kouilou,Congo,COG,AFR,True,132.2723,False,False
AGO004,Cabinda,Angola,AGO,AFR,COG010,Point-Noire,Congo,COG,AFR,True,39.1774,False,False
AGO005,Cuando Cubango,Angola,AGO,AFR,AGO008,Cunene,Angola,AGO,AFR,False,292.504,False,False
AGO005,Cuando Cubango,Angola,AGO,AFR,AGO010,Huíla,Angola,AGO,AFR,False,149.812,False,False
AGO005,Cuando Cubango,Angola,AGO,AFR,AGO015,Moxico,Angola,AGO,AFR,False,654.947,False,False
AGO005,Cuando Cubango,Angola,AGO,AFR,NAM001,Caprivi,Namibia,NAM,AFR,True,101.3069,False,False
AGO005,Cuando Cubango,Angola,AGO,AFR,NAM005,Kavango,Namibia,NAM,AFR,True,582.9844,False,False
AGO005,Cuando Cubango,Angola,AGO,AFR,NAM008,Ohangwena,Namibia,NAM,AFR,True,76.9594,False,False
AGO005,Cuando Cubango,Angola,AGO,AFR,ZMB110,Western,Zambia,ZMB,AFR,True,288.1142,False,False
AGO006,Cuanza Norte,Angola,AGO,AFR,AGO001,Bengo,Angola,AGO,AFR,False,185.0099,False,False
AGO006,Cuanza Norte,Angola,AGO,AFR,AGO007,Cuanza Sul,Angola,AGO,AFR,False,68.1975,False,False
AGO006,Cuanza Norte,Angola,AGO,AFR,AGO011,Luanda,Angola,AGO,AFR,False,138.6811,False,False
AGO006,Cuanza Norte,Angola,AGO,AFR,AGO014,Malanje,Angola,AGO,AFR,False,260.565,False,False
AGO006,Cuanza Norte,Angola,AGO,AFR,AGO017,Uíge,Angola,AGO,AFR,False,189.5909,False,False
AGO007,Cuanza Sul,Angola,AGO,AFR,AGO009,Huambo,Angola,AGO,AFR,False,149.77,False,False
AGO007,Cuanza Sul,Angola,AGO,AFR,AGO011,Luanda,Angola,AGO,AFR,False,230.0355,False,False
AGO007,Cuanza Sul,Angola,AGO,AFR,AGO014,Malanje,Angola,AGO,AFR,False,246.6749,False,False
AGO008,Cunene,Angola,AGO,AFR,AGO010,Huíla,Angola,AGO,AFR,False,448.858,False,False
AGO008,Cunene,Angola,AGO,AFR,AGO016,Namibe,Angola,AGO,AFR,False,116.9132,False,False
AGO008,Cunene,Angola,AGO,AFR,NAM007,Kunene,Namibia,NAM,AFR,True,124.5186,False,False
AGO008,Cunene,Angola,AGO,AFR,NAM008,Ohangwena,Namibia,NAM,AFR,True,183.6465,False,False
AGO008,Cunene,Angola,AGO,AFR,NAM010,Omusati,Namibia,NAM,AFR,True,143.7182,False,False
AGO010,Huíla,Angola,AGO,AFR,AGO009,Huambo,Angola,AGO,AFR,False,219.4465,False,False
AGO010,Huíla,Angola,AGO,AFR,AGO016,Namibe,Angola,AGO,AFR,False,355.2664,False,False
AGO011,Luanda,Angola,AGO,AFR,AGO001,Bengo,Angola,AGO,AFR,False,132.5403,False,False
AGO012,Lunda Norte,Angola,AGO,AFR,AGO013,Lunda Sul,Angola,AGO,AFR,False,568.3322,False,False
AGO012,Lunda Norte,Angola,AGO,AFR,AGO014,Malanje,Angola,AGO,AFR,False,383.1131,False,False
AGO012,Lunda Norte,Angola,AGO,AFR,COD018,Kasaï,Democratic Republic of Congo,COD,AFR,True,272.1424,False,False
AGO012,Lunda Norte,Angola,AGO,AFR,COD019,Kasaï-Central,Democratic Republic of Congo,COD,AFR,True,53.2099,False,False
AGO012,Lunda Norte,Angola,AGO,AFR,COD021,Kwango,Democratic Republic of Congo,COD,AFR,True,457.1315,False,False
AGO012,Lunda Norte,Angola,AGO,AFR,COD024,Lualaba,Democratic Republic of Congo,COD,AFR,True,93.4968,False,False
AGO013,Lunda Sul,Angola,AGO,AFR,AGO014,Malanje,Angola,AGO,AFR,False,206.012,False,False
AGO013,Lunda Sul,Angola,AGO,AFR,AGO015,Moxico,Angola,AGO,AFR,False,467.464,False,False
AGO013,Lunda Sul,Angola,AGO,AFR,COD024,Lualaba,Democratic Republic of Congo,COD,AFR,True,348.4298,False,False
AGO014,Malanje,Angola,AGO,AFR,AGO017,Uíge,Angola,AGO,AFR,False,255.3694,False,False
AGO014,Malanje,Angola,AGO,AFR,COD021,Kwango,Democratic Republic of Congo,COD,AFR,True,149.5201,False,False
AGO015,Moxico,Angola,AGO,AFR,COD024,Lualaba,Democratic Republic of Congo,COD,AFR,True,345.3196,False,False
AGO015,Moxico,Angola,AGO,AFR,ZMB108,North-Western,Zambia,ZMB,AFR,True,602.8115,False,False
AGO015,Moxico,Angola,AGO,AFR,ZMB110,Western,Zambia,ZMB,AFR,True,271.7012,False,False
AGO016,Namibe,Angola,AGO,AFR,NAM007,Kunene,Namibia,NAM,AFR,True,217.852,False,False
AGO017,Uíge,Angola,AGO,AFR,AGO001,Bengo,Angola,AGO,AFR,False,198.1013,False,False
AGO017,Uíge,Angola,AGO,AFR,AGO018,Zaire,Angola,AGO,AFR,False,314.7778,False,False
AGO017,Uíge,Angola,AGO,AFR,COD002,Kongo Central,Democratic Republic of Congo,COD,AFR,True,153.1207,False,False
AGO017,Uíge,Angola,AGO,AFR,COD021,Kwango,Democratic Republic of Congo,COD,AFR,True,320.3729,False,False
AIA001,Name Unknown,Anguilla (U.K.),AIA,Other,AIA003,Name Unknown,Anguilla (U.K.),AIA,Other,False,0.1248,True,True
AIA002,Name Unknown,Anguilla (U.K.),AIA,Other,AIA003,Name Unknown,Anguilla (U.K.),AIA,Other,False,1.1376,True,False
AIA006,Name Unknown,Anguilla (U.K.),AIA,Other,AIA001,Name Unknown,Anguilla (U.K.),AIA,Other,False,2.9061,True,False
AIA006,Name Unknown,Anguilla (U.K.),AIA,Other,AIA002,Name Unknown,Anguilla (U.K.),AIA,Other,False,2.6095,True,False
AIA006,Name Unknown,Anguilla (U.K.),AIA,Other,AIA003,Name Unknown,Anguilla (U.K.),AIA,Other,False,3.1293,True,False
AIA008,Name Unknown,Anguilla (U.K.),AIA,Other,AIA002,Name Unknown,Anguilla (U.K.),AIA,Other,False,1.4609,True,False
AIA008,Name Unknown,Anguilla (U.K.),AIA,Other,AIA006,Name Unknown,Anguilla (U.K.),AIA,Other,False,1.1093,True,False
AIA008,Name Unknown,Anguilla (U.K.),AIA,Other,AIA009,Name Unknown,Anguilla (U.K.),AIA,Other,False,3.8573,True,False
AIA009,Name Unknown,Anguilla (U.K.),AIA,Other,AIA002,Name Unknown,Anguilla (U.K.),AIA,Other,False,2.1666,True,False
AIA010,Name Unknown,Anguilla (U.K.),AIA,Other,AIA008,Name Unknown,Anguilla (U.K.),AIA,Other,False,2.9886,True,False
AIA010,Name Unknown,Anguilla (U.K.),AIA,Other,AIA009,Name Unknown,Anguilla (U.K.),AIA,Other,False,2.7698,True,False
ALB001,Berat,Albania,ALB,ECA,ALB007,Elbasan,Albania,ALB,ECA,False,5.211,False,False
ALB001,Berat,Albania,ALB,ECA,ALB008,Fier,Albania,ALB,ECA,False,21.8616,False,False
ALB002,Bulqize,Albania,ALB,ECA,ALB005,Diber,Albania,ALB,ECA,False,30.2471,False,False
ALB002,Bulqize,Albania,ALB,ECA,ALB020,Librazhd,Albania,ALB,ECA,False,35.4606,False,False
ALB002,Bulqize,Albania,ALB,ECA,ALB024,Mat,Albania,ALB,ECA,False,26.5028,False,False
ALB002,Bulqize,Albania,ALB,ECA,ALB034,Tirane,Albania,ALB,ECA,False,13.4628,False,False
ALB002,Bulqize,Albania,ALB,ECA,MKD007,Southwest,North Macedonia,MKD,ECA,True,41.6055,False,False
ALB003,Delvine,Albania,ALB,ECA,ALB009,Gjirokaster,Albania,ALB,ECA,False,45.2002,False,False
ALB003,Delvine,Albania,ALB,ECA,ALB030,Sarande,Albania,ALB,ECA,False,53.5789,False,False
ALB004,Devoll,Albania,ALB,ECA,ALB013,Kolonje,Albania,ALB,ECA,False,9.0568,False,False
ALB004,Devoll,Albania,ALB,ECA,ALB014,Korce,Albania,ALB,ECA,False,47.915,False,False
ALB004,Devoll,Albania,ALB,ECA,ALB023,Mallakaster,Albania,ALB,ECA,False,30.5603,False,False
ALB004,Devoll,Albania,ALB,ECA,GRC004,Dytiki Makedonia,Greece,GRC,Other,True,58.3525,False,False
ALB005,Diber,Albania,ALB,ECA,ALB017,Kukes,Albania,ALB,ECA,False,47.7122,False,False
ALB005,Diber,Albania,ALB,ECA,MKD004,Polog,North Macedonia,MKD,ECA,True,36.4447,False,False
ALB005,Diber,Albania,ALB,ECA,MKD007,Southwest,North Macedonia,MKD,ECA,True,8.9676,False,False
ALB006,Durres,Albania,ALB,ECA,ALB034,Tirane,Albania,ALB,ECA,False,26.8473,False,False
ALB007,Elbasan,Albania,ALB,ECA,ALB034,Tirane,Albania,ALB,ECA,False,29.134,False,False
ALB008,Fier,Albania,ALB,ECA,ALB036,Vlore,Albania,ALB,ECA,False,38.496,False,False
ALB009,Gjirokaster,Albania,ALB,ECA,ALB036,Vlore,Albania,ALB,ECA,False,4.2692,True,False
ALB009,Gjirokaster,Albania,ALB,ECA,GRC006,Ipeiros,Greece,GRC,Other,True,56.448,False,False
ALB010,Gramsh,Albania,ALB,ECA,ALB001,Berat,Albania,ALB,ECA,False,23.9996,False,False
ALB010,Gramsh,Albania,ALB,ECA,ALB007,Elbasan,Albania,ALB,ECA,False,44.1811,False,False
ALB010,Gramsh,Albania,ALB,ECA,ALB014,Korce,Albania,ALB,ECA,False,19.8371,False,False
ALB010,Gramsh,Albania,ALB,ECA,ALB020,Librazhd,Albania,ALB,ECA,False,9.0008,False,False
ALB010,Gramsh,Albania,ALB,ECA,ALB028,Pogradec,Albania,ALB,ECA,False,16.6862,False,False
ALB010,Gramsh,Albania,ALB,ECA,ALB032,Skrapar,Albania,ALB,ECA,False,14.7486,False,False
ALB011,Has,Albania,ALB,ECA,ALB017,Kukes,Albania,ALB,ECA,False,42.8919,False,False
ALB011,Has,Albania,ALB,ECA,ALB029,Puke,Albania,ALB,ECA,False,3.0883,True,False
ALB011,Has,Albania,ALB,ECA,ALB035,Tropoje,Albania,ALB,ECA,False,18.46,False,False
ALB011,Has,Albania,ALB,ECA,XKX002,Gjakovë,Kosovo,XKX,ECA,True,12.8098,False,False
ALB011,Has,Albania,ALB,ECA,XKX007,Prizren,Kosovo,XKX,ECA,True,11.8398,False,False
ALB012,Kavaje,Albania,ALB,ECA,ALB006,Durres,Albania,ALB,ECA,False,6.7777,False,False
ALB012,Kavaje,Albania,ALB,ECA,ALB021,Lushnje,Albania,ALB,ECA,False,32.0309,False,False
ALB012,Kavaje,Albania,ALB,ECA,ALB026,Peqin,Albania,ALB,ECA,False,13.2974,False,False
ALB012,Kavaje,Albania,ALB,ECA,ALB034,Tirane,Albania,ALB,ECA,False,25.5147,False,False
ALB013,Kolonje,Albania,ALB,ECA,ALB014,Korce,Albania,ALB,ECA,False,30.6396,False,False
ALB013,Kolonje,Albania,ALB,ECA,ALB027,Permet,Albania,ALB,ECA,False,52.3065,False,False
ALB013,Kolonje,Albania,ALB,ECA,GRC004,Dytiki Makedonia,Greece,GRC,Other,True,19.4328,False,False
ALB013,Kolonje,Albania,ALB,ECA,GRC006,Ipeiros,Greece,GRC,Other,True,34.0434,False,False
ALB014,Korce,Albania,ALB,ECA,GRC004,Dytiki Makedonia,Greece,GRC,Other,True,8.6851,False,False
ALB014,Korce,Albania,ALB,ECA,MKD003,Pelagonia,North Macedonia,MKD,ECA,True,14.6177,False,False
ALB014,Korce,Albania,ALB,ECA,MKD007,Southwest,North Macedonia,MKD,ECA,True,2.17,True,False
ALB015,Kruje,Albania,ALB,ECA,ALB006,Durres,Albania,ALB,ECA,False,16.7036,False,False
ALB015,Kruje,Albania,ALB,ECA,ALB018,Kurbin,Albania,ALB,ECA,False,27.3626,False,False
ALB015,Kruje,Albania,ALB,ECA,ALB024,Mat,Albania,ALB,ECA,False,9.1917,False,False
ALB015,Kruje,Albania,ALB,ECA,ALB034,Tirane,Albania,ALB,ECA,False,43.3842,False,False
ALB016,Kucove,Albania,ALB,ECA,ALB001,Berat,Albania,ALB,ECA,False,31.1447,False,False
ALB016,Kucove,Albania,ALB,ECA,ALB007,Elbasan,Albania,ALB,ECA,False,9.5013,False,False
ALB016,Kucove,Albania,ALB,ECA,ALB021,Lushnje,Albania,ALB,ECA,False,6.1493,False,False
ALB017,Kukes,Albania,ALB,ECA,MKD004,Polog,North Macedonia,MKD,ECA,True,5.5011,False,False
ALB017,Kukes,Albania,ALB,ECA,XKX007,Prizren,Kosovo,XKX,ECA,True,38.9308,False,False
ALB018,Kurbin,Albania,ALB,ECA,ALB006,Durres,Albania,ALB,ECA,False,2.2548,True,False
ALB018,Kurbin,Albania,ALB,ECA,ALB019,Lezhe,Albania,ALB,ECA,False,18.0706,False,False
ALB018,Kurbin,Albania,ALB,ECA,ALB024,Mat,Albania,ALB,ECA,False,18.2295,False,False
ALB018,Kurbin,Albania,ALB,ECA,ALB025,Mirdite,Albania,ALB,ECA,False,5.6035,False,False
ALB019,Lezhe,Albania,ALB,ECA,ALB031,Shkoder,Albania,ALB,ECA,False,56.7772,False,False
ALB020,Librazhd,Albania,ALB,ECA,ALB007,Elbasan,Albania,ALB,ECA,False,49.9895,False,False
ALB020,Librazhd,Albania,ALB,ECA,ALB028,Pogradec,Albania,ALB,ECA,False,34.2361,False,False
ALB020,Librazhd,Albania,ALB,ECA,ALB034,Tirane,Albania,ALB,ECA,False,14.7818,False,False
ALB020,Librazhd,Albania,ALB,ECA,MKD007,Southwest,North Macedonia,MKD,ECA,True,31.2481,False,False
ALB021,Lushnje,Albania,ALB,ECA,ALB001,Berat,Albania,ALB,ECA,False,16.8435,False,False
ALB021,Lushnje,Albania,ALB,ECA,ALB007,Elbasan,Albania,ALB,ECA,False,19.1034,False,False
ALB021,Lushnje,Albania,ALB,ECA,ALB008,Fier,Albania,ALB,ECA,False,40.0784,False,False
ALB021,Lushnje,Albania,ALB,ECA,ALB026,Peqin,Albania,ALB,ECA,False,16.4216,False,False
ALB022,Malesi E Madhe,Albania,ALB,ECA,ALB031,Shkoder,Albania,ALB,ECA,False,56.4215,False,False
ALB022,Malesi E Madhe,Albania,ALB,ECA,MNE001,Andrijevica,Montenegro,MNE,ECA,True,18.9191,False,False
ALB022,Malesi E Madhe,Albania,ALB,ECA,MNE013,Plav,Montenegro,MNE,ECA,True,16.6916,False,False
ALB022,Malesi E Madhe,Albania,ALB,ECA,MNE016,Podgorica,Montenegro,MNE,ECA,True,41.7264,False,False
ALB023,Mallakaster,Albania,ALB,ECA,ALB001,Berat,Albania,ALB,ECA,False,24.2291,False,False
ALB023,Mallakaster,Albania,ALB,ECA,ALB008,Fier,Albania,ALB,ECA,False,25.8679,False,False
ALB023,Mallakaster,Albania,ALB,ECA,ALB033,Tepelene,Albania,ALB,ECA,False,19.2507,False,False
ALB023,Mallakaster,Albania,ALB,ECA,ALB036,Vlore,Albania,ALB,ECA,False,26.1632,False,False
ALB024,Mat,Albania,ALB,ECA,ALB005,Diber,Albania,ALB,ECA,False,27.5785,False,False
ALB024,Mat,Albania,ALB,ECA,ALB025,Mirdite,Albania,ALB,ECA,False,38.1354,False,False
ALB024,Mat,Albania,ALB,ECA,ALB034,Tirane,Albania,ALB,ECA,False,27.5833,False,False
ALB025,Mirdite,Albania,ALB,ECA,ALB005,Diber,Albania,ALB,ECA,False,24.9452,False,False
ALB025,Mirdite,Albania,ALB,ECA,ALB017,Kukes,Albania,ALB,ECA,False,19.882,False,False
ALB025,Mirdite,Albania,ALB,ECA,ALB019,Lezhe,Albania,ALB,ECA,False,41.1192,False,False
ALB025,Mirdite,Albania,ALB,ECA,ALB029,Puke,Albania,ALB,ECA,False,48.124,False,False
ALB026,Peqin,Albania,ALB,ECA,ALB007,Elbasan,Albania,ALB,ECA,False,25.7174,False,False
ALB026,Peqin,Albania,ALB,ECA,ALB034,Tirane,Albania,ALB,ECA,False,15.6499,False,False
ALB027,Permet,Albania,ALB,ECA,ALB009,Gjirokaster,Albania,ALB,ECA,False,39.171,False,False
ALB027,Permet,Albania,ALB,ECA,ALB014,Korce,Albania,ALB,ECA,False,1.7454,True,False
ALB027,Permet,Albania,ALB,ECA,ALB032,Skrapar,Albania,ALB,ECA,False,49.7976,False,False
ALB027,Permet,Albania,ALB,ECA,ALB033,Tepelene,Albania,ALB,ECA,False,38.5468,False,False
ALB027,Permet,Albania,ALB,ECA,GRC006,Ipeiros,Greece,GRC,Other,True,16.4116,False,False
ALB028,Pogradec,Albania,ALB,ECA,ALB014,Korce,Albania,ALB,ECA,False,47.647,False,False
ALB028,Pogradec,Albania,ALB,ECA,MKD007,Southwest,North Macedonia,MKD,ECA,True,12.5436,False,False
ALB029,Puke,Albania,ALB,ECA,ALB017,Kukes,Albania,ALB,ECA,False,31.5606,False,False
ALB029,Puke,Albania,ALB,ECA,ALB019,Lezhe,Albania,ALB,ECA,False,13.2383,False,False
ALB029,Puke,Albania,ALB,ECA,ALB031,Shkoder,Albania,ALB,ECA,False,46.369,False,False
ALB029,Puke,Albania,ALB,ECA,ALB035,Tropoje,Albania,ALB,ECA,False,33.388,False,False
ALB030,Sarande,Albania,ALB,ECA,ALB009,Gjirokaster,Albania,ALB,ECA,False,17.2732,False,False
ALB030,Sarande,Albania,ALB,ECA,ALB036,Vlore,Albania,ALB,ECA,False,15.1392,False,False
ALB030,Sarande,Albania,ALB,ECA,GRC006,Ipeiros,Greece,GRC,Other,True,52.0971,False,False
ALB031,Shkoder,Albania,ALB,ECA,MNE002,Bar,Montenegro,MNE,ECA,True,2.8579,True,False
ALB031,Shkoder,Albania,ALB,ECA,MNE013,Plav,Montenegro,MNE,ECA,True,4.2834,True,False
ALB031,Shkoder,Albania,ALB,ECA,MNE020,Ulcinj,Montenegro,MNE,ECA,True,7.1871,False,False
ALB032,Skrapar,Albania,ALB,ECA,ALB001,Berat,Albania,ALB,ECA,False,39.0456,False,False
ALB032,Skrapar,Albania,ALB,ECA,ALB014,Korce,Albania,ALB,ECA,False,42.1165,False,False
ALB032,Skrapar,Albania,ALB,ECA,ALB033,Tepelene,Albania,ALB,ECA,False,2.051,True,False
ALB033,Tepelene,Albania,ALB,ECA,ALB001,Berat,Albania,ALB,ECA,False,19.9123,False,False
ALB033,Tepelene,Albania,ALB,ECA,ALB009,Gjirokaster,Albania,ALB,ECA,False,25.3199,False,False
ALB033,Tepelene,Albania,ALB,ECA,ALB036,Vlore,Albania,ALB,ECA,False,35.2066,False,False
ALB035,Tropoje,Albania,ALB,ECA,ALB031,Shkoder,Albania,ALB,ECA,False,32.2896,False,False
ALB035,Tropoje,Albania,ALB,ECA,MNE013,Plav,Montenegro,MNE,ECA,True,30.9139,False,False
ALB035,Tropoje,Albania,ALB,ECA,XKX002,Gjakovë,Kosovo,XKX,ECA,True,48.1103,False,False
AND001,Andorra La Vella,Andorra,AND,Other,AND004,Escaldes-engordany,Andorra,AND,Other,False,7.2704,False,False
AND001,Andorra La Vella,Andorra,AND,Other,AND005,La Massana,Andorra,AND,Other,False,5.0243,False,False
AND001,Andorra La Vella,Andorra,AND,Other,AND007,Sant Julia De Loria,Andorra,AND,Other,False,9.4651,False,False
AND001,Andorra La Vella,Andorra,AND,Other,ESP008,Cataluña/Catalunya,Spain,ESP,Other,True,1.1625,True,False
AND002,Canillo,Andorra,AND,Other,AND003,Encamp,Andorra,AND,Other,False,19.45,False,False
AND002,Canillo,Andorra,AND,Other,AND006,Ordino,Andorra,AND,Other,False,10.3384,False,False
AND002,Canillo,Andorra,AND,Other,FRA014,Languedoc-Rousillon,France,FRA,Other,True,0.2869,True,True
AND002,Canillo,Andorra,AND,Other,FRA017,Midi-Pyrenees,France,FRA,Other,True,21.6476,False,False
AND003,Encamp,Andorra,AND,Other,AND005,La Massana,Andorra,AND,Other,False,3.1227,True,False
AND003,Encamp,Andorra,AND,Other,AND006,Ordino,Andorra,AND,Other,False,0.1216,True,True
AND003,Encamp,Andorra,AND,Other,ESP008,Cataluña/Catalunya,Spain,ESP,Other,True,6.1747,False,False
AND003,Encamp,Andorra,AND,Other,FRA014,Languedoc-Rousillon,France,FRA,Other,True,10.6089,False,False
AND004,Escaldes-engordany,Andorra,AND,Other,AND003,Encamp,Andorra,AND,Other,False,11.5167,False,False
AND004,Escaldes-engordany,Andorra,AND,Other,AND005,La Massana,Andorra,AND,Other,False,2.3917,True,False
AND004,Escaldes-engordany,Andorra,AND,Other,AND007,Sant Julia De Loria,Andorra,AND,Other,False,2.4158,True,False
AND004,Escaldes-engordany,Andorra,AND,Other,ESP008,Cataluña/Catalunya,Spain,ESP,Other,True,12.8978,False,False
AND005,La Massana,Andorra,AND,Other,AND006,Ordino,Andorra,AND,Other,False,11.3944,False,False
AND005,La Massana,Andorra,AND,Other,ESP008,Cataluña/Catalunya,Spain,ESP,Other,True,16.8043,False,False
AND005,La Massana,Andorra,AND,Other,FRA017,Midi-Pyrenees,France,FRA,Other,True,2.4622,True,False
AND006,Ordino,Andorra,AND,Other,FRA017,Midi-Pyrenees,France,FRA,Other,True,19.2428,False,False
AND007,Sant Julia De Loria,Andorra,AND,Other,ESP008,Cataluña/Catalunya,Spain,ESP,Other,True,24.8266,False,False
ARE001,Abu Dhabi,United Arab Emirates,ARE,MENA,OMN004,Al Dhahira,Oman,OMN,MENA,True,333.653,False,False
ARE001,Abu Dhabi,United Arab Emirates,ARE,MENA,SAU008,Ash Sharqīyah,Saudi Arabia,SAU,MENA,True,455.9159,False,False
ARE002,Ajman,United Arab Emirates,ARE,MENA,ARE003,Dubai,United Arab Emirates,ARE,MENA,False,15.6591,False,False
ARE002,Ajman,United Arab Emirates,ARE,MENA,ARE004,Fujairah,United Arab Emirates,ARE,MENA,False,9.108,False,False
ARE002,Ajman,United Arab Emirates,ARE,MENA,ARE005,Ras Al Khaimah,United Arab Emirates,ARE,MENA,False,3.132,True,False
ARE002,Ajman,United Arab Emirates,ARE,MENA,ARE006,Sharjah,United Arab Emirates,ARE,MENA,False,53.3611,False,False
ARE002,Ajman,United Arab Emirates,ARE,MENA,OMN003,Al Batnah,Oman,OMN,MENA,True,28.8525,False,False
ARE003,Dubai,United Arab Emirates,ARE,MENA,ARE001,Abu Dhabi,United Arab Emirates,ARE,MENA,False,102.326,False,False
ARE003,Dubai,United Arab Emirates,ARE,MENA,ARE004,Fujairah,United Arab Emirates,ARE,MENA,False,2.5509,True,False
ARE003,Dubai,United Arab Emirates,ARE,MENA,ARE005,Ras Al Khaimah,United Arab Emirates,ARE,MENA,False,23.7283,False,False
ARE003,Dubai,United Arab Emirates,ARE,MENA,ARE006,Sharjah,United Arab Emirates,ARE,MENA,False,82.6319,False,False
ARE003,Dubai,United Arab Emirates,ARE,MENA,OMN003,Al Batnah,Oman,OMN,MENA,True,32.6806,False,False
ARE004,Fujairah,United Arab Emirates,ARE,MENA,ARE005,Ras Al Khaimah,United Arab Emirates,ARE,MENA,False,180.9174,False,False
ARE004,Fujairah,United Arab Emirates,ARE,MENA,ARE006,Sharjah,United Arab Emirates,ARE,MENA,False,91.3133,False,False
ARE004,Fujairah,United Arab Emirates,ARE,MENA,OMN003,Al Batnah,Oman,OMN,MENA,True,12.2487,False,False
ARE004,Fujairah,United Arab Emirates,ARE,MENA,OMN007,Musandam,Oman,OMN,MENA,True,9.4446,False,False
ARE004,Fujairah,United Arab Emirates,ARE,MENA,OMN009,Name Unknown,Oman,OMN,MENA,True,15.7148,False,False
ARE005,Ras Al Khaimah,United Arab Emirates,ARE,MENA,ARE006,Sharjah,United Arab Emirates,ARE,MENA,False,85.2416,False,False
ARE005,Ras Al Khaimah,United Arab Emirates,ARE,MENA,ARE007,Umm AL Quwain,United Arab Emirates,ARE,MENA,False,42.3076,False,False
ARE005,Ras Al Khaimah,United Arab Emirates,ARE,MENA,OMN003,Al Batnah,Oman,OMN,MENA,True,19.6272,False,False
ARE005,Ras Al Khaimah,United Arab Emirates,ARE,MENA,OMN007,Musandam,Oman,OMN,MENA,True,64.0858,False,False
ARE005,Ras Al Khaimah,United Arab Emirates,ARE,MENA,OMN009,Name Unknown,Oman,OMN,MENA,True,5.0,False,False
ARE006,Sharjah,United Arab Emirates,ARE,MENA,ARE001,Abu Dhabi,United Arab Emirates,ARE,MENA,False,9.3645,False,False
ARE006,Sharjah,United Arab Emirates,ARE,MENA,ARE007,Umm AL Quwain,United Arab Emirates,ARE,MENA,False,64.3169,False,False
ARE006,Sharjah,United Arab Emirates,ARE,MENA,OMN003,Al Batnah,Oman,OMN,MENA,True,23.3452,False,False
ARE006,Sharjah,United Arab Emirates,ARE,MENA,OMN004,Al Dhahira,Oman,OMN,MENA,True,19.8957,False,False
ARE006,Sharjah,United Arab Emirates,ARE,MENA,OMN007,Musandam,Oman,OMN,MENA,True,3.4081,True,False
ARE006,Sharjah,United Arab Emirates,ARE,MENA,OMN009,Name Unknown,Oman,OMN,MENA,True,32.8849,False,False
ARG001,Buenos Aires,Argentina,ARG,LCR,ARG002,Buenos Aires D.f.,Argentina,ARG,LCR,False,36.8675,False,False
ARG001,Buenos Aires,Argentina,ARG,LCR,ARG006,Cordoba,Argentina,ARG,LCR,False,114.5272,False,False
ARG001,Buenos Aires,Argentina,ARG,LCR,ARG008,Entre Rios,Argentina,ARG,LCR,False,95.5001,False,False
ARG001,Buenos Aires,Argentina,ARG,LCR,ARG011,La Pampa,Argentina,ARG,LCR,False,480.0365,False,False
ARG001,Buenos Aires,Argentina,ARG,LCR,ARG016,Rio Negro,Argentina,ARG,LCR,False,223.9907,False,False
ARG001,Buenos Aires,Argentina,ARG,LCR,ARG021,Santa Fe,Argentina,ARG,LCR,False,331.1943,False,False
ARG001,Buenos Aires,Argentina,ARG,LCR,URY004,Colonia,Uruguay,URY,LCR,True,2.3476,True,False
ARG003,Catamarca,Argentina,ARG,LCR,ARG012,La Rioja,Argentina,ARG,LCR,False,608.8595,False,False
ARG003,Catamarca,Argentina,ARG,LCR,ARG017,Salta,Argentina,ARG,LCR,False,420.0206,False,False
ARG003,Catamarca,Argentina,ARG,LCR,ARG022,Santiago Del Estero,Argentina,ARG,LCR,False,213.5758,False,False
ARG003,Catamarca,Argentina,ARG,LCR,ARG024,Tucuman,Argentina,ARG,LCR,False,358.4417,False,False
ARG003,Catamarca,Argentina,ARG,LCR,CHL002,Antofagasta,Chile,CHL,LCR,True,23.8799,False,False
ARG003,Catamarca,Argentina,ARG,LCR,CHL005,Atacama,Chile,CHL,LCR,True,439.6412,False,False
ARG004,Chaco,Argentina,ARG,LCR,ARG007,Corrientes,Argentina,ARG,LCR,False,107.2913,False,False
ARG004,Chaco,Argentina,ARG,LCR,ARG009,Formosa,Argentina,ARG,LCR,False,908.4868,False,False
ARG004,Chaco,Argentina,ARG,LCR,ARG017,Salta,Argentina,ARG,LCR,False,208.4438,False,False
ARG004,Chaco,Argentina,ARG,LCR,ARG021,Santa Fe,Argentina,ARG,LCR,False,283.8306,False,False
ARG004,Chaco,Argentina,ARG,LCR,ARG022,Santiago Del Estero,Argentina,ARG,LCR,False,431.5654,False,False
ARG004,Chaco,Argentina,ARG,LCR,PRY014,Neembucu,Paraguay,PRY,LCR,True,87.312,False,False
ARG005,Chubut,Argentina,ARG,LCR,ARG016,Rio Negro,Argentina,ARG,LCR,False,554.2858,False,False
ARG005,Chubut,Argentina,ARG,LCR,ARG020,Santa Cruz,Argentina,ARG,LCR,False,314.2467,False,False
ARG005,Chubut,Argentina,ARG,LCR,CHL001,Aisen del Gral. Carlos Ibañez del Campo,Chile,CHL,LCR,True,571.454,False,False
ARG005,Chubut,Argentina,ARG,LCR,CHL009,Los Lagos,Chile,CHL,LCR,True,432.0758,False,False
ARG006,Cordoba,Argentina,ARG,LCR,ARG003,Catamarca,Argentina,ARG,LCR,False,102.2305,False,False
ARG006,Cordoba,Argentina,ARG,LCR,ARG011,La Pampa,Argentina,ARG,LCR,False,157.3157,False,False
ARG006,Cordoba,Argentina,ARG,LCR,ARG012,La Rioja,Argentina,ARG,LCR,False,201.6643,False,False
ARG006,Cordoba,Argentina,ARG,LCR,ARG019,San Luis,Argentina,ARG,LCR,False,436.9364,False,False
ARG006,Cordoba,Argentina,ARG,LCR,ARG021,Santa Fe,Argentina,ARG,LCR,False,540.6954,False,False
ARG006,Cordoba,Argentina,ARG,LCR,ARG022,Santiago Del Estero,Argentina,ARG,LCR,False,357.7458,False,False
ARG007,Corrientes,Argentina,ARG,LCR,ARG008,Entre Rios,Argentina,ARG,LCR,False,276.1757,False,False
ARG007,Corrientes,Argentina,ARG,LCR,ARG014,Misiones,Argentina,ARG,LCR,False,122.7632,False,False
ARG007,Corrientes,Argentina,ARG,LCR,ARG021,Santa Fe,Argentina,ARG,LCR,False,313.5156,False,False
ARG007,Corrientes,Argentina,ARG,LCR,BRA025,Rio Grande Do Sul,Brazil,BRA,LCR,True,371.8667,False,False
ARG007,Corrientes,Argentina,ARG,LCR,PRY012,Itapua,Paraguay,PRY,LCR,True,119.6675,False,False
ARG007,Corrientes,Argentina,ARG,LCR,PRY013,Misiones,Paraguay,PRY,LCR,True,54.9598,False,False
ARG007,Corrientes,Argentina,ARG,LCR,PRY014,Neembucu,Paraguay,PRY,LCR,True,133.0158,False,False
ARG007,Corrientes,Argentina,ARG,LCR,URY001,Artigas,Uruguay,URY,LCR,True,80.43,False,False
ARG007,Corrientes,Argentina,ARG,LCR,URY015,Salto,Uruguay,URY,LCR,True,1.8769,True,False
ARG008,Entre Rios,Argentina,ARG,LCR,ARG021,Santa Fe,Argentina,ARG,LCR,False,424.2881,False,False
ARG008,Entre Rios,Argentina,ARG,LCR,URY011,Paysandu,Uruguay,URY,LCR,True,136.8275,False,False
ARG008,Entre Rios,Argentina,ARG,LCR,URY012,Rio Negro,Uruguay,URY,LCR,True,81.3065,False,False
ARG008,Entre Rios,Argentina,ARG,LCR,URY015,Salto,Uruguay,URY,LCR,True,99.1648,False,False
ARG009,Formosa,Argentina,ARG,LCR,ARG017,Salta,Argentina,ARG,LCR,False,181.2169,False,False
ARG009,Formosa,Argentina,ARG,LCR,PRY004,Boqueron,Paraguay,PRY,LCR,True,314.2222,False,False
ARG009,Formosa,Argentina,ARG,LCR,PRY008,Central,Paraguay,PRY,LCR,True,100.9904,False,False
ARG009,Formosa,Argentina,ARG,LCR,PRY014,Neembucu,Paraguay,PRY,LCR,True,203.3098,False,False
ARG009,Formosa,Argentina,ARG,LCR,PRY016,Presidente Hayes,Paraguay,PRY,LCR,True,456.9864,False,False
ARG010,Jujuy,Argentina,ARG,LCR,ARG017,Salta,Argentina,ARG,LCR,False,985.1104,False,False
ARG010,Jujuy,Argentina,ARG,LCR,CHL002,Antofagasta,Chile,CHL,LCR,True,109.3227,False,False
ARG011,La Pampa,Argentina,ARG,LCR,ARG013,Mendoza,Argentina,ARG,LCR,False,330.458,False,False
ARG011,La Pampa,Argentina,ARG,LCR,ARG016,Rio Negro,Argentina,ARG,LCR,False,735.2064,False,False
ARG011,La Pampa,Argentina,ARG,LCR,ARG019,San Luis,Argentina,ARG,LCR,False,246.2352,False,False
ARG012,La Rioja,Argentina,ARG,LCR,ARG018,San Juan,Argentina,ARG,LCR,False,596.4855,False,False
ARG012,La Rioja,Argentina,ARG,LCR,ARG019,San Luis,Argentina,ARG,LCR,False,105.532,False,False
ARG012,La Rioja,Argentina,ARG,LCR,CHL005,Atacama,Chile,CHL,LCR,True,129.7318,False,False
ARG013,Mendoza,Argentina,ARG,LCR,ARG015,Neuquen,Argentina,ARG,LCR,False,333.0453,False,False
ARG013,Mendoza,Argentina,ARG,LCR,ARG018,San Juan,Argentina,ARG,LCR,False,438.6835,False,False
ARG013,Mendoza,Argentina,ARG,LCR,ARG019,San Luis,Argentina,ARG,LCR,False,552.7277,False,False
ARG013,Mendoza,Argentina,ARG,LCR,CHL008,Libertador Gral. Bernardo O'Higgins,Chile,CHL,LCR,True,111.758,False,False
ARG013,Mendoza,Argentina,ARG,LCR,CHL012,Maule,Chile,CHL,LCR,True,210.0673,False,False
ARG013,Mendoza,Argentina,ARG,LCR,CHL013,Metropolitana,Chile,CHL,LCR,True,236.7116,False,False
ARG013,Mendoza,Argentina,ARG,LCR,CHL015,Valparaiso,Chile,CHL,LCR,True,73.9768,False,False
ARG014,Misiones,Argentina,ARG,LCR,BRA020,Parana,Brazil,BRA,LCR,True,287.8673,False,False
ARG014,Misiones,Argentina,ARG,LCR,BRA025,Rio Grande Do Sul,Brazil,BRA,LCR,True,347.0965,False,False
ARG014,Misiones,Argentina,ARG,LCR,BRA028,Santa Catarina,Brazil,BRA,LCR,True,253.4212,False,False
ARG014,Misiones,Argentina,ARG,LCR,PRY002,Alto Parana,Paraguay,PRY,LCR,True,97.3697,False,False
ARG014,Misiones,Argentina,ARG,LCR,PRY012,Itapua,Paraguay,PRY,LCR,True,256.8551,False,False
ARG015,Neuquen,Argentina,ARG,LCR,ARG016,Rio Negro,Argentina,ARG,LCR,False,573.6578,False,False
ARG015,Neuquen,Argentina,ARG,LCR,CHL003,Araucania,Chile,CHL,LCR,True,286.107,False,False
ARG015,Neuquen,Argentina,ARG,LCR,CHL006,Biobio,Chile,CHL,LCR,True,296.9987,False,False
ARG015,Neuquen,Argentina,ARG,LCR,CHL009,Los Lagos,Chile,CHL,LCR,True,80.1673,False,False
ARG015,Neuquen,Argentina,ARG,LCR,CHL010,Los Rios,Chile,CHL,LCR,True,208.4146,False,False
ARG015,Neuquen,Argentina,ARG,LCR,CHL012,Maule,Chile,CHL,LCR,True,120.4259,False,False
ARG016,Rio Negro,Argentina,ARG,LCR,CHL009,Los Lagos,Chile,CHL,LCR,True,166.8056,False,False
ARG017,Salta,Argentina,ARG,LCR,ARG022,Santiago Del Estero,Argentina,ARG,LCR,False,162.4515,False,False
ARG017,Salta,Argentina,ARG,LCR,ARG024,Tucuman,Argentina,ARG,LCR,False,226.6394,False,False
ARG017,Salta,Argentina,ARG,LCR,CHL002,Antofagasta,Chile,CHL,LCR,True,288.2677,False,False
ARG018,San Juan,Argentina,ARG,LCR,ARG019,San Luis,Argentina,ARG,LCR,False,117.314,False,False
ARG018,San Juan,Argentina,ARG,LCR,CHL005,Atacama,Chile,CHL,LCR,True,175.8947,False,False
ARG018,San Juan,Argentina,ARG,LCR,CHL007,Coquimbo,Chile,CHL,LCR,True,510.4421,False,False
ARG018,San Juan,Argentina,ARG,LCR,CHL015,Valparaiso,Chile,CHL,LCR,True,49.6694,False,False
ARG020,Santa Cruz,Argentina,ARG,LCR,CHL001,Aisen del Gral. Carlos Ibañez del Campo,Chile,CHL,LCR,True,538.2568,False,False
ARG020,Santa Cruz,Argentina,ARG,LCR,CHL011,Magallanes y Antartica chilena,Chile,CHL,LCR,True,892.911,False,False
ARG022,Santiago Del Estero,Argentina,ARG,LCR,ARG021,Santa Fe,Argentina,ARG,LCR,False,259.0241,False,False
ARG022,Santiago Del Estero,Argentina,ARG,LCR,ARG024,Tucuman,Argentina,ARG,LCR,False,259.3856,False,False
ARG023,Tierra Del Fuego,Argentina,ARG,LCR,CHL011,Magallanes y Antartica chilena,Chile,CHL,LCR,True,248.9244,False,False
ARM001,Aragatsotn,Armenia,ARM,ECA,ARM003,Armavir,Armenia,ARM,ECA,False,78.5409,False,False
ARM001,Aragatsotn,Armenia,ARM,ECA,ARM005,Kotayk,Armenia,ARM,ECA,False,75.4139,False,False
ARM001,Aragatsotn,Armenia,ARM,ECA,ARM006,Lori,Armenia,ARM,ECA,False,28.6641,False,False
ARM001,Aragatsotn,Armenia,ARM,ECA,ARM007,Shirak,Armenia,ARM,ECA,False,104.7885,False,False
ARM001,Aragatsotn,Armenia,ARM,ECA,ARM011,Yerevan,Armenia,ARM,ECA,False,2.5404,True,False
ARM001,Aragatsotn,Armenia,ARM,ECA,TUR045,Kars,Türkiye,TUR,ECA,True,23.965,False,False
ARM002,Ararat,Armenia,ARM,ECA,ARM003,Armavir,Armenia,ARM,ECA,False,18.35,False,False
ARM002,Ararat,Armenia,ARM,ECA,ARM004,Gergharkunik,Armenia,ARM,ECA,False,41.5171,False,False
ARM002,Ararat,Armenia,ARM,ECA,ARM005,Kotayk,Armenia,ARM,ECA,False,43.3611,False,False
ARM002,Ararat,Armenia,ARM,ECA,ARM010,Vayots Dzor,Armenia,ARM,ECA,False,10.1028,False,False
ARM002,Ararat,Armenia,ARM,ECA,ARM011,Yerevan,Armenia,ARM,ECA,False,21.7233,False,False
ARM002,Ararat,Armenia,ARM,ECA,AZE054,Sadarak,Azerbaijan,AZE,ECA,True,30.4397,False,False
ARM002,Ararat,Armenia,ARM,ECA,AZE062,Sharur,Azerbaijan,AZE,ECA,True,13.7154,False,False
ARM002,Ararat,Armenia,ARM,ECA,TUR038,Igdir,Türkiye,TUR,ECA,True,66.9528,False,False
ARM003,Armavir,Armenia,ARM,ECA,ARM011,Yerevan,Armenia,ARM,ECA,False,7.3538,False,False
ARM003,Armavir,Armenia,ARM,ECA,TUR038,Igdir,Türkiye,TUR,ECA,True,84.8052,False,False
ARM003,Armavir,Armenia,ARM,ECA,TUR045,Kars,Türkiye,TUR,ECA,True,14.1288,False,False
ARM004,Gergharkunik,Armenia,ARM,ECA,ARM005,Kotayk,Armenia,ARM,ECA,False,66.2971,False,False
ARM004,Gergharkunik,Armenia,ARM,ECA,ARM009,Tavush,Armenia,ARM,ECA,False,67.0075,False,False
ARM004,Gergharkunik,Armenia,ARM,ECA,ARM010,Vayots Dzor,Armenia,ARM,ECA,False,50.2971,False,False
ARM004,Gergharkunik,Armenia,ARM,ECA,AZE014,Dashkasan,Azerbaijan,AZE,ECA,True,6.8479,False,False
ARM004,Gergharkunik,Armenia,ARM,ECA,AZE017,Gadabay,Azerbaijan,AZE,ECA,True,102.4673,False,False
ARM004,Gergharkunik,Armenia,ARM,ECA,AZE034,Kalbajar,Azerbaijan,AZE,ECA,True,78.9067,False,False
ARM005,Kotayk,Armenia,ARM,ECA,ARM006,Lori,Armenia,ARM,ECA,False,33.6684,False,False
ARM005,Kotayk,Armenia,ARM,ECA,ARM009,Tavush,Armenia,ARM,ECA,False,3.076,True,False
ARM006,Lori,Armenia,ARM,ECA,ARM007,Shirak,Armenia,ARM,ECA,False,77.0272,False,False
ARM006,Lori,Armenia,ARM,ECA,ARM009,Tavush,Armenia,ARM,ECA,False,90.5266,False,False
ARM006,Lori,Armenia,ARM,ECA,GEO006,Kvemo Kartli,Georgia,GEO,ECA,True,128.7649,False,False
ARM006,Lori,Armenia,ARM,ECA,GEO010,Samtskhe-Javakheti,Georgia,GEO,ECA,True,1.0604,True,False
ARM007,Shirak,Armenia,ARM,ECA,GEO010,Samtskhe-Javakheti,Georgia,GEO,ECA,True,44.0957,False,False
ARM007,Shirak,Armenia,ARM,ECA,TUR009,Ardahan,Türkiye,TUR,ECA,True,13.4922,False,False
ARM007,Shirak,Armenia,ARM,ECA,TUR045,Kars,Türkiye,TUR,ECA,True,108.6635,False,False
ARM008,Syunik,Armenia,ARM,ECA,ARM010,Vayots Dzor,Armenia,ARM,ECA,False,34.3873,False,False
ARM008,Syunik,Armenia,ARM,ECA,AZE026,Gubadly,Azerbaijan,AZE,ECA,True,56.4358,False,False
ARM008,Syunik,Armenia,ARM,ECA,AZE033,Julfa,Azerbaijan,AZE,ECA,True,15.3678,False,False
ARM008,Syunik,Armenia,ARM,ECA,AZE034,Kalbajar,Azerbaijan,AZE,ECA,True,11.2652,False,False
ARM008,Syunik,Armenia,ARM,ECA,AZE042,Lachin,Azerbaijan,AZE,ECA,True,123.4129,False,False
ARM008,Syunik,Armenia,ARM,ECA,AZE051,Ordubad,Azerbaijan,AZE,ECA,True,68.7712,False,False
ARM008,Syunik,Armenia,ARM,ECA,AZE058,Shahbuz,Azerbaijan,AZE,ECA,True,37.5413,False,False
ARM008,Syunik,Armenia,ARM,ECA,AZE073,Zangilan,Azerbaijan,AZE,ECA,True,90.1658,False,False
ARM008,Syunik,Armenia,ARM,ECA,IRN004,East Azarbayejan,Islamic Republic of Iran,IRN,MENA,True,44.7701,False,False
ARM009,Tavush,Armenia,ARM,ECA,AZE005,Aghstafa,Azerbaijan,AZE,ECA,True,17.4299,False,False
ARM009,Tavush,Armenia,ARM,ECA,AZE017,Gadabay,Azerbaijan,AZE,ECA,True,17.7425,False,False
ARM009,Tavush,Armenia,ARM,ECA,AZE020,Gazakh,Azerbaijan,AZE,ECA,True,123.0704,False,False
ARM009,Tavush,Armenia,ARM,ECA,AZE068,Tovuz,Azerbaijan,AZE,ECA,True,41.8024,False,False
ARM009,Tavush,Armenia,ARM,ECA,GEO006,Kvemo Kartli,Georgia,GEO,ECA,True,41.3353,False,False
ARM010,Vayots Dzor,Armenia,ARM,ECA,AZE008,Babek,Azerbaijan,AZE,ECA,True,12.5899,False,False
ARM010,Vayots Dzor,Armenia,ARM,ECA,AZE034,Kalbajar,Azerbaijan,AZE,ECA,True,31.9129,False,False
ARM010,Vayots Dzor,Armenia,ARM,ECA,AZE035,Kengerli,Azerbaijan,AZE,ECA,True,10.0216,False,False
ARM010,Vayots Dzor,Armenia,ARM,ECA,AZE058,Shahbuz,Azerbaijan,AZE,ECA,True,31.632,False,False
ARM010,Vayots Dzor,Armenia,ARM,ECA,AZE062,Sharur,Azerbaijan,AZE,ECA,True,43.3556,False,False
ARM011,Yerevan,Armenia,ARM,ECA,ARM005,Kotayk,Armenia,ARM,ECA,False,32.0511,False,False
ATG003,St. George,Antigua and Barbuda,ATG,LCR,ATG004,St. John,Antigua and Barbuda,ATG,LCR,False,13.4283,False,False
ATG003,St. George,Antigua and Barbuda,ATG,LCR,ATG007,St. Peter,Antigua and Barbuda,ATG,LCR,False,5.9319,False,False
ATG004,St. John,Antigua and Barbuda,ATG,LCR,ATG005,St. Mary,Antigua and Barbuda,ATG,LCR,False,12.0295,False,False
ATG004,St. John,Antigua and Barbuda,ATG,LCR,ATG006,St. Paul,Antigua and Barbuda,ATG,LCR,False,3.1221,True,False
ATG004,St. John,Antigua and Barbuda,ATG,LCR,ATG007,St. Peter,Antigua and Barbuda,ATG,LCR,False,1.6647,True,False
ATG005,St. Mary,Antigua and Barbuda,ATG,LCR,ATG006,St. Paul,Antigua and Barbuda,ATG,LCR,False,5.2641,False,False
ATG006,St. Paul,Antigua and Barbuda,ATG,LCR,ATG007,St. Peter,Antigua and Barbuda,ATG,LCR,False,4.9528,True,False
ATG006,St. Paul,Antigua and Barbuda,ATG,LCR,ATG008,St. Philip,Antigua and Barbuda,ATG,LCR,False,4.0451,True,False
ATG007,St. Peter,Antigua and Barbuda,ATG,LCR,ATG008,St. Philip,Antigua and Barbuda,ATG,LCR,False,5.9615,False,False
AUS002,Australian Capital Territory,Australia,AUS,Other,AUS004,New South Wales,Australia,AUS,Other,False,297.0491,False,False
AUS004,New South Wales,Australia,AUS,Other,AUS007,Queensland,Australia,AUS,Other,False,1588.3511,False,False
AUS004,New South Wales,Australia,AUS,Other,AUS008,South Australia,Australia,AUS,Other,False,556.921,False,False
AUS004,New South Wales,Australia,AUS,Other,AUS010,Victoria,Australia,AUS,Other,False,1888.6206,False,False
AUS006,Other Territories,Australia,AUS,Other,AUS004,New South Wales,Australia,AUS,Other,False,7.4133,False,False
AUS007,Queensland,Australia,AUS,Other,AUS005,Northern Territory,Australia,AUS,Other,False,1044.736,False,False
AUS007,Queensland,Australia,AUS,Other,AUS008,South Australia,Australia,AUS,Other,False,633.1374,False,False
AUS008,South Australia,Australia,AUS,Other,AUS005,Northern Territory,Australia,AUS,Other,False,900.8944,False,False
AUS008,South Australia,Australia,AUS,Other,AUS010,Victoria,Australia,AUS,Other,False,463.52,False,False
AUS008,South Australia,Australia,AUS,Other,AUS011,Western Australia,Australia,AUS,Other,False,630.4857,False,False
AUS011,Western Australia,Australia,AUS,Other,AUS005,Northern Territory,Australia,AUS,Other,False,1118.5277,False,False
AUT001,Burgenland,Austria,AUT,Other,AUT006,Steiermark,Austria,AUT,Other,False,94.8614,False,False
AUT001,Burgenland,Austria,AUT,Other,HUN008,Gyor-moson-sopron,Hungary,HUN,ECA,True,171.4261,False,False
AUT001,Burgenland,Austria,AUT,Other,HUN018,Vas,Hungary,HUN,ECA,True,159.9719,False,False
AUT001,Burgenland,Austria,AUT,Other,SVK002,Bratislava,Slovak Republic,SVK,ECA,True,35.244,False,False
AUT001,Burgenland,Austria,AUT,Other,SVN009,Pomurska,Slovenia,SVN,ECA,True,12.7468,False,False
AUT002,Karnten,Austria,AUT,Other,AUT005,Salzburg,Austria,AUT,Other,False,119.1733,False,False
AUT002,Karnten,Austria,AUT,Other,AUT006,Steiermark,Austria,AUT,Other,False,182.9122,False,False
AUT002,Karnten,Austria,AUT,Other,AUT007,Tirol,Austria,AUT,Other,False,91.7122,False,False
AUT002,Karnten,Austria,AUT,Other,ITA020,Veneto,Italy,ITA,Other,True,6.4954,False,False
AUT002,Karnten,Austria,AUT,Other,SVN004,Koroska,Slovenia,SVN,ECA,True,56.9406,False,False
AUT002,Karnten,Austria,AUT,Other,SVN010,Savinjska,Slovenia,SVN,ECA,True,15.6861,False,False
AUT003,Niederosterreich,Austria,AUT,Other,AUT001,Burgenland,Austria,AUT,Other,False,169.4724,False,False
AUT003,Niederosterreich,Austria,AUT,Other,AUT004,Oberosterreich,Austria,AUT,Other,False,207.5703,False,False
AUT003,Niederosterreich,Austria,AUT,Other,AUT006,Steiermark,Austria,AUT,Other,False,178.3915,False,False
AUT003,Niederosterreich,Austria,AUT,Other,AUT009,Wien,Austria,AUT,Other,False,117.4948,False,False
AUT003,Niederosterreich,Austria,AUT,Other,CZE001,Jihocesky,Czech Republic,CZE,ECA,True,141.5583,False,False
AUT003,Niederosterreich,Austria,AUT,Other,CZE002,Jihomoravsky,Czech Republic,CZE,ECA,True,164.4833,False,False
AUT003,Niederosterreich,Austria,AUT,Other,SVK002,Bratislava,Slovak Republic,SVK,ECA,True,58.4471,False,False
AUT003,Niederosterreich,Austria,AUT,Other,SVK007,Trnava,Slovak Republic,SVK,ECA,True,9.8085,False,False
AUT004,Oberosterreich,Austria,AUT,Other,AUT005,Salzburg,Austria,AUT,Other,False,166.8351,False,False
AUT004,Oberosterreich,Austria,AUT,Other,AUT006,Steiermark,Austria,AUT,Other,False,149.6723,False,False
AUT005,Salzburg,Austria,AUT,Other,AUT007,Tirol,Austria,AUT,Other,False,164.1183,False,False
AUT005,Salzburg,Austria,AUT,Other,ITA017,Trentino-alto Adige,Italy,ITA,Other,True,9.583,False,False
AUT006,Steiermark,Austria,AUT,Other,AUT005,Salzburg,Austria,AUT,Other,False,108.247,False,False
AUT006,Steiermark,Austria,AUT,Other,SVN004,Koroska,Slovenia,SVN,ECA,True,31.1883,False,False
AUT006,Steiermark,Austria,AUT,Other,SVN008,Podravska,Slovenia,SVN,ECA,True,47.0611,False,False
AUT006,Steiermark,Austria,AUT,Other,SVN009,Pomurska,Slovenia,SVN,ECA,True,45.9102,False,False
AUT007,Tirol,Austria,AUT,Other,AUT008,Vorarlberg,Austria,AUT,Other,False,62.2492,False,False
AUT007,Tirol,Austria,AUT,Other,CHE010,Graubunden,Switzerland,CHE,Other,True,56.9548,False,False
AUT007,Tirol,Austria,AUT,Other,ITA017,Trentino-alto Adige,Italy,ITA,Other,True,268.4005,False,False
AUT007,Tirol,Austria,AUT,Other,ITA020,Veneto,Italy,ITA,Other,True,17.96,False,False
AUT008,Vorarlberg,Austria,AUT,Other,CHE010,Graubunden,Switzerland,CHE,Other,True,65.2575,False,False
AUT008,Vorarlberg,Austria,AUT,Other,CHE016,Sankt Gallen,Switzerland,CHE,Other,True,39.0898,False,False
AUT008,Vorarlberg,Austria,AUT,Other,LIE001,Balzers,Liechtenstein,LIE,Other,True,8.2495,False,False
AUT008,Vorarlberg,Austria,AUT,Other,LIE002,Eschen,Liechtenstein,LIE,Other,True,0.9901,True,True
AUT008,Vorarlberg,Austria,AUT,Other,LIE004,Mauren,Liechtenstein,LIE,Other,True,5.8304,False,False
AUT008,Vorarlberg,Austria,AUT,Other,LIE005,Planken,Liechtenstein,LIE,Other,True,4.4444,True,False
AUT008,Vorarlberg,Austria,AUT,Other,LIE006,Ruggell,Liechtenstein,LIE,Other,True,2.4243,True,False
AUT008,Vorarlberg,Austria,AUT,Other,LIE007,Schaan,Liechtenstein,LIE,Other,True,3.0501,True,False
AUT008,Vorarlberg,Austria,AUT,Other,LIE008,Schellenberg,Liechtenstein,LIE,Other,True,2.7582,True,False
AUT008,Vorarlberg,Austria,AUT,Other,LIE010,Triesenberg,Liechtenstein,LIE,Other,True,5.9002,False,False
AZE001,Absheron,Azerbaijan,AZE,ECA,AZE009,Baku,Azerbaijan,AZE,ECA,False,148.5171,False,False
AZE001,Absheron,Azerbaijan,AZE,ECA,AZE021,Gobustan,Azerbaijan,AZE,ECA,False,48.0338,False,False
AZE001,Absheron,Azerbaijan,AZE,ECA,AZE028,Hajigabul,Azerbaijan,AZE,ECA,False,62.919,False,False
AZE001,Absheron,Azerbaijan,AZE,ECA,AZE038,Khizy,Azerbaijan,AZE,ECA,False,27.1498,False,False
AZE001,Absheron,Azerbaijan,AZE,ECA,AZE066,Sumgait,Azerbaijan,AZE,ECA,False,22.7829,False,False
AZE002,Agdash,Azerbaijan,AZE,ECA,AZE011,Barda,Azerbaijan,AZE,ECA,False,39.9338,False,False
AZE002,Agdash,Azerbaijan,AZE,ECA,AZE016,Gabala,Azerbaijan,AZE,ECA,False,16.1621,False,False
AZE002,Agdash,Azerbaijan,AZE,ECA,AZE023,Goychay,Azerbaijan,AZE,ECA,False,14.4562,False,False
AZE002,Agdash,Azerbaijan,AZE,ECA,AZE059,Shaki,Azerbaijan,AZE,ECA,False,23.9841,False,False
AZE002,Agdash,Azerbaijan,AZE,ECA,AZE069,Ujar,Azerbaijan,AZE,ECA,False,27.1849,False,False
AZE002,Agdash,Azerbaijan,AZE,ECA,AZE071,Yevlakh,Azerbaijan,AZE,ECA,False,30.593,False,False
AZE002,Agdash,Azerbaijan,AZE,ECA,AZE074,Zardab,Azerbaijan,AZE,ECA,False,14.383,False,False
AZE003,Agdjabadi,Azerbaijan,AZE,ECA,AZE004,Aghdam,Azerbaijan,AZE,ECA,False,66.2096,False,False
AZE003,Agdjabadi,Azerbaijan,AZE,ECA,AZE011,Barda,Azerbaijan,AZE,ECA,False,28.9219,False,False
AZE003,Agdjabadi,Azerbaijan,AZE,ECA,AZE012,Beylagan,Azerbaijan,AZE,ECA,False,59.8058,False,False
AZE003,Agdjabadi,Azerbaijan,AZE,ECA,AZE015,Fuzuli,Azerbaijan,AZE,ECA,False,13.9632,False,False
AZE003,Agdjabadi,Azerbaijan,AZE,ECA,AZE040,Khojavand,Azerbaijan,AZE,ECA,False,21.0334,False,False
AZE003,Agdjabadi,Azerbaijan,AZE,ECA,AZE074,Zardab,Azerbaijan,AZE,ECA,False,40.0454,False,False
AZE004,Aghdam,Azerbaijan,AZE,ECA,AZE011,Barda,Azerbaijan,AZE,ECA,False,12.3975,False,False
AZE004,Aghdam,Azerbaijan,AZE,ECA,AZE034,Kalbajar,Azerbaijan,AZE,ECA,False,6.003,False,False
AZE004,Aghdam,Azerbaijan,AZE,ECA,AZE039,Khojaly,Azerbaijan,AZE,ECA,False,41.552,False,False
AZE004,Aghdam,Azerbaijan,AZE,ECA,AZE040,Khojavand,Azerbaijan,AZE,ECA,False,42.7121,False,False
AZE004,Aghdam,Azerbaijan,AZE,ECA,AZE067,Tartar,Azerbaijan,AZE,ECA,False,49.6137,False,False
AZE005,Aghstafa,Azerbaijan,AZE,ECA,AZE020,Gazakh,Azerbaijan,AZE,ECA,False,55.562,False,False
AZE005,Aghstafa,Azerbaijan,AZE,ECA,AZE068,Tovuz,Azerbaijan,AZE,ECA,False,51.6028,False,False
AZE005,Aghstafa,Azerbaijan,AZE,ECA,GEO006,Kvemo Kartli,Georgia,GEO,ECA,True,23.8486,False,False
AZE006,Aghsu,Azerbaijan,AZE,ECA,AZE028,Hajigabul,Azerbaijan,AZE,ECA,False,6.7745,False,False
AZE006,Aghsu,Azerbaijan,AZE,ECA,AZE030,Ismayilly,Azerbaijan,AZE,ECA,False,46.2801,False,False
AZE006,Aghsu,Azerbaijan,AZE,ECA,AZE041,Kurdamir,Azerbaijan,AZE,ECA,False,58.9322,False,False
AZE006,Aghsu,Azerbaijan,AZE,ECA,AZE060,Shamakhy,Azerbaijan,AZE,ECA,False,77.0307,False,False
AZE007,Astara,Azerbaijan,AZE,ECA,AZE043,Lankaran,Azerbaijan,AZE,ECA,False,16.0113,False,False
AZE007,Astara,Azerbaijan,AZE,ECA,AZE044,Lerik,Azerbaijan,AZE,ECA,False,18.4298,False,False
AZE007,Astara,Azerbaijan,AZE,ECA,IRN001,Ardebil,Islamic Republic of Iran,IRN,MENA,True,5.8571,False,False
AZE007,Astara,Azerbaijan,AZE,ECA,IRN009,Gilan,Islamic Republic of Iran,IRN,MENA,True,35.9994,False,False
AZE008,Babek,Azerbaijan,AZE,ECA,AZE033,Julfa,Azerbaijan,AZE,ECA,False,46.4076,False,False
AZE008,Babek,Azerbaijan,AZE,ECA,AZE035,Kengerli,Azerbaijan,AZE,ECA,False,42.7737,False,False
AZE008,Babek,Azerbaijan,AZE,ECA,AZE048,Nakhchivan,Azerbaijan,AZE,ECA,False,33.8221,False,False
AZE008,Babek,Azerbaijan,AZE,ECA,AZE058,Shahbuz,Azerbaijan,AZE,ECA,False,38.9663,False,False
AZE008,Babek,Azerbaijan,AZE,ECA,IRN004,East Azarbayejan,Islamic Republic of Iran,IRN,MENA,True,8.3265,False,False
AZE008,Babek,Azerbaijan,AZE,ECA,IRN026,West Azarbayejan,Islamic Republic of Iran,IRN,MENA,True,34.6396,False,False
AZE009,Baku,Azerbaijan,AZE,ECA,AZE028,Hajigabul,Azerbaijan,AZE,ECA,False,17.0715,False,False
AZE009,Baku,Azerbaijan,AZE,ECA,AZE055,Salyan,Azerbaijan,AZE,ECA,False,15.9425,False,False
AZE009,Baku,Azerbaijan,AZE,ECA,AZE066,Sumgait,Azerbaijan,AZE,ECA,False,2.9912,True,False
AZE010,Balakan,Azerbaijan,AZE,ECA,AZE072,Zagatala,Azerbaijan,AZE,ECA,False,50.9581,False,False
AZE011,Barda,Azerbaijan,AZE,ECA,AZE067,Tartar,Azerbaijan,AZE,ECA,False,32.6989,False,False
AZE011,Barda,Azerbaijan,AZE,ECA,AZE071,Yevlakh,Azerbaijan,AZE,ECA,False,27.2284,False,False
AZE011,Barda,Azerbaijan,AZE,ECA,AZE074,Zardab,Azerbaijan,AZE,ECA,False,8.4703,False,False
AZE012,Beylagan,Azerbaijan,AZE,ECA,AZE015,Fuzuli,Azerbaijan,AZE,ECA,False,28.0205,False,False
AZE012,Beylagan,Azerbaijan,AZE,ECA,AZE029,Imishly,Azerbaijan,AZE,ECA,False,69.857,False,False
AZE012,Beylagan,Azerbaijan,AZE,ECA,AZE074,Zardab,Azerbaijan,AZE,ECA,False,6.8682,False,False
AZE013,Bilasuvar,Azerbaijan,AZE,ECA,AZE029,Imishly,Azerbaijan,AZE,ECA,False,49.9614,False,False
AZE013,Bilasuvar,Azerbaijan,AZE,ECA,AZE032,Jalilabad,Azerbaijan,AZE,ECA,False,64.2692,False,False
AZE013,Bilasuvar,Azerbaijan,AZE,ECA,AZE052,Saatly,Azerbaijan,AZE,ECA,False,24.6926,False,False
AZE013,Bilasuvar,Azerbaijan,AZE,ECA,AZE053,Sabirabad,Azerbaijan,AZE,ECA,False,16.8688,False,False
AZE013,Bilasuvar,Azerbaijan,AZE,ECA,AZE055,Salyan,Azerbaijan,AZE,ECA,False,23.6636,False,False
AZE013,Bilasuvar,Azerbaijan,AZE,ECA,IRN001,Ardebil,Islamic Republic of Iran,IRN,MENA,True,59.2612,False,False
AZE014,Dashkasan,Azerbaijan,AZE,ECA,AZE017,Gadabay,Azerbaijan,AZE,ECA,False,32.193,False,False
AZE014,Dashkasan,Azerbaijan,AZE,ECA,AZE024,Goygol,Azerbaijan,AZE,ECA,False,51.9894,False,False
AZE014,Dashkasan,Azerbaijan,AZE,ECA,AZE034,Kalbajar,Azerbaijan,AZE,ECA,False,23.6419,False,False
AZE014,Dashkasan,Azerbaijan,AZE,ECA,AZE061,Shamkir,Azerbaijan,AZE,ECA,False,21.5942,False,False
AZE015,Fuzuli,Azerbaijan,AZE,ECA,AZE031,Jabrayil,Azerbaijan,AZE,ECA,False,25.1673,False,False
AZE015,Fuzuli,Azerbaijan,AZE,ECA,AZE040,Khojavand,Azerbaijan,AZE,ECA,False,72.0163,False,False
AZE015,Fuzuli,Azerbaijan,AZE,ECA,IRN004,East Azarbayejan,Islamic Republic of Iran,IRN,MENA,True,10.8286,False,False
AZE016,Gabala,Azerbaijan,AZE,ECA,AZE023,Goychay,Azerbaijan,AZE,ECA,False,13.2145,False,False
AZE016,Gabala,Azerbaijan,AZE,ECA,AZE050,Oghuz,Azerbaijan,AZE,ECA,False,51.2612,False,False
AZE016,Gabala,Azerbaijan,AZE,ECA,AZE059,Shaki,Azerbaijan,AZE,ECA,False,7.7512,False,False
AZE017,Gadabay,Azerbaijan,AZE,ECA,AZE061,Shamkir,Azerbaijan,AZE,ECA,False,37.1288,False,False
AZE017,Gadabay,Azerbaijan,AZE,ECA,AZE068,Tovuz,Azerbaijan,AZE,ECA,False,55.6241,False,False
AZE018,Gakh,Azerbaijan,AZE,ECA,AZE056,Samukh,Azerbaijan,AZE,ECA,False,22.4019,False,False
AZE018,Gakh,Azerbaijan,AZE,ECA,AZE059,Shaki,Azerbaijan,AZE,ECA,False,86.2381,False,False
AZE018,Gakh,Azerbaijan,AZE,ECA,AZE071,Yevlakh,Azerbaijan,AZE,ECA,False,16.0884,False,False
AZE018,Gakh,Azerbaijan,AZE,ECA,AZE072,Zagatala,Azerbaijan,AZE,ECA,False,46.2555,False,False
AZE019,Ganja,Azerbaijan,AZE,ECA,AZE024,Goygol,Azerbaijan,AZE,ECA,False,21.6557,False,False
AZE019,Ganja,Azerbaijan,AZE,ECA,AZE056,Samukh,Azerbaijan,AZE,ECA,False,7.9308,False,False
AZE020,Gazakh,Azerbaijan,AZE,ECA,GEO006,Kvemo Kartli,Georgia,GEO,ECA,True,12.6838,False,False
AZE021,Gobustan,Azerbaijan,AZE,ECA,AZE028,Hajigabul,Azerbaijan,AZE,ECA,False,9.668,False,False
AZE021,Gobustan,Azerbaijan,AZE,ECA,AZE038,Khizy,Azerbaijan,AZE,ECA,False,49.7654,False,False
AZE021,Gobustan,Azerbaijan,AZE,ECA,AZE060,Shamakhy,Azerbaijan,AZE,ECA,False,65.2137,False,False
AZE022,Goranboy,Azerbaijan,AZE,ECA,AZE024,Goygol,Azerbaijan,AZE,ECA,False,52.963,False,False
AZE022,Goranboy,Azerbaijan,AZE,ECA,AZE034,Kalbajar,Azerbaijan,AZE,ECA,False,20.84,False,False
AZE022,Goranboy,Azerbaijan,AZE,ECA,AZE047,Naftalan,Azerbaijan,AZE,ECA,False,14.9961,False,False
AZE022,Goranboy,Azerbaijan,AZE,ECA,AZE056,Samukh,Azerbaijan,AZE,ECA,False,33.5635,False,False
AZE022,Goranboy,Azerbaijan,AZE,ECA,AZE067,Tartar,Azerbaijan,AZE,ECA,False,40.3442,False,False
AZE022,Goranboy,Azerbaijan,AZE,ECA,AZE071,Yevlakh,Azerbaijan,AZE,ECA,False,72.7097,False,False
AZE023,Goychay,Azerbaijan,AZE,ECA,AZE069,Ujar,Azerbaijan,AZE,ECA,False,40.6555,False,False
AZE024,Goygol,Azerbaijan,AZE,ECA,AZE034,Kalbajar,Azerbaijan,AZE,ECA,False,14.5578,False,False
AZE024,Goygol,Azerbaijan,AZE,ECA,AZE056,Samukh,Azerbaijan,AZE,ECA,False,21.9888,False,False
AZE024,Goygol,Azerbaijan,AZE,ECA,AZE061,Shamkir,Azerbaijan,AZE,ECA,False,30.6441,False,False
AZE025,Guba,Azerbaijan,AZE,ECA,AZE016,Gabala,Azerbaijan,AZE,ECA,False,15.9428,False,False
AZE025,Guba,Azerbaijan,AZE,ECA,AZE027,Gusar,Azerbaijan,AZE,ECA,False,65.7591,False,False
AZE025,Guba,Azerbaijan,AZE,ECA,AZE030,Ismayilly,Azerbaijan,AZE,ECA,False,34.3,False,False
AZE025,Guba,Azerbaijan,AZE,ECA,AZE036,Khachmaz,Azerbaijan,AZE,ECA,False,24.2962,False,False
AZE025,Guba,Azerbaijan,AZE,ECA,AZE057,Shabran,Azerbaijan,AZE,ECA,False,60.5196,False,False
AZE025,Guba,Azerbaijan,AZE,ECA,AZE060,Shamakhy,Azerbaijan,AZE,ECA,False,25.6872,False,False
AZE026,Gubadly,Azerbaijan,AZE,ECA,AZE031,Jabrayil,Azerbaijan,AZE,ECA,False,26.7843,False,False
AZE026,Gubadly,Azerbaijan,AZE,ECA,AZE040,Khojavand,Azerbaijan,AZE,ECA,False,17.5235,False,False
AZE026,Gubadly,Azerbaijan,AZE,ECA,AZE042,Lachin,Azerbaijan,AZE,ECA,False,17.1901,False,False
AZE026,Gubadly,Azerbaijan,AZE,ECA,AZE073,Zangilan,Azerbaijan,AZE,ECA,False,33.7158,False,False
AZE027,Gusar,Azerbaijan,AZE,ECA,AZE016,Gabala,Azerbaijan,AZE,ECA,False,12.8892,False,False
AZE027,Gusar,Azerbaijan,AZE,ECA,AZE036,Khachmaz,Azerbaijan,AZE,ECA,False,35.1559,False,False
AZE027,Gusar,Azerbaijan,AZE,ECA,RUS017,Dagestan Rep.,Russian Federation,RUS,ECA,True,102.1851,False,False
AZE028,Hajigabul,Azerbaijan,AZE,ECA,AZE041,Kurdamir,Azerbaijan,AZE,ECA,False,16.5721,False,False
AZE028,Hajigabul,Azerbaijan,AZE,ECA,AZE053,Sabirabad,Azerbaijan,AZE,ECA,False,52.6839,False,False
AZE028,Hajigabul,Azerbaijan,AZE,ECA,AZE055,Salyan,Azerbaijan,AZE,ECA,False,41.559,False,False
AZE028,Hajigabul,Azerbaijan,AZE,ECA,AZE060,Shamakhy,Azerbaijan,AZE,ECA,False,30.752,False,False
AZE028,Hajigabul,Azerbaijan,AZE,ECA,AZE063,Shirvan,Azerbaijan,AZE,ECA,False,20.3834,False,False
AZE029,Imishly,Azerbaijan,AZE,ECA,AZE074,Zardab,Azerbaijan,AZE,ECA,False,9.7351,False,False
AZE030,Ismayilly,Azerbaijan,AZE,ECA,AZE016,Gabala,Azerbaijan,AZE,ECA,False,59.5495,False,False
AZE030,Ismayilly,Azerbaijan,AZE,ECA,AZE023,Goychay,Azerbaijan,AZE,ECA,False,40.4138,False,False
AZE030,Ismayilly,Azerbaijan,AZE,ECA,AZE041,Kurdamir,Azerbaijan,AZE,ECA,False,7.3216,False,False
AZE030,Ismayilly,Azerbaijan,AZE,ECA,AZE060,Shamakhy,Azerbaijan,AZE,ECA,False,22.2401,False,False
AZE031,Jabrayil,Azerbaijan,AZE,ECA,AZE040,Khojavand,Azerbaijan,AZE,ECA,False,53.5817,False,False
AZE031,Jabrayil,Azerbaijan,AZE,ECA,AZE073,Zangilan,Azerbaijan,AZE,ECA,False,9.5858,False,False
AZE031,Jabrayil,Azerbaijan,AZE,ECA,IRN004,East Azarbayejan,Islamic Republic of Iran,IRN,MENA,True,53.4196,False,False
AZE032,Jalilabad,Azerbaijan,AZE,ECA,AZE070,Yardimly,Azerbaijan,AZE,ECA,False,14.656,False,False
AZE033,Julfa,Azerbaijan,AZE,ECA,AZE051,Ordubad,Azerbaijan,AZE,ECA,False,53.7326,False,False
AZE033,Julfa,Azerbaijan,AZE,ECA,AZE058,Shahbuz,Azerbaijan,AZE,ECA,False,27.8385,False,False
AZE033,Julfa,Azerbaijan,AZE,ECA,IRN004,East Azarbayejan,Islamic Republic of Iran,IRN,MENA,True,25.3246,False,False
AZE034,Kalbajar,Azerbaijan,AZE,ECA,AZE039,Khojaly,Azerbaijan,AZE,ECA,False,26.0993,False,False
AZE034,Kalbajar,Azerbaijan,AZE,ECA,AZE042,Lachin,Azerbaijan,AZE,ECA,False,57.5992,False,False
AZE034,Kalbajar,Azerbaijan,AZE,ECA,AZE067,Tartar,Azerbaijan,AZE,ECA,False,49.1969,False,False
AZE035,Kengerli,Azerbaijan,AZE,ECA,AZE062,Sharur,Azerbaijan,AZE,ECA,False,34.7837,False,False
AZE035,Kengerli,Azerbaijan,AZE,ECA,IRN026,West Azarbayejan,Islamic Republic of Iran,IRN,MENA,True,43.2819,False,False
AZE036,Khachmaz,Azerbaijan,AZE,ECA,AZE057,Shabran,Azerbaijan,AZE,ECA,False,30.0014,False,False
AZE036,Khachmaz,Azerbaijan,AZE,ECA,RUS017,Dagestan Rep.,Russian Federation,RUS,ECA,True,17.3654,False,False
AZE037,Khankendi,Azerbaijan,AZE,ECA,AZE039,Khojaly,Azerbaijan,AZE,ECA,False,22.9202,False,False
AZE038,Khizy,Azerbaijan,AZE,ECA,AZE057,Shabran,Azerbaijan,AZE,ECA,False,6.7978,False,False
AZE038,Khizy,Azerbaijan,AZE,ECA,AZE060,Shamakhy,Azerbaijan,AZE,ECA,False,11.9847,False,False
AZE038,Khizy,Azerbaijan,AZE,ECA,AZE065,Siyazan,Azerbaijan,AZE,ECA,False,57.0405,False,False
AZE038,Khizy,Azerbaijan,AZE,ECA,AZE066,Sumgait,Azerbaijan,AZE,ECA,False,6.5558,False,False
AZE039,Khojaly,Azerbaijan,AZE,ECA,AZE040,Khojavand,Azerbaijan,AZE,ECA,False,30.0213,False,False
AZE039,Khojaly,Azerbaijan,AZE,ECA,AZE042,Lachin,Azerbaijan,AZE,ECA,False,25.687,False,False
AZE039,Khojaly,Azerbaijan,AZE,ECA,AZE064,Shusha,Azerbaijan,AZE,ECA,False,29.4299,False,False
AZE040,Khojavand,Azerbaijan,AZE,ECA,AZE042,Lachin,Azerbaijan,AZE,ECA,False,19.3953,False,False
AZE040,Khojavand,Azerbaijan,AZE,ECA,AZE064,Shusha,Azerbaijan,AZE,ECA,False,8.7606,False,False
AZE041,Kurdamir,Azerbaijan,AZE,ECA,AZE023,Goychay,Azerbaijan,AZE,ECA,False,11.1379,False,False
AZE041,Kurdamir,Azerbaijan,AZE,ECA,AZE029,Imishly,Azerbaijan,AZE,ECA,False,56.1909,False,False
AZE041,Kurdamir,Azerbaijan,AZE,ECA,AZE053,Sabirabad,Azerbaijan,AZE,ECA,False,27.301,False,False
AZE041,Kurdamir,Azerbaijan,AZE,ECA,AZE069,Ujar,Azerbaijan,AZE,ECA,False,15.7615,False,False
AZE041,Kurdamir,Azerbaijan,AZE,ECA,AZE074,Zardab,Azerbaijan,AZE,ECA,False,28.0771,False,False
AZE042,Lachin,Azerbaijan,AZE,ECA,AZE064,Shusha,Azerbaijan,AZE,ECA,False,44.5951,False,False
AZE043,Lankaran,Azerbaijan,AZE,ECA,AZE044,Lerik,Azerbaijan,AZE,ECA,False,40.4536,False,False
AZE043,Lankaran,Azerbaijan,AZE,ECA,AZE045,Masally,Azerbaijan,AZE,ECA,False,47.5926,False,False
AZE043,Lankaran,Azerbaijan,AZE,ECA,AZE049,Neftchala,Azerbaijan,AZE,ECA,False,23.7773,False,False
AZE044,Lerik,Azerbaijan,AZE,ECA,AZE045,Masally,Azerbaijan,AZE,ECA,False,9.4085,False,False
AZE044,Lerik,Azerbaijan,AZE,ECA,AZE070,Yardimly,Azerbaijan,AZE,ECA,False,37.0126,False,False
AZE044,Lerik,Azerbaijan,AZE,ECA,IRN001,Ardebil,Islamic Republic of Iran,IRN,MENA,True,50.5869,False,False
AZE045,Masally,Azerbaijan,AZE,ECA,AZE032,Jalilabad,Azerbaijan,AZE,ECA,False,37.5924,False,False
AZE045,Masally,Azerbaijan,AZE,ECA,AZE049,Neftchala,Azerbaijan,AZE,ECA,False,10.8373,False,False
AZE045,Masally,Azerbaijan,AZE,ECA,AZE070,Yardimly,Azerbaijan,AZE,ECA,False,10.8419,False,False
AZE046,Mingechevir,Azerbaijan,AZE,ECA,AZE071,Yevlakh,Azerbaijan,AZE,ECA,False,30.3772,False,False
AZE049,Neftchala,Azerbaijan,AZE,ECA,AZE032,Jalilabad,Azerbaijan,AZE,ECA,False,31.5363,False,False
AZE049,Neftchala,Azerbaijan,AZE,ECA,AZE055,Salyan,Azerbaijan,AZE,ECA,False,67.5041,False,False
AZE050,Oghuz,Azerbaijan,AZE,ECA,AZE059,Shaki,Azerbaijan,AZE,ECA,False,69.9028,False,False
AZE051,Ordubad,Azerbaijan,AZE,ECA,IRN004,East Azarbayejan,Islamic Republic of Iran,IRN,MENA,True,45.1317,False,False
AZE052,Saatly,Azerbaijan,AZE,ECA,AZE029,Imishly,Azerbaijan,AZE,ECA,False,49.9212,False,False
AZE052,Saatly,Azerbaijan,AZE,ECA,AZE053,Sabirabad,Azerbaijan,AZE,ECA,False,86.664,False,False
AZE053,Sabirabad,Azerbaijan,AZE,ECA,AZE055,Salyan,Azerbaijan,AZE,ECA,False,54.2411,False,False
AZE053,Sabirabad,Azerbaijan,AZE,ECA,AZE063,Shirvan,Azerbaijan,AZE,ECA,False,1.5907,True,False
AZE054,Sadarak,Azerbaijan,AZE,ECA,AZE062,Sharur,Azerbaijan,AZE,ECA,False,18.5017,False,False
AZE054,Sadarak,Azerbaijan,AZE,ECA,IRN026,West Azarbayejan,Islamic Republic of Iran,IRN,MENA,True,1.2078,True,False
AZE054,Sadarak,Azerbaijan,AZE,ECA,TUR038,Igdir,Türkiye,TUR,ECA,True,16.5305,False,False
AZE055,Salyan,Azerbaijan,AZE,ECA,AZE063,Shirvan,Azerbaijan,AZE,ECA,False,4.0588,True,False
AZE056,Samukh,Azerbaijan,AZE,ECA,AZE061,Shamkir,Azerbaijan,AZE,ECA,False,38.9256,False,False
AZE056,Samukh,Azerbaijan,AZE,ECA,AZE068,Tovuz,Azerbaijan,AZE,ECA,False,10.0204,False,False
AZE057,Shabran,Azerbaijan,AZE,ECA,AZE060,Shamakhy,Azerbaijan,AZE,ECA,False,9.6818,False,False
AZE057,Shabran,Azerbaijan,AZE,ECA,AZE065,Siyazan,Azerbaijan,AZE,ECA,False,60.0204,False,False
AZE059,Shaki,Azerbaijan,AZE,ECA,AZE071,Yevlakh,Azerbaijan,AZE,ECA,False,31.3937,False,False
AZE061,Shamkir,Azerbaijan,AZE,ECA,AZE068,Tovuz,Azerbaijan,AZE,ECA,False,61.2116,False,False
AZE062,Sharur,Azerbaijan,AZE,ECA,IRN026,West Azarbayejan,Islamic Republic of Iran,IRN,MENA,True,55.0541,False,False
AZE067,Tartar,Azerbaijan,AZE,ECA,AZE071,Yevlakh,Azerbaijan,AZE,ECA,False,8.3998,False,False
AZE069,Ujar,Azerbaijan,AZE,ECA,AZE074,Zardab,Azerbaijan,AZE,ECA,False,40.4098,False,False
AZE073,Zangilan,Azerbaijan,AZE,ECA,IRN004,East Azarbayejan,Islamic Republic of Iran,IRN,MENA,True,53.5876,False,False
BDI001,Bubanza,Burundi,BDI,AFR,BDI006,Cibitoke,Burundi,BDI,AFR,False,48.4483,False,False
BDI005,Cankuzo,Burundi,BDI,AFR,BDI008,Karuzi,Burundi,BDI,AFR,False,6.328,False,False
BDI005,Cankuzo,Burundi,BDI,AFR,BDI013,Muyinga,Burundi,BDI,AFR,False,41.7057,False,False
BDI005,Cankuzo,Burundi,BDI,AFR,BDI017,Ruyigi,Burundi,BDI,AFR,False,64.676,False,False
BDI005,Cankuzo,Burundi,BDI,AFR,TZA006,Kagera,Tanzania,TZA,AFR,True,54.0905,False,False
BDI005,Cankuzo,Burundi,BDI,AFR,TZA010,Kigoma,Tanzania,TZA,AFR,True,75.7445,False,False
BDI006,Cibitoke,Burundi,BDI,AFR,RWA005,West/Iburengerazuba,Rwanda,RWA,AFR,True,65.4144,False,False
BDI007,Gitega,Burundi,BDI,AFR,BDI008,Karuzi,Burundi,BDI,AFR,False,63.8133,False,False
BDI007,Gitega,Burundi,BDI,AFR,BDI009,Kayanza,Burundi,BDI,AFR,False,21.5454,False,False
BDI007,Gitega,Burundi,BDI,AFR,BDI012,Muramvya,Burundi,BDI,AFR,False,19.6772,False,False
BDI007,Gitega,Burundi,BDI,AFR,BDI014,Mwaro,Burundi,BDI,AFR,False,74.516,False,False
BDI007,Gitega,Burundi,BDI,AFR,BDI015,Ngozi,Burundi,BDI,AFR,False,9.0899,False,False
BDI007,Gitega,Burundi,BDI,AFR,BDI016,Rutana,Burundi,BDI,AFR,False,44.8182,False,False
BDI007,Gitega,Burundi,BDI,AFR,BDI017,Ruyigi,Burundi,BDI,AFR,False,37.1417,False,False
BDI008,Karuzi,Burundi,BDI,AFR,BDI013,Muyinga,Burundi,BDI,AFR,False,51.3383,False,False
BDI008,Karuzi,Burundi,BDI,AFR,BDI015,Ngozi,Burundi,BDI,AFR,False,39.2184,False,False
BDI008,Karuzi,Burundi,BDI,AFR,BDI017,Ruyigi,Burundi,BDI,AFR,False,54.9882,False,False
BDI009,Kayanza,Burundi,BDI,AFR,BDI001,Bubanza,Burundi,BDI,AFR,False,26.9788,False,False
BDI009,Kayanza,Burundi,BDI,AFR,BDI006,Cibitoke,Burundi,BDI,AFR,False,16.0394,False,False
BDI009,Kayanza,Burundi,BDI,AFR,BDI012,Muramvya,Burundi,BDI,AFR,False,41.683,False,False
BDI009,Kayanza,Burundi,BDI,AFR,BDI015,Ngozi,Burundi,BDI,AFR,False,64.1899,False,False
BDI009,Kayanza,Burundi,BDI,AFR,RWA004,South/Amajyepfo,Rwanda,RWA,AFR,True,34.2399,False,False
BDI010,Kirundo,Burundi,BDI,AFR,BDI013,Muyinga,Burundi,BDI,AFR,False,80.4356,False,False
BDI010,Kirundo,Burundi,BDI,AFR,BDI015,Ngozi,Burundi,BDI,AFR,False,27.6292,False,False
BDI010,Kirundo,Burundi,BDI,AFR,RWA001,East/Iburasirazuba,Rwanda,RWA,AFR,True,59.7656,False,False
BDI010,Kirundo,Burundi,BDI,AFR,RWA004,South/Amajyepfo,Rwanda,RWA,AFR,True,41.9419,False,False
BDI011,Makamba,Burundi,BDI,AFR,BDI016,Rutana,Burundi,BDI,AFR,False,63.252,False,False
BDI011,Makamba,Burundi,BDI,AFR,BDI020,Rumonge,Burundi,BDI,AFR,False,5.9134,False,False
BDI011,Makamba,Burundi,BDI,AFR,TZA010,Kigoma,Tanzania,TZA,AFR,True,109.7866,False,False
BDI012,Muramvya,Burundi,BDI,AFR,BDI001,Bubanza,Burundi,BDI,AFR,False,23.8801,False,False
BDI012,Muramvya,Burundi,BDI,AFR,BDI014,Mwaro,Burundi,BDI,AFR,False,46.2892,False,False
BDI013,Muyinga,Burundi,BDI,AFR,BDI015,Ngozi,Burundi,BDI,AFR,False,28.4478,False,False
BDI013,Muyinga,Burundi,BDI,AFR,RWA001,East/Iburasirazuba,Rwanda,RWA,AFR,True,32.8798,False,False
BDI013,Muyinga,Burundi,BDI,AFR,TZA006,Kagera,Tanzania,TZA,AFR,True,104.5521,False,False
BDI015,Ngozi,Burundi,BDI,AFR,RWA004,South/Amajyepfo,Rwanda,RWA,AFR,True,47.5098,False,False
BDI016,Rutana,Burundi,BDI,AFR,BDI017,Ruyigi,Burundi,BDI,AFR,False,43.1693,False,False
BDI016,Rutana,Burundi,BDI,AFR,TZA010,Kigoma,Tanzania,TZA,AFR,True,62.5778,False,False
BDI017,Ruyigi,Burundi,BDI,AFR,TZA010,Kigoma,Tanzania,TZA,AFR,True,70.7293,False,False
BDI018,Bujumbura,Burundi,BDI,AFR,BDI001,Bubanza,Burundi,BDI,AFR,False,39.5235,False,False
BDI018,Bujumbura,Burundi,BDI,AFR,BDI002,Mairie de Bujumbura,Burundi,BDI,AFR,False,53.8181,False,False
BDI018,Bujumbura,Burundi,BDI,AFR,BDI012,Muramvya,Burundi,BDI,AFR,False,22.0476,False,False
BDI018,Bujumbura,Burundi,BDI,AFR,BDI014,Mwaro,Burundi,BDI,AFR,False,25.8711,False,False
BDI018,Bujumbura,Burundi,BDI,AFR,BDI019,Bururi,Burundi,BDI,AFR,False,17.4825,False,False
BDI018,Bujumbura,Burundi,BDI,AFR,BDI020,Rumonge,Burundi,BDI,AFR,False,33.6364,False,False
BDI018,Bujumbura,Burundi,BDI,AFR,COD011,Sud-Kivu,Democratic Republic of Congo,COD,AFR,True,10.0742,False,False
BDI019,Bururi,Burundi,BDI,AFR,BDI007,Gitega,Burundi,BDI,AFR,False,63.0646,False,False
BDI019,Bururi,Burundi,BDI,AFR,BDI011,Makamba,Burundi,BDI,AFR,False,43.5949,False,False
BDI019,Bururi,Burundi,BDI,AFR,BDI014,Mwaro,Burundi,BDI,AFR,False,40.0546,False,False
BDI019,Bururi,Burundi,BDI,AFR,BDI016,Rutana,Burundi,BDI,AFR,False,32.2857,False,False
BDI019,Bururi,Burundi,BDI,AFR,BDI020,Rumonge,Burundi,BDI,AFR,False,84.6889,False,False
BEL001,Region de Bruxelles-Capitale / Brussels Hoofdstedelijk Gewes,Belgium,BEL,Other,BEL003,Vlaams Gewest,Belgium,BEL,Other,False,62.6088,False,False
BEL002,Region wallonne,Belgium,BEL,Other,DEU010,Nordrhein-Westfalen,Germany,DEU,Other,True,134.8967,False,False
BEL002,Region wallonne,Belgium,BEL,Other,DEU011,Rheinland-Pfalz,Germany,DEU,Other,True,48.5718,False,False
BEL002,Region wallonne,Belgium,BEL,Other,FRA009,Champagne-Ardenne,France,FRA,Other,True,199.2248,False,False
BEL002,Region wallonne,Belgium,BEL,Other,FRA016,Lorraine,France,FRA,Other,True,56.8202,False,False
BEL002,Region wallonne,Belgium,BEL,Other,FRA018,Nord-Pas-de-Calais,France,FRA,Other,True,246.0924,False,False
BEL002,Region wallonne,Belgium,BEL,Other,FRA020,Picardie,France,FRA,Other,True,8.9797,False,False
BEL002,Region wallonne,Belgium,BEL,Other,LUX001,Diekirch,Luxembourg,LUX,Other,True,107.1087,False,False
BEL002,Region wallonne,Belgium,BEL,Other,LUX003,Luxembourg,Luxembourg,LUX,Other,True,30.5198,False,False
BEL002,Region wallonne,Belgium,BEL,Other,NLD006,Limburg,Netherlands,NLD,Other,True,41.3878,False,False
BEL003,Vlaams Gewest,Belgium,BEL,Other,BEL002,Region wallonne,Belgium,BEL,Other,False,324.2321,False,False
BEL003,Vlaams Gewest,Belgium,BEL,Other,FRA018,Nord-Pas-de-Calais,France,FRA,Other,True,76.1776,False,False
BEL003,Vlaams Gewest,Belgium,BEL,Other,NLD006,Limburg,Netherlands,NLD,Other,True,89.764,False,False
BEL003,Vlaams Gewest,Belgium,BEL,Other,NLD007,Noord-brabant,Netherlands,NLD,Other,True,200.7219,False,False
BEL003,Vlaams Gewest,Belgium,BEL,Other,NLD011,Zeeland,Netherlands,NLD,Other,True,107.9312,False,False
BEN001,Alibori,Benin,BEN,AFR,BEN002,Atacora,Benin,BEN,AFR,False,116.6349,False,False
BEN001,Alibori,Benin,BEN,AFR,BEN004,Borgou,Benin,BEN,AFR,False,186.3951,False,False
BEN001,Alibori,Benin,BEN,AFR,BFA008,Est,Burkina Faso,BFA,AFR,True,89.7177,False,False
BEN001,Alibori,Benin,BEN,AFR,NER003,Dosso,Niger,NER,AFR,True,133.6345,False,False
BEN001,Alibori,Benin,BEN,AFR,NER006,Tillabéri,Niger,NER,AFR,True,140.1913,False,False
BEN001,Alibori,Benin,BEN,AFR,NGA022,Kebbi,Nigeria,NGA,AFR,True,78.0716,False,False
BEN001,Alibori,Benin,BEN,AFR,NGA027,Niger,Nigeria,NGA,AFR,True,61.5159,False,False
BEN002,Atacora,Benin,BEN,AFR,BEN004,Borgou,Benin,BEN,AFR,False,77.1987,False,False
BEN002,Atacora,Benin,BEN,AFR,BEN007,Donga,Benin,BEN,AFR,False,87.2706,False,False
BEN002,Atacora,Benin,BEN,AFR,BFA008,Est,Burkina Faso,BFA,AFR,True,295.4196,False,False
BEN002,Atacora,Benin,BEN,AFR,TGO002,Kara,Togo,TGO,AFR,True,55.8491,False,False
BEN002,Atacora,Benin,BEN,AFR,TGO005,Savanes,Togo,TGO,AFR,True,93.2272,False,False
BEN003,Atlantique,Benin,BEN,AFR,BEN006,Couffo,Benin,BEN,AFR,False,27.7313,False,False
BEN003,Atlantique,Benin,BEN,AFR,BEN008,Littoral,Benin,BEN,AFR,False,5.7829,False,False
BEN003,Atlantique,Benin,BEN,AFR,BEN009,Mono,Benin,BEN,AFR,False,24.6704,False,False
BEN003,Atlantique,Benin,BEN,AFR,BEN010,Oueme,Benin,BEN,AFR,False,75.6821,False,False
BEN003,Atlantique,Benin,BEN,AFR,BEN012,Zou,Benin,BEN,AFR,False,49.3167,False,False
BEN004,Borgou,Benin,BEN,AFR,BEN005,Collines,Benin,BEN,AFR,False,60.002,False,False
BEN004,Borgou,Benin,BEN,AFR,BEN007,Donga,Benin,BEN,AFR,False,228.8397,False,False
BEN004,Borgou,Benin,BEN,AFR,NGA024,Kwara,Nigeria,NGA,AFR,True,251.3262,False,False
BEN004,Borgou,Benin,BEN,AFR,NGA027,Niger,Nigeria,NGA,AFR,True,83.1883,False,False
BEN005,Collines,Benin,BEN,AFR,BEN007,Donga,Benin,BEN,AFR,False,117.7671,False,False
BEN005,Collines,Benin,BEN,AFR,BEN011,Plateau,Benin,BEN,AFR,False,55.8773,False,False
BEN005,Collines,Benin,BEN,AFR,BEN012,Zou,Benin,BEN,AFR,False,97.987,False,False
BEN005,Collines,Benin,BEN,AFR,NGA024,Kwara,Nigeria,NGA,AFR,True,31.761,False,False
BEN005,Collines,Benin,BEN,AFR,NGA028,Ogun,Nigeria,NGA,AFR,True,21.462,False,False
BEN005,Collines,Benin,BEN,AFR,NGA031,Oyo,Nigeria,NGA,AFR,True,95.8827,False,False
BEN005,Collines,Benin,BEN,AFR,TGO001,Centrale,Togo,TGO,AFR,True,30.3124,False,False
BEN005,Collines,Benin,BEN,AFR,TGO004,Plateaux,Togo,TGO,AFR,True,82.0057,False,False
BEN006,Couffo,Benin,BEN,AFR,BEN009,Mono,Benin,BEN,AFR,False,51.5565,False,False
BEN006,Couffo,Benin,BEN,AFR,BEN012,Zou,Benin,BEN,AFR,False,101.8559,False,False
BEN006,Couffo,Benin,BEN,AFR,TGO003,Maritime,Togo,TGO,AFR,True,31.9608,False,False
BEN006,Couffo,Benin,BEN,AFR,TGO004,Plateaux,Togo,TGO,AFR,True,80.59,False,False
BEN007,Donga,Benin,BEN,AFR,TGO001,Centrale,Togo,TGO,AFR,True,88.0197,False,False
BEN007,Donga,Benin,BEN,AFR,TGO002,Kara,Togo,TGO,AFR,True,83.941,False,False
BEN008,Littoral,Benin,BEN,AFR,BEN010,Oueme,Benin,BEN,AFR,False,5.0985,False,False
BEN009,Mono,Benin,BEN,AFR,TGO003,Maritime,Togo,TGO,AFR,True,127.6703,False,False
BEN010,Oueme,Benin,BEN,AFR,BEN011,Plateau,Benin,BEN,AFR,False,60.2718,False,False
BEN010,Oueme,Benin,BEN,AFR,BEN012,Zou,Benin,BEN,AFR,False,11.4331,False,False
BEN010,Oueme,Benin,BEN,AFR,NGA025,Lagos,Nigeria,NGA,AFR,True,7.7365,False,False
BEN010,Oueme,Benin,BEN,AFR,NGA028,Ogun,Nigeria,NGA,AFR,True,8.9107,False,False
BEN011,Plateau,Benin,BEN,AFR,BEN012,Zou,Benin,BEN,AFR,False,65.1234,False,False
BEN011,Plateau,Benin,BEN,AFR,NGA028,Ogun,Nigeria,NGA,AFR,True,161.1543,False,False
BEN012,Zou,Benin,BEN,AFR,TGO004,Plateaux,Togo,TGO,AFR,True,9.9577,False,False
BFA001,Boucle Du Mouhoun,Burkina Faso,BFA,AFR,BFA006,Centre-ouest,Burkina Faso,BFA,AFR,False,284.5621,False,False
BFA001,Boucle Du Mouhoun,Burkina Faso,BFA,AFR,BFA009,Hauts-bassins,Burkina Faso,BFA,AFR,False,389.6856,False,False
BFA001,Boucle Du Mouhoun,Burkina Faso,BFA,AFR,BFA010,Nord,Burkina Faso,BFA,AFR,False,172.7889,False,False
BFA001,Boucle Du Mouhoun,Burkina Faso,BFA,AFR,BFA013,Sud-ouest,Burkina Faso,BFA,AFR,False,14.9664,False,False
BFA001,Boucle Du Mouhoun,Burkina Faso,BFA,AFR,MLI006,Mopti,Mali,MLI,AFR,True,233.0465,False,False
BFA001,Boucle Du Mouhoun,Burkina Faso,BFA,AFR,MLI007,Ségou,Mali,MLI,AFR,True,169.5769,False,False
BFA001,Boucle Du Mouhoun,Burkina Faso,BFA,AFR,MLI008,Sikasso,Mali,MLI,AFR,True,115.9776,False,False
BFA002,Cascades,Burkina Faso,BFA,AFR,BFA009,Hauts-bassins,Burkina Faso,BFA,AFR,False,282.8393,False,False
BFA002,Cascades,Burkina Faso,BFA,AFR,BFA013,Sud-ouest,Burkina Faso,BFA,AFR,False,163.2975,False,False
BFA002,Cascades,Burkina Faso,BFA,AFR,CIV033,Savanes,Côte d'Ivoire,CIV,AFR,True,326.6787,False,False
BFA002,Cascades,Burkina Faso,BFA,AFR,CIV037,Zanzan,Côte d'Ivoire,CIV,AFR,True,90.4681,False,False
BFA002,Cascades,Burkina Faso,BFA,AFR,MLI008,Sikasso,Mali,MLI,AFR,True,88.3439,False,False
BFA003,Centre,Burkina Faso,BFA,AFR,BFA011,Plateau Central,Burkina Faso,BFA,AFR,False,183.4078,False,False
BFA004,Centre-est,Burkina Faso,BFA,AFR,BFA005,Centre-nord,Burkina Faso,BFA,AFR,False,58.2155,False,False
BFA004,Centre-est,Burkina Faso,BFA,AFR,BFA007,Centre-sud,Burkina Faso,BFA,AFR,False,176.0651,False,False
BFA004,Centre-est,Burkina Faso,BFA,AFR,BFA008,Est,Burkina Faso,BFA,AFR,False,310.4188,False,False
BFA004,Centre-est,Burkina Faso,BFA,AFR,BFA011,Plateau Central,Burkina Faso,BFA,AFR,False,133.3021,False,False
BFA004,Centre-est,Burkina Faso,BFA,AFR,GHA007,Upper East,Ghana,GHA,AFR,True,116.2973,False,False
BFA004,Centre-est,Burkina Faso,BFA,AFR,TGO005,Savanes,Togo,TGO,AFR,True,63.0901,False,False
BFA005,Centre-nord,Burkina Faso,BFA,AFR,BFA008,Est,Burkina Faso,BFA,AFR,False,139.033,False,False
BFA005,Centre-nord,Burkina Faso,BFA,AFR,BFA010,Nord,Burkina Faso,BFA,AFR,False,144.7484,False,False
BFA005,Centre-nord,Burkina Faso,BFA,AFR,BFA011,Plateau Central,Burkina Faso,BFA,AFR,False,182.9887,False,False
BFA005,Centre-nord,Burkina Faso,BFA,AFR,BFA012,Sahel,Burkina Faso,BFA,AFR,False,256.4592,False,False
BFA006,Centre-ouest,Burkina Faso,BFA,AFR,BFA003,Centre,Burkina Faso,BFA,AFR,False,31.4534,False,False
BFA006,Centre-ouest,Burkina Faso,BFA,AFR,BFA007,Centre-sud,Burkina Faso,BFA,AFR,False,283.7809,False,False
BFA006,Centre-ouest,Burkina Faso,BFA,AFR,BFA010,Nord,Burkina Faso,BFA,AFR,False,127.5829,False,False
BFA006,Centre-ouest,Burkina Faso,BFA,AFR,BFA011,Plateau Central,Burkina Faso,BFA,AFR,False,113.8454,False,False
BFA006,Centre-ouest,Burkina Faso,BFA,AFR,BFA013,Sud-ouest,Burkina Faso,BFA,AFR,False,60.9378,False,False
BFA006,Centre-ouest,Burkina Faso,BFA,AFR,GHA008,Upper West,Ghana,GHA,AFR,True,147.5079,False,False
BFA007,Centre-sud,Burkina Faso,BFA,AFR,BFA003,Centre,Burkina Faso,BFA,AFR,False,110.8969,False,False
BFA007,Centre-sud,Burkina Faso,BFA,AFR,BFA011,Plateau Central,Burkina Faso,BFA,AFR,False,53.8908,False,False
BFA007,Centre-sud,Burkina Faso,BFA,AFR,GHA007,Upper East,Ghana,GHA,AFR,True,95.5063,False,False
BFA007,Centre-sud,Burkina Faso,BFA,AFR,GHA008,Upper West,Ghana,GHA,AFR,True,0.1368,True,True
BFA008,Est,Burkina Faso,BFA,AFR,BFA012,Sahel,Burkina Faso,BFA,AFR,False,215.8534,False,False
BFA008,Est,Burkina Faso,BFA,AFR,NER006,Tillabéri,Niger,NER,AFR,True,288.7545,False,False
BFA008,Est,Burkina Faso,BFA,AFR,TGO005,Savanes,Togo,TGO,AFR,True,67.4712,False,False
BFA009,Hauts-bassins,Burkina Faso,BFA,AFR,BFA013,Sud-ouest,Burkina Faso,BFA,AFR,False,178.6869,False,False
BFA009,Hauts-bassins,Burkina Faso,BFA,AFR,MLI008,Sikasso,Mali,MLI,AFR,True,270.1451,False,False
BFA010,Nord,Burkina Faso,BFA,AFR,BFA011,Plateau Central,Burkina Faso,BFA,AFR,False,69.7444,False,False
BFA010,Nord,Burkina Faso,BFA,AFR,BFA012,Sahel,Burkina Faso,BFA,AFR,False,63.8828,False,False
BFA010,Nord,Burkina Faso,BFA,AFR,MLI006,Mopti,Mali,MLI,AFR,True,150.9898,False,False
BFA012,Sahel,Burkina Faso,BFA,AFR,MLI002,Gao,Mali,MLI,AFR,True,112.3506,False,False
BFA012,Sahel,Burkina Faso,BFA,AFR,MLI006,Mopti,Mali,MLI,AFR,True,196.5639,False,False
BFA012,Sahel,Burkina Faso,BFA,AFR,MLI009,Tombouctou,Mali,MLI,AFR,True,5.8226,False,False
BFA012,Sahel,Burkina Faso,BFA,AFR,NER006,Tillabéri,Niger,NER,AFR,True,339.7899,False,False
BFA013,Sud-ouest,Burkina Faso,BFA,AFR,CIV037,Zanzan,Côte d'Ivoire,CIV,AFR,True,200.4456,False,False
BFA013,Sud-ouest,Burkina Faso,BFA,AFR,GHA008,Upper West,Ghana,GHA,AFR,True,208.9884,False,False
BFA013,Sud-ouest,Burkina Faso,BFA,AFR,GHA017,Savannah,Ghana,GHA,AFR,True,22.1583,False,False
BGD001,Barishal,Bangladesh,BGD,SAR,BGD003,Dhaka,Bangladesh,BGD,SAR,False,113.4784,False,False
BGD001,Barishal,Bangladesh,BGD,SAR,BGD004,Khulna,Bangladesh,BGD,SAR,False,92.0875,False,False
BGD002,Chattogram,Bangladesh,BGD,SAR,BGD001,Barishal,Bangladesh,BGD,SAR,False,10.8573,False,False
BGD002,Chattogram,Bangladesh,BGD,SAR,BGD003,Dhaka,Bangladesh,BGD,SAR,False,108.3771,False,False
BGD002,Chattogram,Bangladesh,BGD,SAR,BGD008,Sylhet,Bangladesh,BGD,SAR,False,87.0566,False,False
BGD002,Chattogram,Bangladesh,BGD,SAR,IND024,Mizoram,India,IND,SAR,True,288.3034,False,False
BGD002,Chattogram,Bangladesh,BGD,SAR,IND033,Tripura,India,IND,SAR,True,511.8185,False,False
BGD002,Chattogram,Bangladesh,BGD,SAR,MMR003,Chin,Myanmar,MMR,EAP,True,84.8685,False,False
BGD003,Dhaka,Bangladesh,BGD,SAR,BGD004,Khulna,Bangladesh,BGD,SAR,False,216.2975,False,False
BGD003,Dhaka,Bangladesh,BGD,SAR,BGD005,Mymensingh,Bangladesh,BGD,SAR,False,358.3729,False,False
BGD003,Dhaka,Bangladesh,BGD,SAR,BGD006,Rajshahi,Bangladesh,BGD,SAR,False,156.1134,False,False
BGD004,Khulna,Bangladesh,BGD,SAR,BGD006,Rajshahi,Bangladesh,BGD,SAR,False,109.1718,False,False
BGD005,Mymensingh,Bangladesh,BGD,SAR,BGD006,Rajshahi,Bangladesh,BGD,SAR,False,79.2692,False,False
BGD005,Mymensingh,Bangladesh,BGD,SAR,BGD007,Rangpur,Bangladesh,BGD,SAR,False,77.5267,False,False
BGD007,Rangpur,Bangladesh,BGD,SAR,BGD006,Rajshahi,Bangladesh,BGD,SAR,False,120.9652,False,False
BGD008,Sylhet,Bangladesh,BGD,SAR,BGD003,Dhaka,Bangladesh,BGD,SAR,False,80.8046,False,False
BGD008,Sylhet,Bangladesh,BGD,SAR,BGD005,Mymensingh,Bangladesh,BGD,SAR,False,153.8154,False,False
BGD008,Sylhet,Bangladesh,BGD,SAR,IND004,Assam,India,IND,SAR,True,126.4748,False,False
BGD008,Sylhet,Bangladesh,BGD,SAR,IND023,Meghalaya,India,IND,SAR,True,208.5491,False,False
BGD008,Sylhet,Bangladesh,BGD,SAR,IND033,Tripura,India,IND,SAR,True,231.9118,False,False
BGR001,Blagoevgrad,Bulgaria,BGR,ECA,BGR008,Kustendil,Bulgaria,BGR,ECA,False,69.666,False,False
BGR001,Blagoevgrad,Bulgaria,BGR,ECA,GRC007,Kentriki Makedonia,Greece,GRC,Other,True,73.4821,False,False
BGR001,Blagoevgrad,Bulgaria,BGR,ECA,MKD001,East,North Macedonia,MKD,ECA,True,72.6897,False,False
BGR001,Blagoevgrad,Bulgaria,BGR,ECA,MKD006,Southeast,North Macedonia,MKD,ECA,True,25.4555,False,False
BGR002,Burgas,Bulgaria,BGR,ECA,BGR006,Jambol,Bulgaria,BGR,ECA,False,99.5879,False,False
BGR002,Burgas,Bulgaria,BGR,ECA,BGR017,Shumen,Bulgaria,BGR,ECA,False,55.2755,False,False
BGR002,Burgas,Bulgaria,BGR,ECA,BGR019,Sliven,Bulgaria,BGR,ECA,False,31.6414,False,False
BGR002,Burgas,Bulgaria,BGR,ECA,BGR025,Varna,Bulgaria,BGR,ECA,False,72.0486,False,False
BGR002,Burgas,Bulgaria,BGR,ECA,TUR050,Kirklareli,Türkiye,TUR,ECA,True,154.7679,False,False
BGR003,Dobrich,Bulgaria,BGR,ECA,BGR017,Shumen,Bulgaria,BGR,ECA,False,22.3704,False,False
BGR003,Dobrich,Bulgaria,BGR,ECA,BGR018,Silistra,Bulgaria,BGR,ECA,False,67.3462,False,False
BGR003,Dobrich,Bulgaria,BGR,ECA,BGR025,Varna,Bulgaria,BGR,ECA,False,79.9064,False,False
BGR003,Dobrich,Bulgaria,BGR,ECA,ROU015,Constanţa,Romania,ROU,ECA,True,91.2035,False,False
BGR004,Gabrovo,Bulgaria,BGR,ECA,BGR009,Lovech,Bulgaria,BGR,ECA,False,80.5675,False,False
BGR004,Gabrovo,Bulgaria,BGR,ECA,BGR023,Stara Zagora,Bulgaria,BGR,ECA,False,64.4576,False,False
BGR004,Gabrovo,Bulgaria,BGR,ECA,BGR026,Veliko Tarnovo,Bulgaria,BGR,ECA,False,97.3401,False,False
BGR005,Haskovo,Bulgaria,BGR,ECA,BGR006,Jambol,Bulgaria,BGR,ECA,False,62.5212,False,False
BGR005,Haskovo,Bulgaria,BGR,ECA,BGR007,Kardzhali,Bulgaria,BGR,ECA,False,133.2727,False,False
BGR005,Haskovo,Bulgaria,BGR,ECA,BGR014,Plovdiv,Bulgaria,BGR,ECA,False,25.8379,False,False
BGR005,Haskovo,Bulgaria,BGR,ECA,BGR023,Stara Zagora,Bulgaria,BGR,ECA,False,129.5611,False,False
BGR005,Haskovo,Bulgaria,BGR,ECA,GRC001,Anatoliki Makedonia Kai Thraki,Greece,GRC,Other,True,106.878,False,False
BGR005,Haskovo,Bulgaria,BGR,ECA,TUR027,Edirne,Türkiye,TUR,ECA,True,46.1291,False,False
BGR006,Jambol,Bulgaria,BGR,ECA,TUR027,Edirne,Türkiye,TUR,ECA,True,41.999,False,False
BGR006,Jambol,Bulgaria,BGR,ECA,TUR050,Kirklareli,Türkiye,TUR,ECA,True,15.1385,False,False
BGR007,Kardzhali,Bulgaria,BGR,ECA,BGR014,Plovdiv,Bulgaria,BGR,ECA,False,19.3682,False,False
BGR007,Kardzhali,Bulgaria,BGR,ECA,BGR020,Smoljan,Bulgaria,BGR,ECA,False,80.2134,False,False
BGR007,Kardzhali,Bulgaria,BGR,ECA,GRC001,Anatoliki Makedonia Kai Thraki,Greece,GRC,Other,True,96.6334,False,False
BGR008,Kustendil,Bulgaria,BGR,ECA,BGR012,Pernik,Bulgaria,BGR,ECA,False,94.9718,False,False
BGR008,Kustendil,Bulgaria,BGR,ECA,MKD001,East,North Macedonia,MKD,ECA,True,38.7359,False,False
BGR008,Kustendil,Bulgaria,BGR,ECA,MKD002,Northeast,North Macedonia,MKD,ECA,True,25.731,False,False
BGR008,Kustendil,Bulgaria,BGR,ECA,SRB011,Pcinjski,Serbia,SRB,ECA,True,57.0116,False,False
BGR009,Lovech,Bulgaria,BGR,ECA,BGR013,Pleven,Bulgaria,BGR,ECA,False,120.0241,False,False
BGR009,Lovech,Bulgaria,BGR,ECA,BGR014,Plovdiv,Bulgaria,BGR,ECA,False,61.3391,False,False
BGR009,Lovech,Bulgaria,BGR,ECA,BGR021,Sofia,Bulgaria,BGR,ECA,False,68.7831,False,False
BGR009,Lovech,Bulgaria,BGR,ECA,BGR026,Veliko Tarnovo,Bulgaria,BGR,ECA,False,14.7979,False,False
BGR009,Lovech,Bulgaria,BGR,ECA,BGR028,Vratca,Bulgaria,BGR,ECA,False,23.9391,False,False
BGR010,Montana,Bulgaria,BGR,ECA,BGR021,Sofia,Bulgaria,BGR,ECA,False,44.6607,False,False
BGR010,Montana,Bulgaria,BGR,ECA,BGR027,Vidin,Bulgaria,BGR,ECA,False,69.2106,False,False
BGR010,Montana,Bulgaria,BGR,ECA,BGR028,Vratca,Bulgaria,BGR,ECA,False,103.7833,False,False
BGR010,Montana,Bulgaria,BGR,ECA,ROU018,Dolj,Romania,ROU,ECA,True,50.6274,False,False
BGR010,Montana,Bulgaria,BGR,ECA,SRB012,Pirotski,Serbia,SRB,ECA,True,32.725,False,False
BGR011,Pazardzhik,Bulgaria,BGR,ECA,BGR001,Blagoevgrad,Bulgaria,BGR,ECA,False,74.4581,False,False
BGR011,Pazardzhik,Bulgaria,BGR,ECA,BGR020,Smoljan,Bulgaria,BGR,ECA,False,50.8838,False,False
BGR011,Pazardzhik,Bulgaria,BGR,ECA,BGR021,Sofia,Bulgaria,BGR,ECA,False,133.0986,False,False
BGR012,Pernik,Bulgaria,BGR,ECA,BGR022,Sofia-city,Bulgaria,BGR,ECA,False,37.4647,False,False
BGR012,Pernik,Bulgaria,BGR,ECA,SRB004,Jablanicki,Serbia,SRB,ECA,True,7.8186,False,False
BGR012,Pernik,Bulgaria,BGR,ECA,SRB011,Pcinjski,Serbia,SRB,ECA,True,27.3581,False,False
BGR012,Pernik,Bulgaria,BGR,ECA,SRB012,Pirotski,Serbia,SRB,ECA,True,31.244,False,False
BGR013,Pleven,Bulgaria,BGR,ECA,BGR026,Veliko Tarnovo,Bulgaria,BGR,ECA,False,71.9784,False,False
BGR013,Pleven,Bulgaria,BGR,ECA,BGR028,Vratca,Bulgaria,BGR,ECA,False,99.2822,False,False
BGR013,Pleven,Bulgaria,BGR,ECA,ROU031,Olt,Romania,ROU,ECA,True,31.1107,False,False
BGR013,Pleven,Bulgaria,BGR,ECA,ROU037,Teleorman,Romania,ROU,ECA,True,51.2671,False,False
BGR014,Plovdiv,Bulgaria,BGR,ECA,BGR011,Pazardzhik,Bulgaria,BGR,ECA,False,84.7343,False,False
BGR014,Plovdiv,Bulgaria,BGR,ECA,BGR020,Smoljan,Bulgaria,BGR,ECA,False,104.9075,False,False
BGR014,Plovdiv,Bulgaria,BGR,ECA,BGR021,Sofia,Bulgaria,BGR,ECA,False,32.9132,False,False
BGR014,Plovdiv,Bulgaria,BGR,ECA,BGR023,Stara Zagora,Bulgaria,BGR,ECA,False,129.7552,False,False
BGR015,Razgrad,Bulgaria,BGR,ECA,BGR016,Ruse,Bulgaria,BGR,ECA,False,118.0164,False,False
BGR015,Razgrad,Bulgaria,BGR,ECA,BGR017,Shumen,Bulgaria,BGR,ECA,False,62.6389,False,False
BGR015,Razgrad,Bulgaria,BGR,ECA,BGR018,Silistra,Bulgaria,BGR,ECA,False,69.3712,False,False
BGR015,Razgrad,Bulgaria,BGR,ECA,BGR024,Targovishte,Bulgaria,BGR,ECA,False,119.6797,False,False
BGR016,Ruse,Bulgaria,BGR,ECA,BGR018,Silistra,Bulgaria,BGR,ECA,False,12.6004,False,False
BGR016,Ruse,Bulgaria,BGR,ECA,BGR024,Targovishte,Bulgaria,BGR,ECA,False,34.4768,False,False
BGR016,Ruse,Bulgaria,BGR,ECA,BGR026,Veliko Tarnovo,Bulgaria,BGR,ECA,False,77.9709,False,False
BGR016,Ruse,Bulgaria,BGR,ECA,ROU020,Giurgiu,Romania,ROU,ECA,True,72.3837,False,False
BGR016,Ruse,Bulgaria,BGR,ECA,ROU037,Teleorman,Romania,ROU,ECA,True,17.3554,False,False
BGR017,Shumen,Bulgaria,BGR,ECA,BGR018,Silistra,Bulgaria,BGR,ECA,False,22.2393,False,False
BGR017,Shumen,Bulgaria,BGR,ECA,BGR019,Sliven,Bulgaria,BGR,ECA,False,11.303,False,False
BGR017,Shumen,Bulgaria,BGR,ECA,BGR024,Targovishte,Bulgaria,BGR,ECA,False,60.0571,False,False
BGR017,Shumen,Bulgaria,BGR,ECA,BGR025,Varna,Bulgaria,BGR,ECA,False,114.4938,False,False
BGR018,Silistra,Bulgaria,BGR,ECA,ROU012,Călăraşi,Romania,ROU,ECA,True,77.2446,False,False
BGR018,Silistra,Bulgaria,BGR,ECA,ROU015,Constanţa,Romania,ROU,ECA,True,48.6728,False,False
BGR018,Silistra,Bulgaria,BGR,ECA,ROU020,Giurgiu,Romania,ROU,ECA,True,2.8361,True,False
BGR019,Sliven,Bulgaria,BGR,ECA,BGR006,Jambol,Bulgaria,BGR,ECA,False,100.0923,False,False
BGR019,Sliven,Bulgaria,BGR,ECA,BGR023,Stara Zagora,Bulgaria,BGR,ECA,False,83.6735,False,False
BGR019,Sliven,Bulgaria,BGR,ECA,BGR024,Targovishte,Bulgaria,BGR,ECA,False,45.3854,False,False
BGR019,Sliven,Bulgaria,BGR,ECA,BGR026,Veliko Tarnovo,Bulgaria,BGR,ECA,False,40.5234,False,False
BGR020,Smoljan,Bulgaria,BGR,ECA,BGR001,Blagoevgrad,Bulgaria,BGR,ECA,False,17.524,False,False
BGR020,Smoljan,Bulgaria,BGR,ECA,GRC001,Anatoliki Makedonia Kai Thraki,Greece,GRC,Other,True,153.7885,False,False
BGR021,Sofia,Bulgaria,BGR,ECA,BGR001,Blagoevgrad,Bulgaria,BGR,ECA,False,33.812,False,False
BGR021,Sofia,Bulgaria,BGR,ECA,BGR008,Kustendil,Bulgaria,BGR,ECA,False,56.1227,False,False
BGR021,Sofia,Bulgaria,BGR,ECA,BGR012,Pernik,Bulgaria,BGR,ECA,False,56.1438,False,False
BGR021,Sofia,Bulgaria,BGR,ECA,BGR022,Sofia-city,Bulgaria,BGR,ECA,False,175.419,False,False
BGR021,Sofia,Bulgaria,BGR,ECA,BGR028,Vratca,Bulgaria,BGR,ECA,False,69.5091,False,False
BGR021,Sofia,Bulgaria,BGR,ECA,SRB012,Pirotski,Serbia,SRB,ECA,True,46.7309,False,False
BGR023,Stara Zagora,Bulgaria,BGR,ECA,BGR006,Jambol,Bulgaria,BGR,ECA,False,2.1734,True,False
BGR023,Stara Zagora,Bulgaria,BGR,ECA,BGR026,Veliko Tarnovo,Bulgaria,BGR,ECA,False,15.3963,False,False
BGR024,Targovishte,Bulgaria,BGR,ECA,BGR026,Veliko Tarnovo,Bulgaria,BGR,ECA,False,58.8329,False,False
BGR026,Veliko Tarnovo,Bulgaria,BGR,ECA,ROU037,Teleorman,Romania,ROU,ECA,True,23.9976,False,False
BGR027,Vidin,Bulgaria,BGR,ECA,ROU018,Dolj,Romania,ROU,ECA,True,57.6694,False,False
BGR027,Vidin,Bulgaria,BGR,ECA,ROU028,Mehedinţi,Romania,ROU,ECA,True,27.7802,False,False
BGR027,Vidin,Bulgaria,BGR,ECA,SRB001,Borski,Serbia,SRB,ECA,True,34.9576,False,False
BGR027,Vidin,Bulgaria,BGR,ECA,SRB012,Pirotski,Serbia,SRB,ECA,True,5.7042,False,False
BGR027,Vidin,Bulgaria,BGR,ECA,SRB023,Zajecarski,Serbia,SRB,ECA,True,103.3052,False,False
BGR028,Vratca,Bulgaria,BGR,ECA,ROU018,Dolj,Romania,ROU,ECA,True,43.0656,False,False
BGR028,Vratca,Bulgaria,BGR,ECA,ROU031,Olt,Romania,ROU,ECA,True,17.3532,False,False
BHR001,Central Region,Bahrain,BHR,MENA,BHR005,Isa Town,Bahrain,BHR,MENA,False,12.5076,False,False
BHR001,Central Region,Bahrain,BHR,MENA,BHR006,Jidhafs,Bahrain,BHR,MENA,False,5.4519,False,False
BHR001,Central Region,Bahrain,BHR,MENA,BHR007,Manama,Bahrain,BHR,MENA,False,4.0328,True,False
BHR001,Central Region,Bahrain,BHR,MENA,BHR009,Northern Region,Bahrain,BHR,MENA,False,3.9777,True,False
BHR001,Central Region,Bahrain,BHR,MENA,BHR010,Riffa,Bahrain,BHR,MENA,False,4.9771,True,False
BHR001,Central Region,Bahrain,BHR,MENA,BHR011,Sitra,Bahrain,BHR,MENA,False,4.3296,True,False
BHR001,Central Region,Bahrain,BHR,MENA,BHR012,Western Region,Bahrain,BHR,MENA,False,3.6413,True,False
BHR002,Hamad Town,Bahrain,BHR,MENA,BHR010,Riffa,Bahrain,BHR,MENA,False,7.5998,False,False
BHR002,Hamad Town,Bahrain,BHR,MENA,BHR012,Western Region,Bahrain,BHR,MENA,False,11.5058,False,False
BHR004,Hidd,Bahrain,BHR,MENA,BHR008,Muharraq,Bahrain,BHR,MENA,False,5.8735,False,False
BHR004,Hidd,Bahrain,BHR,MENA,BHR012,Western Region,Bahrain,BHR,MENA,False,0.756,True,True
BHR005,Isa Town,Bahrain,BHR,MENA,BHR010,Riffa,Bahrain,BHR,MENA,False,4.271,True,False
BHR006,Jidhafs,Bahrain,BHR,MENA,BHR007,Manama,Bahrain,BHR,MENA,False,4.7326,True,False
BHR006,Jidhafs,Bahrain,BHR,MENA,BHR009,Northern Region,Bahrain,BHR,MENA,False,6.6863,False,False
BHR006,Jidhafs,Bahrain,BHR,MENA,BHR012,Western Region,Bahrain,BHR,MENA,False,6.3747,False,False
BHR007,Manama,Bahrain,BHR,MENA,BHR011,Sitra,Bahrain,BHR,MENA,False,0.895,True,True
BHR007,Manama,Bahrain,BHR,MENA,BHR012,Western Region,Bahrain,BHR,MENA,False,10.0995,False,False
BHR009,Northern Region,Bahrain,BHR,MENA,BHR012,Western Region,Bahrain,BHR,MENA,False,12.8575,False,False
BHR010,Riffa,Bahrain,BHR,MENA,BHR011,Sitra,Bahrain,BHR,MENA,False,5.0089,False,False
BHR010,Riffa,Bahrain,BHR,MENA,BHR012,Western Region,Bahrain,BHR,MENA,False,28.5982,False,False
BHR012,Western Region,Bahrain,BHR,MENA,BHR008,Muharraq,Bahrain,BHR,MENA,False,4.5642,True,False
BHR012,Western Region,Bahrain,BHR,MENA,SAU008,Ash Sharqīyah,Saudi Arabia,SAU,MENA,True,0.2426,True,True
BIH001,Federacija Bosne I Hercegovine,Bosnia and Herzegovina,BIH,ECA,BIH002,Republika Srpska,Bosnia and Herzegovina,BIH,ECA,False,1144.9029,False,False
BIH001,Federacija Bosne I Hercegovine,Bosnia and Herzegovina,BIH,ECA,HRV002,Dubrovnik-neretva,Croatia,HRV,ECA,True,130.25,False,False
BIH001,Federacija Bosne I Hercegovine,Bosnia and Herzegovina,BIH,ECA,HRV005,Karlovac,Croatia,HRV,ECA,True,45.8545,False,False
BIH001,Federacija Bosne I Hercegovine,Bosnia and Herzegovina,BIH,ECA,HRV008,Lika-senj,Croatia,HRV,ECA,True,90.3055,False,False
BIH001,Federacija Bosne I Hercegovine,Bosnia and Herzegovina,BIH,ECA,HRV013,Sibenik,Croatia,HRV,ECA,True,48.965,False,False
BIH001,Federacija Bosne I Hercegovine,Bosnia and Herzegovina,BIH,ECA,HRV014,Sisak-moslavina,Croatia,HRV,ECA,True,64.2788,False,False
BIH001,Federacija Bosne I Hercegovine,Bosnia and Herzegovina,BIH,ECA,HRV015,Slavonski Brod-posav,Croatia,HRV,ECA,True,36.9348,False,False
BIH001,Federacija Bosne I Hercegovine,Bosnia and Herzegovina,BIH,ECA,HRV016,Split-dalmatija,Croatia,HRV,ECA,True,131.2084,False,False
BIH001,Federacija Bosne I Hercegovine,Bosnia and Herzegovina,BIH,ECA,HRV019,Vukovar-srijem,Croatia,HRV,ECA,True,54.3727,False,False
BIH001,Federacija Bosne I Hercegovine,Bosnia and Herzegovina,BIH,ECA,HRV020,Zadar-knin,Croatia,HRV,ECA,True,45.0177,False,False
BIH002,Republika Srpska,Bosnia and Herzegovina,BIH,ECA,HRV002,Dubrovnik-neretva,Croatia,HRV,ECA,True,12.1867,False,False
BIH002,Republika Srpska,Bosnia and Herzegovina,BIH,ECA,HRV014,Sisak-moslavina,Croatia,HRV,ECA,True,133.7202,False,False
BIH002,Republika Srpska,Bosnia and Herzegovina,BIH,ECA,HRV015,Slavonski Brod-posav,Croatia,HRV,ECA,True,136.6835,False,False
BIH002,Republika Srpska,Bosnia and Herzegovina,BIH,ECA,HRV019,Vukovar-srijem,Croatia,HRV,ECA,True,36.054,False,False
BIH002,Republika Srpska,Bosnia and Herzegovina,BIH,ECA,MNE008,Herceg Novi,Montenegro,MNE,ECA,True,10.9082,False,False
BIH002,Republika Srpska,Bosnia and Herzegovina,BIH,ECA,MNE010,Kotor,Montenegro,MNE,ECA,True,3.3659,True,False
BIH002,Republika Srpska,Bosnia and Herzegovina,BIH,ECA,MNE012,Niksic,Montenegro,MNE,ECA,True,89.0117,False,False
BIH002,Republika Srpska,Bosnia and Herzegovina,BIH,ECA,MNE014,Pljevlja,Montenegro,MNE,ECA,True,85.7817,False,False
BIH002,Republika Srpska,Bosnia and Herzegovina,BIH,ECA,MNE015,Pluzine,Montenegro,MNE,ECA,True,59.1742,False,False
BIH002,Republika Srpska,Bosnia and Herzegovina,BIH,ECA,MNE021,Zabljak,Montenegro,MNE,ECA,True,0.9344,True,True
BIH002,Republika Srpska,Bosnia and Herzegovina,BIH,ECA,SRB008,Macvanski,Serbia,SRB,ECA,True,144.4989,False,False
BIH002,Republika Srpska,Bosnia and Herzegovina,BIH,ECA,SRB020,Sremski,Serbia,SRB,ECA,True,32.9277,False,False
BIH002,Republika Srpska,Bosnia and Herzegovina,BIH,ECA,SRB025,Zlatiborski,Serbia,SRB,ECA,True,181.4609,False,False
BLR001,Brest,Belarus,BLR,ECA,BLR002,Gomel,Belarus,BLR,ECA,False,95.1515,False,False
BLR001,Brest,Belarus,BLR,ECA,BLR003,Grodno,Belarus,BLR,ECA,False,233.5065,False,False
BLR001,Brest,Belarus,BLR,ECA,BLR004,Minsk,Belarus,BLR,ECA,False,190.5439,False,False
BLR001,Brest,Belarus,BLR,ECA,POL004,Lubeiskie,Poland,POL,ECA,True,164.1574,False,False
BLR001,Brest,Belarus,BLR,ECA,POL010,Podlaskie,Poland,POL,ECA,True,83.9046,False,False
BLR001,Brest,Belarus,BLR,ECA,UKR018,Rivnens'ka,Ukraine,UKR,ECA,True,211.357,False,False
BLR001,Brest,Belarus,BLR,ECA,UKR022,Volyns'ka,Ukraine,UKR,ECA,True,201.7008,False,False
BLR002,Gomel,Belarus,BLR,ECA,BLR004,Minsk,Belarus,BLR,ECA,False,130.3233,False,False
BLR002,Gomel,Belarus,BLR,ECA,BLR006,Mogilev,Belarus,BLR,ECA,False,291.9124,False,False
BLR002,Gomel,Belarus,BLR,ECA,RUS010,Bryanskaya Oblast,Russian Federation,RUS,ECA,True,202.6013,False,False
BLR002,Gomel,Belarus,BLR,ECA,UKR002,Chernihivs'ka,Ukraine,UKR,ECA,True,228.6063,False,False
BLR002,Gomel,Belarus,BLR,ECA,UKR012,Kyyivs'ka,Ukraine,UKR,ECA,True,152.9831,False,False
BLR002,Gomel,Belarus,BLR,ECA,UKR018,Rivnens'ka,Ukraine,UKR,ECA,True,32.4345,False,False
BLR002,Gomel,Belarus,BLR,ECA,UKR025,Zhytomyrs'ka,Ukraine,UKR,ECA,True,246.2027,False,False
BLR003,Grodno,Belarus,BLR,ECA,LTU001,Alytaus,Lithuania,LTU,ECA,True,169.5818,False,False
BLR003,Grodno,Belarus,BLR,ECA,LTU010,Vilniaus,Lithuania,LTU,ECA,True,277.2525,False,False
BLR003,Grodno,Belarus,BLR,ECA,POL010,Podlaskie,Poland,POL,ECA,True,146.2489,False,False
BLR004,Minsk,Belarus,BLR,ECA,BLR003,Grodno,Belarus,BLR,ECA,False,246.107,False,False
BLR004,Minsk,Belarus,BLR,ECA,BLR007,Vitebsk,Belarus,BLR,ECA,False,314.7133,False,False
BLR005,Minsk City,Belarus,BLR,ECA,BLR004,Minsk,Belarus,BLR,ECA,False,66.2075,False,False
BLR006,Mogilev,Belarus,BLR,ECA,BLR004,Minsk,Belarus,BLR,ECA,False,300.4776,False,False
BLR006,Mogilev,Belarus,BLR,ECA,BLR007,Vitebsk,Belarus,BLR,ECA,False,146.7824,False,False
BLR006,Mogilev,Belarus,BLR,ECA,RUS010,Bryanskaya Oblast,Russian Federation,RUS,ECA,True,174.4439,False,False
BLR006,Mogilev,Belarus,BLR,ECA,RUS070,Smolenskaya Oblast,Russian Federation,RUS,ECA,True,309.0906,False,False
BLR007,Vitebsk,Belarus,BLR,ECA,BLR003,Grodno,Belarus,BLR,ECA,False,12.2766,False,False
BLR007,Vitebsk,Belarus,BLR,ECA,LTU009,Utenos,Lithuania,LTU,ECA,True,96.1284,False,False
BLR007,Vitebsk,Belarus,BLR,ECA,LTU010,Vilniaus,Lithuania,LTU,ECA,True,77.8458,False,False
BLR007,Vitebsk,Belarus,BLR,ECA,LVA024,Dagdas novads,Latvia,LVA,ECA,True,37.5769,False,False
BLR007,Vitebsk,Belarus,BLR,ECA,LVA026,Daugavpils novads,Latvia,LVA,ECA,True,35.8357,False,False
BLR007,Vitebsk,Belarus,BLR,ECA,LVA053,Krāslavas novads,Latvia,LVA,ECA,True,74.5867,False,False
BLR007,Vitebsk,Belarus,BLR,ECA,LVA119,Zilupes novads,Latvia,LVA,ECA,True,8.9702,False,False
BLR007,Vitebsk,Belarus,BLR,ECA,RUS061,Pskovskaya Oblast,Russian Federation,RUS,ECA,True,354.108,False,False
BLR007,Vitebsk,Belarus,BLR,ECA,RUS070,Smolenskaya Oblast,Russian Federation,RUS,ECA,True,232.3239,False,False
BLZ001,Belize,Belize,BLZ,LCR,BLZ002,Cayo,Belize,BLZ,LCR,False,54.3691,False,False
BLZ001,Belize,Belize,BLZ,LCR,BLZ003,Corozal,Belize,BLZ,LCR,False,10.5697,False,False
BLZ001,Belize,Belize,BLZ,LCR,BLZ004,Orange Walk,Belize,BLZ,LCR,False,78.6079,False,False
BLZ001,Belize,Belize,BLZ,LCR,BLZ005,Stann Creek,Belize,BLZ,LCR,False,33.1485,False,False
BLZ002,Cayo,Belize,BLZ,LCR,BLZ004,Orange Walk,Belize,BLZ,LCR,False,57.3274,False,False
BLZ002,Cayo,Belize,BLZ,LCR,BLZ005,Stann Creek,Belize,BLZ,LCR,False,53.2018,False,False
BLZ002,Cayo,Belize,BLZ,LCR,BLZ006,Toledo,Belize,BLZ,LCR,False,55.9108,False,False
BLZ002,Cayo,Belize,BLZ,LCR,GTM012,Petén,Guatemala,GTM,LCR,True,102.7911,False,False
BLZ003,Corozal,Belize,BLZ,LCR,BLZ004,Orange Walk,Belize,BLZ,LCR,False,48.0031,False,False
BLZ003,Corozal,Belize,BLZ,LCR,MEX023,Quintana Roo,Mexico,MEX,LCR,True,50.0677,False,False
BLZ004,Orange Walk,Belize,BLZ,LCR,GTM012,Petén,Guatemala,GTM,LCR,True,52.4474,False,False
BLZ004,Orange Walk,Belize,BLZ,LCR,MEX004,Campeche,Mexico,MEX,LCR,True,13.7107,False,False
BLZ004,Orange Walk,Belize,BLZ,LCR,MEX023,Quintana Roo,Mexico,MEX,LCR,True,111.3538,False,False
BLZ005,Stann Creek,Belize,BLZ,LCR,BLZ006,Toledo,Belize,BLZ,LCR,False,52.6083,False,False
BLZ006,Toledo,Belize,BLZ,LCR,GTM009,Izabal,Guatemala,GTM,LCR,True,40.2426,False,False
BLZ006,Toledo,Belize,BLZ,LCR,GTM012,Petén,Guatemala,GTM,LCR,True,57.3626,False,False
BOL001,Beni,Bolivia,BOL,LCR,BOL003,Cochabamba,Bolivia,BOL,LCR,False,292.0543,False,False
BOL001,Beni,Bolivia,BOL,LCR,BOL004,La Paz,Bolivia,BOL,LCR,False,732.9454,False,False
BOL001,Beni,Bolivia,BOL,LCR,BOL006,Pando,Bolivia,BOL,LCR,False,555.3722,False,False
BOL001,Beni,Bolivia,BOL,LCR,BOL008,Santa Cruz,Bolivia,BOL,LCR,False,698.0035,False,False
BOL001,Beni,Bolivia,BOL,LCR,BRA026,Rondonia,Brazil,BRA,LCR,True,963.1041,False,False
BOL002,Chuquisaca,Bolivia,BOL,LCR,BOL007,Potosi,Bolivia,BOL,LCR,False,692.8307,False,False
BOL002,Chuquisaca,Bolivia,BOL,LCR,BOL008,Santa Cruz,Bolivia,BOL,LCR,False,505.1082,False,False
BOL002,Chuquisaca,Bolivia,BOL,LCR,BOL009,Tarija,Bolivia,BOL,LCR,False,515.1297,False,False
BOL002,Chuquisaca,Bolivia,BOL,LCR,PRY004,Boqueron,Paraguay,PRY,LCR,True,62.3553,False,False
BOL003,Cochabamba,Bolivia,BOL,LCR,BOL002,Chuquisaca,Bolivia,BOL,LCR,False,189.6297,False,False
BOL003,Cochabamba,Bolivia,BOL,LCR,BOL005,Oruro,Bolivia,BOL,LCR,False,94.9928,False,False
BOL003,Cochabamba,Bolivia,BOL,LCR,BOL007,Potosi,Bolivia,BOL,LCR,False,227.7059,False,False
BOL003,Cochabamba,Bolivia,BOL,LCR,BOL008,Santa Cruz,Bolivia,BOL,LCR,False,786.6216,False,False
BOL004,La Paz,Bolivia,BOL,LCR,BOL003,Cochabamba,Bolivia,BOL,LCR,False,299.2734,False,False
BOL004,La Paz,Bolivia,BOL,LCR,BOL005,Oruro,Bolivia,BOL,LCR,False,414.0243,False,False
BOL004,La Paz,Bolivia,BOL,LCR,BOL006,Pando,Bolivia,BOL,LCR,False,274.3254,False,False
BOL004,La Paz,Bolivia,BOL,LCR,CHL004,Arica y Painacota,Chile,CHL,LCR,True,91.5902,False,False
BOL004,La Paz,Bolivia,BOL,LCR,PER007,Callao,Peru,PER,LCR,True,4.4255,True,False
BOL004,La Paz,Bolivia,BOL,LCR,PER017,Madre de Dios,Peru,PER,LCR,True,120.5952,False,False
BOL004,La Paz,Bolivia,BOL,LCR,PER021,Puno,Peru,PER,LCR,True,671.5203,False,False
BOL004,La Paz,Bolivia,BOL,LCR,PER023,Tacna,Peru,PER,LCR,True,35.3507,False,False
BOL005,Oruro,Bolivia,BOL,LCR,CHL004,Arica y Painacota,Chile,CHL,LCR,True,128.8244,False,False
BOL005,Oruro,Bolivia,BOL,LCR,CHL014,Tarapaca,Chile,CHL,LCR,True,84.632,False,False
BOL006,Pando,Bolivia,BOL,LCR,BRA001,Acre,Brazil,BRA,LCR,True,603.5156,False,False
BOL006,Pando,Bolivia,BOL,LCR,BRA026,Rondonia,Brazil,BRA,LCR,True,366.2023,False,False
BOL006,Pando,Bolivia,BOL,LCR,PER017,Madre de Dios,Peru,PER,LCR,True,200.9243,False,False
BOL007,Potosi,Bolivia,BOL,LCR,ARG010,Jujuy,Argentina,ARG,LCR,True,302.0308,False,False
BOL007,Potosi,Bolivia,BOL,LCR,ARG017,Salta,Argentina,ARG,LCR,True,19.1272,False,False
BOL007,Potosi,Bolivia,BOL,LCR,BOL005,Oruro,Bolivia,BOL,LCR,False,833.082,False,False
BOL007,Potosi,Bolivia,BOL,LCR,BOL009,Tarija,Bolivia,BOL,LCR,False,105.7536,False,False
BOL007,Potosi,Bolivia,BOL,LCR,CHL002,Antofagasta,Chile,CHL,LCR,True,349.4801,False,False
BOL007,Potosi,Bolivia,BOL,LCR,CHL014,Tarapaca,Chile,CHL,LCR,True,274.0252,False,False
BOL008,Santa Cruz,Bolivia,BOL,LCR,BRA012,Mato Grosso Do Sul,Brazil,BRA,LCR,True,383.6116,False,False
BOL008,Santa Cruz,Bolivia,BOL,LCR,PRY001,Alto Paraguay,Paraguay,PRY,LCR,True,498.8113,False,False
BOL008,Santa Cruz,Bolivia,BOL,LCR,PRY004,Boqueron,Paraguay,PRY,LCR,True,49.8956,False,False
BOL009,Tarija,Bolivia,BOL,LCR,ARG017,Salta,Argentina,ARG,LCR,True,518.7658,False,False
BOL009,Tarija,Bolivia,BOL,LCR,PRY004,Boqueron,Paraguay,PRY,LCR,True,142.6209,False,False
BRA001,Acre,Brazil,BRA,LCR,BRA026,Rondonia,Brazil,BRA,LCR,False,22.2281,False,False
BRA001,Acre,Brazil,BRA,LCR,PER016,Loreto,Peru,PER,LCR,True,108.7051,False,False
BRA001,Acre,Brazil,BRA,LCR,PER017,Madre de Dios,Peru,PER,LCR,True,298.7161,False,False
BRA001,Acre,Brazil,BRA,LCR,PER025,Ucayali,Peru,PER,LCR,True,923.1241,False,False
BRA002,Alagoas,Brazil,BRA,LCR,BRA005,Bahia,Brazil,BRA,LCR,False,41.6275,False,False
BRA002,Alagoas,Brazil,BRA,LCR,BRA021,Pernambuco,Brazil,BRA,LCR,False,539.6738,False,False
BRA002,Alagoas,Brazil,BRA,LCR,BRA030,Sergipe,Brazil,BRA,LCR,False,54.2515,False,False
BRA003,Amapa,Brazil,BRA,LCR,BRA018,Para,Brazil,BRA,LCR,False,1020.6328,False,False
BRA003,Amapa,Brazil,BRA,LCR,GUF001,French Guiana,France,GUF,Other,True,531.9227,False,False
BRA003,Amapa,Brazil,BRA,LCR,SUR009,Sipaliwini,Suriname,SUR,LCR,True,153.722,False,False
BRA004,Amazonas,Brazil,BRA,LCR,BRA001,Acre,Brazil,BRA,LCR,False,830.8862,False,False
BRA004,Amazonas,Brazil,BRA,LCR,BRA011,Mato Grosso,Brazil,BRA,LCR,False,551.736,False,False
BRA004,Amazonas,Brazil,BRA,LCR,BRA018,Para,Brazil,BRA,LCR,False,1320.4063,False,False
BRA004,Amazonas,Brazil,BRA,LCR,BRA026,Rondonia,Brazil,BRA,LCR,False,996.4755,False,False
BRA004,Amazonas,Brazil,BRA,LCR,BRA027,Roraima,Brazil,BRA,LCR,False,1280.4211,False,False
BRA004,Amazonas,Brazil,BRA,LCR,COL001,Amazonas,Colombia,COL,LCR,True,361.6927,False,False
BRA004,Amazonas,Brazil,BRA,LCR,COL017,Guainía,Colombia,COL,LCR,True,704.1545,False,False
BRA004,Amazonas,Brazil,BRA,LCR,COL032,Vaupés,Colombia,COL,LCR,True,709.5538,False,False
BRA004,Amazonas,Brazil,BRA,LCR,PER016,Loreto,Peru,PER,LCR,True,1268.3117,False,False
BRA004,Amazonas,Brazil,BRA,LCR,VEN001,Amazonas,Republica Bolivariana de Venezuela,VEN,LCR,True,811.9553,False,False
BRA005,Bahia,Brazil,BRA,LCR,BRA008,Espirito Santo,Brazil,BRA,LCR,False,73.1596,False,False
BRA005,Bahia,Brazil,BRA,LCR,BRA009,Goias,Brazil,BRA,LCR,False,413.3989,False,False
BRA005,Bahia,Brazil,BRA,LCR,BRA013,Minas Gerais,Brazil,BRA,LCR,False,1610.1006,False,False
BRA005,Bahia,Brazil,BRA,LCR,BRA021,Pernambuco,Brazil,BRA,LCR,False,648.9762,False,False
BRA005,Bahia,Brazil,BRA,LCR,BRA022,Piaui,Brazil,BRA,LCR,False,866.315,False,False
BRA005,Bahia,Brazil,BRA,LCR,BRA030,Sergipe,Brazil,BRA,LCR,False,470.8803,False,False
BRA005,Bahia,Brazil,BRA,LCR,BRA031,Tocantins,Brazil,BRA,LCR,False,618.0544,False,False
BRA006,Ceara,Brazil,BRA,LCR,BRA022,Piaui,Brazil,BRA,LCR,False,563.0159,False,False
BRA007,Distrito Federal,Brazil,BRA,LCR,BRA009,Goias,Brazil,BRA,LCR,False,355.2951,False,False
BRA007,Distrito Federal,Brazil,BRA,LCR,BRA013,Minas Gerais,Brazil,BRA,LCR,False,2.0884,True,False
BRA008,Espirito Santo,Brazil,BRA,LCR,BRA013,Minas Gerais,Brazil,BRA,LCR,False,727.8139,False,False
BRA008,Espirito Santo,Brazil,BRA,LCR,BRA023,Rio De Janeiro,Brazil,BRA,LCR,False,187.7566,False,False
BRA009,Goias,Brazil,BRA,LCR,BRA012,Mato Grosso Do Sul,Brazil,BRA,LCR,False,441.7224,False,False
BRA009,Goias,Brazil,BRA,LCR,BRA013,Minas Gerais,Brazil,BRA,LCR,False,1180.7703,False,False
BRA010,Maranhao,Brazil,BRA,LCR,BRA018,Para,Brazil,BRA,LCR,False,821.522,False,False
BRA010,Maranhao,Brazil,BRA,LCR,BRA022,Piaui,Brazil,BRA,LCR,False,1373.2196,False,False
BRA010,Maranhao,Brazil,BRA,LCR,BRA031,Tocantins,Brazil,BRA,LCR,False,1208.0467,False,False
BRA011,Mato Grosso,Brazil,BRA,LCR,BOL008,Santa Cruz,Bolivia,BOL,LCR,True,878.3323,False,False
BRA011,Mato Grosso,Brazil,BRA,LCR,BRA009,Goias,Brazil,BRA,LCR,False,945.5522,False,False
BRA011,Mato Grosso,Brazil,BRA,LCR,BRA012,Mato Grosso Do Sul,Brazil,BRA,LCR,False,1031.0779,False,False
BRA011,Mato Grosso,Brazil,BRA,LCR,BRA026,Rondonia,Brazil,BRA,LCR,False,1004.0835,False,False
BRA011,Mato Grosso,Brazil,BRA,LCR,BRA031,Tocantins,Brazil,BRA,LCR,False,436.2654,False,False
BRA012,Mato Grosso Do Sul,Brazil,BRA,LCR,BRA020,Parana,Brazil,BRA,LCR,False,220.4613,False,False
BRA012,Mato Grosso Do Sul,Brazil,BRA,LCR,PRY001,Alto Paraguay,Paraguay,PRY,LCR,True,331.0326,False,False
BRA012,Mato Grosso Do Sul,Brazil,BRA,LCR,PRY003,Amambay,Paraguay,PRY,LCR,True,376.7405,False,False
BRA012,Mato Grosso Do Sul,Brazil,BRA,LCR,PRY007,Canindeyu,Paraguay,PRY,LCR,True,237.9967,False,False
BRA012,Mato Grosso Do Sul,Brazil,BRA,LCR,PRY009,Concepcion,Paraguay,PRY,LCR,True,213.0196,False,False
BRA013,Minas Gerais,Brazil,BRA,LCR,BRA012,Mato Grosso Do Sul,Brazil,BRA,LCR,False,36.6386,False,False
BRA013,Minas Gerais,Brazil,BRA,LCR,BRA023,Rio De Janeiro,Brazil,BRA,LCR,False,564.171,False,False
BRA013,Minas Gerais,Brazil,BRA,LCR,BRA029,Sao Paulo,Brazil,BRA,LCR,False,1332.9952,False,False
BRA018,Para,Brazil,BRA,LCR,BRA011,Mato Grosso,Brazil,BRA,LCR,False,1054.1913,False,False
BRA018,Para,Brazil,BRA,LCR,BRA027,Roraima,Brazil,BRA,LCR,False,106.6946,False,False
BRA018,Para,Brazil,BRA,LCR,BRA031,Tocantins,Brazil,BRA,LCR,False,730.2466,False,False
BRA018,Para,Brazil,BRA,LCR,GUY004,East Berbice/corentyne (region N°6),Guyana,GUY,LCR,True,544.4659,False,False
BRA018,Para,Brazil,BRA,LCR,GUY010,Upper Takutu/upper Essequibo (region N°9),Guyana,GUY,LCR,True,13.1573,False,False
BRA018,Para,Brazil,BRA,LCR,SUR009,Sipaliwini,Suriname,SUR,LCR,True,473.0096,False,False
BRA019,Paraiba,Brazil,BRA,LCR,BRA006,Ceara,Brazil,BRA,LCR,False,235.909,False,False
BRA019,Paraiba,Brazil,BRA,LCR,BRA021,Pernambuco,Brazil,BRA,LCR,False,864.4967,False,False
BRA019,Paraiba,Brazil,BRA,LCR,BRA024,Rio Grande Do Norte,Brazil,BRA,LCR,False,872.5891,False,False
BRA020,Parana,Brazil,BRA,LCR,BRA028,Santa Catarina,Brazil,BRA,LCR,False,910.5155,False,False
BRA020,Parana,Brazil,BRA,LCR,PRY002,Alto Parana,Paraguay,PRY,LCR,True,19.3383,False,False
BRA021,Pernambuco,Brazil,BRA,LCR,BRA006,Ceara,Brazil,BRA,LCR,False,289.0783,False,False
BRA021,Pernambuco,Brazil,BRA,LCR,BRA022,Piaui,Brazil,BRA,LCR,False,273.5558,False,False
BRA022,Piaui,Brazil,BRA,LCR,BRA031,Tocantins,Brazil,BRA,LCR,False,34.639,False,False
BRA023,Rio De Janeiro,Brazil,BRA,LCR,BRA029,Sao Paulo,Brazil,BRA,LCR,False,303.168,False,False
BRA024,Rio Grande Do Norte,Brazil,BRA,LCR,BRA006,Ceara,Brazil,BRA,LCR,False,286.5567,False,False
BRA025,Rio Grande Do Sul,Brazil,BRA,LCR,BRA028,Santa Catarina,Brazil,BRA,LCR,False,1213.7756,False,False
BRA025,Rio Grande Do Sul,Brazil,BRA,LCR,URY001,Artigas,Uruguay,URY,LCR,True,346.7234,False,False
BRA025,Rio Grande Do Sul,Brazil,BRA,LCR,URY003,Cerro Largo,Uruguay,URY,LCR,True,224.7385,False,False
BRA025,Rio Grande Do Sul,Brazil,BRA,LCR,URY013,Rivera,Uruguay,URY,LCR,True,296.0703,False,False
BRA025,Rio Grande Do Sul,Brazil,BRA,LCR,URY014,Rocha,Uruguay,URY,LCR,True,35.675,False,False
BRA025,Rio Grande Do Sul,Brazil,BRA,LCR,URY015,Salto,Uruguay,URY,LCR,True,2.7892,True,False
BRA026,Rondonia,Brazil,BRA,LCR,BOL008,Santa Cruz,Bolivia,BOL,LCR,True,149.4551,False,False
BRA027,Roraima,Brazil,BRA,LCR,GUY002,Cuyuni/mazaruni (region N°7),Guyana,GUY,LCR,True,108.3357,False,False
BRA027,Roraima,Brazil,BRA,LCR,GUY008,Potaro/siparuni (region N°8),Guyana,GUY,LCR,True,198.4107,False,False
BRA027,Roraima,Brazil,BRA,LCR,GUY010,Upper Takutu/upper Essequibo (region N°9),Guyana,GUY,LCR,True,667.8535,False,False
BRA027,Roraima,Brazil,BRA,LCR,VEN001,Amazonas,Republica Bolivariana de Venezuela,VEN,LCR,True,552.3845,False,False
BRA027,Roraima,Brazil,BRA,LCR,VEN006,Bolivar,Republica Bolivariana de Venezuela,VEN,LCR,True,896.8168,False,False
BRA029,Sao Paulo,Brazil,BRA,LCR,BRA012,Mato Grosso Do Sul,Brazil,BRA,LCR,False,305.0343,False,False
BRA029,Sao Paulo,Brazil,BRA,LCR,BRA020,Parana,Brazil,BRA,LCR,False,896.6443,False,False
BRA031,Tocantins,Brazil,BRA,LCR,BRA009,Goias,Brazil,BRA,LCR,False,1076.6222,False,False
BRB001,Christ Church,Barbados,BRB,LCR,BRB003,St. George,Barbados,BRB,LCR,False,6.7671,False,False
BRB001,Christ Church,Barbados,BRB,LCR,BRB008,St. Michael,Barbados,BRB,LCR,False,4.1351,True,False
BRB001,Christ Church,Barbados,BRB,LCR,BRB010,St. Phillip,Barbados,BRB,LCR,False,5.7553,False,False
BRB002,St. Andrew,Barbados,BRB,LCR,BRB004,St. James,Barbados,BRB,LCR,False,2.2789,True,False
BRB002,St. Andrew,Barbados,BRB,LCR,BRB006,St. Joseph,Barbados,BRB,LCR,False,5.0693,False,False
BRB002,St. Andrew,Barbados,BRB,LCR,BRB009,St. Peter,Barbados,BRB,LCR,False,6.9109,False,False
BRB002,St. Andrew,Barbados,BRB,LCR,BRB011,St. Tomas,Barbados,BRB,LCR,False,2.7807,True,False
BRB003,St. George,Barbados,BRB,LCR,BRB005,St. John,Barbados,BRB,LCR,False,6.0445,False,False
BRB003,St. George,Barbados,BRB,LCR,BRB006,St. Joseph,Barbados,BRB,LCR,False,1.8774,True,False
BRB003,St. George,Barbados,BRB,LCR,BRB008,St. Michael,Barbados,BRB,LCR,False,6.758,False,False
BRB003,St. George,Barbados,BRB,LCR,BRB010,St. Phillip,Barbados,BRB,LCR,False,1.4429,True,False
BRB003,St. George,Barbados,BRB,LCR,BRB011,St. Tomas,Barbados,BRB,LCR,False,3.3456,True,False
BRB004,St. James,Barbados,BRB,LCR,BRB008,St. Michael,Barbados,BRB,LCR,False,2.9125,True,False
BRB004,St. James,Barbados,BRB,LCR,BRB009,St. Peter,Barbados,BRB,LCR,False,5.2454,False,False
BRB004,St. James,Barbados,BRB,LCR,BRB011,St. Tomas,Barbados,BRB,LCR,False,8.5048,False,False
BRB005,St. John,Barbados,BRB,LCR,BRB006,St. Joseph,Barbados,BRB,LCR,False,5.0052,False,False
BRB005,St. John,Barbados,BRB,LCR,BRB010,St. Phillip,Barbados,BRB,LCR,False,7.5705,False,False
BRB006,St. Joseph,Barbados,BRB,LCR,BRB011,St. Tomas,Barbados,BRB,LCR,False,4.7346,True,False
BRB007,St. Lucy,Barbados,BRB,LCR,BRB009,St. Peter,Barbados,BRB,LCR,False,8.2984,False,False
BRB008,St. Michael,Barbados,BRB,LCR,BRB011,St. Tomas,Barbados,BRB,LCR,False,3.6533,True,False
BRN001,Belait,Brunei Darussalam,BRN,Other,BRN004,Tutong,Brunei Darussalam,BRN,Other,False,64.6191,False,False
BRN001,Belait,Brunei Darussalam,BRN,Other,MYS013,Sarawak,Malaysia,MYS,EAP,True,189.169,False,False
BRN002,Brunei and Muara,Brunei Darussalam,BRN,Other,BRN004,Tutong,Brunei Darussalam,BRN,Other,False,22.1623,False,False
BRN002,Brunei and Muara,Brunei Darussalam,BRN,Other,MYS013,Sarawak,Malaysia,MYS,EAP,True,29.0089,False,False
BRN003,Temburong,Brunei Darussalam,BRN,Other,MYS013,Sarawak,Malaysia,MYS,EAP,True,177.0993,False,False
BRN004,Tutong,Brunei Darussalam,BRN,Other,MYS013,Sarawak,Malaysia,MYS,EAP,True,59.0387,False,False
BTN001,Bumthang,Bhutan,BTN,SAR,BTN017,Trongsa,Bhutan,BTN,SAR,False,68.2009,False,False
BTN001,Bumthang,Bhutan,BTN,SAR,BTN020,Zhemgang,Bhutan,BTN,SAR,False,29.5351,False,False
BTN002,Chhukha,Bhutan,BTN,SAR,BTN012,Samtse,Bhutan,BTN,SAR,False,41.8961,False,False
BTN003,Dagana,Bhutan,BTN,SAR,BTN002,Chhukha,Bhutan,BTN,SAR,False,72.6617,False,False
BTN003,Dagana,Bhutan,BTN,SAR,BTN013,Sarpang,Bhutan,BTN,SAR,False,19.4392,False,False
BTN003,Dagana,Bhutan,BTN,SAR,BTN014,Thimphu,Bhutan,BTN,SAR,False,19.661,False,False
BTN003,Dagana,Bhutan,BTN,SAR,BTN019,Wangduephodrang,Bhutan,BTN,SAR,False,46.5457,False,False
BTN003,Dagana,Bhutan,BTN,SAR,IND004,Assam,India,IND,SAR,True,18.001,False,False
BTN003,Dagana,Bhutan,BTN,SAR,IND036,West Bengal,India,IND,SAR,True,14.8121,False,False
BTN004,Gasa,Bhutan,BTN,SAR,BTN010,Punakha,Bhutan,BTN,SAR,False,55.6748,False,False
BTN004,Gasa,Bhutan,BTN,SAR,BTN014,Thimphu,Bhutan,BTN,SAR,False,62.209,False,False
BTN004,Gasa,Bhutan,BTN,SAR,BTN019,Wangduephodrang,Bhutan,BTN,SAR,False,77.8456,False,False
BTN005,Haa,Bhutan,BTN,SAR,BTN002,Chhukha,Bhutan,BTN,SAR,False,18.5912,False,False
BTN005,Haa,Bhutan,BTN,SAR,BTN008,Paro,Bhutan,BTN,SAR,False,59.0565,False,False
BTN005,Haa,Bhutan,BTN,SAR,BTN012,Samtse,Bhutan,BTN,SAR,False,62.3149,False,False
BTN006,Lhuentse,Bhutan,BTN,SAR,BTN001,Bumthang,Bhutan,BTN,SAR,False,94.2944,False,False
BTN006,Lhuentse,Bhutan,BTN,SAR,BTN007,Monggar,Bhutan,BTN,SAR,False,58.1589,False,False
BTN006,Lhuentse,Bhutan,BTN,SAR,BTN016,Trashiyangtse,Bhutan,BTN,SAR,False,51.5884,False,False
BTN007,Monggar,Bhutan,BTN,SAR,BTN001,Bumthang,Bhutan,BTN,SAR,False,5.0144,False,False
BTN007,Monggar,Bhutan,BTN,SAR,BTN009,Pemagatshel,Bhutan,BTN,SAR,False,44.1425,False,False
BTN007,Monggar,Bhutan,BTN,SAR,BTN015,Trashigang,Bhutan,BTN,SAR,False,41.48,False,False
BTN007,Monggar,Bhutan,BTN,SAR,BTN016,Trashiyangtse,Bhutan,BTN,SAR,False,26.9011,False,False
BTN007,Monggar,Bhutan,BTN,SAR,BTN020,Zhemgang,Bhutan,BTN,SAR,False,68.6744,False,False
BTN008,Paro,Bhutan,BTN,SAR,BTN002,Chhukha,Bhutan,BTN,SAR,False,35.2451,False,False
BTN008,Paro,Bhutan,BTN,SAR,BTN014,Thimphu,Bhutan,BTN,SAR,False,99.1941,False,False
BTN009,Pemagatshel,Bhutan,BTN,SAR,BTN011,Samdrupjongkhar,Bhutan,BTN,SAR,False,33.2671,False,False
BTN009,Pemagatshel,Bhutan,BTN,SAR,BTN015,Trashigang,Bhutan,BTN,SAR,False,37.684,False,False
BTN009,Pemagatshel,Bhutan,BTN,SAR,BTN020,Zhemgang,Bhutan,BTN,SAR,False,34.4529,False,False
BTN009,Pemagatshel,Bhutan,BTN,SAR,IND004,Assam,India,IND,SAR,True,45.2211,False,False
BTN010,Punakha,Bhutan,BTN,SAR,BTN014,Thimphu,Bhutan,BTN,SAR,False,36.7985,False,False
BTN010,Punakha,Bhutan,BTN,SAR,BTN019,Wangduephodrang,Bhutan,BTN,SAR,False,71.1993,False,False
BTN011,Samdrupjongkhar,Bhutan,BTN,SAR,BTN015,Trashigang,Bhutan,BTN,SAR,False,75.9349,False,False
BTN011,Samdrupjongkhar,Bhutan,BTN,SAR,IND004,Assam,India,IND,SAR,True,81.9855,False,False
BTN012,Samtse,Bhutan,BTN,SAR,IND030,Sikkim,India,IND,SAR,True,26.3885,False,False
BTN013,Sarpang,Bhutan,BTN,SAR,BTN017,Trongsa,Bhutan,BTN,SAR,False,23.2914,False,False
BTN013,Sarpang,Bhutan,BTN,SAR,BTN020,Zhemgang,Bhutan,BTN,SAR,False,75.7541,False,False
BTN014,Thimphu,Bhutan,BTN,SAR,BTN002,Chhukha,Bhutan,BTN,SAR,False,32.9758,False,False
BTN014,Thimphu,Bhutan,BTN,SAR,BTN019,Wangduephodrang,Bhutan,BTN,SAR,False,27.8271,False,False
BTN015,Trashigang,Bhutan,BTN,SAR,BTN016,Trashiyangtse,Bhutan,BTN,SAR,False,40.6517,False,False
BTN018,Tsirang,Bhutan,BTN,SAR,BTN003,Dagana,Bhutan,BTN,SAR,False,42.3294,False,False
BTN018,Tsirang,Bhutan,BTN,SAR,BTN013,Sarpang,Bhutan,BTN,SAR,False,64.5508,False,False
BTN018,Tsirang,Bhutan,BTN,SAR,BTN019,Wangduephodrang,Bhutan,BTN,SAR,False,40.9825,False,False
BTN019,Wangduephodrang,Bhutan,BTN,SAR,BTN001,Bumthang,Bhutan,BTN,SAR,False,37.8412,False,False
BTN019,Wangduephodrang,Bhutan,BTN,SAR,BTN013,Sarpang,Bhutan,BTN,SAR,False,5.822,False,False
BTN019,Wangduephodrang,Bhutan,BTN,SAR,BTN017,Trongsa,Bhutan,BTN,SAR,False,103.6826,False,False
BTN020,Zhemgang,Bhutan,BTN,SAR,BTN017,Trongsa,Bhutan,BTN,SAR,False,50.8925,False,False
BWA001,Central,Botswana,BWA,AFR,BWA003,Ghanzi,Botswana,BWA,AFR,False,269.1516,False,False
BWA001,Central,Botswana,BWA,AFR,BWA005,Kgatleng,Botswana,BWA,AFR,False,123.1123,False,False
BWA001,Central,Botswana,BWA,AFR,BWA006,Kweneng,Botswana,BWA,AFR,False,92.8483,False,False
BWA001,Central,Botswana,BWA,AFR,BWA008,North East,Botswana,BWA,AFR,False,185.3748,False,False
BWA001,Central,Botswana,BWA,AFR,ZWE008,Matabeleland North,Zimbabwe,ZWE,AFR,True,153.2508,False,False
BWA002,Chobe,Botswana,BWA,AFR,BWA001,Central,Botswana,BWA,AFR,False,105.4993,False,False
BWA002,Chobe,Botswana,BWA,AFR,NAM001,Caprivi,Namibia,NAM,AFR,True,272.3407,False,False
BWA002,Chobe,Botswana,BWA,AFR,ZMB109,Southern,Zambia,ZMB,AFR,True,0.1349,True,True
BWA002,Chobe,Botswana,BWA,AFR,ZWE008,Matabeleland North,Zimbabwe,ZWE,AFR,True,170.7423,False,False
BWA003,Ghanzi,Botswana,BWA,AFR,BWA004,Kgalagadi,Botswana,BWA,AFR,False,312.8397,False,False
BWA003,Ghanzi,Botswana,BWA,AFR,BWA006,Kweneng,Botswana,BWA,AFR,False,269.4769,False,False
BWA003,Ghanzi,Botswana,BWA,AFR,NAM009,Omaheke,Namibia,NAM,AFR,True,359.7222,False,False
BWA004,Kgalagadi,Botswana,BWA,AFR,BWA006,Kweneng,Botswana,BWA,AFR,False,96.9847,False,False
BWA004,Kgalagadi,Botswana,BWA,AFR,BWA010,Southern,Botswana,BWA,AFR,False,320.1283,False,False
BWA004,Kgalagadi,Botswana,BWA,AFR,NAM003,Hardap,Namibia,NAM,AFR,True,99.6154,False,False
BWA004,Kgalagadi,Botswana,BWA,AFR,NAM009,Omaheke,Namibia,NAM,AFR,True,61.3675,False,False
BWA004,Kgalagadi,Botswana,BWA,AFR,ZAF007,North West,South Africa,ZAF,AFR,True,402.5354,False,False
BWA004,Kgalagadi,Botswana,BWA,AFR,ZAF008,Northern Cape,South Africa,ZAF,AFR,True,648.9049,False,False
BWA005,Kgatleng,Botswana,BWA,AFR,BWA006,Kweneng,Botswana,BWA,AFR,False,112.4316,False,False
BWA005,Kgatleng,Botswana,BWA,AFR,BWA009,South-East,Botswana,BWA,AFR,False,31.7369,False,False
BWA005,Kgatleng,Botswana,BWA,AFR,ZAF007,North West,South Africa,ZAF,AFR,True,23.6865,False,False
BWA006,Kweneng,Botswana,BWA,AFR,BWA009,South-East,Botswana,BWA,AFR,False,39.6457,False,False
BWA006,Kweneng,Botswana,BWA,AFR,BWA010,Southern,Botswana,BWA,AFR,False,281.1225,False,False
BWA007,Ngamiland,Botswana,BWA,AFR,BWA001,Central,Botswana,BWA,AFR,False,398.7581,False,False
BWA007,Ngamiland,Botswana,BWA,AFR,BWA002,Chobe,Botswana,BWA,AFR,False,196.158,False,False
BWA007,Ngamiland,Botswana,BWA,AFR,BWA003,Ghanzi,Botswana,BWA,AFR,False,299.7843,False,False
BWA007,Ngamiland,Botswana,BWA,AFR,NAM001,Caprivi,Namibia,NAM,AFR,True,242.4054,False,False
BWA007,Ngamiland,Botswana,BWA,AFR,NAM005,Kavango,Namibia,NAM,AFR,True,257.2355,False,False
BWA007,Ngamiland,Botswana,BWA,AFR,NAM009,Omaheke,Namibia,NAM,AFR,True,72.821,False,False
BWA007,Ngamiland,Botswana,BWA,AFR,NAM013,Otjozondjupa,Namibia,NAM,AFR,True,127.5279,False,False
BWA009,South-East,Botswana,BWA,AFR,ZAF007,North West,South Africa,ZAF,AFR,True,126.6399,False,False
BWA010,Southern,Botswana,BWA,AFR,BWA009,South-East,Botswana,BWA,AFR,False,101.1816,False,False
BWA010,Southern,Botswana,BWA,AFR,ZAF007,North West,South Africa,ZAF,AFR,True,156.8357,False,False
CAF001,Bas-Oubangui,Central African Republic,CAF,AFR,CAF006,Plateaux,Central African Republic,CAF,AFR,False,42.2058,False,False
CAF002,Equateur,Central African Republic,CAF,AFR,CAF006,Plateaux,Central African Republic,CAF,AFR,False,407.1692,False,False
CAF002,Equateur,Central African Republic,CAF,AFR,CAF007,Yadé,Central African Republic,CAF,AFR,False,314.8397,False,False
CAF002,Equateur,Central African Republic,CAF,AFR,CMR003,Est,Cameroon,CMR,AFR,True,622.449,False,False
CAF002,Equateur,Central African Republic,CAF,AFR,COG007,Likouala,Congo,COG,AFR,True,189.8122,False,False
CAF002,Equateur,Central African Republic,CAF,AFR,COG012,Sangha,Congo,COG,AFR,True,83.1848,False,False
CAF003,Fertit,Central African Republic,CAF,AFR,CAF004,Haut-Oubangui,Central African Republic,CAF,AFR,False,645.6941,False,False
CAF003,Fertit,Central African Republic,CAF,AFR,CAF005,Kagas,Central African Republic,CAF,AFR,False,787.2787,False,False
CAF003,Fertit,Central African Republic,CAF,AFR,CAF007,Yadé,Central African Republic,CAF,AFR,False,3.118,True,False
CAF003,Fertit,Central African Republic,CAF,AFR,SDN012,Southern Darfur,Sudan,SDN,AFR,True,138.7692,False,False
CAF003,Fertit,Central African Republic,CAF,AFR,SDN014,Western Darfur,Sudan,SDN,AFR,True,35.1219,False,False
CAF003,Fertit,Central African Republic,CAF,AFR,SSD011,Western Bahr el Ghazal,South Sudan,SSD,AFR,True,349.5879,False,False
CAF003,Fertit,Central African Republic,CAF,AFR,TCD016,Moyen-Chari,Chad,TCD,AFR,True,243.7559,False,False
CAF003,Fertit,Central African Republic,CAF,AFR,TCD018,Salamat,Chad,TCD,AFR,True,648.0281,False,False
CAF003,Fertit,Central African Republic,CAF,AFR,TCD019,Sila,Chad,TCD,AFR,True,60.3491,False,False
CAF004,Haut-Oubangui,Central African Republic,CAF,AFR,CAF005,Kagas,Central African Republic,CAF,AFR,False,288.8452,False,False
CAF004,Haut-Oubangui,Central African Republic,CAF,AFR,COD012,Bas-Uélé,Democratic Republic of Congo,COD,AFR,True,989.0076,False,False
CAF004,Haut-Oubangui,Central African Republic,CAF,AFR,COD027,Nord-Ubangi,Democratic Republic of Congo,COD,AFR,True,257.2779,False,False
CAF004,Haut-Oubangui,Central African Republic,CAF,AFR,SSD011,Western Bahr el Ghazal,South Sudan,SSD,AFR,True,448.7055,False,False
CAF005,Kagas,Central African Republic,CAF,AFR,CAF006,Plateaux,Central African Republic,CAF,AFR,False,121.4114,False,False
CAF005,Kagas,Central African Republic,CAF,AFR,CAF007,Yadé,Central African Republic,CAF,AFR,False,440.0838,False,False
CAF005,Kagas,Central African Republic,CAF,AFR,COD027,Nord-Ubangi,Democratic Republic of Congo,COD,AFR,True,196.6798,False,False
CAF006,Plateaux,Central African Republic,CAF,AFR,CAF007,Yadé,Central African Republic,CAF,AFR,False,317.4479,False,False
CAF006,Plateaux,Central African Republic,CAF,AFR,COG007,Likouala,Congo,COG,AFR,True,214.092,False,False
CAN001,Alberta,Canada,CAN,Other,CAN002,British Columbia / Colombie-Britannique,Canada,CAN,Other,False,1852.1514,False,False
CAN001,Alberta,Canada,CAN,Other,CAN006,Northwest Territories / Territoires du Nord-Ouest,Canada,CAN,Other,False,557.7353,False,False
CAN001,Alberta,Canada,CAN,Other,CAN012,Saskatchewan,Canada,CAN,Other,False,1161.814,False,False
CAN001,Alberta,Canada,CAN,Other,USA027,Montana,United States of America,USA,Other,True,297.3177,False,False
CAN002,British Columbia / Colombie-Britannique,Canada,CAN,Other,CAN006,Northwest Territories / Territoires du Nord-Ouest,Canada,CAN,Other,False,212.4384,False,False
CAN002,British Columbia / Colombie-Britannique,Canada,CAN,Other,CAN013,Yukon,Canada,CAN,Other,False,843.1155,False,False
CAN002,British Columbia / Colombie-Britannique,Canada,CAN,Other,USA013,Idaho,United States of America,USA,Other,True,71.9474,False,False
CAN002,British Columbia / Colombie-Britannique,Canada,CAN,Other,USA048,Washington,United States of America,USA,Other,True,423.0264,False,False
CAN003,Manitoba,Canada,CAN,Other,CAN008,Nunavut,Canada,CAN,Other,False,374.3792,False,False
CAN003,Manitoba,Canada,CAN,Other,CAN009,Ontario,Canada,CAN,Other,False,973.4012,False,False
CAN003,Manitoba,Canada,CAN,Other,CAN012,Saskatchewan,Canada,CAN,Other,False,1160.7983,False,False
CAN003,Manitoba,Canada,CAN,Other,USA024,Minnesota,United States of America,USA,Other,True,164.3914,False,False
CAN003,Manitoba,Canada,CAN,Other,USA035,North Dakota,United States of America,USA,Other,True,302.4202,False,False
CAN004,New Brunswick / Nouveau-Brunswick,Canada,CAN,Other,CAN007,Nova Scotia / Nouvelle-Écosse,Canada,CAN,Other,False,28.9569,False,False
CAN004,New Brunswick / Nouveau-Brunswick,Canada,CAN,Other,CAN010,Prince Edward Island / Île-du-Prince-Édouard,Canada,CAN,Other,False,0.0906,True,True
CAN004,New Brunswick / Nouveau-Brunswick,Canada,CAN,Other,CAN011,Quebec / Québec,Canada,CAN,Other,False,281.5118,False,False
CAN004,New Brunswick / Nouveau-Brunswick,Canada,CAN,Other,USA020,Maine,United States of America,USA,Other,True,393.2032,False,False
CAN005,Newfoundland and Labrador / Terre-Neuve-et-Labrador,Canada,CAN,Other,CAN008,Nunavut,Canada,CAN,Other,False,11.1554,False,False
CAN005,Newfoundland and Labrador / Terre-Neuve-et-Labrador,Canada,CAN,Other,CAN011,Quebec / Québec,Canada,CAN,Other,False,4396.1725,False,False
CAN006,Northwest Territories / Territoires du Nord-Ouest,Canada,CAN,Other,CAN013,Yukon,Canada,CAN,Other,False,2227.2192,False,False
CAN008,Nunavut,Canada,CAN,Other,CAN006,Northwest Territories / Territoires du Nord-Ouest,Canada,CAN,Other,False,2424.2869,False,False
CAN008,Nunavut,Canada,CAN,Other,CAN009,Ontario,Canada,CAN,Other,False,3.3254,True,False
CAN008,Nunavut,Canada,CAN,Other,GRL001,Nordgronland,Greenland (Den.),GRL,Other,True,1.2529,True,False
CAN009,Ontario,Canada,CAN,Other,USA023,Michigan,United States of America,USA,Other,True,93.8354,False,False
CAN009,Ontario,Canada,CAN,Other,USA024,Minnesota,United States of America,USA,Other,True,493.2448,False,False
CAN009,Ontario,Canada,CAN,Other,USA033,New York,United States of America,USA,Other,True,167.3353,False,False
CAN011,Quebec / Québec,Canada,CAN,Other,CAN008,Nunavut,Canada,CAN,Other,False,46.5253,False,False
CAN011,Quebec / Québec,Canada,CAN,Other,CAN009,Ontario,Canada,CAN,Other,False,1039.0924,False,False
CAN011,Quebec / Québec,Canada,CAN,Other,USA020,Maine,United States of America,USA,Other,True,432.0036,False,False
CAN011,Quebec / Québec,Canada,CAN,Other,USA030,New Hampshire,United States of America,USA,Other,True,79.924,False,False
CAN011,Quebec / Québec,Canada,CAN,Other,USA033,New York,United States of America,USA,Other,True,103.9389,False,False
CAN011,Quebec / Québec,Canada,CAN,Other,USA046,Vermont,United States of America,USA,Other,True,135.7989,False,False
CAN012,Saskatchewan,Canada,CAN,Other,CAN006,Northwest Territories / Territoires du Nord-Ouest,Canada,CAN,Other,False,403.3123,False,False
CAN012,Saskatchewan,Canada,CAN,Other,USA027,Montana,United States of America,USA,Other,True,435.8431,False,False
CHE001,Aargau,Switzerland,CHE,Other,CHE004,Basel-landschaft,Switzerland,CHE,Other,False,24.5648,False,False
CHE001,Aargau,Switzerland,CHE,Other,CHE006,Bern,Switzerland,CHE,Other,False,4.8654,True,False
CHE001,Aargau,Switzerland,CHE,Other,CHE012,Luzern,Switzerland,CHE,Other,False,74.5331,False,False
CHE001,Aargau,Switzerland,CHE,Other,CHE019,Solothurn,Switzerland,CHE,Other,False,35.6548,False,False
CHE001,Aargau,Switzerland,CHE,Other,CHE025,Zug,Switzerland,CHE,Other,False,10.1677,False,False
CHE001,Aargau,Switzerland,CHE,Other,CHE026,Zurich,Switzerland,CHE,Other,False,47.8098,False,False
CHE001,Aargau,Switzerland,CHE,Other,DEU001,Baden-Wuerttemberg,Germany,DEU,Other,True,72.6842,False,False
CHE002,Appenzell Ausser-rhoden,Switzerland,CHE,Other,CHE016,Sankt Gallen,Switzerland,CHE,Other,False,71.1235,False,False
CHE003,Appenzell Inner-rhoden,Switzerland,CHE,Other,CHE002,Appenzell Ausser-rhoden,Switzerland,CHE,Other,False,50.1139,False,False
CHE003,Appenzell Inner-rhoden,Switzerland,CHE,Other,CHE016,Sankt Gallen,Switzerland,CHE,Other,False,26.6059,False,False
CHE004,Basel-landschaft,Switzerland,CHE,Other,CHE005,Basel-stadt,Switzerland,CHE,Other,False,13.6966,False,False
CHE004,Basel-landschaft,Switzerland,CHE,Other,CHE019,Solothurn,Switzerland,CHE,Other,False,62.2747,False,False
CHE004,Basel-landschaft,Switzerland,CHE,Other,DEU001,Baden-Wuerttemberg,Germany,DEU,Other,True,7.0049,False,False
CHE004,Basel-landschaft,Switzerland,CHE,Other,FRA002,Alsace,France,FRA,Other,True,14.0199,False,False
CHE005,Basel-stadt,Switzerland,CHE,Other,DEU001,Baden-Wuerttemberg,Germany,DEU,Other,True,19.4762,False,False
CHE005,Basel-stadt,Switzerland,CHE,Other,FRA002,Alsace,France,FRA,Other,True,5.6442,False,False
CHE006,Bern,Switzerland,CHE,Other,CHE004,Basel-landschaft,Switzerland,CHE,Other,False,9.0112,False,False
CHE006,Bern,Switzerland,CHE,Other,CHE007,Fribourg,Switzerland,CHE,Other,False,96.9418,False,False
CHE006,Bern,Switzerland,CHE,Other,CHE011,Jura,Switzerland,CHE,Other,False,65.5119,False,False
CHE006,Bern,Switzerland,CHE,Other,CHE012,Luzern,Switzerland,CHE,Other,False,67.3126,False,False
CHE006,Bern,Switzerland,CHE,Other,CHE013,Neuchatel,Switzerland,CHE,Other,False,37.9946,False,False
CHE006,Bern,Switzerland,CHE,Other,CHE014,Nidwalden,Switzerland,CHE,Other,False,3.5196,True,False
CHE006,Bern,Switzerland,CHE,Other,CHE015,Obwalden,Switzerland,CHE,Other,False,30.4444,False,False
CHE006,Bern,Switzerland,CHE,Other,CHE019,Solothurn,Switzerland,CHE,Other,False,162.7722,False,False
CHE006,Bern,Switzerland,CHE,Other,CHE022,Uri,Switzerland,CHE,Other,False,15.0022,False,False
CHE006,Bern,Switzerland,CHE,Other,CHE023,Valais,Switzerland,CHE,Other,False,117.4523,False,False
CHE006,Bern,Switzerland,CHE,Other,CHE024,Vaud,Switzerland,CHE,Other,False,30.1792,False,False
CHE006,Bern,Switzerland,CHE,Other,FRA002,Alsace,France,FRA,Other,True,2.314,True,False
CHE007,Fribourg,Switzerland,CHE,Other,CHE013,Neuchatel,Switzerland,CHE,Other,False,13.7055,False,False
CHE007,Fribourg,Switzerland,CHE,Other,CHE024,Vaud,Switzerland,CHE,Other,False,215.7208,False,False
CHE008,Geneve,Switzerland,CHE,Other,CHE024,Vaud,Switzerland,CHE,Other,False,22.1165,False,False
CHE008,Geneve,Switzerland,CHE,Other,FRA023,Rhone-Alpes,France,FRA,Other,True,90.9362,False,False
CHE009,Glarus,Switzerland,CHE,Other,CHE010,Graubunden,Switzerland,CHE,Other,False,37.1228,False,False
CHE009,Glarus,Switzerland,CHE,Other,CHE016,Sankt Gallen,Switzerland,CHE,Other,False,45.7073,False,False
CHE009,Glarus,Switzerland,CHE,Other,CHE018,Schwyz,Switzerland,CHE,Other,False,37.5236,False,False
CHE009,Glarus,Switzerland,CHE,Other,CHE022,Uri,Switzerland,CHE,Other,False,15.5525,False,False
CHE010,Graubunden,Switzerland,CHE,Other,CHE016,Sankt Gallen,Switzerland,CHE,Other,False,40.8303,False,False
CHE010,Graubunden,Switzerland,CHE,Other,CHE021,Ticino,Switzerland,CHE,Other,False,87.8384,False,False
CHE010,Graubunden,Switzerland,CHE,Other,CHE022,Uri,Switzerland,CHE,Other,False,35.493,False,False
CHE010,Graubunden,Switzerland,CHE,Other,ITA009,Lombardia,Italy,ITA,Other,True,285.6932,False,False
CHE010,Graubunden,Switzerland,CHE,Other,ITA017,Trentino-alto Adige,Italy,ITA,Other,True,50.8556,False,False
CHE010,Graubunden,Switzerland,CHE,Other,LIE001,Balzers,Liechtenstein,LIE,Other,True,5.7607,False,False
CHE010,Graubunden,Switzerland,CHE,Other,LIE007,Schaan,Liechtenstein,LIE,Other,True,0.5684,True,True
CHE010,Graubunden,Switzerland,CHE,Other,LIE009,Triesen,Liechtenstein,LIE,Other,True,6.27,False,False
CHE011,Jura,Switzerland,CHE,Other,CHE019,Solothurn,Switzerland,CHE,Other,False,17.0053,False,False
CHE011,Jura,Switzerland,CHE,Other,FRA002,Alsace,France,FRA,Other,True,27.9883,False,False
CHE012,Luzern,Switzerland,CHE,Other,CHE014,Nidwalden,Switzerland,CHE,Other,False,29.5703,False,False
CHE012,Luzern,Switzerland,CHE,Other,CHE015,Obwalden,Switzerland,CHE,Other,False,30.1976,False,False
CHE012,Luzern,Switzerland,CHE,Other,CHE018,Schwyz,Switzerland,CHE,Other,False,31.9098,False,False
CHE012,Luzern,Switzerland,CHE,Other,CHE025,Zug,Switzerland,CHE,Other,False,9.2603,False,False
CHE013,Neuchatel,Switzerland,CHE,Other,CHE024,Vaud,Switzerland,CHE,Other,False,43.6159,False,False
CHE014,Nidwalden,Switzerland,CHE,Other,CHE015,Obwalden,Switzerland,CHE,Other,False,57.7628,False,False
CHE014,Nidwalden,Switzerland,CHE,Other,CHE018,Schwyz,Switzerland,CHE,Other,False,8.389,False,False
CHE014,Nidwalden,Switzerland,CHE,Other,CHE022,Uri,Switzerland,CHE,Other,False,19.7045,False,False
CHE015,Obwalden,Switzerland,CHE,Other,CHE022,Uri,Switzerland,CHE,Other,False,13.8435,False,False
CHE016,Sankt Gallen,Switzerland,CHE,Other,CHE018,Schwyz,Switzerland,CHE,Other,False,23.181,False,False
CHE016,Sankt Gallen,Switzerland,CHE,Other,CHE020,Thurgau,Switzerland,CHE,Other,False,75.4551,False,False
CHE016,Sankt Gallen,Switzerland,CHE,Other,CHE026,Zurich,Switzerland,CHE,Other,False,29.4802,False,False
CHE016,Sankt Gallen,Switzerland,CHE,Other,LIE001,Balzers,Liechtenstein,LIE,Other,True,6.1576,False,False
CHE016,Sankt Gallen,Switzerland,CHE,Other,LIE002,Eschen,Liechtenstein,LIE,Other,True,2.1778,True,False
CHE016,Sankt Gallen,Switzerland,CHE,Other,LIE003,Gamprin,Liechtenstein,LIE,Other,True,3.1792,True,False
CHE016,Sankt Gallen,Switzerland,CHE,Other,LIE006,Ruggell,Liechtenstein,LIE,Other,True,3.2918,True,False
CHE016,Sankt Gallen,Switzerland,CHE,Other,LIE007,Schaan,Liechtenstein,LIE,Other,True,4.3467,True,False
CHE016,Sankt Gallen,Switzerland,CHE,Other,LIE009,Triesen,Liechtenstein,LIE,Other,True,4.127,True,False
CHE016,Sankt Gallen,Switzerland,CHE,Other,LIE011,Vaduz,Liechtenstein,LIE,Other,True,4.4792,True,False
CHE017,Schaffhausen,Switzerland,CHE,Other,CHE020,Thurgau,Switzerland,CHE,Other,False,8.4326,False,False
CHE017,Schaffhausen,Switzerland,CHE,Other,CHE026,Zurich,Switzerland,CHE,Other,False,17.1973,False,False
CHE017,Schaffhausen,Switzerland,CHE,Other,DEU001,Baden-Wuerttemberg,Germany,DEU,Other,True,133.4147,False,False
CHE018,Schwyz,Switzerland,CHE,Other,CHE022,Uri,Switzerland,CHE,Other,False,35.6612,False,False
CHE018,Schwyz,Switzerland,CHE,Other,CHE025,Zug,Switzerland,CHE,Other,False,21.6221,False,False
CHE018,Schwyz,Switzerland,CHE,Other,CHE026,Zurich,Switzerland,CHE,Other,False,12.4576,False,False
CHE019,Solothurn,Switzerland,CHE,Other,FRA002,Alsace,France,FRA,Other,True,20.8634,False,False
CHE020,Thurgau,Switzerland,CHE,Other,CHE026,Zurich,Switzerland,CHE,Other,False,61.9185,False,False
CHE020,Thurgau,Switzerland,CHE,Other,DEU001,Baden-Wuerttemberg,Germany,DEU,Other,True,21.6927,False,False
CHE021,Ticino,Switzerland,CHE,Other,CHE022,Uri,Switzerland,CHE,Other,False,21.8308,False,False
CHE021,Ticino,Switzerland,CHE,Other,CHE023,Valais,Switzerland,CHE,Other,False,11.5366,False,False
CHE021,Ticino,Switzerland,CHE,Other,ITA009,Lombardia,Italy,ITA,Other,True,128.8539,False,False
CHE021,Ticino,Switzerland,CHE,Other,ITA012,Piemonte,Italy,ITA,Other,True,67.8562,False,False
CHE022,Uri,Switzerland,CHE,Other,CHE023,Valais,Switzerland,CHE,Other,False,15.5881,False,False
CHE023,Valais,Switzerland,CHE,Other,FRA023,Rhone-Alpes,France,FRA,Other,True,86.354,False,False
CHE023,Valais,Switzerland,CHE,Other,ITA012,Piemonte,Italy,ITA,Other,True,99.2522,False,False
CHE023,Valais,Switzerland,CHE,Other,ITA019,Valle D'aosta,Italy,ITA,Other,True,97.1148,False,False
CHE024,Vaud,Switzerland,CHE,Other,CHE023,Valais,Switzerland,CHE,Other,False,54.3642,False,False
CHE024,Vaud,Switzerland,CHE,Other,FRA023,Rhone-Alpes,France,FRA,Other,True,18.5254,False,False
CHE025,Zug,Switzerland,CHE,Other,CHE026,Zurich,Switzerland,CHE,Other,False,27.0568,False,False
CHE026,Zurich,Switzerland,CHE,Other,DEU001,Baden-Wuerttemberg,Germany,DEU,Other,True,44.2742,False,False
CHL001,Aisen del Gral. Carlos Ibañez del Campo,Chile,CHL,LCR,CHL009,Los Lagos,Chile,CHL,LCR,False,229.5873,False,False
CHL001,Aisen del Gral. Carlos Ibañez del Campo,Chile,CHL,LCR,CHL011,Magallanes y Antartica chilena,Chile,CHL,LCR,False,84.9011,False,False
CHL002,Antofagasta,Chile,CHL,LCR,CHL005,Atacama,Chile,CHL,LCR,False,328.4241,False,False
CHL002,Antofagasta,Chile,CHL,LCR,CHL014,Tarapaca,Chile,CHL,LCR,False,213.4612,False,False
CHL003,Araucania,Chile,CHL,LCR,CHL006,Biobio,Chile,CHL,LCR,False,505.4615,False,False
CHL003,Araucania,Chile,CHL,LCR,CHL010,Los Rios,Chile,CHL,LCR,False,215.6806,False,False
CHL004,Arica y Painacota,Chile,CHL,LCR,CHL014,Tarapaca,Chile,CHL,LCR,False,178.0478,False,False
CHL004,Arica y Painacota,Chile,CHL,LCR,PER023,Tacna,Peru,PER,LCR,True,168.0025,False,False
CHL005,Atacama,Chile,CHL,LCR,CHL007,Coquimbo,Chile,CHL,LCR,False,268.6026,False,False
CHL006,Biobio,Chile,CHL,LCR,CHL012,Maule,Chile,CHL,LCR,False,301.6508,False,False
CHL007,Coquimbo,Chile,CHL,LCR,CHL015,Valparaiso,Chile,CHL,LCR,False,183.3473,False,False
CHL008,Libertador Gral. Bernardo O'Higgins,Chile,CHL,LCR,CHL012,Maule,Chile,CHL,LCR,False,255.3313,False,False
CHL008,Libertador Gral. Bernardo O'Higgins,Chile,CHL,LCR,CHL013,Metropolitana,Chile,CHL,LCR,False,290.2339,False,False
CHL008,Libertador Gral. Bernardo O'Higgins,Chile,CHL,LCR,CHL015,Valparaiso,Chile,CHL,LCR,False,18.8348,False,False
CHL009,Los Lagos,Chile,CHL,LCR,CHL010,Los Rios,Chile,CHL,LCR,False,138.1468,False,False
CHL013,Metropolitana,Chile,CHL,LCR,CHL015,Valparaiso,Chile,CHL,LCR,False,343.6649,False,False
CHN001,Anhui Sheng,China,CHN,EAP,CHN012,Henan Sheng,China,CHN,EAP,False,717.2388,False,False
CHN001,Anhui Sheng,China,CHN,EAP,CHN013,Hubei Sheng,China,CHN,EAP,False,234.6643,False,False
CHN001,Anhui Sheng,China,CHN,EAP,CHN015,Jiangsu Sheng,China,CHN,EAP,False,828.7676,False,False
CHN001,Anhui Sheng,China,CHN,EAP,CHN016,Jiangxi Sheng,China,CHN,EAP,False,349.5747,False,False
CHN001,Anhui Sheng,China,CHN,EAP,CHN023,Shandong Sheng,China,CHN,EAP,False,23.4028,False,False
CHN001,Anhui Sheng,China,CHN,EAP,CHN031,Zhejiang Sheng,China,CHN,EAP,False,295.7108,False,False
CHN003,Chongqing Shi,China,CHN,EAP,CHN008,Guizhou Sheng,China,CHN,EAP,False,612.0358,False,False
CHN003,Chongqing Shi,China,CHN,EAP,CHN013,Hubei Sheng,China,CHN,EAP,False,555.6875,False,False
CHN003,Chongqing Shi,China,CHN,EAP,CHN014,Hunan Sheng,China,CHN,EAP,False,86.6989,False,False
CHN003,Chongqing Shi,China,CHN,EAP,CHN022,Shaanxi Sheng,China,CHN,EAP,False,118.9063,False,False
CHN003,Chongqing Shi,China,CHN,EAP,CHN026,Sichuan Sheng,China,CHN,EAP,False,883.7922,False,False
CHN004,Fujian Sheng,China,CHN,EAP,CHN006,Guangdong Sheng,China,CHN,EAP,False,242.7086,False,False
CHN004,Fujian Sheng,China,CHN,EAP,CHN016,Jiangxi Sheng,China,CHN,EAP,False,605.071,False,False
CHN004,Fujian Sheng,China,CHN,EAP,CHN031,Zhejiang Sheng,China,CHN,EAP,False,346.6216,False,False
CHN005,Gansu Sheng,China,CHN,EAP,CHN020,Ningxia Huizu Zizhiqu,China,CHN,EAP,False,794.4046,False,False
CHN005,Gansu Sheng,China,CHN,EAP,CHN021,Qinghai Sheng,China,CHN,EAP,False,1995.9663,False,False
CHN005,Gansu Sheng,China,CHN,EAP,CHN022,Shaanxi Sheng,China,CHN,EAP,False,996.1258,False,False
CHN005,Gansu Sheng,China,CHN,EAP,CHN026,Sichuan Sheng,China,CHN,EAP,False,762.8804,False,False
CHN005,Gansu Sheng,China,CHN,EAP,CHN028,Xinjiang Uygur Zizhiqu,China,CHN,EAP,False,586.7617,False,False
CHN005,Gansu Sheng,China,CHN,EAP,MNG082,Govi-Altai,Mongolia,MNG,EAP,True,59.5467,False,False
CHN006,Guangdong Sheng,China,CHN,EAP,CHN014,Hunan Sheng,China,CHN,EAP,False,334.5811,False,False
CHN006,Guangdong Sheng,China,CHN,EAP,CHN016,Jiangxi Sheng,China,CHN,EAP,False,452.5731,False,False
CHN006,Guangdong Sheng,China,CHN,EAP,HKG001,"Hong Kong SAR, China","Hong Kong SAR, China",HKG,EAP,True,21.3326,False,False
CHN006,Guangdong Sheng,China,CHN,EAP,MAC001,Administrative unit not available,"Macau SAR, China",MAC,EAP,True,11.1474,False,False
CHN007,Guangxi Zhuangzu Zizhiqu,China,CHN,EAP,CHN006,Guangdong Sheng,China,CHN,EAP,False,551.7388,False,False
CHN007,Guangxi Zhuangzu Zizhiqu,China,CHN,EAP,CHN008,Guizhou Sheng,China,CHN,EAP,False,777.4561,False,False
CHN007,Guangxi Zhuangzu Zizhiqu,China,CHN,EAP,CHN014,Hunan Sheng,China,CHN,EAP,False,641.9461,False,False
CHN007,Guangxi Zhuangzu Zizhiqu,China,CHN,EAP,CHN030,Yunnan Sheng,China,CHN,EAP,False,427.0186,False,False
CHN007,Guangxi Zhuangzu Zizhiqu,China,CHN,EAP,VNM014,Cao Bang,Viet Nam,VNM,EAP,True,309.4362,False,False
CHN007,Guangxi Zhuangzu Zizhiqu,China,CHN,EAP,VNM022,Ha Giang,Viet Nam,VNM,EAP,True,15.1593,False,False
CHN007,Guangxi Zhuangzu Zizhiqu,China,CHN,EAP,VNM037,Lang Son,Viet Nam,VNM,EAP,True,216.3871,False,False
CHN007,Guangxi Zhuangzu Zizhiqu,China,CHN,EAP,VNM049,Quang Ninh,Viet Nam,VNM,EAP,True,98.5399,False,False
CHN008,Guizhou Sheng,China,CHN,EAP,CHN014,Hunan Sheng,China,CHN,EAP,False,451.7949,False,False
CHN008,Guizhou Sheng,China,CHN,EAP,CHN026,Sichuan Sheng,China,CHN,EAP,False,345.9668,False,False
CHN008,Guizhou Sheng,China,CHN,EAP,CHN030,Yunnan Sheng,China,CHN,EAP,False,693.3036,False,False
CHN010,Hebei Sheng,China,CHN,EAP,CHN002,Beijing Shi,China,CHN,EAP,False,626.2134,False,False
CHN010,Hebei Sheng,China,CHN,EAP,CHN012,Henan Sheng,China,CHN,EAP,False,193.7429,False,False
CHN010,Hebei Sheng,China,CHN,EAP,CHN018,Liaoning Sheng,China,CHN,EAP,False,240.2108,False,False
CHN010,Hebei Sheng,China,CHN,EAP,CHN019,Nei Mongol Zizhiqu,China,CHN,EAP,False,915.2514,False,False
CHN010,Hebei Sheng,China,CHN,EAP,CHN023,Shandong Sheng,China,CHN,EAP,False,408.1372,False,False
CHN010,Hebei Sheng,China,CHN,EAP,CHN025,Shanxi Sheng,China,CHN,EAP,False,727.5055,False,False
CHN010,Hebei Sheng,China,CHN,EAP,CHN027,Tianjin Shi,China,CHN,EAP,False,461.2258,False,False
CHN011,Heilongjiang Sheng,China,CHN,EAP,CHN017,Jilin Sheng,China,CHN,EAP,False,1144.2909,False,False
CHN011,Heilongjiang Sheng,China,CHN,EAP,CHN019,Nei Mongol Zizhiqu,China,CHN,EAP,False,1625.7524,False,False
CHN011,Heilongjiang Sheng,China,CHN,EAP,RUS005,Amurskaya Oblast,Russian Federation,RUS,ECA,True,1248.2213,False,False
CHN011,Heilongjiang Sheng,China,CHN,EAP,RUS014,Chitinskaya Oblast,Russian Federation,RUS,ECA,True,37.7526,False,False
CHN011,Heilongjiang Sheng,China,CHN,EAP,RUS030,Khabarovskiy Kray,Russian Federation,RUS,ECA,True,246.7788,False,False
CHN011,Heilongjiang Sheng,China,CHN,EAP,RUS060,Primorskiy Kray,Russian Federation,RUS,ECA,True,745.032,False,False
CHN011,Heilongjiang Sheng,China,CHN,EAP,RUS090,Yevreyskaya A. Oblast,Russian Federation,RUS,ECA,True,553.0461,False,False
CHN012,Henan Sheng,China,CHN,EAP,CHN013,Hubei Sheng,China,CHN,EAP,False,580.3751,False,False
CHN012,Henan Sheng,China,CHN,EAP,CHN022,Shaanxi Sheng,China,CHN,EAP,False,190.3401,False,False
CHN012,Henan Sheng,China,CHN,EAP,CHN023,Shandong Sheng,China,CHN,EAP,False,491.7468,False,False
CHN012,Henan Sheng,China,CHN,EAP,CHN025,Shanxi Sheng,China,CHN,EAP,False,486.2073,False,False
CHN013,Hubei Sheng,China,CHN,EAP,CHN016,Jiangxi Sheng,China,CHN,EAP,False,283.5049,False,False
CHN014,Hunan Sheng,China,CHN,EAP,CHN013,Hubei Sheng,China,CHN,EAP,False,741.2903,False,False
CHN014,Hunan Sheng,China,CHN,EAP,CHN016,Jiangxi Sheng,China,CHN,EAP,False,545.2528,False,False
CHN015,Jiangsu Sheng,China,CHN,EAP,CHN024,Shanghai Shi,China,CHN,EAP,False,76.0631,False,False
CHN015,Jiangsu Sheng,China,CHN,EAP,CHN031,Zhejiang Sheng,China,CHN,EAP,False,102.2817,False,False
CHN016,Jiangxi Sheng,China,CHN,EAP,CHN031,Zhejiang Sheng,China,CHN,EAP,False,166.3767,False,False
CHN017,Jilin Sheng,China,CHN,EAP,CHN018,Liaoning Sheng,China,CHN,EAP,False,487.9815,False,False
CHN017,Jilin Sheng,China,CHN,EAP,CHN019,Nei Mongol Zizhiqu,China,CHN,EAP,False,698.2331,False,False
CHN017,Jilin Sheng,China,CHN,EAP,PRK001,Chagang-do,D. P. R. of Korea,PRK,Other,True,270.1759,False,False
CHN017,Jilin Sheng,China,CHN,EAP,PRK002,Hamgyong-bukto,D. P. R. of Korea,PRK,Other,True,360.0304,False,False
CHN017,Jilin Sheng,China,CHN,EAP,PRK011,Yanggang-do,D. P. R. of Korea,PRK,Other,True,420.1137,False,False
CHN017,Jilin Sheng,China,CHN,EAP,RUS060,Primorskiy Kray,Russian Federation,RUS,ECA,True,244.073,False,False
CHN018,Liaoning Sheng,China,CHN,EAP,CHN019,Nei Mongol Zizhiqu,China,CHN,EAP,False,684.3739,False,False
CHN018,Liaoning Sheng,China,CHN,EAP,PRK001,Chagang-do,D. P. R. of Korea,PRK,Other,True,61.1629,False,False
CHN018,Liaoning Sheng,China,CHN,EAP,PRK008,P'yongan-bukto,D. P. R. of Korea,PRK,Other,True,62.5915,False,False
CHN019,Nei Mongol Zizhiqu,China,CHN,EAP,CHN005,Gansu Sheng,China,CHN,EAP,False,1517.5278,False,False
CHN019,Nei Mongol Zizhiqu,China,CHN,EAP,CHN020,Ningxia Huizu Zizhiqu,China,CHN,EAP,False,623.5404,False,False
CHN019,Nei Mongol Zizhiqu,China,CHN,EAP,CHN022,Shaanxi Sheng,China,CHN,EAP,False,532.2487,False,False
CHN019,Nei Mongol Zizhiqu,China,CHN,EAP,CHN025,Shanxi Sheng,China,CHN,EAP,False,394.7608,False,False
CHN019,Nei Mongol Zizhiqu,China,CHN,EAP,MNG021,Dornod,Mongolia,MNG,EAP,True,1103.0834,False,False
CHN019,Nei Mongol Zizhiqu,China,CHN,EAP,MNG022,Sükhbaatar,Mongolia,MNG,EAP,True,478.0636,False,False
CHN019,Nei Mongol Zizhiqu,China,CHN,EAP,MNG044,Dornogovi,Mongolia,MNG,EAP,True,571.8566,False,False
CHN019,Nei Mongol Zizhiqu,China,CHN,EAP,MNG046,Ömnögovi,Mongolia,MNG,EAP,True,783.5909,False,False
CHN019,Nei Mongol Zizhiqu,China,CHN,EAP,MNG064,Bayankhongor,Mongolia,MNG,EAP,True,147.924,False,False
CHN019,Nei Mongol Zizhiqu,China,CHN,EAP,MNG082,Govi-Altai,Mongolia,MNG,EAP,True,61.5933,False,False
CHN019,Nei Mongol Zizhiqu,China,CHN,EAP,RUS014,Chitinskaya Oblast,Russian Federation,RUS,ECA,True,1017.4747,False,False
CHN020,Ningxia Huizu Zizhiqu,China,CHN,EAP,CHN022,Shaanxi Sheng,China,CHN,EAP,False,115.825,False,False
CHN021,Qinghai Sheng,China,CHN,EAP,CHN026,Sichuan Sheng,China,CHN,EAP,False,963.2806,False,False
CHN021,Qinghai Sheng,China,CHN,EAP,CHN028,Xinjiang Uygur Zizhiqu,China,CHN,EAP,False,786.0214,False,False
CHN021,Qinghai Sheng,China,CHN,EAP,CHN029,Xizang Zizhiqu,China,CHN,EAP,False,1428.1044,False,False
CHN022,Shaanxi Sheng,China,CHN,EAP,CHN013,Hubei Sheng,China,CHN,EAP,False,416.0004,False,False
CHN022,Shaanxi Sheng,China,CHN,EAP,CHN025,Shanxi Sheng,China,CHN,EAP,False,642.3192,False,False
CHN022,Shaanxi Sheng,China,CHN,EAP,CHN026,Sichuan Sheng,China,CHN,EAP,False,384.461,False,False
CHN023,Shandong Sheng,China,CHN,EAP,CHN015,Jiangsu Sheng,China,CHN,EAP,False,416.9504,False,False
CHN024,Shanghai Shi,China,CHN,EAP,CHN031,Zhejiang Sheng,China,CHN,EAP,False,61.6976,False,False
CHN026,Sichuan Sheng,China,CHN,EAP,CHN029,Xizang Zizhiqu,China,CHN,EAP,False,470.1718,False,False
CHN026,Sichuan Sheng,China,CHN,EAP,CHN030,Yunnan Sheng,China,CHN,EAP,False,1468.9968,False,False
CHN027,Tianjin Shi,China,CHN,EAP,CHN002,Beijing Shi,China,CHN,EAP,False,49.6182,False,False
CHN028,Xinjiang Uygur Zizhiqu,China,CHN,EAP,AFG001,Badakhshan,Afghanistan,AFG,SAR,True,91.5148,False,False
CHN028,Xinjiang Uygur Zizhiqu,China,CHN,EAP,CHN029,Xizang Zizhiqu,China,CHN,EAP,False,1000.6503,False,False
CHN028,Xinjiang Uygur Zizhiqu,China,CHN,EAP,KAZ003,Almatinskaya,Kazakhstan,KAZ,ECA,True,841.3399,False,False
CHN028,Xinjiang Uygur Zizhiqu,China,CHN,EAP,KAZ013,Vostochno-kazachstanskaya,Kazakhstan,KAZ,ECA,True,857.6953,False,False
CHN028,Xinjiang Uygur Zizhiqu,China,CHN,EAP,KGZ004,Naryn,Kyrgyz Republic,KGZ,ECA,True,489.6774,False,False
CHN028,Xinjiang Uygur Zizhiqu,China,CHN,EAP,KGZ005,Osh,Kyrgyz Republic,KGZ,ECA,True,261.3968,False,False
CHN028,Xinjiang Uygur Zizhiqu,China,CHN,EAP,KGZ007,Ysyk-Kol,Kyrgyz Republic,KGZ,ECA,True,303.4075,False,False
CHN028,Xinjiang Uygur Zizhiqu,China,CHN,EAP,MNG082,Govi-Altai,Mongolia,MNG,EAP,True,430.0948,False,False
CHN028,Xinjiang Uygur Zizhiqu,China,CHN,EAP,MNG083,Bayan-Ölgii,Mongolia,MNG,EAP,True,570.6879,False,False
CHN028,Xinjiang Uygur Zizhiqu,China,CHN,EAP,MNG084,Khovd,Mongolia,MNG,EAP,True,415.1174,False,False
CHN028,Xinjiang Uygur Zizhiqu,China,CHN,EAP,RUS003,Altay Rep.,Russian Federation,RUS,ECA,True,55.6909,False,False
CHN028,Xinjiang Uygur Zizhiqu,China,CHN,EAP,TJK001,Badakhshan Autonomous Mountainous Region,Tajikistan,TJK,ECA,True,482.9818,False,False
CHN029,Xizang Zizhiqu,China,CHN,EAP,BTN001,Bumthang,Bhutan,BTN,SAR,True,44.2477,False,False
CHN029,Xizang Zizhiqu,China,CHN,EAP,BTN004,Gasa,Bhutan,BTN,SAR,True,158.8993,False,False
CHN029,Xizang Zizhiqu,China,CHN,EAP,BTN006,Lhuentse,Bhutan,BTN,SAR,True,111.7537,False,False
CHN029,Xizang Zizhiqu,China,CHN,EAP,BTN008,Paro,Bhutan,BTN,SAR,True,27.2898,False,False
CHN029,Xizang Zizhiqu,China,CHN,EAP,BTN014,Thimphu,Bhutan,BTN,SAR,True,39.4787,False,False
CHN029,Xizang Zizhiqu,China,CHN,EAP,BTN016,Trashiyangtse,Bhutan,BTN,SAR,True,27.7907,False,False
CHN029,Xizang Zizhiqu,China,CHN,EAP,BTN019,Wangduephodrang,Bhutan,BTN,SAR,True,2.2472,True,False
CHN029,Xizang Zizhiqu,China,CHN,EAP,CHN030,Yunnan Sheng,China,CHN,EAP,False,283.0578,False,False
CHN029,Xizang Zizhiqu,China,CHN,EAP,IND014,Himachal Pradesh,India,IND,SAR,True,144.0621,False,False
CHN029,Xizang Zizhiqu,China,CHN,EAP,IND030,Sikkim,India,IND,SAR,True,219.6668,False,False
CHN029,Xizang Zizhiqu,China,CHN,EAP,IND035,Uttarakhand,India,IND,SAR,True,86.8692,False,False
CHN029,Xizang Zizhiqu,China,CHN,EAP,MMR004,Kachin,Myanmar,MMR,EAP,True,171.5231,False,False
CHN029,Xizang Zizhiqu,China,CHN,EAP,NPL002,Gandaki,Nepal,NPL,SAR,True,322.4906,False,False
CHN029,Xizang Zizhiqu,China,CHN,EAP,NPL003,Koshi,Nepal,NPL,SAR,True,261.0141,False,False
CHN029,Xizang Zizhiqu,China,CHN,EAP,NPL004,Sudurpashchim,Nepal,NPL,SAR,True,47.5613,False,False
CHN029,Xizang Zizhiqu,China,CHN,EAP,NPL005,Karnali,Nepal,NPL,SAR,True,486.9663,False,False
CHN029,Xizang Zizhiqu,China,CHN,EAP,NPL006,Bagmati,Nepal,NPL,SAR,True,284.657,False,False
CHN030,Yunnan Sheng,China,CHN,EAP,LAO007,Louang Namtha,Lao People's Democratic Republic,LAO,EAP,True,154.1528,False,False
CHN030,Yunnan Sheng,China,CHN,EAP,LAO009,Oudômxai,Lao People's Democratic Republic,LAO,EAP,True,16.0659,False,False
CHN030,Yunnan Sheng,China,CHN,EAP,LAO010,Phôngsali,Lao People's Democratic Republic,LAO,EAP,True,309.3487,False,False
CHN030,Yunnan Sheng,China,CHN,EAP,MMR004,Kachin,Myanmar,MMR,EAP,True,900.3816,False,False
CHN030,Yunnan Sheng,China,CHN,EAP,MMR013,Shan,Myanmar,MMR,EAP,True,1033.9986,False,False
CHN030,Yunnan Sheng,China,CHN,EAP,VNM018,Dien Bien,Viet Nam,VNM,EAP,True,37.1467,False,False
CHN030,Yunnan Sheng,China,CHN,EAP,VNM022,Ha Giang,Viet Nam,VNM,EAP,True,243.509,False,False
CHN030,Yunnan Sheng,China,CHN,EAP,VNM035,Lai Chau,Viet Nam,VNM,EAP,True,245.5486,False,False
CHN030,Yunnan Sheng,China,CHN,EAP,VNM038,Lao Cai,Viet Nam,VNM,EAP,True,175.2917,False,False
CIV024,Abidjan,Côte d'Ivoire,CIV,AFR,CIV026,Comoé,Côte d'Ivoire,CIV,AFR,False,13.8459,False,False
CIV024,Abidjan,Côte d'Ivoire,CIV,AFR,CIV030,Lagunes,Côte d'Ivoire,CIV,AFR,False,148.7466,False,False
CIV025,Bas-Sassandra,Côte d'Ivoire,CIV,AFR,CIV028,Gôh-Djiboua,Côte d'Ivoire,CIV,AFR,False,235.6345,False,False
CIV025,Bas-Sassandra,Côte d'Ivoire,CIV,AFR,CIV030,Lagunes,Côte d'Ivoire,CIV,AFR,False,21.1396,False,False
CIV025,Bas-Sassandra,Côte d'Ivoire,CIV,AFR,CIV031,Montagnes,Côte d'Ivoire,CIV,AFR,False,130.4948,False,False
CIV025,Bas-Sassandra,Côte d'Ivoire,CIV,AFR,LBR006,Grand Gedeh,Liberia,LBR,AFR,True,18.7247,False,False
CIV025,Bas-Sassandra,Côte d'Ivoire,CIV,AFR,LBR010,Maryland,Liberia,LBR,AFR,True,1.8272,True,False
CIV025,Bas-Sassandra,Côte d'Ivoire,CIV,AFR,LBR013,River Gee,Liberia,LBR,AFR,True,141.9959,False,False
CIV026,Comoé,Côte d'Ivoire,CIV,AFR,CIV030,Lagunes,Côte d'Ivoire,CIV,AFR,False,276.4722,False,False
CIV026,Comoé,Côte d'Ivoire,CIV,AFR,GHA010,Western,Ghana,GHA,AFR,True,90.7152,False,False
CIV026,Comoé,Côte d'Ivoire,CIV,AFR,GHA018,Western North,Ghana,GHA,AFR,True,241.7624,False,False
CIV027,Denguélé,Côte d'Ivoire,CIV,AFR,CIV035,Woroba,Côte d'Ivoire,CIV,AFR,False,264.4102,False,False
CIV027,Denguélé,Côte d'Ivoire,CIV,AFR,GIN004,Kankan,Guinea,GIN,AFR,True,128.0767,False,False
CIV027,Denguélé,Côte d'Ivoire,CIV,AFR,GIN008,Nzerekore,Guinea,GIN,AFR,True,119.0159,False,False
CIV028,Gôh-Djiboua,Côte d'Ivoire,CIV,AFR,CIV030,Lagunes,Côte d'Ivoire,CIV,AFR,False,198.5672,False,False
CIV028,Gôh-Djiboua,Côte d'Ivoire,CIV,AFR,CIV036,Yamoussoukro,Côte d'Ivoire,CIV,AFR,False,22.9386,False,False
CIV029,Lacs,Côte d'Ivoire,CIV,AFR,CIV026,Comoé,Côte d'Ivoire,CIV,AFR,False,154.1014,False,False
CIV029,Lacs,Côte d'Ivoire,CIV,AFR,CIV028,Gôh-Djiboua,Côte d'Ivoire,CIV,AFR,False,35.699,False,False
CIV029,Lacs,Côte d'Ivoire,CIV,AFR,CIV030,Lagunes,Côte d'Ivoire,CIV,AFR,False,227.1647,False,False
CIV029,Lacs,Côte d'Ivoire,CIV,AFR,CIV034,Vallée du Bandama,Côte d'Ivoire,CIV,AFR,False,248.4976,False,False
CIV029,Lacs,Côte d'Ivoire,CIV,AFR,CIV036,Yamoussoukro,Côte d'Ivoire,CIV,AFR,False,136.0021,False,False
CIV029,Lacs,Côte d'Ivoire,CIV,AFR,CIV037,Zanzan,Côte d'Ivoire,CIV,AFR,False,156.7166,False,False
CIV031,Montagnes,Côte d'Ivoire,CIV,AFR,CIV035,Woroba,Côte d'Ivoire,CIV,AFR,False,219.395,False,False
CIV031,Montagnes,Côte d'Ivoire,CIV,AFR,GIN008,Nzerekore,Guinea,GIN,AFR,True,135.6252,False,False
CIV031,Montagnes,Côte d'Ivoire,CIV,AFR,LBR012,Nimba,Liberia,LBR,AFR,True,210.0444,False,False
CIV032,Sassandra-Marahoué,Côte d'Ivoire,CIV,AFR,CIV025,Bas-Sassandra,Côte d'Ivoire,CIV,AFR,False,84.7233,False,False
CIV032,Sassandra-Marahoué,Côte d'Ivoire,CIV,AFR,CIV028,Gôh-Djiboua,Côte d'Ivoire,CIV,AFR,False,142.1821,False,False
CIV032,Sassandra-Marahoué,Côte d'Ivoire,CIV,AFR,CIV031,Montagnes,Côte d'Ivoire,CIV,AFR,False,99.2185,False,False
CIV032,Sassandra-Marahoué,Côte d'Ivoire,CIV,AFR,CIV035,Woroba,Côte d'Ivoire,CIV,AFR,False,208.2071,False,False
CIV032,Sassandra-Marahoué,Côte d'Ivoire,CIV,AFR,CIV036,Yamoussoukro,Côte d'Ivoire,CIV,AFR,False,48.9417,False,False
CIV033,Savanes,Côte d'Ivoire,CIV,AFR,CIV027,Denguélé,Côte d'Ivoire,CIV,AFR,False,230.7219,False,False
CIV033,Savanes,Côte d'Ivoire,CIV,AFR,CIV034,Vallée du Bandama,Côte d'Ivoire,CIV,AFR,False,473.5468,False,False
CIV033,Savanes,Côte d'Ivoire,CIV,AFR,CIV035,Woroba,Côte d'Ivoire,CIV,AFR,False,228.9026,False,False
CIV033,Savanes,Côte d'Ivoire,CIV,AFR,CIV037,Zanzan,Côte d'Ivoire,CIV,AFR,False,216.8195,False,False
CIV033,Savanes,Côte d'Ivoire,CIV,AFR,MLI008,Sikasso,Mali,MLI,AFR,True,333.2198,False,False
CIV034,Vallée du Bandama,Côte d'Ivoire,CIV,AFR,CIV035,Woroba,Côte d'Ivoire,CIV,AFR,False,180.847,False,False
CIV034,Vallée du Bandama,Côte d'Ivoire,CIV,AFR,CIV037,Zanzan,Côte d'Ivoire,CIV,AFR,False,119.3052,False,False
CIV035,Woroba,Côte d'Ivoire,CIV,AFR,GIN008,Nzerekore,Guinea,GIN,AFR,True,365.4146,False,False
CIV037,Zanzan,Côte d'Ivoire,CIV,AFR,CIV026,Comoé,Côte d'Ivoire,CIV,AFR,False,98.534,False,False
CIV037,Zanzan,Côte d'Ivoire,CIV,AFR,GHA012,Bono,Ghana,GHA,AFR,True,236.3517,False,False
CIV037,Zanzan,Côte d'Ivoire,CIV,AFR,GHA017,Savannah,Ghana,GHA,AFR,True,114.3509,False,False
CMR001,Adamaoua,Cameroon,CMR,AFR,CAF002,Equateur,Central African Republic,CAF,AFR,True,104.5647,False,False
CMR001,Adamaoua,Cameroon,CMR,AFR,CAF007,Yadé,Central African Republic,CAF,AFR,True,86.781,False,False
CMR001,Adamaoua,Cameroon,CMR,AFR,CMR002,Centre,Cameroon,CMR,AFR,False,233.9809,False,False
CMR001,Adamaoua,Cameroon,CMR,AFR,CMR003,Est,Cameroon,CMR,AFR,False,216.4626,False,False
CMR001,Adamaoua,Cameroon,CMR,AFR,CMR006,Nord,Cameroon,CMR,AFR,False,579.9664,False,False
CMR001,Adamaoua,Cameroon,CMR,AFR,CMR007,Nord - Ouest,Cameroon,CMR,AFR,False,32.9144,False,False
CMR001,Adamaoua,Cameroon,CMR,AFR,CMR008,Ouest,Cameroon,CMR,AFR,False,61.4881,False,False
CMR001,Adamaoua,Cameroon,CMR,AFR,NGA002,Adamawa,Nigeria,NGA,AFR,True,131.3744,False,False
CMR001,Adamaoua,Cameroon,CMR,AFR,NGA035,Taraba,Nigeria,NGA,AFR,True,214.5364,False,False
CMR002,Centre,Cameroon,CMR,AFR,CMR003,Est,Cameroon,CMR,AFR,False,453.2168,False,False
CMR002,Centre,Cameroon,CMR,AFR,CMR005,Littoral,Cameroon,CMR,AFR,False,401.4671,False,False
CMR002,Centre,Cameroon,CMR,AFR,CMR008,Ouest,Cameroon,CMR,AFR,False,254.264,False,False
CMR002,Centre,Cameroon,CMR,AFR,CMR009,Sud,Cameroon,CMR,AFR,False,428.6792,False,False
CMR003,Est,Cameroon,CMR,AFR,CMR009,Sud,Cameroon,CMR,AFR,False,326.3971,False,False
CMR003,Est,Cameroon,CMR,AFR,COG012,Sangha,Congo,COG,AFR,True,486.2868,False,False
CMR004,Extrême - Nord,Cameroon,CMR,AFR,CMR006,Nord,Cameroon,CMR,AFR,False,161.6121,False,False
CMR004,Extrême - Nord,Cameroon,CMR,AFR,NGA002,Adamawa,Nigeria,NGA,AFR,True,132.4735,False,False
CMR004,Extrême - Nord,Cameroon,CMR,AFR,NGA008,Borno,Nigeria,NGA,AFR,True,429.8165,False,False
CMR004,Extrême - Nord,Cameroon,CMR,AFR,TCD004,Chari-Baguirmi,Chad,TCD,AFR,True,137.2184,False,False
CMR004,Extrême - Nord,Cameroon,CMR,AFR,TCD008,Hadjer-Lamis,Chad,TCD,AFR,True,147.2972,False,False
CMR004,Extrême - Nord,Cameroon,CMR,AFR,TCD010,Lac,Chad,TCD,AFR,True,28.2963,False,False
CMR004,Extrême - Nord,Cameroon,CMR,AFR,TCD014,Mayo-Kebbi Est,Chad,TCD,AFR,True,291.2742,False,False
CMR004,Extrême - Nord,Cameroon,CMR,AFR,TCD015,Mayo-Kebbi Ouest,Chad,TCD,AFR,True,56.7269,False,False
CMR004,Extrême - Nord,Cameroon,CMR,AFR,TCD022,Ville de N'Djamena,Chad,TCD,AFR,True,45.3572,False,False
CMR005,Littoral,Cameroon,CMR,AFR,CMR008,Ouest,Cameroon,CMR,AFR,False,191.0755,False,False
CMR005,Littoral,Cameroon,CMR,AFR,CMR009,Sud,Cameroon,CMR,AFR,False,37.1445,False,False
CMR005,Littoral,Cameroon,CMR,AFR,CMR010,Sud - Ouest,Cameroon,CMR,AFR,False,246.4144,False,False
CMR006,Nord,Cameroon,CMR,AFR,CAF007,Yadé,Central African Republic,CAF,AFR,True,53.8463,False,False
CMR006,Nord,Cameroon,CMR,AFR,NGA002,Adamawa,Nigeria,NGA,AFR,True,393.4241,False,False
CMR006,Nord,Cameroon,CMR,AFR,TCD012,Logone Oriental,Chad,TCD,AFR,True,125.8709,False,False
CMR006,Nord,Cameroon,CMR,AFR,TCD015,Mayo-Kebbi Ouest,Chad,TCD,AFR,True,275.8022,False,False
CMR007,Nord - Ouest,Cameroon,CMR,AFR,CMR008,Ouest,Cameroon,CMR,AFR,False,222.0883,False,False
CMR007,Nord - Ouest,Cameroon,CMR,AFR,CMR010,Sud - Ouest,Cameroon,CMR,AFR,False,176.3214,False,False
CMR007,Nord - Ouest,Cameroon,CMR,AFR,NGA035,Taraba,Nigeria,NGA,AFR,True,327.7899,False,False
CMR008,Ouest,Cameroon,CMR,AFR,CMR010,Sud - Ouest,Cameroon,CMR,AFR,False,65.036,False,False
CMR009,Sud,Cameroon,CMR,AFR,COG012,Sangha,Congo,COG,AFR,True,42.625,False,False
CMR009,Sud,Cameroon,CMR,AFR,GAB009,Woleu-Ntem,Gabon,GAB,AFR,True,324.6266,False,False
CMR009,Sud,Cameroon,CMR,AFR,GNQ004,Centro Sur,Equatorial Guinea,GNQ,AFR,True,22.9889,False,False
CMR009,Sud,Cameroon,CMR,AFR,GNQ005,Kientem,Equatorial Guinea,GNQ,AFR,True,107.2476,False,False
CMR009,Sud,Cameroon,CMR,AFR,GNQ006,Litoral,Equatorial Guinea,GNQ,AFR,True,47.2331,False,False
COD002,Kongo Central,Democratic Republic of Congo,COD,AFR,AGO004,Cabinda,Angola,AGO,AFR,True,257.407,False,False
COD002,Kongo Central,Democratic Republic of Congo,COD,AFR,AGO018,Zaire,Angola,AGO,AFR,True,173.4628,False,False
COD002,Kongo Central,Democratic Republic of Congo,COD,AFR,COD021,Kwango,Democratic Republic of Congo,COD,AFR,False,115.1235,False,False
COD002,Kongo Central,Democratic Republic of Congo,COD,AFR,COG001,Bouenza,Congo,COG,AFR,True,103.9853,False,False
COD002,Kongo Central,Democratic Republic of Congo,COD,AFR,COG008,Niari,Congo,COG,AFR,True,131.8818,False,False
COD002,Kongo Central,Democratic Republic of Congo,COD,AFR,COG011,Pool,Congo,COG,AFR,True,307.1308,False,False
COD007,Kinshasa,Democratic Republic of Congo,COD,AFR,COD002,Kongo Central,Democratic Republic of Congo,COD,AFR,False,242.0765,False,False
COD007,Kinshasa,Democratic Republic of Congo,COD,AFR,COD021,Kwango,Democratic Republic of Congo,COD,AFR,False,73.5966,False,False
COD007,Kinshasa,Democratic Republic of Congo,COD,AFR,COD022,Kwilu,Democratic Republic of Congo,COD,AFR,False,34.0012,False,False
COD007,Kinshasa,Democratic Republic of Congo,COD,AFR,COD025,Mai-Ndombe,Democratic Republic of Congo,COD,AFR,False,89.0234,False,False
COD007,Kinshasa,Democratic Republic of Congo,COD,AFR,COG002,Brazzaville,Congo,COG,AFR,True,9.4465,False,False
COD007,Kinshasa,Democratic Republic of Congo,COD,AFR,COG011,Pool,Congo,COG,AFR,True,104.6619,False,False
COD008,Maniema,Democratic Republic of Congo,COD,AFR,COD028,Sankuru,Democratic Republic of Congo,COD,AFR,False,499.6464,False,False
COD009,Nord-Kivu,Democratic Republic of Congo,COD,AFR,COD008,Maniema,Democratic Republic of Congo,COD,AFR,False,272.1637,False,False
COD009,Nord-Kivu,Democratic Republic of Congo,COD,AFR,COD011,Sud-Kivu,Democratic Republic of Congo,COD,AFR,False,213.7889,False,False
COD009,Nord-Kivu,Democratic Republic of Congo,COD,AFR,COD031,Tshopo,Democratic Republic of Congo,COD,AFR,False,230.9611,False,False
COD009,Nord-Kivu,Democratic Republic of Congo,COD,AFR,RWA003,North/Amajyaruguru,Rwanda,RWA,AFR,True,23.896,False,False
COD009,Nord-Kivu,Democratic Republic of Congo,COD,AFR,RWA005,West/Iburengerazuba,Rwanda,RWA,AFR,True,35.4866,False,False
COD009,Nord-Kivu,Democratic Republic of Congo,COD,AFR,UGA021,Bundibugyo,Uganda,UGA,AFR,True,48.7059,False,False
COD009,Nord-Kivu,Democratic Republic of Congo,COD,AFR,UGA046,Kanungu,Uganda,UGA,AFR,True,84.0145,False,False
COD009,Nord-Kivu,Democratic Republic of Congo,COD,AFR,UGA048,Kasese,Uganda,UGA,AFR,True,78.97,False,False
COD009,Nord-Kivu,Democratic Republic of Congo,COD,AFR,UGA055,Kisoro,Uganda,UGA,AFR,True,48.9638,False,False
COD011,Sud-Kivu,Democratic Republic of Congo,COD,AFR,BDI001,Bubanza,Burundi,BDI,AFR,True,25.9447,False,False
COD011,Sud-Kivu,Democratic Republic of Congo,COD,AFR,BDI006,Cibitoke,Burundi,BDI,AFR,True,70.4086,False,False
COD011,Sud-Kivu,Democratic Republic of Congo,COD,AFR,COD008,Maniema,Democratic Republic of Congo,COD,AFR,False,719.3201,False,False
COD011,Sud-Kivu,Democratic Republic of Congo,COD,AFR,COD030,Tanganyika,Democratic Republic of Congo,COD,AFR,False,34.9373,False,False
COD011,Sud-Kivu,Democratic Republic of Congo,COD,AFR,RWA005,West/Iburengerazuba,Rwanda,RWA,AFR,True,49.1364,False,False
COD012,Bas-Uélé,Democratic Republic of Congo,COD,AFR,COD026,Mongala,Democratic Republic of Congo,COD,AFR,False,260.526,False,False
COD012,Bas-Uélé,Democratic Republic of Congo,COD,AFR,COD027,Nord-Ubangi,Democratic Republic of Congo,COD,AFR,False,319.4726,False,False
COD012,Bas-Uélé,Democratic Republic of Congo,COD,AFR,COD031,Tshopo,Democratic Republic of Congo,COD,AFR,False,570.4957,False,False
COD013,Équateur,Democratic Republic of Congo,COD,AFR,COD025,Mai-Ndombe,Democratic Republic of Congo,COD,AFR,False,560.5049,False,False
COD013,Équateur,Democratic Republic of Congo,COD,AFR,COD026,Mongala,Democratic Republic of Congo,COD,AFR,False,376.1019,False,False
COD013,Équateur,Democratic Republic of Congo,COD,AFR,COD029,Sud-Ubangi,Democratic Republic of Congo,COD,AFR,False,223.6586,False,False
COD013,Équateur,Democratic Republic of Congo,COD,AFR,COD032,Tshuapa,Democratic Republic of Congo,COD,AFR,False,641.6208,False,False
COD013,Équateur,Democratic Republic of Congo,COD,AFR,COG007,Likouala,Congo,COG,AFR,True,316.1201,False,False
COD014,Haut-Katanga,Democratic Republic of Congo,COD,AFR,COD015,Haut-Lomami,Democratic Republic of Congo,COD,AFR,False,353.2051,False,False
COD014,Haut-Katanga,Democratic Republic of Congo,COD,AFR,COD024,Lualaba,Democratic Republic of Congo,COD,AFR,False,660.1521,False,False
COD014,Haut-Katanga,Democratic Republic of Congo,COD,AFR,ZMB102,Copperbelt,Zambia,ZMB,AFR,True,327.9747,False,False
COD014,Haut-Katanga,Democratic Republic of Congo,COD,AFR,ZMB108,North-Western,Zambia,ZMB,AFR,True,405.9376,False,False
COD015,Haut-Lomami,Democratic Republic of Congo,COD,AFR,COD023,Lomami,Democratic Republic of Congo,COD,AFR,False,595.9297,False,False
COD015,Haut-Lomami,Democratic Republic of Congo,COD,AFR,COD024,Lualaba,Democratic Republic of Congo,COD,AFR,False,790.4606,False,False
COD016,Haut-Uélé,Democratic Republic of Congo,COD,AFR,CAF004,Haut-Oubangui,Central African Republic,CAF,AFR,True,71.5058,False,False
COD016,Haut-Uélé,Democratic Republic of Congo,COD,AFR,COD012,Bas-Uélé,Democratic Republic of Congo,COD,AFR,False,700.7394,False,False
COD016,Haut-Uélé,Democratic Republic of Congo,COD,AFR,COD017,Ituri,Democratic Republic of Congo,COD,AFR,False,913.7852,False,False
COD016,Haut-Uélé,Democratic Republic of Congo,COD,AFR,COD031,Tshopo,Democratic Republic of Congo,COD,AFR,False,163.3754,False,False
COD016,Haut-Uélé,Democratic Republic of Congo,COD,AFR,SSD001,Central Equatoria,South Sudan,SSD,AFR,True,212.487,False,False
COD016,Haut-Uélé,Democratic Republic of Congo,COD,AFR,SSD012,Western Equatoria,South Sudan,SSD,AFR,True,483.7855,False,False
COD017,Ituri,Democratic Republic of Congo,COD,AFR,COD009,Nord-Kivu,Democratic Republic of Congo,COD,AFR,False,369.3446,False,False
COD017,Ituri,Democratic Republic of Congo,COD,AFR,COD031,Tshopo,Democratic Republic of Congo,COD,AFR,False,182.6613,False,False
COD017,Ituri,Democratic Republic of Congo,COD,AFR,SSD001,Central Equatoria,South Sudan,SSD,AFR,True,60.9363,False,False
COD017,Ituri,Democratic Republic of Congo,COD,AFR,UGA010,Arua,Uganda,UGA,AFR,True,68.8377,False,False
COD017,Ituri,Democratic Republic of Congo,COD,AFR,UGA021,Bundibugyo,Uganda,UGA,AFR,True,31.9096,False,False
COD017,Ituri,Democratic Republic of Congo,COD,AFR,UGA057,Koboko,Uganda,UGA,AFR,True,29.844,False,False
COD017,Ituri,Democratic Republic of Congo,COD,AFR,UGA072,Maracha,Uganda,UGA,AFR,True,35.1009,False,False
COD017,Ituri,Democratic Republic of Congo,COD,AFR,UGA091,Nebbi,Uganda,UGA,AFR,True,53.0261,False,False
COD017,Ituri,Democratic Republic of Congo,COD,AFR,UGA093,Ntoroko,Uganda,UGA,AFR,True,100.2784,False,False
COD017,Ituri,Democratic Republic of Congo,COD,AFR,UGA111,Zombo,Uganda,UGA,AFR,True,79.6778,False,False
COD018,Kasaï,Democratic Republic of Congo,COD,AFR,COD019,Kasaï-Central,Democratic Republic of Congo,COD,AFR,False,632.3836,False,False
COD018,Kasaï,Democratic Republic of Congo,COD,AFR,COD021,Kwango,Democratic Republic of Congo,COD,AFR,False,100.2495,False,False
COD018,Kasaï,Democratic Republic of Congo,COD,AFR,COD022,Kwilu,Democratic Republic of Congo,COD,AFR,False,320.2209,False,False
COD018,Kasaï,Democratic Republic of Congo,COD,AFR,COD025,Mai-Ndombe,Democratic Republic of Congo,COD,AFR,False,296.7904,False,False
COD018,Kasaï,Democratic Republic of Congo,COD,AFR,COD028,Sankuru,Democratic Republic of Congo,COD,AFR,False,312.5802,False,False
COD019,Kasaï-Central,Democratic Republic of Congo,COD,AFR,COD020,Kasaï-Oriental,Democratic Republic of Congo,COD,AFR,False,223.8972,False,False
COD019,Kasaï-Central,Democratic Republic of Congo,COD,AFR,COD023,Lomami,Democratic Republic of Congo,COD,AFR,False,200.9936,False,False
COD019,Kasaï-Central,Democratic Republic of Congo,COD,AFR,COD024,Lualaba,Democratic Republic of Congo,COD,AFR,False,208.1786,False,False
COD019,Kasaï-Central,Democratic Republic of Congo,COD,AFR,COD028,Sankuru,Democratic Republic of Congo,COD,AFR,False,316.588,False,False
COD020,Kasaï-Oriental,Democratic Republic of Congo,COD,AFR,COD023,Lomami,Democratic Republic of Congo,COD,AFR,False,317.4829,False,False
COD020,Kasaï-Oriental,Democratic Republic of Congo,COD,AFR,COD028,Sankuru,Democratic Republic of Congo,COD,AFR,False,63.7297,False,False
COD021,Kwango,Democratic Republic of Congo,COD,AFR,COD022,Kwilu,Democratic Republic of Congo,COD,AFR,False,942.4708,False,False
COD022,Kwilu,Democratic Republic of Congo,COD,AFR,COD025,Mai-Ndombe,Democratic Republic of Congo,COD,AFR,False,559.466,False,False
COD023,Lomami,Democratic Republic of Congo,COD,AFR,COD008,Maniema,Democratic Republic of Congo,COD,AFR,False,154.4079,False,False
COD023,Lomami,Democratic Republic of Congo,COD,AFR,COD024,Lualaba,Democratic Republic of Congo,COD,AFR,False,86.6815,False,False
COD023,Lomami,Democratic Republic of Congo,COD,AFR,COD028,Sankuru,Democratic Republic of Congo,COD,AFR,False,262.2823,False,False
COD024,Lualaba,Democratic Republic of Congo,COD,AFR,ZMB108,North-Western,Zambia,ZMB,AFR,True,362.1717,False,False
COD025,Mai-Ndombe,Democratic Republic of Congo,COD,AFR,COG009,Plateaux,Congo,COG,AFR,True,39.925,False,False
COD025,Mai-Ndombe,Democratic Republic of Congo,COD,AFR,COG011,Pool,Congo,COG,AFR,True,117.4673,False,False
COD026,Mongala,Democratic Republic of Congo,COD,AFR,COD027,Nord-Ubangi,Democratic Republic of Congo,COD,AFR,False,317.8518,False,False
COD026,Mongala,Democratic Republic of Congo,COD,AFR,COD029,Sud-Ubangi,Democratic Republic of Congo,COD,AFR,False,279.4863,False,False
COD026,Mongala,Democratic Republic of Congo,COD,AFR,COD031,Tshopo,Democratic Republic of Congo,COD,AFR,False,288.6576,False,False
COD026,Mongala,Democratic Republic of Congo,COD,AFR,COD032,Tshuapa,Democratic Republic of Congo,COD,AFR,False,380.4461,False,False
COD027,Nord-Ubangi,Democratic Republic of Congo,COD,AFR,CAF006,Plateaux,Central African Republic,CAF,AFR,True,26.4475,False,False
COD027,Nord-Ubangi,Democratic Republic of Congo,COD,AFR,COD029,Sud-Ubangi,Democratic Republic of Congo,COD,AFR,False,525.3647,False,False
COD029,Sud-Ubangi,Democratic Republic of Congo,COD,AFR,CAF001,Bas-Oubangui,Central African Republic,CAF,AFR,True,13.512,False,False
COD029,Sud-Ubangi,Democratic Republic of Congo,COD,AFR,CAF006,Plateaux,Central African Republic,CAF,AFR,True,171.3892,False,False
COD029,Sud-Ubangi,Democratic Republic of Congo,COD,AFR,COG007,Likouala,Congo,COG,AFR,True,194.4795,False,False
COD030,Tanganyika,Democratic Republic of Congo,COD,AFR,COD008,Maniema,Democratic Republic of Congo,COD,AFR,False,280.8097,False,False
COD030,Tanganyika,Democratic Republic of Congo,COD,AFR,COD014,Haut-Katanga,Democratic Republic of Congo,COD,AFR,False,558.5454,False,False
COD030,Tanganyika,Democratic Republic of Congo,COD,AFR,COD015,Haut-Lomami,Democratic Republic of Congo,COD,AFR,False,562.0271,False,False
COD030,Tanganyika,Democratic Republic of Congo,COD,AFR,COD023,Lomami,Democratic Republic of Congo,COD,AFR,False,185.2901,False,False
COD030,Tanganyika,Democratic Republic of Congo,COD,AFR,ZMB107,Northern,Zambia,ZMB,AFR,True,106.6324,False,False
COD031,Tshopo,Democratic Republic of Congo,COD,AFR,COD008,Maniema,Democratic Republic of Congo,COD,AFR,False,745.084,False,False
COD031,Tshopo,Democratic Republic of Congo,COD,AFR,COD028,Sankuru,Democratic Republic of Congo,COD,AFR,False,35.241,False,False
COD031,Tshopo,Democratic Republic of Congo,COD,AFR,COD032,Tshuapa,Democratic Republic of Congo,COD,AFR,False,735.0323,False,False
COD032,Tshuapa,Democratic Republic of Congo,COD,AFR,COD018,Kasaï,Democratic Republic of Congo,COD,AFR,False,127.0899,False,False
COD032,Tshuapa,Democratic Republic of Congo,COD,AFR,COD025,Mai-Ndombe,Democratic Republic of Congo,COD,AFR,False,303.7474,False,False
COD032,Tshuapa,Democratic Republic of Congo,COD,AFR,COD028,Sankuru,Democratic Republic of Congo,COD,AFR,False,464.8869,False,False
COG001,Bouenza,Congo,COG,AFR,COG006,Lekoumou,Congo,COG,AFR,False,252.6129,False,False
COG001,Bouenza,Congo,COG,AFR,COG008,Niari,Congo,COG,AFR,False,214.4405,False,False
COG001,Bouenza,Congo,COG,AFR,COG011,Pool,Congo,COG,AFR,False,229.9481,False,False
COG002,Brazzaville,Congo,COG,AFR,COG011,Pool,Congo,COG,AFR,False,49.4152,False,False
COG003,Cuvette,Congo,COG,AFR,COG007,Likouala,Congo,COG,AFR,False,214.7901,False,False
COG003,Cuvette,Congo,COG,AFR,COG009,Plateaux,Congo,COG,AFR,False,244.6814,False,False
COG003,Cuvette,Congo,COG,AFR,COG012,Sangha,Congo,COG,AFR,False,256.7173,False,False
COG004,Cuvette-Ouest,Congo,COG,AFR,COG003,Cuvette,Congo,COG,AFR,False,318.3418,False,False
COG004,Cuvette-Ouest,Congo,COG,AFR,COG009,Plateaux,Congo,COG,AFR,False,163.6623,False,False
COG004,Cuvette-Ouest,Congo,COG,AFR,COG012,Sangha,Congo,COG,AFR,False,194.4982,False,False
COG004,Cuvette-Ouest,Congo,COG,AFR,GAB002,Haut-Ogooue,Gabon,GAB,AFR,True,406.8419,False,False
COG004,Cuvette-Ouest,Congo,COG,AFR,GAB006,Ogooue-Ivindo,Gabon,GAB,AFR,True,290.527,False,False
COG005,Kouilou,Congo,COG,AFR,COG010,Point-Noire,Congo,COG,AFR,False,91.3924,False,False
COG005,Kouilou,Congo,COG,AFR,GAB005,Nyanga,Gabon,GAB,AFR,True,163.1383,False,False
COG006,Lekoumou,Congo,COG,AFR,COG008,Niari,Congo,COG,AFR,False,213.9346,False,False
COG006,Lekoumou,Congo,COG,AFR,COG009,Plateaux,Congo,COG,AFR,False,123.343,False,False
COG006,Lekoumou,Congo,COG,AFR,COG011,Pool,Congo,COG,AFR,False,83.7483,False,False
COG006,Lekoumou,Congo,COG,AFR,GAB002,Haut-Ogooue,Gabon,GAB,AFR,True,224.0951,False,False
COG007,Likouala,Congo,COG,AFR,COG012,Sangha,Congo,COG,AFR,False,344.7561,False,False
COG008,Niari,Congo,COG,AFR,AGO004,Cabinda,Angola,AGO,AFR,True,59.1537,False,False
COG008,Niari,Congo,COG,AFR,COG005,Kouilou,Congo,COG,AFR,False,149.5416,False,False
COG008,Niari,Congo,COG,AFR,GAB002,Haut-Ogooue,Gabon,GAB,AFR,True,109.0086,False,False
COG008,Niari,Congo,COG,AFR,GAB004,Ngounie,Gabon,GAB,AFR,True,315.8819,False,False
COG008,Niari,Congo,COG,AFR,GAB005,Nyanga,Gabon,GAB,AFR,True,243.4067,False,False
COG008,Niari,Congo,COG,AFR,GAB007,Ogooue-lolo,Gabon,GAB,AFR,True,74.9033,False,False
COG009,Plateaux,Congo,COG,AFR,COG011,Pool,Congo,COG,AFR,False,291.0588,False,False
COG009,Plateaux,Congo,COG,AFR,GAB002,Haut-Ogooue,Gabon,GAB,AFR,True,147.081,False,False
COG012,Sangha,Congo,COG,AFR,GAB006,Ogooue-Ivindo,Gabon,GAB,AFR,True,201.7359,False,False
COG012,Sangha,Congo,COG,AFR,GAB009,Woleu-Ntem,Gabon,GAB,AFR,True,196.3877,False,False
COL001,Amazonas,Colombia,COL,LCR,COL010,Caquetá,Colombia,COL,LCR,False,428.9471,False,False
COL001,Amazonas,Colombia,COL,LCR,COL025,Putumayo,Colombia,COL,LCR,False,63.1585,False,False
COL001,Amazonas,Colombia,COL,LCR,PER016,Loreto,Peru,PER,LCR,True,1355.841,False,False
COL002,Antioquia,Colombia,COL,LCR,COL007,Bolívar,Colombia,COL,LCR,False,302.7471,False,False
COL002,Antioquia,Colombia,COL,LCR,COL008,Boyacá,Colombia,COL,LCR,False,72.4635,False,False
COL002,Antioquia,Colombia,COL,LCR,COL009,Caldas,Colombia,COL,LCR,False,259.6606,False,False
COL002,Antioquia,Colombia,COL,LCR,COL014,Chocó,Colombia,COL,LCR,False,521.6314,False,False
COL002,Antioquia,Colombia,COL,LCR,COL015,Córdoba,Colombia,COL,LCR,False,506.785,False,False
COL002,Antioquia,Colombia,COL,LCR,COL027,Risaralda,Colombia,COL,LCR,False,22.544,False,False
COL002,Antioquia,Colombia,COL,LCR,COL028,Santander,Colombia,COL,LCR,False,161.7708,False,False
COL003,Arauca,Colombia,COL,LCR,COL008,Boyacá,Colombia,COL,LCR,False,115.1145,False,False
COL003,Arauca,Colombia,COL,LCR,COL011,Casanare,Colombia,COL,LCR,False,422.5626,False,False
COL003,Arauca,Colombia,COL,LCR,COL033,Vichada,Colombia,COL,LCR,False,48.6201,False,False
COL003,Arauca,Colombia,COL,LCR,VEN003,Apure,Republica Bolivariana de Venezuela,VEN,LCR,True,409.1476,False,False
COL005,Atlántico,Colombia,COL,LCR,COL007,Bolívar,Colombia,COL,LCR,False,91.3135,False,False
COL005,Atlántico,Colombia,COL,LCR,COL021,Magdalena,Colombia,COL,LCR,False,91.3636,False,False
COL006,"Bogotá, D.C.",Colombia,COL,LCR,COL019,Huila,Colombia,COL,LCR,False,3.0625,True,False
COL006,"Bogotá, D.C.",Colombia,COL,LCR,COL022,Meta,Colombia,COL,LCR,False,62.7362,False,False
COL007,Bolívar,Colombia,COL,LCR,COL013,Cesar,Colombia,COL,LCR,False,99.5206,False,False
COL007,Bolívar,Colombia,COL,LCR,COL015,Córdoba,Colombia,COL,LCR,False,16.2954,False,False
COL007,Bolívar,Colombia,COL,LCR,COL021,Magdalena,Colombia,COL,LCR,False,286.0219,False,False
COL007,Bolívar,Colombia,COL,LCR,COL028,Santander,Colombia,COL,LCR,False,116.1634,False,False
COL007,Bolívar,Colombia,COL,LCR,COL029,Sucre,Colombia,COL,LCR,False,420.0526,False,False
COL008,Boyacá,Colombia,COL,LCR,COL009,Caldas,Colombia,COL,LCR,False,1.8405,True,False
COL008,Boyacá,Colombia,COL,LCR,COL011,Casanare,Colombia,COL,LCR,False,365.3585,False,False
COL008,Boyacá,Colombia,COL,LCR,COL016,Cundinamarca,Colombia,COL,LCR,False,416.7878,False,False
COL008,Boyacá,Colombia,COL,LCR,COL024,Norte de Santander,Colombia,COL,LCR,False,76.4523,False,False
COL008,Boyacá,Colombia,COL,LCR,COL028,Santander,Colombia,COL,LCR,False,630.2367,False,False
COL008,Boyacá,Colombia,COL,LCR,VEN003,Apure,Republica Bolivariana de Venezuela,VEN,LCR,True,8.6759,False,False
COL009,Caldas,Colombia,COL,LCR,COL016,Cundinamarca,Colombia,COL,LCR,False,69.0987,False,False
COL009,Caldas,Colombia,COL,LCR,COL027,Risaralda,Colombia,COL,LCR,False,235.7696,False,False
COL009,Caldas,Colombia,COL,LCR,COL030,Tolima,Colombia,COL,LCR,False,135.5475,False,False
COL010,Caquetá,Colombia,COL,LCR,COL025,Putumayo,Colombia,COL,LCR,False,482.9437,False,False
COL011,Casanare,Colombia,COL,LCR,COL022,Meta,Colombia,COL,LCR,False,316.8752,False,False
COL011,Casanare,Colombia,COL,LCR,COL033,Vichada,Colombia,COL,LCR,False,214.1184,False,False
COL012,Cauca,Colombia,COL,LCR,COL010,Caquetá,Colombia,COL,LCR,False,104.4768,False,False
COL012,Cauca,Colombia,COL,LCR,COL019,Huila,Colombia,COL,LCR,False,365.2237,False,False
COL012,Cauca,Colombia,COL,LCR,COL023,Nariño,Colombia,COL,LCR,False,331.3585,False,False
COL012,Cauca,Colombia,COL,LCR,COL025,Putumayo,Colombia,COL,LCR,False,186.6907,False,False
COL012,Cauca,Colombia,COL,LCR,COL030,Tolima,Colombia,COL,LCR,False,48.3015,False,False
COL012,Cauca,Colombia,COL,LCR,COL031,Valle del Cauca,Colombia,COL,LCR,False,279.273,False,False
COL013,Cesar,Colombia,COL,LCR,COL020,La Guajira,Colombia,COL,LCR,False,162.965,False,False
COL013,Cesar,Colombia,COL,LCR,COL021,Magdalena,Colombia,COL,LCR,False,400.4144,False,False
COL013,Cesar,Colombia,COL,LCR,COL024,Norte de Santander,Colombia,COL,LCR,False,324.0724,False,False
COL013,Cesar,Colombia,COL,LCR,COL028,Santander,Colombia,COL,LCR,False,90.0287,False,False
COL013,Cesar,Colombia,COL,LCR,VEN025,Zulia,Republica Bolivariana de Venezuela,VEN,LCR,True,192.0693,False,False
COL014,Chocó,Colombia,COL,LCR,COL027,Risaralda,Colombia,COL,LCR,False,90.3156,False,False
COL014,Chocó,Colombia,COL,LCR,COL031,Valle del Cauca,Colombia,COL,LCR,False,282.403,False,False
COL014,Chocó,Colombia,COL,LCR,PAN005,Darién,Panama,PAN,LCR,True,241.7468,False,False
COL014,Chocó,Colombia,COL,LCR,PAN006,Emberá,Panama,PAN,LCR,True,51.1834,False,False
COL014,Chocó,Colombia,COL,LCR,PAN008,Kuna Yala,Panama,PAN,LCR,True,33.415,False,False
COL015,Córdoba,Colombia,COL,LCR,COL029,Sucre,Colombia,COL,LCR,False,352.8876,False,False
COL016,Cundinamarca,Colombia,COL,LCR,COL006,"Bogotá, D.C.",Colombia,COL,LCR,False,318.3832,False,False
COL016,Cundinamarca,Colombia,COL,LCR,COL019,Huila,Colombia,COL,LCR,False,23.4896,False,False
COL016,Cundinamarca,Colombia,COL,LCR,COL022,Meta,Colombia,COL,LCR,False,284.9656,False,False
COL016,Cundinamarca,Colombia,COL,LCR,COL030,Tolima,Colombia,COL,LCR,False,271.2691,False,False
COL017,Guainía,Colombia,COL,LCR,COL018,Guaviare,Colombia,COL,LCR,False,301.0761,False,False
COL017,Guainía,Colombia,COL,LCR,COL032,Vaupés,Colombia,COL,LCR,False,77.6188,False,False
COL017,Guainía,Colombia,COL,LCR,COL033,Vichada,Colombia,COL,LCR,False,730.203,False,False
COL017,Guainía,Colombia,COL,LCR,VEN001,Amazonas,Republica Bolivariana de Venezuela,VEN,LCR,True,466.0823,False,False
COL018,Guaviare,Colombia,COL,LCR,COL010,Caquetá,Colombia,COL,LCR,False,454.167,False,False
COL018,Guaviare,Colombia,COL,LCR,COL022,Meta,Colombia,COL,LCR,False,645.2552,False,False
COL018,Guaviare,Colombia,COL,LCR,COL032,Vaupés,Colombia,COL,LCR,False,482.0998,False,False
COL018,Guaviare,Colombia,COL,LCR,COL033,Vichada,Colombia,COL,LCR,False,147.7059,False,False
COL019,Huila,Colombia,COL,LCR,COL010,Caquetá,Colombia,COL,LCR,False,264.1842,False,False
COL019,Huila,Colombia,COL,LCR,COL022,Meta,Colombia,COL,LCR,False,127.0157,False,False
COL019,Huila,Colombia,COL,LCR,COL030,Tolima,Colombia,COL,LCR,False,327.8512,False,False
COL020,La Guajira,Colombia,COL,LCR,COL021,Magdalena,Colombia,COL,LCR,False,68.8382,False,False
COL020,La Guajira,Colombia,COL,LCR,VEN025,Zulia,Republica Bolivariana de Venezuela,VEN,LCR,True,279.351,False,False
COL022,Meta,Colombia,COL,LCR,COL010,Caquetá,Colombia,COL,LCR,False,345.3949,False,False
COL022,Meta,Colombia,COL,LCR,COL033,Vichada,Colombia,COL,LCR,False,223.0244,False,False
COL023,Nariño,Colombia,COL,LCR,COL025,Putumayo,Colombia,COL,LCR,False,168.1572,False,False
COL023,Nariño,Colombia,COL,LCR,ECU004,Carchi,Ecuador,ECU,LCR,True,200.3193,False,False
COL023,Nariño,Colombia,COL,LCR,ECU008,Esmeraldas,Ecuador,ECU,LCR,True,46.5796,False,False
COL023,Nariño,Colombia,COL,LCR,ECU021,Sucumbios,Ecuador,ECU,LCR,True,97.0288,False,False
COL024,Norte de Santander,Colombia,COL,LCR,COL028,Santander,Colombia,COL,LCR,False,263.6697,False,False
COL024,Norte de Santander,Colombia,COL,LCR,VEN003,Apure,Republica Bolivariana de Venezuela,VEN,LCR,True,79.8952,False,False
COL024,Norte de Santander,Colombia,COL,LCR,VEN021,Tachira,Republica Bolivariana de Venezuela,VEN,LCR,True,153.3853,False,False
COL024,Norte de Santander,Colombia,COL,LCR,VEN025,Zulia,Republica Bolivariana de Venezuela,VEN,LCR,True,224.364,False,False
COL025,Putumayo,Colombia,COL,LCR,ECU021,Sucumbios,Ecuador,ECU,LCR,True,333.3298,False,False
COL025,Putumayo,Colombia,COL,LCR,PER016,Loreto,Peru,PER,LCR,True,164.1509,False,False
COL026,Quindio,Colombia,COL,LCR,COL027,Risaralda,Colombia,COL,LCR,False,45.0582,False,False
COL026,Quindio,Colombia,COL,LCR,COL030,Tolima,Colombia,COL,LCR,False,99.2074,False,False
COL026,Quindio,Colombia,COL,LCR,COL031,Valle del Cauca,Colombia,COL,LCR,False,123.7644,False,False
COL027,Risaralda,Colombia,COL,LCR,COL030,Tolima,Colombia,COL,LCR,False,11.1126,False,False
COL027,Risaralda,Colombia,COL,LCR,COL031,Valle del Cauca,Colombia,COL,LCR,False,93.4192,False,False
COL030,Tolima,Colombia,COL,LCR,COL031,Valle del Cauca,Colombia,COL,LCR,False,130.0898,False,False
COL032,Vaupés,Colombia,COL,LCR,COL001,Amazonas,Colombia,COL,LCR,False,601.5053,False,False
COL032,Vaupés,Colombia,COL,LCR,COL010,Caquetá,Colombia,COL,LCR,False,231.7692,False,False
COL033,Vichada,Colombia,COL,LCR,VEN001,Amazonas,Republica Bolivariana de Venezuela,VEN,LCR,True,284.9058,False,False
COL033,Vichada,Colombia,COL,LCR,VEN003,Apure,Republica Bolivariana de Venezuela,VEN,LCR,True,274.9116,False,False
CPV004,Mosteiros,Cabo Verde,CPV,AFR,CPV022,Santa Catarina do Fogo,Cabo Verde,CPV,AFR,False,11.6238,False,False
CPV004,Mosteiros,Cabo Verde,CPV,AFR,CPV024,São Filipe,Cabo Verde,CPV,AFR,False,5.6083,False,False
CPV005,Paul,Cabo Verde,CPV,AFR,CPV006,Porto Novo,Cabo Verde,CPV,AFR,False,12.0891,False,False
CPV005,Paul,Cabo Verde,CPV,AFR,CPV008,Ribeira Grande,Cabo Verde,CPV,AFR,False,9.0896,False,False
CPV006,Porto Novo,Cabo Verde,CPV,AFR,CPV008,Ribeira Grande,Cabo Verde,CPV,AFR,False,23.7538,False,False
CPV012,São Domingos,Cabo Verde,CPV,AFR,CPV025,São Lourenço dos Órgãos,Cabo Verde,CPV,AFR,False,9.6432,False,False
CPV017,Tarrafal,Cabo Verde,CPV,AFR,CPV014,São Miguel,Cabo Verde,CPV,AFR,False,8.0144,False,False
CPV018,Praia,Cabo Verde,CPV,AFR,CPV012,São Domingos,Cabo Verde,CPV,AFR,False,16.3039,False,False
CPV019,Ribeira Brava,Cabo Verde,CPV,AFR,CPV027,Tarrafal de São Nicolau,Cabo Verde,CPV,AFR,False,26.9019,False,False
CPV020,Ribeira Grande de Santiago,Cabo Verde,CPV,AFR,CPV012,São Domingos,Cabo Verde,CPV,AFR,False,10.6315,False,False
CPV020,Ribeira Grande de Santiago,Cabo Verde,CPV,AFR,CPV018,Praia,Cabo Verde,CPV,AFR,False,9.538,False,False
CPV020,Ribeira Grande de Santiago,Cabo Verde,CPV,AFR,CPV021,Santa Catarina,Cabo Verde,CPV,AFR,False,14.071,False,False
CPV020,Ribeira Grande de Santiago,Cabo Verde,CPV,AFR,CPV025,São Lourenço dos Órgãos,Cabo Verde,CPV,AFR,False,2.2442,True,False
CPV020,Ribeira Grande de Santiago,Cabo Verde,CPV,AFR,CPV026,São Salvador do Mundo,Cabo Verde,CPV,AFR,False,2.1035,True,False
CPV021,Santa Catarina,Cabo Verde,CPV,AFR,CPV014,São Miguel,Cabo Verde,CPV,AFR,False,15.5372,False,False
CPV021,Santa Catarina,Cabo Verde,CPV,AFR,CPV017,Tarrafal,Cabo Verde,CPV,AFR,False,10.0043,False,False
CPV021,Santa Catarina,Cabo Verde,CPV,AFR,CPV023,Santa Cruz,Cabo Verde,CPV,AFR,False,3.6756,True,False
CPV021,Santa Catarina,Cabo Verde,CPV,AFR,CPV026,São Salvador do Mundo,Cabo Verde,CPV,AFR,False,11.636,False,False
CPV022,Santa Catarina do Fogo,Cabo Verde,CPV,AFR,CPV024,São Filipe,Cabo Verde,CPV,AFR,False,23.3961,False,False
CPV023,Santa Cruz,Cabo Verde,CPV,AFR,CPV012,São Domingos,Cabo Verde,CPV,AFR,False,11.4438,False,False
CPV023,Santa Cruz,Cabo Verde,CPV,AFR,CPV014,São Miguel,Cabo Verde,CPV,AFR,False,5.1639,False,False
CPV023,Santa Cruz,Cabo Verde,CPV,AFR,CPV025,São Lourenço dos Órgãos,Cabo Verde,CPV,AFR,False,10.5099,False,False
CPV023,Santa Cruz,Cabo Verde,CPV,AFR,CPV026,São Salvador do Mundo,Cabo Verde,CPV,AFR,False,7.1513,False,False
CPV025,São Lourenço dos Órgãos,Cabo Verde,CPV,AFR,CPV026,São Salvador do Mundo,Cabo Verde,CPV,AFR,False,8.0635,False,False
CRI001,Alajuela,Costa Rica,CRI,LCR,CRI003,Guanacaste,Costa Rica,CRI,LCR,False,172.8847,False,False
CRI001,Alajuela,Costa Rica,CRI,LCR,CRI004,Heredia,Costa Rica,CRI,LCR,False,94.8671,False,False
CRI001,Alajuela,Costa Rica,CRI,LCR,CRI006,Puntarenas,Costa Rica,CRI,LCR,False,111.6853,False,False
CRI001,Alajuela,Costa Rica,CRI,LCR,CRI007,San José,Costa Rica,CRI,LCR,False,60.8019,False,False
CRI002,Cartago,Costa Rica,CRI,LCR,CRI005,Limón,Costa Rica,CRI,LCR,False,149.6332,False,False
CRI002,Cartago,Costa Rica,CRI,LCR,CRI007,San José,Costa Rica,CRI,LCR,False,171.6224,False,False
CRI003,Guanacaste,Costa Rica,CRI,LCR,CRI006,Puntarenas,Costa Rica,CRI,LCR,False,131.7548,False,False
CRI004,Heredia,Costa Rica,CRI,LCR,CRI005,Limón,Costa Rica,CRI,LCR,False,92.7518,False,False
CRI004,Heredia,Costa Rica,CRI,LCR,CRI007,San José,Costa Rica,CRI,LCR,False,53.6067,False,False
CRI005,Limón,Costa Rica,CRI,LCR,CRI006,Puntarenas,Costa Rica,CRI,LCR,False,88.5904,False,False
CRI005,Limón,Costa Rica,CRI,LCR,CRI007,San José,Costa Rica,CRI,LCR,False,22.2183,False,False
CRI005,Limón,Costa Rica,CRI,LCR,PAN001,Bocas del Toro,Panama,PAN,LCR,True,125.3942,False,False
CRI006,Puntarenas,Costa Rica,CRI,LCR,CRI007,San José,Costa Rica,CRI,LCR,False,294.4094,False,False
CRI006,Puntarenas,Costa Rica,CRI,LCR,PAN001,Bocas del Toro,Panama,PAN,LCR,True,38.3553,False,False
CRI006,Puntarenas,Costa Rica,CRI,LCR,PAN002,Chiriquí,Panama,PAN,LCR,True,168.3719,False,False
CUB001,Artemisa,Cuba,CUB,Other,CUB008,La Habana,Cuba,CUB,Other,False,33.9292,False,False
CUB001,Artemisa,Cuba,CUB,Other,CUB011,Mayabeque,Cuba,CUB,Other,False,39.8379,False,False
CUB001,Artemisa,Cuba,CUB,Other,CUB012,Pinar del Río,Cuba,CUB,Other,False,90.4772,False,False
CUB002,Camagüey,Cuba,CUB,Other,CUB003,Ciego de Ávila,Cuba,CUB,Other,False,135.055,False,False
CUB002,Camagüey,Cuba,CUB,Other,CUB009,Las Tunas,Cuba,CUB,Other,False,198.731,False,False
CUB003,Ciego de Ávila,Cuba,CUB,Other,CUB013,Sancti Spíritus,Cuba,CUB,Other,False,129.5513,False,False
CUB004,Cienfuegos,Cuba,CUB,Other,CUB010,Matanzas,Cuba,CUB,Other,False,153.5121,False,False
CUB004,Cienfuegos,Cuba,CUB,Other,CUB013,Sancti Spíritus,Cuba,CUB,Other,False,19.3135,False,False
CUB004,Cienfuegos,Cuba,CUB,Other,CUB015,Villa Clara,Cuba,CUB,Other,False,158.951,False,False
CUB005,Granma,Cuba,CUB,Other,CUB007,Holguín,Cuba,CUB,Other,False,92.3594,False,False
CUB005,Granma,Cuba,CUB,Other,CUB009,Las Tunas,Cuba,CUB,Other,False,73.1207,False,False
CUB005,Granma,Cuba,CUB,Other,CUB014,Santiago de Cuba,Cuba,CUB,Other,False,201.1377,False,False
CUB006,Guantánamo,Cuba,CUB,Other,CUB007,Holguín,Cuba,CUB,Other,False,125.1297,False,False
CUB006,Guantánamo,Cuba,CUB,Other,CUB014,Santiago de Cuba,Cuba,CUB,Other,False,96.655,False,False
CUB007,Holguín,Cuba,CUB,Other,CUB009,Las Tunas,Cuba,CUB,Other,False,118.3537,False,False
CUB007,Holguín,Cuba,CUB,Other,CUB014,Santiago de Cuba,Cuba,CUB,Other,False,187.6289,False,False
CUB008,La Habana,Cuba,CUB,Other,CUB011,Mayabeque,Cuba,CUB,Other,False,78.259,False,False
CUB010,Matanzas,Cuba,CUB,Other,CUB011,Mayabeque,Cuba,CUB,Other,False,104.0418,False,False
CUB010,Matanzas,Cuba,CUB,Other,CUB015,Villa Clara,Cuba,CUB,Other,False,102.339,False,False
CUB013,Sancti Spíritus,Cuba,CUB,Other,CUB015,Villa Clara,Cuba,CUB,Other,False,184.3736,False,False
CYP001,Lefkosia,Cyprus,CYP,ECA,CYP005,Lemesos,Cyprus,CYP,ECA,False,47.9149,False,False
CYP001,Lefkosia,Cyprus,CYP,ECA,CYP006,Pafos,Cyprus,CYP,ECA,False,61.2964,False,False
CYP002,Keryneia,Cyprus,CYP,ECA,CYP001,Lefkosia,Cyprus,CYP,ECA,False,80.6696,False,False
CYP003,Ammochostos,Cyprus,CYP,ECA,CYP001,Lefkosia,Cyprus,CYP,ECA,False,27.3131,False,False
CYP003,Ammochostos,Cyprus,CYP,ECA,CYP002,Keryneia,Cyprus,CYP,ECA,False,19.4205,False,False
CYP003,Ammochostos,Cyprus,CYP,ECA,CYP004,Larnaka,Cyprus,CYP,ECA,False,13.7237,False,False
CYP003,Ammochostos,Cyprus,CYP,ECA,GBR001,Sovereign Base Areas of Akrotiri and Dhekelia (U.K.),Sovereign Base Areas of Akrotiri and Dhekelia (U.K.),GBR,Other,True,90.6415,False,False
CYP004,Larnaka,Cyprus,CYP,ECA,CYP001,Lefkosia,Cyprus,CYP,ECA,False,85.7769,False,False
CYP004,Larnaka,Cyprus,CYP,ECA,CYP005,Lemesos,Cyprus,CYP,ECA,False,30.8507,False,False
CYP004,Larnaka,Cyprus,CYP,ECA,GBR001,Sovereign Base Areas of Akrotiri and Dhekelia (U.K.),Sovereign Base Areas of Akrotiri and Dhekelia (U.K.),GBR,Other,True,4.2429,True,False
CYP005,Lemesos,Cyprus,CYP,ECA,CYP006,Pafos,Cyprus,CYP,ECA,False,44.6227,False,False
CYP005,Lemesos,Cyprus,CYP,ECA,GBR001,Sovereign Base Areas of Akrotiri and Dhekelia (U.K.),Sovereign Base Areas of Akrotiri and Dhekelia (U.K.),GBR,Other,True,46.7023,False,False
CZE001,Jihocesky,Czech Republic,CZE,ECA,AUT004,Oberosterreich,Austria,AUT,Other,True,109.6269,False,False
CZE001,Jihocesky,Czech Republic,CZE,ECA,CZE006,Stredocesky,Czech Republic,CZE,ECA,False,199.4748,False,False
CZE001,Jihocesky,Czech Republic,CZE,ECA,DEU002,Bayern,Germany,DEU,Other,True,42.4643,False,False
CZE002,Jihomoravsky,Czech Republic,CZE,ECA,CZE001,Jihocesky,Czech Republic,CZE,ECA,False,148.8347,False,False
CZE002,Jihomoravsky,Czech Republic,CZE,ECA,SVK006,Trencin,Slovak Republic,SVK,ECA,True,87.7444,False,False
CZE002,Jihomoravsky,Czech Republic,CZE,ECA,SVK007,Trnava,Slovak Republic,SVK,ECA,True,56.7517,False,False
CZE003,Praha,Czech Republic,CZE,ECA,CZE006,Stredocesky,Czech Republic,CZE,ECA,False,242.1046,False,False
CZE004,Severocesky,Czech Republic,CZE,ECA,CZE006,Stredocesky,Czech Republic,CZE,ECA,False,224.6041,False,False
CZE004,Severocesky,Czech Republic,CZE,ECA,CZE007,Vychodocesky,Czech Republic,CZE,ECA,False,52.8624,False,False
CZE004,Severocesky,Czech Republic,CZE,ECA,CZE008,Zapadocesky,Czech Republic,CZE,ECA,False,92.8479,False,False
CZE004,Severocesky,Czech Republic,CZE,ECA,DEU013,Sachsen,Germany,DEU,Other,True,288.4865,False,False
CZE005,Severomoravsky,Czech Republic,CZE,ECA,CZE002,Jihomoravsky,Czech Republic,CZE,ECA,False,225.2866,False,False
CZE005,Severomoravsky,Czech Republic,CZE,ECA,CZE007,Vychodocesky,Czech Republic,CZE,ECA,False,86.5902,False,False
CZE005,Severomoravsky,Czech Republic,CZE,ECA,POL001,Dolnoslaskie,Poland,POL,ECA,True,54.0446,False,False
CZE005,Severomoravsky,Czech Republic,CZE,ECA,POL008,Opolskie,Poland,POL,ECA,True,187.6617,False,False
CZE005,Severomoravsky,Czech Republic,CZE,ECA,POL012,Slaskie,Poland,POL,ECA,True,137.158,False,False
CZE005,Severomoravsky,Czech Republic,CZE,ECA,SVK006,Trencin,Slovak Republic,SVK,ECA,True,36.7373,False,False
CZE005,Severomoravsky,Czech Republic,CZE,ECA,SVK008,Zilna,Slovak Republic,SVK,ECA,True,58.1395,False,False
CZE007,Vychodocesky,Czech Republic,CZE,ECA,CZE001,Jihocesky,Czech Republic,CZE,ECA,False,34.4608,False,False
CZE007,Vychodocesky,Czech Republic,CZE,ECA,CZE002,Jihomoravsky,Czech Republic,CZE,ECA,False,182.9531,False,False
CZE007,Vychodocesky,Czech Republic,CZE,ECA,CZE006,Stredocesky,Czech Republic,CZE,ECA,False,219.066,False,False
CZE008,Zapadocesky,Czech Republic,CZE,ECA,CZE001,Jihocesky,Czech Republic,CZE,ECA,False,101.6449,False,False
CZE008,Zapadocesky,Czech Republic,CZE,ECA,CZE006,Stredocesky,Czech Republic,CZE,ECA,False,142.6512,False,False
CZE008,Zapadocesky,Czech Republic,CZE,ECA,DEU002,Bayern,Germany,DEU,Other,True,279.3979,False,False
CZE008,Zapadocesky,Czech Republic,CZE,ECA,DEU013,Sachsen,Germany,DEU,Other,True,118.5109,False,False
DEU001,Baden-Wuerttemberg,Germany,DEU,Other,FRA002,Alsace,France,FRA,Other,True,182.2125,False,False
DEU002,Bayern,Germany,DEU,Other,AUT004,Oberosterreich,Austria,AUT,Other,True,174.5933,False,False
DEU002,Bayern,Germany,DEU,Other,AUT005,Salzburg,Austria,AUT,Other,True,155.1916,False,False
DEU002,Bayern,Germany,DEU,Other,AUT007,Tirol,Austria,AUT,Other,True,330.6176,False,False
DEU002,Bayern,Germany,DEU,Other,AUT008,Vorarlberg,Austria,AUT,Other,True,101.3907,False,False
DEU002,Bayern,Germany,DEU,Other,DEU001,Baden-Wuerttemberg,Germany,DEU,Other,False,512.3656,False,False
DEU002,Bayern,Germany,DEU,Other,DEU007,Hessen,Germany,DEU,Other,False,198.1428,False,False
DEU002,Bayern,Germany,DEU,Other,DEU013,Sachsen,Germany,DEU,Other,False,24.0838,False,False
DEU002,Bayern,Germany,DEU,Other,DEU016,Thueringen,Germany,DEU,Other,False,257.285,False,False
DEU004,Brandenburg,Germany,DEU,Other,DEU003,Berlin,Germany,DEU,Other,False,168.9657,False,False
DEU004,Brandenburg,Germany,DEU,Other,DEU008,Mecklenburg-Vorpommern,Germany,DEU,Other,False,326.078,False,False
DEU004,Brandenburg,Germany,DEU,Other,DEU013,Sachsen,Germany,DEU,Other,False,182.7163,False,False
DEU004,Brandenburg,Germany,DEU,Other,DEU014,Sachsen-Anhalt,Germany,DEU,Other,False,283.8512,False,False
DEU004,Brandenburg,Germany,DEU,Other,POL005,Lubuskie,Poland,POL,ECA,True,150.133,False,False
DEU004,Brandenburg,Germany,DEU,Other,POL016,Zachodnio-Pomorskie,Poland,POL,ECA,True,113.8949,False,False
DEU005,Bremen,Germany,DEU,Other,DEU009,Niedersachsen,Germany,DEU,Other,False,128.8866,False,False
DEU006,Hamburg,Germany,DEU,Other,DEU009,Niedersachsen,Germany,DEU,Other,False,65.2689,False,False
DEU006,Hamburg,Germany,DEU,Other,DEU015,Schleswig-Holstein,Germany,DEU,Other,False,93.2296,False,False
DEU007,Hessen,Germany,DEU,Other,DEU001,Baden-Wuerttemberg,Germany,DEU,Other,False,113.2547,False,False
DEU007,Hessen,Germany,DEU,Other,DEU009,Niedersachsen,Germany,DEU,Other,False,115.4496,False,False
DEU007,Hessen,Germany,DEU,Other,DEU010,Nordrhein-Westfalen,Germany,DEU,Other,False,218.5313,False,False
DEU007,Hessen,Germany,DEU,Other,DEU011,Rheinland-Pfalz,Germany,DEU,Other,False,218.6845,False,False
DEU007,Hessen,Germany,DEU,Other,DEU016,Thueringen,Germany,DEU,Other,False,174.906,False,False
DEU008,Mecklenburg-Vorpommern,Germany,DEU,Other,DEU009,Niedersachsen,Germany,DEU,Other,False,91.6067,False,False
DEU008,Mecklenburg-Vorpommern,Germany,DEU,Other,DEU014,Sachsen-Anhalt,Germany,DEU,Other,False,0.7712,True,True
DEU008,Mecklenburg-Vorpommern,Germany,DEU,Other,DEU015,Schleswig-Holstein,Germany,DEU,Other,False,102.0532,False,False
DEU008,Mecklenburg-Vorpommern,Germany,DEU,Other,POL016,Zachodnio-Pomorskie,Poland,POL,ECA,True,56.1074,False,False
DEU009,Niedersachsen,Germany,DEU,Other,DEU010,Nordrhein-Westfalen,Germany,DEU,Other,False,448.7255,False,False
DEU009,Niedersachsen,Germany,DEU,Other,DEU014,Sachsen-Anhalt,Germany,DEU,Other,False,280.3514,False,False
DEU009,Niedersachsen,Germany,DEU,Other,DEU015,Schleswig-Holstein,Germany,DEU,Other,False,35.5204,False,False
DEU009,Niedersachsen,Germany,DEU,Other,DEU016,Thueringen,Germany,DEU,Other,False,83.6245,False,False
DEU009,Niedersachsen,Germany,DEU,Other,NLD001,Drenthe,Netherlands,NLD,Other,True,49.5123,False,False
DEU009,Niedersachsen,Germany,DEU,Other,NLD005,Groningen,Netherlands,NLD,Other,True,50.8686,False,False
DEU009,Niedersachsen,Germany,DEU,Other,NLD009,Overijssel,Netherlands,NLD,Other,True,78.0646,False,False
DEU010,Nordrhein-Westfalen,Germany,DEU,Other,DEU011,Rheinland-Pfalz,Germany,DEU,Other,False,225.7648,False,False
DEU010,Nordrhein-Westfalen,Germany,DEU,Other,NLD004,Gelderland,Netherlands,NLD,Other,True,146.1309,False,False
DEU010,Nordrhein-Westfalen,Germany,DEU,Other,NLD006,Limburg,Netherlands,NLD,Other,True,199.4739,False,False
DEU010,Nordrhein-Westfalen,Germany,DEU,Other,NLD009,Overijssel,Netherlands,NLD,Other,True,30.0496,False,False
DEU011,Rheinland-Pfalz,Germany,DEU,Other,DEU001,Baden-Wuerttemberg,Germany,DEU,Other,False,82.9125,False,False
DEU011,Rheinland-Pfalz,Germany,DEU,Other,DEU012,Saarland,Germany,DEU,Other,False,140.7629,False,False
DEU011,Rheinland-Pfalz,Germany,DEU,Other,FRA002,Alsace,France,FRA,Other,True,59.5863,False,False
DEU011,Rheinland-Pfalz,Germany,DEU,Other,FRA016,Lorraine,France,FRA,Other,True,37.6714,False,False
DEU011,Rheinland-Pfalz,Germany,DEU,Other,LUX001,Diekirch,Luxembourg,LUX,Other,True,54.8116,False,False
DEU011,Rheinland-Pfalz,Germany,DEU,Other,LUX002,Grevenmacher,Luxembourg,LUX,Other,True,75.3733,False,False
DEU013,Sachsen,Germany,DEU,Other,DEU014,Sachsen-Anhalt,Germany,DEU,Other,False,128.8445,False,False
DEU013,Sachsen,Germany,DEU,Other,DEU016,Thueringen,Germany,DEU,Other,False,154.3935,False,False
DEU013,Sachsen,Germany,DEU,Other,POL005,Lubuskie,Poland,POL,ECA,True,42.1697,False,False
DEU014,Sachsen-Anhalt,Germany,DEU,Other,DEU016,Thueringen,Germany,DEU,Other,False,200.636,False,False
DEU015,Schleswig-Holstein,Germany,DEU,Other,DNK004,South Denmark,Denmark,DNK,Other,True,65.5424,False,False
DJI002,Dilkhil,Djibouti,DJI,MENA,DJI001,Ali Sabeh,Djibouti,DJI,MENA,False,18.9515,False,False
DJI002,Dilkhil,Djibouti,DJI,MENA,DJI005,Tadjourah,Djibouti,DJI,MENA,False,49.4923,False,False
DJI002,Dilkhil,Djibouti,DJI,MENA,DJI006,Arta,Djibouti,DJI,MENA,False,70.7283,False,False
DJI002,Dilkhil,Djibouti,DJI,MENA,ETH002,Afar,Ethiopia,ETH,AFR,True,99.6142,False,False
DJI002,Dilkhil,Djibouti,DJI,MENA,ETH011,Somali,Ethiopia,ETH,AFR,True,124.2498,False,False
DJI003,Djibouti,Djibouti,DJI,MENA,DJI006,Arta,Djibouti,DJI,MENA,False,35.7067,False,False
DJI004,Obock,Djibouti,DJI,MENA,DJI005,Tadjourah,Djibouti,DJI,MENA,False,72.7513,False,False
DJI004,Obock,Djibouti,DJI,MENA,ERI004,Debubawi Keih Bahri,Eritrea,ERI,AFR,True,79.866,False,False
DJI005,Tadjourah,Djibouti,DJI,MENA,ERI004,Debubawi Keih Bahri,Eritrea,ERI,AFR,True,44.7015,False,False
DJI006,Arta,Djibouti,DJI,MENA,DJI001,Ali Sabeh,Djibouti,DJI,MENA,False,73.521,False,False
DJI006,Arta,Djibouti,DJI,MENA,DJI005,Tadjourah,Djibouti,DJI,MENA,False,19.6102,False,False
DMA001,St. Andrew,Dominica,DMA,LCR,DMA002,St. David,Dominica,DMA,LCR,False,9.4362,False,False
DMA001,St. Andrew,Dominica,DMA,LCR,DMA004,St. John,Dominica,DMA,LCR,False,13.4214,False,False
DMA001,St. Andrew,Dominica,DMA,LCR,DMA005,St. Joseph,Dominica,DMA,LCR,False,8.1945,False,False
DMA001,St. Andrew,Dominica,DMA,LCR,DMA010,St. Peter,Dominica,DMA,LCR,False,1.7084,True,False
DMA002,St. David,Dominica,DMA,LCR,DMA003,St. George,Dominica,DMA,LCR,False,3.475,True,False
DMA002,St. David,Dominica,DMA,LCR,DMA005,St. Joseph,Dominica,DMA,LCR,False,9.2344,False,False
DMA002,St. David,Dominica,DMA,LCR,DMA008,St. Patrick,Dominica,DMA,LCR,False,8.3609,False,False
DMA002,St. David,Dominica,DMA,LCR,DMA009,St. Paul,Dominica,DMA,LCR,False,7.1084,False,False
DMA003,St. George,Dominica,DMA,LCR,DMA006,St. Luke,Dominica,DMA,LCR,False,2.511,True,False
DMA003,St. George,Dominica,DMA,LCR,DMA008,St. Patrick,Dominica,DMA,LCR,False,7.3627,False,False
DMA003,St. George,Dominica,DMA,LCR,DMA009,St. Paul,Dominica,DMA,LCR,False,6.4506,False,False
DMA004,St. John,Dominica,DMA,LCR,DMA010,St. Peter,Dominica,DMA,LCR,False,6.9559,False,False
DMA005,St. Joseph,Dominica,DMA,LCR,DMA009,St. Paul,Dominica,DMA,LCR,False,7.5924,False,False
DMA005,St. Joseph,Dominica,DMA,LCR,DMA010,St. Peter,Dominica,DMA,LCR,False,7.0764,False,False
DMA006,St. Luke,Dominica,DMA,LCR,DMA007,St. Mark,Dominica,DMA,LCR,False,0.7745,True,True
DMA006,St. Luke,Dominica,DMA,LCR,DMA008,St. Patrick,Dominica,DMA,LCR,False,3.3056,True,False
DMA007,St. Mark,Dominica,DMA,LCR,DMA008,St. Patrick,Dominica,DMA,LCR,False,2.4244,True,False
DNK001,Capital,Denmark,DNK,Other,DNK005,Zealand,Denmark,DNK,Other,False,77.7965,False,False
DNK002,Central Jutland,Denmark,DNK,Other,DNK003,North Jutland,Denmark,DNK,Other,False,197.4015,False,False
DNK002,Central Jutland,Denmark,DNK,Other,DNK004,South Denmark,Denmark,DNK,Other,False,173.0474,False,False
DNK004,South Denmark,Denmark,DNK,Other,DNK005,Zealand,Denmark,DNK,Other,False,0.0452,True,True
DOM001,Azua,Dominican Republic,DOM,LCR,DOM002,Baoruco,Dominican Republic,DOM,LCR,False,43.3939,False,False
DOM001,Azua,Dominican Republic,DOM,LCR,DOM003,Barahona,Dominican Republic,DOM,LCR,False,41.4477,False,False
DOM001,Azua,Dominican Republic,DOM,LCR,DOM014,La Vega,Dominican Republic,DOM,LCR,False,58.3534,False,False
DOM001,Azua,Dominican Republic,DOM,LCR,DOM020,Peravia,Dominican Republic,DOM,LCR,False,26.3057,False,False
DOM001,Azua,Dominican Republic,DOM,LCR,DOM025,San José de Ocoa,Dominican Republic,DOM,LCR,False,49.3909,False,False
DOM001,Azua,Dominican Republic,DOM,LCR,DOM026,San Juan,Dominican Republic,DOM,LCR,False,80.407,False,False
DOM002,Baoruco,Dominican Republic,DOM,LCR,DOM008,Elias Pina,Dominican Republic,DOM,LCR,False,0.0392,True,True
DOM002,Baoruco,Dominican Republic,DOM,LCR,DOM011,Independencia,Dominican Republic,DOM,LCR,False,59.6087,False,False
DOM002,Baoruco,Dominican Republic,DOM,LCR,DOM026,San Juan,Dominican Republic,DOM,LCR,False,52.7811,False,False
DOM003,Barahona,Dominican Republic,DOM,LCR,DOM002,Baoruco,Dominican Republic,DOM,LCR,False,39.5413,False,False
DOM003,Barahona,Dominican Republic,DOM,LCR,DOM011,Independencia,Dominican Republic,DOM,LCR,False,52.8176,False,False
DOM003,Barahona,Dominican Republic,DOM,LCR,DOM019,Pedernales,Dominican Republic,DOM,LCR,False,58.9764,False,False
DOM004,Dajabon,Dominican Republic,DOM,LCR,DOM008,Elias Pina,Dominican Republic,DOM,LCR,False,30.8394,False,False
DOM004,Dajabon,Dominican Republic,DOM,LCR,DOM017,Monte Cristi,Dominican Republic,DOM,LCR,False,50.6742,False,False
DOM004,Dajabon,Dominican Republic,DOM,LCR,DOM030,Santiago Rodriguez,Dominican Republic,DOM,LCR,False,36.6513,False,False
DOM004,Dajabon,Dominican Republic,DOM,LCR,HTI002,Centre,Haiti,HTI,LCR,True,13.2187,False,False
DOM004,Dajabon,Dominican Republic,DOM,LCR,HTI006,Nord-Est,Haiti,HTI,LCR,True,60.9122,False,False
DOM005,Distrito Nacional,Dominican Republic,DOM,LCR,DOM031,Santo Domingo,Dominican Republic,DOM,LCR,False,36.1299,False,False
DOM006,Duarte,Dominican Republic,DOM,LCR,DOM009,Espaillat,Dominican Republic,DOM,LCR,False,5.2832,False,False
DOM006,Duarte,Dominican Republic,DOM,LCR,DOM014,La Vega,Dominican Republic,DOM,LCR,False,13.1307,False,False
DOM006,Duarte,Dominican Republic,DOM,LCR,DOM015,Maria Trinidad Sanches,Dominican Republic,DOM,LCR,False,85.2418,False,False
DOM006,Duarte,Dominican Republic,DOM,LCR,DOM018,Monte Plata,Dominican Republic,DOM,LCR,False,28.5856,False,False
DOM006,Duarte,Dominican Republic,DOM,LCR,DOM022,Salcedo,Dominican Republic,DOM,LCR,False,51.2098,False,False
DOM006,Duarte,Dominican Republic,DOM,LCR,DOM028,Sanchez Ramirez,Dominican Republic,DOM,LCR,False,74.5459,False,False
DOM007,El Seibo,Dominican Republic,DOM,LCR,DOM010,Hato Mayor,Dominican Republic,DOM,LCR,False,79.6983,False,False
DOM007,El Seibo,Dominican Republic,DOM,LCR,DOM013,La Romana,Dominican Republic,DOM,LCR,False,27.7774,False,False
DOM007,El Seibo,Dominican Republic,DOM,LCR,DOM027,San Pedro de Macoris,Dominican Republic,DOM,LCR,False,33.9107,False,False
DOM008,Elias Pina,Dominican Republic,DOM,LCR,DOM011,Independencia,Dominican Republic,DOM,LCR,False,24.2877,False,False
DOM008,Elias Pina,Dominican Republic,DOM,LCR,DOM026,San Juan,Dominican Republic,DOM,LCR,False,110.7026,False,False
DOM008,Elias Pina,Dominican Republic,DOM,LCR,DOM030,Santiago Rodriguez,Dominican Republic,DOM,LCR,False,27.9317,False,False
DOM008,Elias Pina,Dominican Republic,DOM,LCR,HTI002,Centre,Haiti,HTI,LCR,True,139.6886,False,False
DOM009,Espaillat,Dominican Republic,DOM,LCR,DOM014,La Vega,Dominican Republic,DOM,LCR,False,27.8993,False,False
DOM009,Espaillat,Dominican Republic,DOM,LCR,DOM015,Maria Trinidad Sanches,Dominican Republic,DOM,LCR,False,25.8698,False,False
DOM009,Espaillat,Dominican Republic,DOM,LCR,DOM021,Puerto Plata,Dominican Republic,DOM,LCR,False,55.0977,False,False
DOM009,Espaillat,Dominican Republic,DOM,LCR,DOM022,Salcedo,Dominican Republic,DOM,LCR,False,54.375,False,False
DOM009,Espaillat,Dominican Republic,DOM,LCR,DOM029,Santiago,Dominican Republic,DOM,LCR,False,24.2886,False,False
DOM010,Hato Mayor,Dominican Republic,DOM,LCR,DOM018,Monte Plata,Dominican Republic,DOM,LCR,False,50.6679,False,False
DOM010,Hato Mayor,Dominican Republic,DOM,LCR,DOM027,San Pedro de Macoris,Dominican Republic,DOM,LCR,False,67.8029,False,False
DOM011,Independencia,Dominican Republic,DOM,LCR,DOM019,Pedernales,Dominican Republic,DOM,LCR,False,39.582,False,False
DOM011,Independencia,Dominican Republic,DOM,LCR,DOM026,San Juan,Dominican Republic,DOM,LCR,False,0.0414,True,True
DOM011,Independencia,Dominican Republic,DOM,LCR,HTI002,Centre,Haiti,HTI,LCR,True,2.2625,True,False
DOM011,Independencia,Dominican Republic,DOM,LCR,HTI008,Ouest,Haiti,HTI,LCR,True,94.5561,False,False
DOM012,La Altagracia,Dominican Republic,DOM,LCR,DOM007,El Seibo,Dominican Republic,DOM,LCR,False,58.0693,False,False
DOM012,La Altagracia,Dominican Republic,DOM,LCR,DOM013,La Romana,Dominican Republic,DOM,LCR,False,37.2249,False,False
DOM016,Monsenor Nouel,Dominican Republic,DOM,LCR,DOM014,La Vega,Dominican Republic,DOM,LCR,False,67.7266,False,False
DOM016,Monsenor Nouel,Dominican Republic,DOM,LCR,DOM018,Monte Plata,Dominican Republic,DOM,LCR,False,3.8927,True,False
DOM016,Monsenor Nouel,Dominican Republic,DOM,LCR,DOM028,Sanchez Ramirez,Dominican Republic,DOM,LCR,False,38.5158,False,False
DOM017,Monte Cristi,Dominican Republic,DOM,LCR,DOM021,Puerto Plata,Dominican Republic,DOM,LCR,False,18.7356,False,False
DOM017,Monte Cristi,Dominican Republic,DOM,LCR,DOM030,Santiago Rodriguez,Dominican Republic,DOM,LCR,False,36.3304,False,False
DOM017,Monte Cristi,Dominican Republic,DOM,LCR,DOM032,Valverde,Dominican Republic,DOM,LCR,False,32.8275,False,False
DOM017,Monte Cristi,Dominican Republic,DOM,LCR,HTI006,Nord-Est,Haiti,HTI,LCR,True,7.9726,False,False
DOM018,Monte Plata,Dominican Republic,DOM,LCR,DOM027,San Pedro de Macoris,Dominican Republic,DOM,LCR,False,26.9128,False,False
DOM018,Monte Plata,Dominican Republic,DOM,LCR,DOM028,Sanchez Ramirez,Dominican Republic,DOM,LCR,False,64.2576,False,False
DOM018,Monte Plata,Dominican Republic,DOM,LCR,DOM031,Santo Domingo,Dominican Republic,DOM,LCR,False,97.2065,False,False
DOM019,Pedernales,Dominican Republic,DOM,LCR,HTI008,Ouest,Haiti,HTI,LCR,True,0.0741,True,True
DOM019,Pedernales,Dominican Republic,DOM,LCR,HTI010,Sud-Est,Haiti,HTI,LCR,True,40.4097,False,False
DOM021,Puerto Plata,Dominican Republic,DOM,LCR,DOM029,Santiago,Dominican Republic,DOM,LCR,False,58.2468,False,False
DOM021,Puerto Plata,Dominican Republic,DOM,LCR,DOM032,Valverde,Dominican Republic,DOM,LCR,False,30.4298,False,False
DOM022,Salcedo,Dominican Republic,DOM,LCR,DOM014,La Vega,Dominican Republic,DOM,LCR,False,21.4066,False,False
DOM023,Samana,Dominican Republic,DOM,LCR,DOM006,Duarte,Dominican Republic,DOM,LCR,False,37.6735,False,False
DOM023,Samana,Dominican Republic,DOM,LCR,DOM010,Hato Mayor,Dominican Republic,DOM,LCR,False,9.707,False,False
DOM023,Samana,Dominican Republic,DOM,LCR,DOM015,Maria Trinidad Sanches,Dominican Republic,DOM,LCR,False,6.3808,False,False
DOM023,Samana,Dominican Republic,DOM,LCR,DOM018,Monte Plata,Dominican Republic,DOM,LCR,False,17.5855,False,False
DOM024,San Cristobal,Dominican Republic,DOM,LCR,DOM016,Monsenor Nouel,Dominican Republic,DOM,LCR,False,17.5107,False,False
DOM024,San Cristobal,Dominican Republic,DOM,LCR,DOM018,Monte Plata,Dominican Republic,DOM,LCR,False,13.8256,False,False
DOM024,San Cristobal,Dominican Republic,DOM,LCR,DOM020,Peravia,Dominican Republic,DOM,LCR,False,58.5855,False,False
DOM024,San Cristobal,Dominican Republic,DOM,LCR,DOM025,San José de Ocoa,Dominican Republic,DOM,LCR,False,34.4597,False,False
DOM024,San Cristobal,Dominican Republic,DOM,LCR,DOM031,Santo Domingo,Dominican Republic,DOM,LCR,False,64.9852,False,False
DOM025,San José de Ocoa,Dominican Republic,DOM,LCR,DOM014,La Vega,Dominican Republic,DOM,LCR,False,28.7884,False,False
DOM025,San José de Ocoa,Dominican Republic,DOM,LCR,DOM016,Monsenor Nouel,Dominican Republic,DOM,LCR,False,27.3026,False,False
DOM025,San José de Ocoa,Dominican Republic,DOM,LCR,DOM020,Peravia,Dominican Republic,DOM,LCR,False,19.3518,False,False
DOM026,San Juan,Dominican Republic,DOM,LCR,DOM014,La Vega,Dominican Republic,DOM,LCR,False,10.0396,False,False
DOM026,San Juan,Dominican Republic,DOM,LCR,DOM029,Santiago,Dominican Republic,DOM,LCR,False,40.9855,False,False
DOM026,San Juan,Dominican Republic,DOM,LCR,DOM030,Santiago Rodriguez,Dominican Republic,DOM,LCR,False,11.2302,False,False
DOM027,San Pedro de Macoris,Dominican Republic,DOM,LCR,DOM013,La Romana,Dominican Republic,DOM,LCR,False,18.2258,False,False
DOM027,San Pedro de Macoris,Dominican Republic,DOM,LCR,DOM031,Santo Domingo,Dominican Republic,DOM,LCR,False,41.9167,False,False
DOM028,Sanchez Ramirez,Dominican Republic,DOM,LCR,DOM014,La Vega,Dominican Republic,DOM,LCR,False,23.5327,False,False
DOM029,Santiago,Dominican Republic,DOM,LCR,DOM014,La Vega,Dominican Republic,DOM,LCR,False,89.6149,False,False
DOM029,Santiago,Dominican Republic,DOM,LCR,DOM032,Valverde,Dominican Republic,DOM,LCR,False,66.788,False,False
DOM030,Santiago Rodriguez,Dominican Republic,DOM,LCR,DOM029,Santiago,Dominican Republic,DOM,LCR,False,65.6733,False,False
DOM030,Santiago Rodriguez,Dominican Republic,DOM,LCR,DOM032,Valverde,Dominican Republic,DOM,LCR,False,17.897,False,False
DZA001,Adrar,Algeria,DZA,MENA,DZA007,Bechar,Algeria,DZA,MENA,False,556.561,False,False
DZA001,Adrar,Algeria,DZA,MENA,DZA017,El Bayadh,Algeria,DZA,MENA,False,192.0976,False,False
DZA001,Adrar,Algeria,DZA,MENA,DZA020,Ghardaia,Algeria,DZA,MENA,False,310.2123,False,False
DZA001,Adrar,Algeria,DZA,MENA,DZA041,Tamanrasset,Algeria,DZA,MENA,False,1127.7864,False,False
DZA001,Adrar,Algeria,DZA,MENA,DZA044,Tindouf,Algeria,DZA,MENA,False,375.0043,False,False
DZA001,Adrar,Algeria,DZA,MENA,MLI004,Kidal,Mali,MLI,AFR,True,410.8652,False,False
DZA001,Adrar,Algeria,DZA,MENA,MLI009,Tombouctou,Mali,MLI,AFR,True,600.0015,False,False
DZA001,Adrar,Algeria,DZA,MENA,MRT012,Tiris-Zemmou,Mauritania,MRT,AFR,True,102.8436,False,False
DZA002,Ain-Defla,Algeria,DZA,MENA,DZA010,Blida,Algeria,DZA,MENA,False,27.055,False,False
DZA002,Ain-Defla,Algeria,DZA,MENA,DZA014,Chlef,Algeria,DZA,MENA,False,117.3699,False,False
DZA002,Ain-Defla,Algeria,DZA,MENA,DZA028,Medea,Algeria,DZA,MENA,False,108.4437,False,False
DZA002,Ain-Defla,Algeria,DZA,MENA,DZA045,Tipaza,Algeria,DZA,MENA,False,104.4027,False,False
DZA002,Ain-Defla,Algeria,DZA,MENA,DZA046,Tissemsilt,Algeria,DZA,MENA,False,87.8235,False,False
DZA003,Ain-Temouchent,Algeria,DZA,MENA,DZA032,Oran,Algeria,DZA,MENA,False,116.9935,False,False
DZA003,Ain-Temouchent,Algeria,DZA,MENA,DZA038,Sidi Bel Abbes,Algeria,DZA,MENA,False,68.1203,False,False
DZA003,Ain-Temouchent,Algeria,DZA,MENA,DZA048,Tlemcen,Algeria,DZA,MENA,False,87.394,False,False
DZA004,Alger,Algeria,DZA,MENA,DZA010,Blida,Algeria,DZA,MENA,False,69.2174,False,False
DZA004,Alger,Algeria,DZA,MENA,DZA013,Boumerdes,Algeria,DZA,MENA,False,33.3495,False,False
DZA004,Alger,Algeria,DZA,MENA,DZA045,Tipaza,Algeria,DZA,MENA,False,10.6934,False,False
DZA005,Annaba,Algeria,DZA,MENA,DZA019,El-Tarf,Algeria,DZA,MENA,False,40.3535,False,False
DZA005,Annaba,Algeria,DZA,MENA,DZA021,Guelma,Algeria,DZA,MENA,False,47.6134,False,False
DZA005,Annaba,Algeria,DZA,MENA,DZA039,Skikda,Algeria,DZA,MENA,False,65.8673,False,False
DZA006,Batna,Algeria,DZA,MENA,DZA024,Khenchela,Algeria,DZA,MENA,False,152.9781,False,False
DZA006,Batna,Algeria,DZA,MENA,DZA026,M'Sila,Algeria,DZA,MENA,False,146.2021,False,False
DZA006,Batna,Algeria,DZA,MENA,DZA029,Mila,Algeria,DZA,MENA,False,20.9039,False,False
DZA006,Batna,Algeria,DZA,MENA,DZA034,Oum El Bouaghi,Algeria,DZA,MENA,False,85.6881,False,False
DZA006,Batna,Algeria,DZA,MENA,DZA037,Setif,Algeria,DZA,MENA,False,118.9807,False,False
DZA007,Bechar,Algeria,DZA,MENA,DZA017,El Bayadh,Algeria,DZA,MENA,False,254.077,False,False
DZA007,Bechar,Algeria,DZA,MENA,DZA031,Naama,Algeria,DZA,MENA,False,135.4021,False,False
DZA007,Bechar,Algeria,DZA,MENA,DZA044,Tindouf,Algeria,DZA,MENA,False,408.6539,False,False
DZA007,Bechar,Algeria,DZA,MENA,MAR003,Drâa-Tafilalet,Morocco,MAR,MENA,True,589.6893,False,False
DZA008,Bejaia,Algeria,DZA,MENA,DZA011,Bordj Bou Arrer,Algeria,DZA,MENA,False,62.0118,False,False
DZA008,Bejaia,Algeria,DZA,MENA,DZA012,Bouira,Algeria,DZA,MENA,False,29.7042,False,False
DZA008,Bejaia,Algeria,DZA,MENA,DZA023,Jijel,Algeria,DZA,MENA,False,11.9791,False,False
DZA008,Bejaia,Algeria,DZA,MENA,DZA037,Setif,Algeria,DZA,MENA,False,161.3123,False,False
DZA008,Bejaia,Algeria,DZA,MENA,DZA047,Tizi Ouzou,Algeria,DZA,MENA,False,86.0703,False,False
DZA009,Biskra,Algeria,DZA,MENA,DZA006,Batna,Algeria,DZA,MENA,False,320.7855,False,False
DZA009,Biskra,Algeria,DZA,MENA,DZA018,El Oued,Algeria,DZA,MENA,False,289.4498,False,False
DZA009,Biskra,Algeria,DZA,MENA,DZA024,Khenchela,Algeria,DZA,MENA,False,86.2756,False,False
DZA009,Biskra,Algeria,DZA,MENA,DZA026,M'Sila,Algeria,DZA,MENA,False,209.0208,False,False
DZA009,Biskra,Algeria,DZA,MENA,DZA033,Ouargla,Algeria,DZA,MENA,False,34.431,False,False
DZA010,Blida,Algeria,DZA,MENA,DZA012,Bouira,Algeria,DZA,MENA,False,7.1773,False,False
DZA010,Blida,Algeria,DZA,MENA,DZA013,Boumerdes,Algeria,DZA,MENA,False,27.448,False,False
DZA010,Blida,Algeria,DZA,MENA,DZA028,Medea,Algeria,DZA,MENA,False,107.1897,False,False
DZA010,Blida,Algeria,DZA,MENA,DZA045,Tipaza,Algeria,DZA,MENA,False,62.7087,False,False
DZA011,Bordj Bou Arrer,Algeria,DZA,MENA,DZA026,M'Sila,Algeria,DZA,MENA,False,185.2603,False,False
DZA011,Bordj Bou Arrer,Algeria,DZA,MENA,DZA037,Setif,Algeria,DZA,MENA,False,143.3301,False,False
DZA012,Bouira,Algeria,DZA,MENA,DZA011,Bordj Bou Arrer,Algeria,DZA,MENA,False,50.5444,False,False
DZA012,Bouira,Algeria,DZA,MENA,DZA026,M'Sila,Algeria,DZA,MENA,False,81.7887,False,False
DZA012,Bouira,Algeria,DZA,MENA,DZA028,Medea,Algeria,DZA,MENA,False,144.3402,False,False
DZA012,Bouira,Algeria,DZA,MENA,DZA047,Tizi Ouzou,Algeria,DZA,MENA,False,75.6088,False,False
DZA013,Boumerdes,Algeria,DZA,MENA,DZA012,Bouira,Algeria,DZA,MENA,False,47.6049,False,False
DZA013,Boumerdes,Algeria,DZA,MENA,DZA047,Tizi Ouzou,Algeria,DZA,MENA,False,82.2621,False,False
DZA014,Chlef,Algeria,DZA,MENA,DZA030,Mostaganem,Algeria,DZA,MENA,False,15.3464,False,False
DZA014,Chlef,Algeria,DZA,MENA,DZA035,Relizane,Algeria,DZA,MENA,False,129.0692,False,False
DZA014,Chlef,Algeria,DZA,MENA,DZA045,Tipaza,Algeria,DZA,MENA,False,15.5075,False,False
DZA014,Chlef,Algeria,DZA,MENA,DZA046,Tissemsilt,Algeria,DZA,MENA,False,66.3851,False,False
DZA015,Constantine,Algeria,DZA,MENA,DZA021,Guelma,Algeria,DZA,MENA,False,47.0828,False,False
DZA015,Constantine,Algeria,DZA,MENA,DZA029,Mila,Algeria,DZA,MENA,False,92.9875,False,False
DZA015,Constantine,Algeria,DZA,MENA,DZA034,Oum El Bouaghi,Algeria,DZA,MENA,False,83.1624,False,False
DZA016,Djelfa,Algeria,DZA,MENA,DZA009,Biskra,Algeria,DZA,MENA,False,176.7085,False,False
DZA016,Djelfa,Algeria,DZA,MENA,DZA020,Ghardaia,Algeria,DZA,MENA,False,53.3661,False,False
DZA016,Djelfa,Algeria,DZA,MENA,DZA025,Laghouat,Algeria,DZA,MENA,False,346.0947,False,False
DZA016,Djelfa,Algeria,DZA,MENA,DZA026,M'Sila,Algeria,DZA,MENA,False,266.3192,False,False
DZA016,Djelfa,Algeria,DZA,MENA,DZA028,Medea,Algeria,DZA,MENA,False,199.3317,False,False
DZA016,Djelfa,Algeria,DZA,MENA,DZA033,Ouargla,Algeria,DZA,MENA,False,75.1538,False,False
DZA016,Djelfa,Algeria,DZA,MENA,DZA043,Tiaret,Algeria,DZA,MENA,False,179.6517,False,False
DZA016,Djelfa,Algeria,DZA,MENA,DZA046,Tissemsilt,Algeria,DZA,MENA,False,16.1882,False,False
DZA017,El Bayadh,Algeria,DZA,MENA,DZA020,Ghardaia,Algeria,DZA,MENA,False,142.7961,False,False
DZA017,El Bayadh,Algeria,DZA,MENA,DZA025,Laghouat,Algeria,DZA,MENA,False,253.1833,False,False
DZA017,El Bayadh,Algeria,DZA,MENA,DZA031,Naama,Algeria,DZA,MENA,False,243.5601,False,False
DZA017,El Bayadh,Algeria,DZA,MENA,DZA036,Saida,Algeria,DZA,MENA,False,100.5804,False,False
DZA018,El Oued,Algeria,DZA,MENA,DZA024,Khenchela,Algeria,DZA,MENA,False,82.0013,False,False
DZA018,El Oued,Algeria,DZA,MENA,DZA033,Ouargla,Algeria,DZA,MENA,False,582.4169,False,False
DZA018,El Oued,Algeria,DZA,MENA,DZA042,Tebessa,Algeria,DZA,MENA,False,55.3649,False,False
DZA018,El Oued,Algeria,DZA,MENA,TUN010,Kebili,Tunisia,TUN,MENA,True,133.6972,False,False
DZA018,El Oued,Algeria,DZA,MENA,TUN020,Tataouine,Tunisia,TUN,MENA,True,82.5074,False,False
DZA018,El Oued,Algeria,DZA,MENA,TUN021,Tozeur,Tunisia,TUN,MENA,True,123.3273,False,False
DZA019,El-Tarf,Algeria,DZA,MENA,DZA021,Guelma,Algeria,DZA,MENA,False,55.5924,False,False
DZA019,El-Tarf,Algeria,DZA,MENA,DZA040,Souk-Ahras,Algeria,DZA,MENA,False,35.4065,False,False
DZA019,El-Tarf,Algeria,DZA,MENA,TUN007,Jendouba,Tunisia,TUN,MENA,True,105.259,False,False
DZA020,Ghardaia,Algeria,DZA,MENA,DZA025,Laghouat,Algeria,DZA,MENA,False,273.1016,False,False
DZA020,Ghardaia,Algeria,DZA,MENA,DZA033,Ouargla,Algeria,DZA,MENA,False,483.1181,False,False
DZA020,Ghardaia,Algeria,DZA,MENA,DZA041,Tamanrasset,Algeria,DZA,MENA,False,96.2579,False,False
DZA021,Guelma,Algeria,DZA,MENA,DZA034,Oum El Bouaghi,Algeria,DZA,MENA,False,51.6636,False,False
DZA021,Guelma,Algeria,DZA,MENA,DZA040,Souk-Ahras,Algeria,DZA,MENA,False,109.9124,False,False
DZA022,Illizi,Algeria,DZA,MENA,DZA033,Ouargla,Algeria,DZA,MENA,False,377.7962,False,False
DZA022,Illizi,Algeria,DZA,MENA,DZA041,Tamanrasset,Algeria,DZA,MENA,False,1215.8715,False,False
DZA022,Illizi,Algeria,DZA,MENA,LBY008,Ash Shati,Libya,LBY,MENA,True,94.8069,False,False
DZA022,Illizi,Algeria,DZA,MENA,LBY009,Awbari (ubari),Libya,LBY,MENA,True,581.2085,False,False
DZA022,Illizi,Algeria,DZA,MENA,LBY013,Ghadamis,Libya,LBY,MENA,True,197.4781,False,False
DZA022,Illizi,Algeria,DZA,MENA,LBY016,Murzuq,Libya,LBY,MENA,True,111.145,False,False
DZA022,Illizi,Algeria,DZA,MENA,NER001,Agadez,Niger,NER,AFR,True,216.1703,False,False
DZA022,Illizi,Algeria,DZA,MENA,TUN020,Tataouine,Tunisia,TUN,MENA,True,37.7595,False,False
DZA023,Jijel,Algeria,DZA,MENA,DZA029,Mila,Algeria,DZA,MENA,False,86.011,False,False
DZA023,Jijel,Algeria,DZA,MENA,DZA037,Setif,Algeria,DZA,MENA,False,39.9324,False,False
DZA023,Jijel,Algeria,DZA,MENA,DZA039,Skikda,Algeria,DZA,MENA,False,68.3605,False,False
DZA024,Khenchela,Algeria,DZA,MENA,DZA034,Oum El Bouaghi,Algeria,DZA,MENA,False,131.6403,False,False
DZA024,Khenchela,Algeria,DZA,MENA,DZA042,Tebessa,Algeria,DZA,MENA,False,200.5373,False,False
DZA026,M'Sila,Algeria,DZA,MENA,DZA037,Setif,Algeria,DZA,MENA,False,46.1822,False,False
DZA027,Mascara,Algeria,DZA,MENA,DZA030,Mostaganem,Algeria,DZA,MENA,False,49.3768,False,False
DZA027,Mascara,Algeria,DZA,MENA,DZA032,Oran,Algeria,DZA,MENA,False,80.1036,False,False
DZA027,Mascara,Algeria,DZA,MENA,DZA035,Relizane,Algeria,DZA,MENA,False,91.6674,False,False
DZA027,Mascara,Algeria,DZA,MENA,DZA036,Saida,Algeria,DZA,MENA,False,93.2924,False,False
DZA027,Mascara,Algeria,DZA,MENA,DZA038,Sidi Bel Abbes,Algeria,DZA,MENA,False,111.4554,False,False
DZA027,Mascara,Algeria,DZA,MENA,DZA043,Tiaret,Algeria,DZA,MENA,False,81.6006,False,False
DZA028,Medea,Algeria,DZA,MENA,DZA026,M'Sila,Algeria,DZA,MENA,False,81.9536,False,False
DZA028,Medea,Algeria,DZA,MENA,DZA046,Tissemsilt,Algeria,DZA,MENA,False,63.6029,False,False
DZA029,Mila,Algeria,DZA,MENA,DZA034,Oum El Bouaghi,Algeria,DZA,MENA,False,64.4945,False,False
DZA029,Mila,Algeria,DZA,MENA,DZA037,Setif,Algeria,DZA,MENA,False,115.8332,False,False
DZA030,Mostaganem,Algeria,DZA,MENA,DZA032,Oran,Algeria,DZA,MENA,False,0.3029,True,True
DZA030,Mostaganem,Algeria,DZA,MENA,DZA035,Relizane,Algeria,DZA,MENA,False,128.7617,False,False
DZA032,Oran,Algeria,DZA,MENA,DZA038,Sidi Bel Abbes,Algeria,DZA,MENA,False,22.6393,False,False
DZA033,Ouargla,Algeria,DZA,MENA,DZA041,Tamanrasset,Algeria,DZA,MENA,False,336.5393,False,False
DZA033,Ouargla,Algeria,DZA,MENA,TUN020,Tataouine,Tunisia,TUN,MENA,True,173.2335,False,False
DZA034,Oum El Bouaghi,Algeria,DZA,MENA,DZA040,Souk-Ahras,Algeria,DZA,MENA,False,84.1617,False,False
DZA034,Oum El Bouaghi,Algeria,DZA,MENA,DZA042,Tebessa,Algeria,DZA,MENA,False,88.206,False,False
DZA035,Relizane,Algeria,DZA,MENA,DZA043,Tiaret,Algeria,DZA,MENA,False,69.1814,False,False
DZA035,Relizane,Algeria,DZA,MENA,DZA046,Tissemsilt,Algeria,DZA,MENA,False,45.9165,False,False
DZA038,Sidi Bel Abbes,Algeria,DZA,MENA,DZA017,El Bayadh,Algeria,DZA,MENA,False,46.3512,False,False
DZA038,Sidi Bel Abbes,Algeria,DZA,MENA,DZA031,Naama,Algeria,DZA,MENA,False,161.6565,False,False
DZA038,Sidi Bel Abbes,Algeria,DZA,MENA,DZA036,Saida,Algeria,DZA,MENA,False,187.2456,False,False
DZA038,Sidi Bel Abbes,Algeria,DZA,MENA,DZA048,Tlemcen,Algeria,DZA,MENA,False,158.7311,False,False
DZA039,Skikda,Algeria,DZA,MENA,DZA015,Constantine,Algeria,DZA,MENA,False,81.1559,False,False
DZA039,Skikda,Algeria,DZA,MENA,DZA021,Guelma,Algeria,DZA,MENA,False,64.2604,False,False
DZA039,Skikda,Algeria,DZA,MENA,DZA029,Mila,Algeria,DZA,MENA,False,4.3576,True,False
DZA040,Souk-Ahras,Algeria,DZA,MENA,DZA042,Tebessa,Algeria,DZA,MENA,False,85.8189,False,False
DZA040,Souk-Ahras,Algeria,DZA,MENA,TUN011,Le kef,Tunisia,TUN,MENA,True,53.8014,False,False
DZA041,Tamanrasset,Algeria,DZA,MENA,MLI004,Kidal,Mali,MLI,AFR,True,360.8819,False,False
DZA041,Tamanrasset,Algeria,DZA,MENA,NER001,Agadez,Niger,NER,AFR,True,734.9972,False,False
DZA042,Tebessa,Algeria,DZA,MENA,TUN006,Gafsa,Tunisia,TUN,MENA,True,45.7999,False,False
DZA042,Tebessa,Algeria,DZA,MENA,TUN009,Kasserine,Tunisia,TUN,MENA,True,129.0444,False,False
DZA042,Tebessa,Algeria,DZA,MENA,TUN011,Le kef,Tunisia,TUN,MENA,True,48.5768,False,False
DZA042,Tebessa,Algeria,DZA,MENA,TUN021,Tozeur,Tunisia,TUN,MENA,True,53.8996,False,False
DZA043,Tiaret,Algeria,DZA,MENA,DZA017,El Bayadh,Algeria,DZA,MENA,False,82.3109,False,False
DZA043,Tiaret,Algeria,DZA,MENA,DZA025,Laghouat,Algeria,DZA,MENA,False,141.8767,False,False
DZA043,Tiaret,Algeria,DZA,MENA,DZA036,Saida,Algeria,DZA,MENA,False,131.7041,False,False
DZA043,Tiaret,Algeria,DZA,MENA,DZA046,Tissemsilt,Algeria,DZA,MENA,False,140.7731,False,False
DZA044,Tindouf,Algeria,DZA,MENA,MAR003,Drâa-Tafilalet,Morocco,MAR,MENA,True,116.5051,False,False
DZA044,Tindouf,Algeria,DZA,MENA,MAR005,Guelmim-Oued Noun,Morocco,MAR,MENA,True,68.8926,False,False
DZA044,Tindouf,Algeria,DZA,MENA,MAR010,Souss-Massa,Morocco,MAR,MENA,True,350.8047,False,False
DZA044,Tindouf,Algeria,DZA,MENA,MRT012,Tiris-Zemmou,Mauritania,MRT,AFR,True,358.2972,False,False
DZA048,Tlemcen,Algeria,DZA,MENA,DZA031,Naama,Algeria,DZA,MENA,False,57.2068,False,False
DZA048,Tlemcen,Algeria,DZA,MENA,MAR006,L'oriental,Morocco,MAR,MENA,True,163.2831,False,False
ECU001,Azuay,Ecuador,ECU,LCR,ECU003,Canar,Ecuador,ECU,LCR,False,189.756,False,False
ECU001,Azuay,Ecuador,ECU,LCR,ECU007,El Oro,Ecuador,ECU,LCR,False,72.9065,False,False
ECU001,Azuay,Ecuador,ECU,LCR,ECU009,Guayas,Ecuador,ECU,LCR,False,134.8418,False,False
ECU001,Azuay,Ecuador,ECU,LCR,ECU011,Loja,Ecuador,ECU,LCR,False,77.3451,False,False
ECU001,Azuay,Ecuador,ECU,LCR,ECU019,Zamora Chinchipe,Ecuador,ECU,LCR,False,54.9282,False,False
ECU002,Bolivar,Ecuador,ECU,LCR,ECU005,Cotopaxi,Ecuador,ECU,LCR,False,59.9268,False,False
ECU002,Bolivar,Ecuador,ECU,LCR,ECU006,Chimborazo,Ecuador,ECU,LCR,False,115.9124,False,False
ECU002,Bolivar,Ecuador,ECU,LCR,ECU009,Guayas,Ecuador,ECU,LCR,False,28.9969,False,False
ECU002,Bolivar,Ecuador,ECU,LCR,ECU012,Los Rios,Ecuador,ECU,LCR,False,205.3442,False,False
ECU002,Bolivar,Ecuador,ECU,LCR,ECU018,Tungurahua,Ecuador,ECU,LCR,False,44.0622,False,False
ECU003,Canar,Ecuador,ECU,LCR,ECU006,Chimborazo,Ecuador,ECU,LCR,False,128.3666,False,False
ECU003,Canar,Ecuador,ECU,LCR,ECU009,Guayas,Ecuador,ECU,LCR,False,118.7307,False,False
ECU004,Carchi,Ecuador,ECU,LCR,ECU008,Esmeraldas,Ecuador,ECU,LCR,False,54.4808,False,False
ECU004,Carchi,Ecuador,ECU,LCR,ECU010,Imbabura,Ecuador,ECU,LCR,False,117.0487,False,False
ECU004,Carchi,Ecuador,ECU,LCR,ECU021,Sucumbios,Ecuador,ECU,LCR,False,66.8694,False,False
ECU005,Cotopaxi,Ecuador,ECU,LCR,ECU012,Los Rios,Ecuador,ECU,LCR,False,104.9044,False,False
ECU005,Cotopaxi,Ecuador,ECU,LCR,ECU018,Tungurahua,Ecuador,ECU,LCR,False,83.3077,False,False
ECU005,Cotopaxi,Ecuador,ECU,LCR,ECU023,Santo Domingo de los Tsachilas,Ecuador,ECU,LCR,False,38.2854,False,False
ECU006,Chimborazo,Ecuador,ECU,LCR,ECU009,Guayas,Ecuador,ECU,LCR,False,30.1399,False,False
ECU006,Chimborazo,Ecuador,ECU,LCR,ECU018,Tungurahua,Ecuador,ECU,LCR,False,77.1707,False,False
ECU007,El Oro,Ecuador,ECU,LCR,ECU009,Guayas,Ecuador,ECU,LCR,False,9.0434,False,False
ECU007,El Oro,Ecuador,ECU,LCR,ECU011,Loja,Ecuador,ECU,LCR,False,187.959,False,False
ECU007,El Oro,Ecuador,ECU,LCR,PER024,Tumbes,Peru,PER,LCR,True,70.7163,False,False
ECU008,Esmeraldas,Ecuador,ECU,LCR,ECU013,Manabi,Ecuador,ECU,LCR,False,116.9635,False,False
ECU008,Esmeraldas,Ecuador,ECU,LCR,ECU023,Santo Domingo de los Tsachilas,Ecuador,ECU,LCR,False,48.0034,False,False
ECU009,Guayas,Ecuador,ECU,LCR,ECU012,Los Rios,Ecuador,ECU,LCR,False,298.3949,False,False
ECU009,Guayas,Ecuador,ECU,LCR,ECU013,Manabi,Ecuador,ECU,LCR,False,259.8615,False,False
ECU009,Guayas,Ecuador,ECU,LCR,ECU024,Santa Elena,Ecuador,ECU,LCR,False,135.266,False,False
ECU010,Imbabura,Ecuador,ECU,LCR,ECU008,Esmeraldas,Ecuador,ECU,LCR,False,193.4274,False,False
ECU010,Imbabura,Ecuador,ECU,LCR,ECU017,Pichincha,Ecuador,ECU,LCR,False,231.4693,False,False
ECU010,Imbabura,Ecuador,ECU,LCR,ECU021,Sucumbios,Ecuador,ECU,LCR,False,39.1313,False,False
ECU011,Loja,Ecuador,ECU,LCR,ECU019,Zamora Chinchipe,Ecuador,ECU,LCR,False,186.2342,False,False
ECU011,Loja,Ecuador,ECU,LCR,PER020,Piura,Peru,PER,LCR,True,275.7764,False,False
ECU011,Loja,Ecuador,ECU,LCR,PER024,Tumbes,Peru,PER,LCR,True,66.9176,False,False
ECU012,Los Rios,Ecuador,ECU,LCR,ECU013,Manabi,Ecuador,ECU,LCR,False,68.8791,False,False
ECU012,Los Rios,Ecuador,ECU,LCR,ECU023,Santo Domingo de los Tsachilas,Ecuador,ECU,LCR,False,81.2351,False,False
ECU013,Manabi,Ecuador,ECU,LCR,ECU023,Santo Domingo de los Tsachilas,Ecuador,ECU,LCR,False,87.3247,False,False
ECU013,Manabi,Ecuador,ECU,LCR,ECU024,Santa Elena,Ecuador,ECU,LCR,False,76.9274,False,False
ECU014,Morona Santiago,Ecuador,ECU,LCR,ECU001,Azuay,Ecuador,ECU,LCR,False,150.1835,False,False
ECU014,Morona Santiago,Ecuador,ECU,LCR,ECU003,Canar,Ecuador,ECU,LCR,False,45.4608,False,False
ECU014,Morona Santiago,Ecuador,ECU,LCR,ECU006,Chimborazo,Ecuador,ECU,LCR,False,145.5152,False,False
ECU014,Morona Santiago,Ecuador,ECU,LCR,ECU016,Pastaza,Ecuador,ECU,LCR,False,272.329,False,False
ECU014,Morona Santiago,Ecuador,ECU,LCR,ECU018,Tungurahua,Ecuador,ECU,LCR,False,29.2363,False,False
ECU014,Morona Santiago,Ecuador,ECU,LCR,ECU019,Zamora Chinchipe,Ecuador,ECU,LCR,False,94.778,False,False
ECU014,Morona Santiago,Ecuador,ECU,LCR,PER001,Amazonas,Peru,PER,LCR,True,120.3173,False,False
ECU014,Morona Santiago,Ecuador,ECU,LCR,PER016,Loreto,Peru,PER,LCR,True,155.8439,False,False
ECU015,Napo,Ecuador,ECU,LCR,ECU005,Cotopaxi,Ecuador,ECU,LCR,False,46.0731,False,False
ECU015,Napo,Ecuador,ECU,LCR,ECU016,Pastaza,Ecuador,ECU,LCR,False,175.2345,False,False
ECU015,Napo,Ecuador,ECU,LCR,ECU017,Pichincha,Ecuador,ECU,LCR,False,141.5383,False,False
ECU015,Napo,Ecuador,ECU,LCR,ECU018,Tungurahua,Ecuador,ECU,LCR,False,72.2178,False,False
ECU015,Napo,Ecuador,ECU,LCR,ECU021,Sucumbios,Ecuador,ECU,LCR,False,110.8298,False,False
ECU015,Napo,Ecuador,ECU,LCR,ECU022,Orellana,Ecuador,ECU,LCR,False,332.6389,False,False
ECU016,Pastaza,Ecuador,ECU,LCR,ECU018,Tungurahua,Ecuador,ECU,LCR,False,31.5153,False,False
ECU016,Pastaza,Ecuador,ECU,LCR,PER016,Loreto,Peru,PER,LCR,True,171.7784,False,False
ECU017,Pichincha,Ecuador,ECU,LCR,ECU005,Cotopaxi,Ecuador,ECU,LCR,False,122.6875,False,False
ECU017,Pichincha,Ecuador,ECU,LCR,ECU008,Esmeraldas,Ecuador,ECU,LCR,False,50.358,False,False
ECU017,Pichincha,Ecuador,ECU,LCR,ECU021,Sucumbios,Ecuador,ECU,LCR,False,29.2102,False,False
ECU017,Pichincha,Ecuador,ECU,LCR,ECU023,Santo Domingo de los Tsachilas,Ecuador,ECU,LCR,False,154.5291,False,False
ECU019,Zamora Chinchipe,Ecuador,ECU,LCR,PER001,Amazonas,Peru,PER,LCR,True,171.5765,False,False
ECU019,Zamora Chinchipe,Ecuador,ECU,LCR,PER006,Cajamarca,Peru,PER,LCR,True,104.4592,False,False
ECU019,Zamora Chinchipe,Ecuador,ECU,LCR,PER020,Piura,Peru,PER,LCR,True,41.172,False,False
ECU021,Sucumbios,Ecuador,ECU,LCR,PER016,Loreto,Peru,PER,LCR,True,176.5608,False,False
ECU022,Orellana,Ecuador,ECU,LCR,ECU016,Pastaza,Ecuador,ECU,LCR,False,352.2669,False,False
ECU022,Orellana,Ecuador,ECU,LCR,ECU021,Sucumbios,Ecuador,ECU,LCR,False,345.051,False,False
ECU022,Orellana,Ecuador,ECU,LCR,PER016,Loreto,Peru,PER,LCR,True,149.2385,False,False
EGY001,Alexandria,Arab Republic of Egypt,EGY,MENA,EGY016,Matrouh,Arab Republic of Egypt,EGY,MENA,False,114.1632,False,False
EGY002,Assiut,Arab Republic of Egypt,EGY,MENA,EGY017,Menia,Arab Republic of Egypt,EGY,MENA,False,217.2702,False,False
EGY002,Assiut,Arab Republic of Egypt,EGY,MENA,EGY019,New Valley,Arab Republic of Egypt,EGY,MENA,False,138.4559,False,False
EGY002,Assiut,Arab Republic of Egypt,EGY,MENA,EGY023,Red Sea,Arab Republic of Egypt,EGY,MENA,False,59.0844,False,False
EGY002,Assiut,Arab Republic of Egypt,EGY,MENA,EGY027,Suhag,Arab Republic of Egypt,EGY,MENA,False,171.6109,False,False
EGY003,Aswan,Arab Republic of Egypt,EGY,MENA,EGY019,New Valley,Arab Republic of Egypt,EGY,MENA,False,390.4603,False,False
EGY004,Behera,Arab Republic of Egypt,EGY,MENA,EGY001,Alexandria,Arab Republic of Egypt,EGY,MENA,False,181.1954,False,False
EGY004,Behera,Arab Republic of Egypt,EGY,MENA,EGY010,Gharbia,Arab Republic of Egypt,EGY,MENA,False,57.1105,False,False
EGY004,Behera,Arab Republic of Egypt,EGY,MENA,EGY016,Matrouh,Arab Republic of Egypt,EGY,MENA,False,52.8997,False,False
EGY004,Behera,Arab Republic of Egypt,EGY,MENA,EGY018,Menoufia,Arab Republic of Egypt,EGY,MENA,False,124.113,False,False
EGY005,Beni Suef,Arab Republic of Egypt,EGY,MENA,EGY009,Fayoum,Arab Republic of Egypt,EGY,MENA,False,157.4809,False,False
EGY005,Beni Suef,Arab Republic of Egypt,EGY,MENA,EGY017,Menia,Arab Republic of Egypt,EGY,MENA,False,238.5734,False,False
EGY006,Cairo,Arab Republic of Egypt,EGY,MENA,EGY014,Kalyoubia,Arab Republic of Egypt,EGY,MENA,False,46.8649,False,False
EGY006,Cairo,Arab Republic of Egypt,EGY,MENA,EGY024,Shrkia,Arab Republic of Egypt,EGY,MENA,False,26.1783,False,False
EGY006,Cairo,Arab Republic of Egypt,EGY,MENA,EGY026,Suez,Arab Republic of Egypt,EGY,MENA,False,50.8103,False,False
EGY007,Dakahlia,Arab Republic of Egypt,EGY,MENA,EGY008,Damietta,Arab Republic of Egypt,EGY,MENA,False,121.7725,False,False
EGY007,Dakahlia,Arab Republic of Egypt,EGY,MENA,EGY010,Gharbia,Arab Republic of Egypt,EGY,MENA,False,87.8451,False,False
EGY007,Dakahlia,Arab Republic of Egypt,EGY,MENA,EGY013,Kafr El-Shikh,Arab Republic of Egypt,EGY,MENA,False,66.155,False,False
EGY007,Dakahlia,Arab Republic of Egypt,EGY,MENA,EGY014,Kalyoubia,Arab Republic of Egypt,EGY,MENA,False,12.7194,False,False
EGY007,Dakahlia,Arab Republic of Egypt,EGY,MENA,EGY024,Shrkia,Arab Republic of Egypt,EGY,MENA,False,129.498,False,False
EGY010,Gharbia,Arab Republic of Egypt,EGY,MENA,EGY018,Menoufia,Arab Republic of Egypt,EGY,MENA,False,83.5459,False,False
EGY011,Giza,Arab Republic of Egypt,EGY,MENA,EGY004,Behera,Arab Republic of Egypt,EGY,MENA,False,52.3989,False,False
EGY011,Giza,Arab Republic of Egypt,EGY,MENA,EGY005,Beni Suef,Arab Republic of Egypt,EGY,MENA,False,137.4773,False,False
EGY011,Giza,Arab Republic of Egypt,EGY,MENA,EGY006,Cairo,Arab Republic of Egypt,EGY,MENA,False,102.3757,False,False
EGY011,Giza,Arab Republic of Egypt,EGY,MENA,EGY009,Fayoum,Arab Republic of Egypt,EGY,MENA,False,174.3643,False,False
EGY011,Giza,Arab Republic of Egypt,EGY,MENA,EGY014,Kalyoubia,Arab Republic of Egypt,EGY,MENA,False,19.92,False,False
EGY011,Giza,Arab Republic of Egypt,EGY,MENA,EGY016,Matrouh,Arab Republic of Egypt,EGY,MENA,False,402.2977,False,False
EGY011,Giza,Arab Republic of Egypt,EGY,MENA,EGY017,Menia,Arab Republic of Egypt,EGY,MENA,False,187.1201,False,False
EGY011,Giza,Arab Republic of Egypt,EGY,MENA,EGY018,Menoufia,Arab Republic of Egypt,EGY,MENA,False,59.5601,False,False
EGY011,Giza,Arab Republic of Egypt,EGY,MENA,EGY019,New Valley,Arab Republic of Egypt,EGY,MENA,False,109.0879,False,False
EGY011,Giza,Arab Republic of Egypt,EGY,MENA,EGY026,Suez,Arab Republic of Egypt,EGY,MENA,False,82.2304,False,False
EGY012,Ismailia,Arab Republic of Egypt,EGY,MENA,EGY020,North Sinai,Arab Republic of Egypt,EGY,MENA,False,109.5856,False,False
EGY012,Ismailia,Arab Republic of Egypt,EGY,MENA,EGY024,Shrkia,Arab Republic of Egypt,EGY,MENA,False,120.3541,False,False
EGY012,Ismailia,Arab Republic of Egypt,EGY,MENA,EGY026,Suez,Arab Republic of Egypt,EGY,MENA,False,95.7041,False,False
EGY013,Kafr El-Shikh,Arab Republic of Egypt,EGY,MENA,EGY004,Behera,Arab Republic of Egypt,EGY,MENA,False,65.7624,False,False
EGY013,Kafr El-Shikh,Arab Republic of Egypt,EGY,MENA,EGY010,Gharbia,Arab Republic of Egypt,EGY,MENA,False,76.0684,False,False
EGY014,Kalyoubia,Arab Republic of Egypt,EGY,MENA,EGY010,Gharbia,Arab Republic of Egypt,EGY,MENA,False,4.236,True,False
EGY014,Kalyoubia,Arab Republic of Egypt,EGY,MENA,EGY018,Menoufia,Arab Republic of Egypt,EGY,MENA,False,79.6884,False,False
EGY014,Kalyoubia,Arab Republic of Egypt,EGY,MENA,EGY024,Shrkia,Arab Republic of Egypt,EGY,MENA,False,79.0335,False,False
EGY016,Matrouh,Arab Republic of Egypt,EGY,MENA,LBY001,Ajdabiya (agedabia),Libya,LBY,MENA,True,49.3833,False,False
EGY016,Matrouh,Arab Republic of Egypt,EGY,MENA,LBY023,Tubruq (tobruk),Libya,LBY,MENA,True,313.4684,False,False
EGY019,New Valley,Arab Republic of Egypt,EGY,MENA,EGY016,Matrouh,Arab Republic of Egypt,EGY,MENA,False,404.9973,False,False
EGY019,New Valley,Arab Republic of Egypt,EGY,MENA,EGY017,Menia,Arab Republic of Egypt,EGY,MENA,False,203.7926,False,False
EGY019,New Valley,Arab Republic of Egypt,EGY,MENA,LBY001,Ajdabiya (agedabia),Libya,LBY,MENA,True,115.6338,False,False
EGY019,New Valley,Arab Republic of Egypt,EGY,MENA,LBY007,Al Kufrah,Libya,LBY,MENA,True,559.338,False,False
EGY019,New Valley,Arab Republic of Egypt,EGY,MENA,LBY023,Tubruq (tobruk),Libya,LBY,MENA,True,122.7614,False,False
EGY020,North Sinai,Arab Republic of Egypt,EGY,MENA,EGY026,Suez,Arab Republic of Egypt,EGY,MENA,False,28.3123,False,False
EGY020,North Sinai,Arab Republic of Egypt,EGY,MENA,ISR005,Southern District,Israel,ISR,Other,True,200.6518,False,False
EGY020,North Sinai,Arab Republic of Egypt,EGY,MENA,PSE012,Rafah,West Bank and Gaza,PSE,MENA,True,12.6223,False,False
EGY021,Port Said,Arab Republic of Egypt,EGY,MENA,EGY007,Dakahlia,Arab Republic of Egypt,EGY,MENA,False,39.3618,False,False
EGY021,Port Said,Arab Republic of Egypt,EGY,MENA,EGY008,Damietta,Arab Republic of Egypt,EGY,MENA,False,11.8063,False,False
EGY021,Port Said,Arab Republic of Egypt,EGY,MENA,EGY012,Ismailia,Arab Republic of Egypt,EGY,MENA,False,36.4085,False,False
EGY021,Port Said,Arab Republic of Egypt,EGY,MENA,EGY020,North Sinai,Arab Republic of Egypt,EGY,MENA,False,9.419,False,False
EGY021,Port Said,Arab Republic of Egypt,EGY,MENA,EGY024,Shrkia,Arab Republic of Egypt,EGY,MENA,False,33.9734,False,False
EGY022,Qena,Arab Republic of Egypt,EGY,MENA,EGY003,Aswan,Arab Republic of Egypt,EGY,MENA,False,96.543,False,False
EGY022,Qena,Arab Republic of Egypt,EGY,MENA,EGY015,Luxor,Arab Republic of Egypt,EGY,MENA,False,118.9502,False,False
EGY022,Qena,Arab Republic of Egypt,EGY,MENA,EGY019,New Valley,Arab Republic of Egypt,EGY,MENA,False,209.5749,False,False
EGY022,Qena,Arab Republic of Egypt,EGY,MENA,EGY027,Suhag,Arab Republic of Egypt,EGY,MENA,False,121.8271,False,False
EGY023,Red Sea,Arab Republic of Egypt,EGY,MENA,EGY003,Aswan,Arab Republic of Egypt,EGY,MENA,False,366.23,False,False
EGY023,Red Sea,Arab Republic of Egypt,EGY,MENA,EGY005,Beni Suef,Arab Republic of Egypt,EGY,MENA,False,83.3873,False,False
EGY023,Red Sea,Arab Republic of Egypt,EGY,MENA,EGY017,Menia,Arab Republic of Egypt,EGY,MENA,False,100.3506,False,False
EGY023,Red Sea,Arab Republic of Egypt,EGY,MENA,EGY022,Qena,Arab Republic of Egypt,EGY,MENA,False,230.345,False,False
EGY023,Red Sea,Arab Republic of Egypt,EGY,MENA,EGY026,Suez,Arab Republic of Egypt,EGY,MENA,False,83.4974,False,False
EGY023,Red Sea,Arab Republic of Egypt,EGY,MENA,EGY027,Suhag,Arab Republic of Egypt,EGY,MENA,False,75.8203,False,False
EGY023,Red Sea,Arab Republic of Egypt,EGY,MENA,SDN006,Nile,Sudan,SDN,AFR,True,5.9225,False,False
EGY023,Red Sea,Arab Republic of Egypt,EGY,MENA,SDN010,Red Sea,Sudan,SDN,AFR,True,342.5767,False,False
EGY024,Shrkia,Arab Republic of Egypt,EGY,MENA,EGY026,Suez,Arab Republic of Egypt,EGY,MENA,False,9.5297,False,False
EGY025,South Sinai,Arab Republic of Egypt,EGY,MENA,EGY020,North Sinai,Arab Republic of Egypt,EGY,MENA,False,204.2598,False,False
EGY025,South Sinai,Arab Republic of Egypt,EGY,MENA,EGY026,Suez,Arab Republic of Egypt,EGY,MENA,False,25.8472,False,False
EGY025,South Sinai,Arab Republic of Egypt,EGY,MENA,ISR005,Southern District,Israel,ISR,Other,True,6.8747,False,False
EGY027,Suhag,Arab Republic of Egypt,EGY,MENA,EGY019,New Valley,Arab Republic of Egypt,EGY,MENA,False,102.228,False,False
ERI001,Anseba,Eritrea,ERI,AFR,ERI005,Gash Barka,Eritrea,ERI,AFR,False,285.3121,False,False
ERI001,Anseba,Eritrea,ERI,AFR,ERI006,Maekel,Eritrea,ERI,AFR,False,25.5602,False,False
ERI001,Anseba,Eritrea,ERI,AFR,ERI007,Semenawi Keih Bahri,Eritrea,ERI,AFR,False,348.8122,False,False
ERI001,Anseba,Eritrea,ERI,AFR,SDN004,Kassala,Sudan,SDN,AFR,True,131.7099,False,False
ERI001,Anseba,Eritrea,ERI,AFR,SDN010,Red Sea,Sudan,SDN,AFR,True,153.5367,False,False
ERI003,Debub,Eritrea,ERI,AFR,ERI005,Gash Barka,Eritrea,ERI,AFR,False,182.082,False,False
ERI003,Debub,Eritrea,ERI,AFR,ERI006,Maekel,Eritrea,ERI,AFR,False,47.6712,False,False
ERI003,Debub,Eritrea,ERI,AFR,ERI007,Semenawi Keih Bahri,Eritrea,ERI,AFR,False,147.498,False,False
ERI003,Debub,Eritrea,ERI,AFR,ETH013,Tigray,Ethiopia,ETH,AFR,True,272.6305,False,False
ERI005,Gash Barka,Eritrea,ERI,AFR,ERI006,Maekel,Eritrea,ERI,AFR,False,51.8668,False,False
ERI005,Gash Barka,Eritrea,ERI,AFR,ETH013,Tigray,Ethiopia,ETH,AFR,True,314.9473,False,False
ERI005,Gash Barka,Eritrea,ERI,AFR,SDN003,Gadaref,Sudan,SDN,AFR,True,0.0357,True,True
ERI005,Gash Barka,Eritrea,ERI,AFR,SDN004,Kassala,Sudan,SDN,AFR,True,245.5916,False,False
ERI006,Maekel,Eritrea,ERI,AFR,ERI007,Semenawi Keih Bahri,Eritrea,ERI,AFR,False,52.5336,False,False
ERI007,Semenawi Keih Bahri,Eritrea,ERI,AFR,ERI004,Debubawi Keih Bahri,Eritrea,ERI,AFR,False,78.5559,False,False
ERI007,Semenawi Keih Bahri,Eritrea,ERI,AFR,ETH002,Afar,Ethiopia,ETH,AFR,True,78.0655,False,False
ERI007,Semenawi Keih Bahri,Eritrea,ERI,AFR,ETH013,Tigray,Ethiopia,ETH,AFR,True,52.4837,False,False
ERI007,Semenawi Keih Bahri,Eritrea,ERI,AFR,SDN010,Red Sea,Sudan,SDN,AFR,True,134.4151,False,False
ESP002,Andalucía,Spain,ESP,Other,ESP007,Castilla-La Mancha,Spain,ESP,Other,False,388.6233,False,False
ESP002,Andalucía,Spain,ESP,Other,ESP014,Extremadura,Spain,ESP,Other,False,342.2804,False,False
ESP002,Andalucía,Spain,ESP,Other,ESP020,Región de Murcia,Spain,ESP,Other,False,122.668,False,False
ESP002,Andalucía,Spain,ESP,Other,GIB001,Gibraltar (U.K.),Gibraltar (U.K.),GIB,Other,True,1.2165,True,False
ESP002,Andalucía,Spain,ESP,Other,PRT003,Beja,Portugal,PRT,Other,True,130.5566,False,False
ESP002,Andalucía,Spain,ESP,Other,PRT009,Faro,Portugal,PRT,Other,True,39.446,False,False
ESP003,Aragón,Spain,ESP,Other,ESP006,Castilla y León,Spain,ESP,Other,False,152.6661,False,False
ESP003,Aragón,Spain,ESP,Other,ESP007,Castilla-La Mancha,Spain,ESP,Other,False,203.8118,False,False
ESP003,Aragón,Spain,ESP,Other,ESP008,Cataluña/Catalunya,Spain,ESP,Other,False,343.0471,False,False
ESP003,Aragón,Spain,ESP,Other,ESP012,Comunidad Foral de Navarra,Spain,ESP,Other,False,255.6892,False,False
ESP003,Aragón,Spain,ESP,Other,ESP013,Comunitat Valenciana,Spain,ESP,Other,False,339.2259,False,False
ESP003,Aragón,Spain,ESP,Other,ESP017,La Rioja,Spain,ESP,Other,False,6.0764,False,False
ESP003,Aragón,Spain,ESP,Other,FRA003,Aquitaine,France,FRA,Other,True,58.0007,False,False
ESP003,Aragón,Spain,ESP,Other,FRA017,Midi-Pyrenees,France,FRA,Other,True,112.257,False,False
ESP005,Cantabria,Spain,ESP,Other,ESP006,Castilla y León,Spain,ESP,Other,False,317.8788,False,False
ESP005,Cantabria,Spain,ESP,Other,ESP018,País Vasco/Euskadi,Spain,ESP,Other,False,73.5659,False,False
ESP006,Castilla y León,Spain,ESP,Other,ESP007,Castilla-La Mancha,Spain,ESP,Other,False,310.9118,False,False
ESP006,Castilla y León,Spain,ESP,Other,ESP011,Comunidad de Madrid,Spain,ESP,Other,False,210.3029,False,False
ESP006,Castilla y León,Spain,ESP,Other,ESP014,Extremadura,Spain,ESP,Other,False,226.951,False,False
ESP006,Castilla y León,Spain,ESP,Other,ESP015,Galicia,Spain,ESP,Other,False,203.8593,False,False
ESP006,Castilla y León,Spain,ESP,Other,ESP017,La Rioja,Spain,ESP,Other,False,318.676,False,False
ESP006,Castilla y León,Spain,ESP,Other,ESP018,País Vasco/Euskadi,Spain,ESP,Other,False,302.1161,False,False
ESP006,Castilla y León,Spain,ESP,Other,PRT005,Braganca,Portugal,PRT,Other,True,249.9475,False,False
ESP006,Castilla y León,Spain,ESP,Other,PRT010,Guarda,Portugal,PRT,Other,True,108.6972,False,False
ESP007,Castilla-La Mancha,Spain,ESP,Other,ESP011,Comunidad de Madrid,Spain,ESP,Other,False,518.993,False,False
ESP007,Castilla-La Mancha,Spain,ESP,Other,ESP013,Comunitat Valenciana,Spain,ESP,Other,False,309.6348,False,False
ESP007,Castilla-La Mancha,Spain,ESP,Other,ESP014,Extremadura,Spain,ESP,Other,False,297.9967,False,False
ESP007,Castilla-La Mancha,Spain,ESP,Other,ESP020,Región de Murcia,Spain,ESP,Other,False,197.9394,False,False
ESP008,Cataluña/Catalunya,Spain,ESP,Other,ESP013,Comunitat Valenciana,Spain,ESP,Other,False,50.5303,False,False
ESP008,Cataluña/Catalunya,Spain,ESP,Other,FRA014,Languedoc-Rousillon,France,FRA,Other,True,194.9294,False,False
ESP008,Cataluña/Catalunya,Spain,ESP,Other,FRA017,Midi-Pyrenees,France,FRA,Other,True,116.726,False,False
ESP012,Comunidad Foral de Navarra,Spain,ESP,Other,ESP018,País Vasco/Euskadi,Spain,ESP,Other,False,187.938,False,False
ESP012,Comunidad Foral de Navarra,Spain,ESP,Other,FRA003,Aquitaine,France,FRA,Other,True,166.5039,False,False
ESP014,Extremadura,Spain,ESP,Other,PRT003,Beja,Portugal,PRT,Other,True,26.7078,False,False
ESP014,Extremadura,Spain,ESP,Other,PRT006,Castelo Branco,Portugal,PRT,Other,True,144.1887,False,False
ESP014,Extremadura,Spain,ESP,Other,PRT008,Evora,Portugal,PRT,Other,True,86.8823,False,False
ESP014,Extremadura,Spain,ESP,Other,PRT010,Guarda,Portugal,PRT,Other,True,7.4831,False,False
ESP014,Extremadura,Spain,ESP,Other,PRT014,Portalegre,Portugal,PRT,Other,True,155.9821,False,False
ESP015,Galicia,Spain,ESP,Other,PRT004,Braga,Portugal,PRT,Other,True,10.8207,False,False
ESP015,Galicia,Spain,ESP,Other,PRT005,Braganca,Portugal,PRT,Other,True,32.9527,False,False
ESP015,Galicia,Spain,ESP,Other,PRT018,Viana Do Castelo,Portugal,PRT,Other,True,107.8731,False,False
ESP015,Galicia,Spain,ESP,Other,PRT019,Vila Real,Portugal,PRT,Other,True,119.7677,False,False
ESP017,La Rioja,Spain,ESP,Other,ESP012,Comunidad Foral de Navarra,Spain,ESP,Other,False,152.1831,False,False
ESP017,La Rioja,Spain,ESP,Other,ESP018,País Vasco/Euskadi,Spain,ESP,Other,False,87.0158,False,False
ESP018,País Vasco/Euskadi,Spain,ESP,Other,FRA003,Aquitaine,France,FRA,Other,True,9.7198,False,False
ESP019,Principado de Asturias,Spain,ESP,Other,ESP005,Cantabria,Spain,ESP,Other,False,55.8557,False,False
ESP019,Principado de Asturias,Spain,ESP,Other,ESP006,Castilla y León,Spain,ESP,Other,False,258.9894,False,False
ESP019,Principado de Asturias,Spain,ESP,Other,ESP015,Galicia,Spain,ESP,Other,False,144.654,False,False
ESP020,Región de Murcia,Spain,ESP,Other,ESP013,Comunitat Valenciana,Spain,ESP,Other,False,114.519,False,False
ESP021,Ceuta (Sp.),Ceuta (Sp.),ESP,MENA,MAR011,Tanger-Tétouan-Al Hoceima,Morocco,MAR,MENA,True,6.6945,False,False
ESP023,Melilla (Sp.),Melilla (Sp.),ESP,MENA,MAR006,L'oriental,Morocco,MAR,MENA,True,9.7059,False,False
ESP025,Peñón de Vélez de la Gomera (Sp.),Peñón de Vélez de la Gomera (Sp.),ESP,MENA,MAR011,Tanger-Tétouan-Al Hoceima,Morocco,MAR,MENA,True,0.1136,True,True
EST002,Harju maakond,Estonia,EST,ECA,EST005,Järva maakond,Estonia,EST,ECA,False,50.6422,False,False
EST002,Harju maakond,Estonia,EST,ECA,EST007,Lääne maakond,Estonia,EST,ECA,False,53.3594,False,False
EST002,Harju maakond,Estonia,EST,ECA,EST008,Lääne-Viru maakond,Estonia,EST,ECA,False,71.0376,False,False
EST002,Harju maakond,Estonia,EST,ECA,EST011,Rapla maakond,Estonia,EST,ECA,False,143.588,False,False
EST005,Järva maakond,Estonia,EST,ECA,EST008,Lääne-Viru maakond,Estonia,EST,ECA,False,94.9762,False,False
EST005,Järva maakond,Estonia,EST,ECA,EST009,Pärnu maakond,Estonia,EST,ECA,False,16.3939,False,False
EST005,Järva maakond,Estonia,EST,ECA,EST011,Rapla maakond,Estonia,EST,ECA,False,41.8188,False,False
EST005,Järva maakond,Estonia,EST,ECA,EST015,Viljandi maakond,Estonia,EST,ECA,False,41.7795,False,False
EST006,Jõgeva maakond,Estonia,EST,ECA,EST004,Ida-Viru maakond,Estonia,EST,ECA,False,26.167,False,False
EST006,Jõgeva maakond,Estonia,EST,ECA,EST005,Järva maakond,Estonia,EST,ECA,False,49.2588,False,False
EST006,Jõgeva maakond,Estonia,EST,ECA,EST008,Lääne-Viru maakond,Estonia,EST,ECA,False,50.3342,False,False
EST006,Jõgeva maakond,Estonia,EST,ECA,EST013,Tartu maakond,Estonia,EST,ECA,False,114.1884,False,False
EST006,Jõgeva maakond,Estonia,EST,ECA,EST015,Viljandi maakond,Estonia,EST,ECA,False,47.6719,False,False
EST007,Lääne maakond,Estonia,EST,ECA,EST011,Rapla maakond,Estonia,EST,ECA,False,56.3443,False,False
EST008,Lääne-Viru maakond,Estonia,EST,ECA,EST004,Ida-Viru maakond,Estonia,EST,ECA,False,106.6204,False,False
EST009,Pärnu maakond,Estonia,EST,ECA,EST007,Lääne maakond,Estonia,EST,ECA,False,63.9938,False,False
EST009,Pärnu maakond,Estonia,EST,ECA,EST011,Rapla maakond,Estonia,EST,ECA,False,96.4011,False,False
EST009,Pärnu maakond,Estonia,EST,ECA,EST015,Viljandi maakond,Estonia,EST,ECA,False,131.4777,False,False
EST009,Pärnu maakond,Estonia,EST,ECA,LVA006,Alojas novads,Latvia,LVA,ECA,True,22.955,False,False
EST009,Pärnu maakond,Estonia,EST,ECA,LVA067,Mazsalacas novads,Latvia,LVA,ECA,True,15.3216,False,False
EST009,Pärnu maakond,Estonia,EST,ECA,LVA092,Salacgrīvas novads,Latvia,LVA,ECA,True,22.5574,False,False
EST010,Põlva maakond,Estonia,EST,ECA,EST013,Tartu maakond,Estonia,EST,ECA,False,91.6232,False,False
EST014,Valga maakond,Estonia,EST,ECA,EST010,Põlva maakond,Estonia,EST,ECA,False,24.8329,False,False
EST014,Valga maakond,Estonia,EST,ECA,EST013,Tartu maakond,Estonia,EST,ECA,False,51.7115,False,False
EST014,Valga maakond,Estonia,EST,ECA,EST016,Võru maakond,Estonia,EST,ECA,False,80.2139,False,False
EST014,Valga maakond,Estonia,EST,ECA,LVA010,Apes novads,Latvia,LVA,ECA,True,8.4027,False,False
EST014,Valga maakond,Estonia,EST,ECA,LVA069,Naukšēnu novads,Latvia,LVA,ECA,True,11.169,False,False
EST014,Valga maakond,Estonia,EST,ECA,LVA108,Valkas novads,Latvia,LVA,ECA,True,77.7697,False,False
EST015,Viljandi maakond,Estonia,EST,ECA,EST013,Tartu maakond,Estonia,EST,ECA,False,14.1458,False,False
EST015,Viljandi maakond,Estonia,EST,ECA,EST014,Valga maakond,Estonia,EST,ECA,False,61.5728,False,False
EST015,Viljandi maakond,Estonia,EST,ECA,LVA067,Mazsalacas novads,Latvia,LVA,ECA,True,4.5973,True,False
EST015,Viljandi maakond,Estonia,EST,ECA,LVA069,Naukšēnu novads,Latvia,LVA,ECA,True,15.7469,False,False
EST015,Viljandi maakond,Estonia,EST,ECA,LVA090,Rūjienas novads,Latvia,LVA,ECA,True,56.5779,False,False
EST016,Võru maakond,Estonia,EST,ECA,EST010,Põlva maakond,Estonia,EST,ECA,False,107.9713,False,False
EST016,Võru maakond,Estonia,EST,ECA,LVA008,Alūksnes novads,Latvia,LVA,ECA,True,46.9907,False,False
EST016,Võru maakond,Estonia,EST,ECA,LVA010,Apes novads,Latvia,LVA,ECA,True,47.3664,False,False
ETH001,Addis Ababa,Ethiopia,ETH,AFR,ETH008,Oromia,Ethiopia,ETH,AFR,False,111.4752,False,False
ETH002,Afar,Ethiopia,ETH,AFR,DJI005,Tadjourah,Djibouti,DJI,MENA,True,74.1812,False,False
ETH002,Afar,Ethiopia,ETH,AFR,ERI004,Debubawi Keih Bahri,Eritrea,ERI,AFR,True,304.1432,False,False
ETH002,Afar,Ethiopia,ETH,AFR,ETH003,Amhara,Ethiopia,ETH,AFR,False,505.8177,False,False
ETH002,Afar,Ethiopia,ETH,AFR,ETH008,Oromia,Ethiopia,ETH,AFR,False,162.7639,False,False
ETH002,Afar,Ethiopia,ETH,AFR,ETH011,Somali,Ethiopia,ETH,AFR,False,253.8368,False,False
ETH002,Afar,Ethiopia,ETH,AFR,ETH013,Tigray,Ethiopia,ETH,AFR,False,369.3252,False,False
ETH003,Amhara,Ethiopia,ETH,AFR,ETH004,Benishangul Gumz,Ethiopia,ETH,AFR,False,496.6652,False,False
ETH003,Amhara,Ethiopia,ETH,AFR,ETH008,Oromia,Ethiopia,ETH,AFR,False,858.6447,False,False
ETH003,Amhara,Ethiopia,ETH,AFR,ETH013,Tigray,Ethiopia,ETH,AFR,False,713.6086,False,False
ETH003,Amhara,Ethiopia,ETH,AFR,SDN003,Gadaref,Sudan,SDN,AFR,True,191.8684,False,False
ETH003,Amhara,Ethiopia,ETH,AFR,SDN011,Sennar,Sudan,SDN,AFR,True,95.4744,False,False
ETH004,Benishangul Gumz,Ethiopia,ETH,AFR,ETH008,Oromia,Ethiopia,ETH,AFR,False,797.2339,False,False
ETH004,Benishangul Gumz,Ethiopia,ETH,AFR,SDN002,Blue Nile,Sudan,SDN,AFR,True,365.7354,False,False
ETH004,Benishangul Gumz,Ethiopia,ETH,AFR,SDN011,Sennar,Sudan,SDN,AFR,True,31.5614,False,False
ETH004,Benishangul Gumz,Ethiopia,ETH,AFR,SSD009,Upper Nile,South Sudan,SSD,AFR,True,59.6528,False,False
ETH005,Dire Dawa,Ethiopia,ETH,AFR,ETH008,Oromia,Ethiopia,ETH,AFR,False,88.9626,False,False
ETH005,Dire Dawa,Ethiopia,ETH,AFR,ETH011,Somali,Ethiopia,ETH,AFR,False,97.3476,False,False
ETH006,Gambela,Ethiopia,ETH,AFR,ETH008,Oromia,Ethiopia,ETH,AFR,False,271.7748,False,False
ETH006,Gambela,Ethiopia,ETH,AFR,ETH012,South West Ethiopia,Ethiopia,ETH,AFR,False,324.9029,False,False
ETH006,Gambela,Ethiopia,ETH,AFR,SSD003,Jonglei,South Sudan,SSD,AFR,True,136.3276,False,False
ETH006,Gambela,Ethiopia,ETH,AFR,SSD006,Pibor Administrative Area,South Sudan,SSD,AFR,True,384.2596,False,False
ETH006,Gambela,Ethiopia,ETH,AFR,SSD009,Upper Nile,South Sudan,SSD,AFR,True,252.7307,False,False
ETH007,Harari,Ethiopia,ETH,AFR,ETH008,Oromia,Ethiopia,ETH,AFR,False,84.1945,False,False
ETH008,Oromia,Ethiopia,ETH,AFR,ETH009,Sidama,Ethiopia,ETH,AFR,False,365.5623,False,False
ETH008,Oromia,Ethiopia,ETH,AFR,ETH010,SNNP,Ethiopia,ETH,AFR,False,1176.8839,False,False
ETH008,Oromia,Ethiopia,ETH,AFR,ETH011,Somali,Ethiopia,ETH,AFR,False,1444.6158,False,False
ETH008,Oromia,Ethiopia,ETH,AFR,ETH012,South West Ethiopia,Ethiopia,ETH,AFR,False,381.4927,False,False
ETH008,Oromia,Ethiopia,ETH,AFR,KEN025,Marsabit,Kenya,KEN,AFR,True,323.4562,False,False
ETH008,Oromia,Ethiopia,ETH,AFR,SSD009,Upper Nile,South Sudan,SSD,AFR,True,34.346,False,False
ETH009,Sidama,Ethiopia,ETH,AFR,ETH010,SNNP,Ethiopia,ETH,AFR,False,72.4524,False,False
ETH010,SNNP,Ethiopia,ETH,AFR,ETH012,South West Ethiopia,Ethiopia,ETH,AFR,False,458.0317,False,False
ETH010,SNNP,Ethiopia,ETH,AFR,KEN025,Marsabit,Kenya,KEN,AFR,True,56.4843,False,False
ETH010,SNNP,Ethiopia,ETH,AFR,KEN043,Turkana,Kenya,KEN,AFR,True,8.291,False,False
ETH010,SNNP,Ethiopia,ETH,AFR,SSD002,Eastern Equatoria,South Sudan,SSD,AFR,True,109.8697,False,False
ETH011,Somali,Ethiopia,ETH,AFR,DJI001,Ali Sabeh,Djibouti,DJI,MENA,True,48.3301,False,False
ETH011,Somali,Ethiopia,ETH,AFR,KEN024,Mandera,Kenya,KEN,AFR,True,329.9901,False,False
ETH011,Somali,Ethiopia,ETH,AFR,KEN025,Marsabit,Kenya,KEN,AFR,True,30.5026,False,False
ETH011,Somali,Ethiopia,ETH,AFR,KEN046,Wajir,Kenya,KEN,AFR,True,81.8109,False,False
ETH011,Somali,Ethiopia,ETH,AFR,SOM001,Awdal,Somalia,SOM,AFR,True,217.0251,False,False
ETH011,Somali,Ethiopia,ETH,AFR,SOM002,Bakool,Somalia,SOM,AFR,True,229.9976,False,False
ETH011,Somali,Ethiopia,ETH,AFR,SOM006,Galgaduud,Somalia,SOM,AFR,True,396.3911,False,False
ETH011,Somali,Ethiopia,ETH,AFR,SOM007,Gedo,Somalia,SOM,AFR,True,117.9111,False,False
ETH011,Somali,Ethiopia,ETH,AFR,SOM008,Hiraan,Somalia,SOM,AFR,True,42.7079,False,False
ETH011,Somali,Ethiopia,ETH,AFR,SOM011,Mudug,Somalia,SOM,AFR,True,12.8585,False,False
ETH011,Somali,Ethiopia,ETH,AFR,SOM012,Nugaal,Somalia,SOM,AFR,True,68.6532,False,False
ETH011,Somali,Ethiopia,ETH,AFR,SOM016,Sool,Somalia,SOM,AFR,True,108.9548,False,False
ETH011,Somali,Ethiopia,ETH,AFR,SOM017,Togdheer,Somalia,SOM,AFR,True,269.7109,False,False
ETH011,Somali,Ethiopia,ETH,AFR,SOM018,Woqooyi Galbeed,Somalia,SOM,AFR,True,176.4791,False,False
ETH012,South West Ethiopia,Ethiopia,ETH,AFR,SSD002,Eastern Equatoria,South Sudan,SSD,AFR,True,164.5873,False,False
ETH012,South West Ethiopia,Ethiopia,ETH,AFR,SSD006,Pibor Administrative Area,South Sudan,SSD,AFR,True,44.8751,False,False
ETH013,Tigray,Ethiopia,ETH,AFR,SDN003,Gadaref,Sudan,SDN,AFR,True,58.1375,False,False
ETH013,Tigray,Ethiopia,ETH,AFR,SDN004,Kassala,Sudan,SDN,AFR,True,0.1282,True,True
FIN001,Eastern Finland,Finland,FIN,Other,FIN003,Oulu,Finland,FIN,Other,False,289.9009,False,False
FIN001,Eastern Finland,Finland,FIN,Other,FIN004,Southern Finland,Finland,FIN,Other,False,281.8809,False,False
FIN001,Eastern Finland,Finland,FIN,Other,FIN005,Western Finland,Finland,FIN,Other,False,232.208,False,False
FIN001,Eastern Finland,Finland,FIN,Other,RUS028,Karelya Rep.,Russian Federation,RUS,ECA,True,285.9921,False,False
FIN002,Lapland,Finland,FIN,Other,NOR017,Troms,Norway,NOR,Other,True,103.0589,False,False
FIN002,Lapland,Finland,FIN,Other,SWE010,Norrbottens Laen,Sweden,SWE,Other,True,550.8985,False,False
FIN003,Oulu,Finland,FIN,Other,FIN002,Lapland,Finland,FIN,Other,False,346.5303,False,False
FIN003,Oulu,Finland,FIN,Other,FIN005,Western Finland,Finland,FIN,Other,False,186.3439,False,False
FIN004,Southern Finland,Finland,FIN,Other,FIN005,Western Finland,Finland,FIN,Other,False,445.722,False,False
FJI001,Central,Fiji,FJI,EAP,FJI004,Western,Fiji,FJI,EAP,False,248.468,False,False
FRA003,Aquitaine,France,FRA,Other,FRA015,Limousin,France,FRA,Other,False,179.0333,False,False
FRA003,Aquitaine,France,FRA,Other,FRA017,Midi-Pyrenees,France,FRA,Other,False,580.3706,False,False
FRA003,Aquitaine,France,FRA,Other,FRA021,Poitou-Charentes,France,FRA,Other,False,204.9822,False,False
FRA004,Auvergne,France,FRA,Other,FRA014,Languedoc-Rousillon,France,FRA,Other,False,147.2542,False,False
FRA004,Auvergne,France,FRA,Other,FRA015,Limousin,France,FRA,Other,False,260.863,False,False
FRA004,Auvergne,France,FRA,Other,FRA017,Midi-Pyrenees,France,FRA,Other,False,181.6784,False,False
FRA004,Auvergne,France,FRA,Other,FRA023,Rhone-Alpes,France,FRA,Other,False,350.5685,False,False
FRA005,Basse-Normandie,France,FRA,Other,FRA007,Bretagne,France,FRA,Other,False,63.004,False,False
FRA005,Basse-Normandie,France,FRA,Other,FRA008,Centre,France,FRA,Other,False,83.7462,False,False
FRA005,Basse-Normandie,France,FRA,Other,FRA012,Haute-Normandie,France,FRA,Other,False,154.5543,False,False
FRA005,Basse-Normandie,France,FRA,Other,FRA019,Pays-de-la-Loire,France,FRA,Other,False,241.6203,False,False
FRA006,Bourgogne,France,FRA,Other,FRA004,Auvergne,France,FRA,Other,False,169.1388,False,False
FRA006,Bourgogne,France,FRA,Other,FRA008,Centre,France,FRA,Other,False,217.1524,False,False
FRA006,Bourgogne,France,FRA,Other,FRA009,Champagne-Ardenne,France,FRA,Other,False,320.1983,False,False
FRA006,Bourgogne,France,FRA,Other,FRA011,Franche-Comte,France,FRA,Other,False,238.5924,False,False
FRA006,Bourgogne,France,FRA,Other,FRA013,Ile-de-France,France,FRA,Other,False,65.8918,False,False
FRA006,Bourgogne,France,FRA,Other,FRA023,Rhone-Alpes,France,FRA,Other,False,212.9358,False,False
FRA008,Centre,France,FRA,Other,FRA004,Auvergne,France,FRA,Other,False,108.2381,False,False
FRA008,Centre,France,FRA,Other,FRA012,Haute-Normandie,France,FRA,Other,False,86.9787,False,False
FRA008,Centre,France,FRA,Other,FRA013,Ile-de-France,France,FRA,Other,False,251.8594,False,False
FRA008,Centre,France,FRA,Other,FRA015,Limousin,France,FRA,Other,False,123.4677,False,False
FRA008,Centre,France,FRA,Other,FRA019,Pays-de-la-Loire,France,FRA,Other,False,209.4866,False,False
FRA008,Centre,France,FRA,Other,FRA021,Poitou-Charentes,France,FRA,Other,False,198.9863,False,False
FRA009,Champagne-Ardenne,France,FRA,Other,FRA011,Franche-Comte,France,FRA,Other,False,83.2494,False,False
FRA009,Champagne-Ardenne,France,FRA,Other,FRA013,Ile-de-France,France,FRA,Other,False,96.8456,False,False
FRA009,Champagne-Ardenne,France,FRA,Other,FRA016,Lorraine,France,FRA,Other,False,356.1608,False,False
FRA009,Champagne-Ardenne,France,FRA,Other,FRA020,Picardie,France,FRA,Other,False,225.8213,False,False
FRA011,Franche-Comte,France,FRA,Other,CHE006,Bern,Switzerland,CHE,Other,True,0.8232,True,True
FRA011,Franche-Comte,France,FRA,Other,CHE011,Jura,Switzerland,CHE,Other,True,90.4398,False,False
FRA011,Franche-Comte,France,FRA,Other,CHE013,Neuchatel,Switzerland,CHE,Other,True,61.6072,False,False
FRA011,Franche-Comte,France,FRA,Other,CHE024,Vaud,Switzerland,CHE,Other,True,69.2182,False,False
FRA011,Franche-Comte,France,FRA,Other,FRA002,Alsace,France,FRA,Other,False,59.3398,False,False
FRA011,Franche-Comte,France,FRA,Other,FRA016,Lorraine,France,FRA,Other,False,116.0663,False,False
FRA011,Franche-Comte,France,FRA,Other,FRA023,Rhone-Alpes,France,FRA,Other,False,110.7961,False,False
FRA012,Haute-Normandie,France,FRA,Other,FRA013,Ile-de-France,France,FRA,Other,False,58.2951,False,False
FRA012,Haute-Normandie,France,FRA,Other,FRA020,Picardie,France,FRA,Other,False,160.0105,False,False
FRA014,Languedoc-Rousillon,France,FRA,Other,FRA017,Midi-Pyrenees,France,FRA,Other,False,571.2512,False,False
FRA014,Languedoc-Rousillon,France,FRA,Other,FRA022,Provence-Alpes-Cote-d'Azur,France,FRA,Other,False,153.2381,False,False
FRA014,Languedoc-Rousillon,France,FRA,Other,FRA023,Rhone-Alpes,France,FRA,Other,False,139.3465,False,False
FRA015,Limousin,France,FRA,Other,FRA017,Midi-Pyrenees,France,FRA,Other,False,69.1542,False,False
FRA015,Limousin,France,FRA,Other,FRA021,Poitou-Charentes,France,FRA,Other,False,143.4721,False,False
FRA016,Lorraine,France,FRA,Other,DEU012,Saarland,Germany,DEU,Other,True,152.3311,False,False
FRA016,Lorraine,France,FRA,Other,FRA002,Alsace,France,FRA,Other,False,318.3044,False,False
FRA016,Lorraine,France,FRA,Other,LUX002,Grevenmacher,Luxembourg,LUX,Other,True,15.6504,False,False
FRA016,Lorraine,France,FRA,Other,LUX003,Luxembourg,Luxembourg,LUX,Other,True,56.3842,False,False
FRA019,Pays-de-la-Loire,France,FRA,Other,FRA007,Bretagne,France,FRA,Other,False,242.9528,False,False
FRA019,Pays-de-la-Loire,France,FRA,Other,FRA021,Poitou-Charentes,France,FRA,Other,False,297.6136,False,False
FRA020,Picardie,France,FRA,Other,FRA013,Ile-de-France,France,FRA,Other,False,224.1004,False,False
FRA020,Picardie,France,FRA,Other,FRA018,Nord-Pas-de-Calais,France,FRA,Other,False,323.1551,False,False
FRA022,Provence-Alpes-Cote-d'Azur,France,FRA,Other,FRA023,Rhone-Alpes,France,FRA,Other,False,494.3685,False,False
FRA022,Provence-Alpes-Cote-d'Azur,France,FRA,Other,ITA008,Liguria,Italy,ITA,Other,True,45.9404,False,False
FRA022,Provence-Alpes-Cote-d'Azur,France,FRA,Other,ITA012,Piemonte,Italy,ITA,Other,True,255.5397,False,False
FRA022,Provence-Alpes-Cote-d'Azur,France,FRA,Other,MCO001,Administrative unit not available,Monaco,MCO,Other,True,4.6981,True,False
FRA023,Rhone-Alpes,France,FRA,Other,ITA012,Piemonte,Italy,ITA,Other,True,99.6276,False,False
FRA023,Rhone-Alpes,France,FRA,Other,ITA019,Valle D'aosta,Italy,ITA,Other,True,93.5476,False,False
GAB001,Estuaire,Gabon,GAB,AFR,GAB003,Moyen-Ogooue,Gabon,GAB,AFR,False,219.9236,False,False
GAB001,Estuaire,Gabon,GAB,AFR,GAB008,Ogooue-Maritime,Gabon,GAB,AFR,False,54.0476,False,False
GAB001,Estuaire,Gabon,GAB,AFR,GAB009,Woleu-Ntem,Gabon,GAB,AFR,False,216.6626,False,False
GAB001,Estuaire,Gabon,GAB,AFR,GNQ004,Centro Sur,Equatorial Guinea,GNQ,AFR,True,51.1124,False,False
GAB001,Estuaire,Gabon,GAB,AFR,GNQ006,Litoral,Equatorial Guinea,GNQ,AFR,True,21.141,False,False
GAB002,Haut-Ogooue,Gabon,GAB,AFR,GAB006,Ogooue-Ivindo,Gabon,GAB,AFR,False,69.4606,False,False
GAB002,Haut-Ogooue,Gabon,GAB,AFR,GAB007,Ogooue-lolo,Gabon,GAB,AFR,False,294.1889,False,False
GAB003,Moyen-Ogooue,Gabon,GAB,AFR,GAB004,Ngounie,Gabon,GAB,AFR,False,255.1709,False,False
GAB003,Moyen-Ogooue,Gabon,GAB,AFR,GAB006,Ogooue-Ivindo,Gabon,GAB,AFR,False,141.1122,False,False
GAB003,Moyen-Ogooue,Gabon,GAB,AFR,GAB008,Ogooue-Maritime,Gabon,GAB,AFR,False,122.2331,False,False
GAB003,Moyen-Ogooue,Gabon,GAB,AFR,GAB009,Woleu-Ntem,Gabon,GAB,AFR,False,83.5949,False,False
GAB004,Ngounie,Gabon,GAB,AFR,GAB005,Nyanga,Gabon,GAB,AFR,False,139.385,False,False
GAB004,Ngounie,Gabon,GAB,AFR,GAB007,Ogooue-lolo,Gabon,GAB,AFR,False,216.8491,False,False
GAB004,Ngounie,Gabon,GAB,AFR,GAB008,Ogooue-Maritime,Gabon,GAB,AFR,False,190.8733,False,False
GAB005,Nyanga,Gabon,GAB,AFR,GAB008,Ogooue-Maritime,Gabon,GAB,AFR,False,95.735,False,False
GAB006,Ogooue-Ivindo,Gabon,GAB,AFR,GAB007,Ogooue-lolo,Gabon,GAB,AFR,False,305.4623,False,False
GAB006,Ogooue-Ivindo,Gabon,GAB,AFR,GAB009,Woleu-Ntem,Gabon,GAB,AFR,False,263.1373,False,False
GAB009,Woleu-Ntem,Gabon,GAB,AFR,GNQ004,Centro Sur,Equatorial Guinea,GNQ,AFR,True,56.1369,False,False
GAB009,Woleu-Ntem,Gabon,GAB,AFR,GNQ005,Kientem,Equatorial Guinea,GNQ,AFR,True,60.2012,False,False
GAB009,Woleu-Ntem,Gabon,GAB,AFR,GNQ007,Welenzas,Equatorial Guinea,GNQ,AFR,True,129.6967,False,False
GBR002,England,United Kingdom,GBR,Other,GBR004,Scotland,United Kingdom,GBR,Other,False,144.4103,False,False
GBR002,England,United Kingdom,GBR,Other,GBR005,Wales,United Kingdom,GBR,Other,False,333.3779,False,False
GBR003,Northern Ireland,United Kingdom,GBR,Other,IRL002,Cavan,Ireland,IRL,Other,True,74.0071,False,False
GBR003,Northern Ireland,United Kingdom,GBR,Other,IRL005,Donegal,Ireland,IRL,Other,True,147.1712,False,False
GBR003,Northern Ireland,United Kingdom,GBR,Other,IRL012,Leitrim,Ireland,IRL,Other,True,27.4359,False,False
GBR003,Northern Ireland,United Kingdom,GBR,Other,IRL015,Louth,Ireland,IRL,Other,True,37.2103,False,False
GBR003,Northern Ireland,United Kingdom,GBR,Other,IRL018,Monaghan,Ireland,IRL,Other,True,163.8553,False,False
GEO001,Abkhazeti (Abkhazia) Autonomous Republic,Georgia,GEO,ECA,GEO009,Samegrelo-Zemo Svaneti,Georgia,GEO,ECA,False,139.3055,False,False
GEO001,Abkhazeti (Abkhazia) Autonomous Republic,Georgia,GEO,ECA,RUS027,Karatchayevo-cherkesiya Rep.,Russian Federation,RUS,ECA,True,169.7166,False,False
GEO001,Abkhazeti (Abkhazia) Autonomous Republic,Georgia,GEO,ECA,RUS038,Krasnodarskiy Kray,Russian Federation,RUS,ECA,True,83.3841,False,False
GEO002,Adjara (Adjaria) Autonomous Republic,Georgia,GEO,ECA,GEO003,Guria,Georgia,GEO,ECA,False,82.083,False,False
GEO002,Adjara (Adjaria) Autonomous Republic,Georgia,GEO,ECA,GEO010,Samtskhe-Javakheti,Georgia,GEO,ECA,False,28.6402,False,False
GEO002,Adjara (Adjaria) Autonomous Republic,Georgia,GEO,ECA,TUR009,Ardahan,Türkiye,TUR,ECA,True,20.894,False,False
GEO002,Adjara (Adjaria) Autonomous Republic,Georgia,GEO,ECA,TUR010,Artvin,Türkiye,TUR,ECA,True,105.1261,False,False
GEO003,Guria,Georgia,GEO,ECA,GEO004,Imereti,Georgia,GEO,ECA,False,72.446,False,False
GEO003,Guria,Georgia,GEO,ECA,GEO009,Samegrelo-Zemo Svaneti,Georgia,GEO,ECA,False,60.2153,False,False
GEO003,Guria,Georgia,GEO,ECA,GEO010,Samtskhe-Javakheti,Georgia,GEO,ECA,False,17.6523,False,False
GEO004,Imereti,Georgia,GEO,ECA,GEO008,Racha-Lechkhumi-Kvemo Svaneti,Georgia,GEO,ECA,False,143.3994,False,False
GEO004,Imereti,Georgia,GEO,ECA,GEO009,Samegrelo-Zemo Svaneti,Georgia,GEO,ECA,False,74.9581,False,False
GEO004,Imereti,Georgia,GEO,ECA,GEO010,Samtskhe-Javakheti,Georgia,GEO,ECA,False,77.0547,False,False
GEO004,Imereti,Georgia,GEO,ECA,GEO011,Shida Kartli,Georgia,GEO,ECA,False,96.2833,False,False
GEO005,Kakheti,Georgia,GEO,ECA,AZE005,Aghstafa,Azerbaijan,AZE,ECA,True,67.7061,False,False
GEO005,Kakheti,Georgia,GEO,ECA,AZE010,Balakan,Azerbaijan,AZE,ECA,True,92.5894,False,False
GEO005,Kakheti,Georgia,GEO,ECA,AZE018,Gakh,Azerbaijan,AZE,ECA,True,60.2232,False,False
GEO005,Kakheti,Georgia,GEO,ECA,AZE056,Samukh,Azerbaijan,AZE,ECA,True,65.8569,False,False
GEO005,Kakheti,Georgia,GEO,ECA,AZE068,Tovuz,Azerbaijan,AZE,ECA,True,31.4485,False,False
GEO005,Kakheti,Georgia,GEO,ECA,AZE072,Zagatala,Azerbaijan,AZE,ECA,True,70.755,False,False
GEO005,Kakheti,Georgia,GEO,ECA,GEO006,Kvemo Kartli,Georgia,GEO,ECA,False,69.2677,False,False
GEO005,Kakheti,Georgia,GEO,ECA,GEO007,Mtskheta-Mtianeti,Georgia,GEO,ECA,False,132.7901,False,False
GEO005,Kakheti,Georgia,GEO,ECA,RUS012,Chechnya Rep.,Russian Federation,RUS,ECA,True,54.6997,False,False
GEO005,Kakheti,Georgia,GEO,ECA,RUS017,Dagestan Rep.,Russian Federation,RUS,ECA,True,160.0629,False,False
GEO006,Kvemo Kartli,Georgia,GEO,ECA,GEO010,Samtskhe-Javakheti,Georgia,GEO,ECA,False,106.5153,False,False
GEO006,Kvemo Kartli,Georgia,GEO,ECA,GEO012,Tbilisi (City),Georgia,GEO,ECA,False,91.7697,False,False
GEO007,Mtskheta-Mtianeti,Georgia,GEO,ECA,GEO006,Kvemo Kartli,Georgia,GEO,ECA,False,39.7254,False,False
GEO007,Mtskheta-Mtianeti,Georgia,GEO,ECA,GEO011,Shida Kartli,Georgia,GEO,ECA,False,170.8475,False,False
GEO007,Mtskheta-Mtianeti,Georgia,GEO,ECA,GEO012,Tbilisi (City),Georgia,GEO,ECA,False,48.0738,False,False
GEO007,Mtskheta-Mtianeti,Georgia,GEO,ECA,RUS012,Chechnya Rep.,Russian Federation,RUS,ECA,True,30.3961,False,False
GEO007,Mtskheta-Mtianeti,Georgia,GEO,ECA,RUS019,Ingushetiya Rep.,Russian Federation,RUS,ECA,True,65.5124,False,False
GEO007,Mtskheta-Mtianeti,Georgia,GEO,ECA,RUS069,Severnaya Osetiya-alaniya Rep.,Russian Federation,RUS,ECA,True,52.52,False,False
GEO008,Racha-Lechkhumi-Kvemo Svaneti,Georgia,GEO,ECA,GEO009,Samegrelo-Zemo Svaneti,Georgia,GEO,ECA,False,139.7087,False,False
GEO008,Racha-Lechkhumi-Kvemo Svaneti,Georgia,GEO,ECA,GEO011,Shida Kartli,Georgia,GEO,ECA,False,30.1277,False,False
GEO008,Racha-Lechkhumi-Kvemo Svaneti,Georgia,GEO,ECA,RUS022,Kabardino-balkariya Rep.,Russian Federation,RUS,ECA,True,28.0387,False,False
GEO008,Racha-Lechkhumi-Kvemo Svaneti,Georgia,GEO,ECA,RUS069,Severnaya Osetiya-alaniya Rep.,Russian Federation,RUS,ECA,True,88.1944,False,False
GEO009,Samegrelo-Zemo Svaneti,Georgia,GEO,ECA,RUS022,Kabardino-balkariya Rep.,Russian Federation,RUS,ECA,True,100.3717,False,False
GEO009,Samegrelo-Zemo Svaneti,Georgia,GEO,ECA,RUS027,Karatchayevo-cherkesiya Rep.,Russian Federation,RUS,ECA,True,26.72,False,False
GEO010,Samtskhe-Javakheti,Georgia,GEO,ECA,TUR009,Ardahan,Türkiye,TUR,ECA,True,140.227,False,False
GEO011,Shida Kartli,Georgia,GEO,ECA,GEO006,Kvemo Kartli,Georgia,GEO,ECA,False,55.7477,False,False
GEO011,Shida Kartli,Georgia,GEO,ECA,GEO010,Samtskhe-Javakheti,Georgia,GEO,ECA,False,54.6385,False,False
GEO011,Shida Kartli,Georgia,GEO,ECA,RUS069,Severnaya Osetiya-alaniya Rep.,Russian Federation,RUS,ECA,True,31.2101,False,False
GGY002,Castel,Guernsey (U.K.),GGY,Other,GGY010,Saint Saviour,Guernsey (U.K.),GGY,Other,False,3.8061,True,False
GGY002,Castel,Guernsey (U.K.),GGY,Other,GGY013,Vale,Guernsey (U.K.),GGY,Other,False,1.986,True,False
GGY003,Forest,Guernsey (U.K.),GGY,Other,GGY006,Saint Martin,Guernsey (U.K.),GGY,Other,False,2.5911,True,False
GGY003,Forest,Guernsey (U.K.),GGY,Other,GGY007,Saint Peter,Guernsey (U.K.),GGY,Other,False,2.0088,True,False
GGY003,Forest,Guernsey (U.K.),GGY,Other,GGY010,Saint Saviour,Guernsey (U.K.),GGY,Other,False,1.0211,True,False
GGY005,Saint Andrew,Guernsey (U.K.),GGY,Other,GGY002,Castel,Guernsey (U.K.),GGY,Other,False,2.6573,True,False
GGY005,Saint Andrew,Guernsey (U.K.),GGY,Other,GGY003,Forest,Guernsey (U.K.),GGY,Other,False,0.9045,True,True
GGY005,Saint Andrew,Guernsey (U.K.),GGY,Other,GGY006,Saint Martin,Guernsey (U.K.),GGY,Other,False,2.7217,True,False
GGY005,Saint Andrew,Guernsey (U.K.),GGY,Other,GGY008,Saint Peter Port,Guernsey (U.K.),GGY,Other,False,1.8371,True,False
GGY005,Saint Andrew,Guernsey (U.K.),GGY,Other,GGY010,Saint Saviour,Guernsey (U.K.),GGY,Other,False,1.2959,True,False
GGY005,Saint Andrew,Guernsey (U.K.),GGY,Other,GGY013,Vale,Guernsey (U.K.),GGY,Other,False,0.2341,True,True
GGY006,Saint Martin,Guernsey (U.K.),GGY,Other,GGY008,Saint Peter Port,Guernsey (U.K.),GGY,Other,False,3.1971,True,False
GGY007,Saint Peter,Guernsey (U.K.),GGY,Other,GGY010,Saint Saviour,Guernsey (U.K.),GGY,Other,False,4.1403,True,False
GGY007,Saint Peter,Guernsey (U.K.),GGY,Other,GGY012,Torteval,Guernsey (U.K.),GGY,Other,False,6.5062,False,False
GGY008,Saint Peter Port,Guernsey (U.K.),GGY,Other,GGY009,Saint Sampson,Guernsey (U.K.),GGY,Other,False,2.1623,True,False
GGY008,Saint Peter Port,Guernsey (U.K.),GGY,Other,GGY013,Vale,Guernsey (U.K.),GGY,Other,False,0.6334,True,True
GGY009,Saint Sampson,Guernsey (U.K.),GGY,Other,GGY013,Vale,Guernsey (U.K.),GGY,Other,False,5.7905,False,False
GHA001,Ashanti,Ghana,GHA,AFR,GHA003,Central,Ghana,GHA,AFR,False,203.0469,False,False
GHA001,Ashanti,Ghana,GHA,AFR,GHA004,Eastern,Ghana,GHA,AFR,False,292.4932,False,False
GHA001,Ashanti,Ghana,GHA,AFR,GHA012,Bono,Ghana,GHA,AFR,False,9.6423,False,False
GHA001,Ashanti,Ghana,GHA,AFR,GHA013,Bono East,Ghana,GHA,AFR,False,307.481,False,False
GHA001,Ashanti,Ghana,GHA,AFR,GHA018,Western North,Ghana,GHA,AFR,False,82.8686,False,False
GHA003,Central,Ghana,GHA,AFR,GHA004,Eastern,Ghana,GHA,AFR,False,123.1776,False,False
GHA003,Central,Ghana,GHA,AFR,GHA005,Greater Accra,Ghana,GHA,AFR,False,38.7439,False,False
GHA003,Central,Ghana,GHA,AFR,GHA010,Western,Ghana,GHA,AFR,False,241.7359,False,False
GHA003,Central,Ghana,GHA,AFR,GHA018,Western North,Ghana,GHA,AFR,False,27.2359,False,False
GHA004,Eastern,Ghana,GHA,AFR,GHA005,Greater Accra,Ghana,GHA,AFR,False,120.8994,False,False
GHA004,Eastern,Ghana,GHA,AFR,GHA009,Volta,Ghana,GHA,AFR,False,69.5814,False,False
GHA005,Greater Accra,Ghana,GHA,AFR,GHA009,Volta,Ghana,GHA,AFR,False,83.8419,False,False
GHA005,Greater Accra,Ghana,GHA,AFR,GHA014,Greater Accra,Ghana,GHA,AFR,False,16.5208,False,False
GHA006,Northern,Ghana,GHA,AFR,GHA015,Northern East,Ghana,GHA,AFR,False,371.5977,False,False
GHA006,Northern,Ghana,GHA,AFR,GHA016,Oti,Ghana,GHA,AFR,False,93.0693,False,False
GHA006,Northern,Ghana,GHA,AFR,GHA017,Savannah,Ghana,GHA,AFR,False,531.9637,False,False
GHA006,Northern,Ghana,GHA,AFR,TGO001,Centrale,Togo,TGO,AFR,True,45.1083,False,False
GHA006,Northern,Ghana,GHA,AFR,TGO002,Kara,Togo,TGO,AFR,True,224.9345,False,False
GHA007,Upper East,Ghana,GHA,AFR,GHA008,Upper West,Ghana,GHA,AFR,False,85.2463,False,False
GHA007,Upper East,Ghana,GHA,AFR,TGO005,Savanes,Togo,TGO,AFR,True,78.1389,False,False
GHA009,Volta,Ghana,GHA,AFR,TGO003,Maritime,Togo,TGO,AFR,True,86.1948,False,False
GHA009,Volta,Ghana,GHA,AFR,TGO004,Plateaux,Togo,TGO,AFR,True,132.8038,False,False
GHA010,Western,Ghana,GHA,AFR,GHA018,Western North,Ghana,GHA,AFR,False,219.1149,False,False
GHA011,Ahafo,Ghana,GHA,AFR,GHA001,Ashanti,Ghana,GHA,AFR,False,246.4774,False,False
GHA011,Ahafo,Ghana,GHA,AFR,GHA012,Bono,Ghana,GHA,AFR,False,174.7908,False,False
GHA011,Ahafo,Ghana,GHA,AFR,GHA018,Western North,Ghana,GHA,AFR,False,110.0579,False,False
GHA012,Bono,Ghana,GHA,AFR,CIV026,Comoé,Côte d'Ivoire,CIV,AFR,True,7.7521,False,False
GHA012,Bono,Ghana,GHA,AFR,GHA013,Bono East,Ghana,GHA,AFR,False,116.021,False,False
GHA012,Bono,Ghana,GHA,AFR,GHA017,Savannah,Ghana,GHA,AFR,False,99.2566,False,False
GHA012,Bono,Ghana,GHA,AFR,GHA018,Western North,Ghana,GHA,AFR,False,38.6955,False,False
GHA013,Bono East,Ghana,GHA,AFR,GHA004,Eastern,Ghana,GHA,AFR,False,31.011,False,False
GHA013,Bono East,Ghana,GHA,AFR,GHA016,Oti,Ghana,GHA,AFR,False,9.0726,False,False
GHA013,Bono East,Ghana,GHA,AFR,GHA017,Savannah,Ghana,GHA,AFR,False,305.2612,False,False
GHA015,Northern East,Ghana,GHA,AFR,GHA007,Upper East,Ghana,GHA,AFR,False,256.4079,False,False
GHA015,Northern East,Ghana,GHA,AFR,GHA008,Upper West,Ghana,GHA,AFR,False,58.6783,False,False
GHA015,Northern East,Ghana,GHA,AFR,GHA017,Savannah,Ghana,GHA,AFR,False,47.3352,False,False
GHA015,Northern East,Ghana,GHA,AFR,TGO002,Kara,Togo,TGO,AFR,True,21.0141,False,False
GHA015,Northern East,Ghana,GHA,AFR,TGO005,Savanes,Togo,TGO,AFR,True,145.6007,False,False
GHA016,Oti,Ghana,GHA,AFR,GHA009,Volta,Ghana,GHA,AFR,False,74.4907,False,False
GHA016,Oti,Ghana,GHA,AFR,GHA017,Savannah,Ghana,GHA,AFR,False,12.9565,False,False
GHA016,Oti,Ghana,GHA,AFR,TGO001,Centrale,Togo,TGO,AFR,True,147.3868,False,False
GHA016,Oti,Ghana,GHA,AFR,TGO004,Plateaux,Togo,TGO,AFR,True,104.8864,False,False
GHA017,Savannah,Ghana,GHA,AFR,GHA008,Upper West,Ghana,GHA,AFR,False,176.5718,False,False
GIN001,Boke,Guinea,GIN,AFR,GIN005,Kindia,Guinea,GIN,AFR,False,417.7276,False,False
GIN001,Boke,Guinea,GIN,AFR,GIN006,Labe,Guinea,GIN,AFR,False,195.8496,False,False
GIN001,Boke,Guinea,GIN,AFR,GNB005,Gabu,Guinea-Bissau,GNB,AFR,True,306.5999,False,False
GIN001,Boke,Guinea,GIN,AFR,GNB009,Tombali,Guinea-Bissau,GNB,AFR,True,87.4887,False,False
GIN001,Boke,Guinea,GIN,AFR,SEN019,Kédougou,Senegal,SEN,AFR,True,117.5833,False,False
GIN001,Boke,Guinea,GIN,AFR,SEN020,Kolda,Senegal,SEN,AFR,True,39.5405,False,False
GIN001,Boke,Guinea,GIN,AFR,SEN022,Tambacounda,Senegal,SEN,AFR,True,36.4495,False,False
GIN002,Conakry,Guinea,GIN,AFR,GIN005,Kindia,Guinea,GIN,AFR,False,15.9806,False,False
GIN003,Faranah,Guinea,GIN,AFR,GIN006,Labe,Guinea,GIN,AFR,False,126.5441,False,False
GIN003,Faranah,Guinea,GIN,AFR,GIN007,Mamou,Guinea,GIN,AFR,False,209.8868,False,False
GIN003,Faranah,Guinea,GIN,AFR,SLE003,Northern,Sierra Leone,SLE,AFR,True,239.1728,False,False
GIN004,Kankan,Guinea,GIN,AFR,GIN003,Faranah,Guinea,GIN,AFR,False,841.8499,False,False
GIN004,Kankan,Guinea,GIN,AFR,GIN008,Nzerekore,Guinea,GIN,AFR,False,251.2442,False,False
GIN004,Kankan,Guinea,GIN,AFR,MLI003,Kayes,Mali,MLI,AFR,True,228.6339,False,False
GIN004,Kankan,Guinea,GIN,AFR,MLI005,Koulikoro,Mali,MLI,AFR,True,199.6388,False,False
GIN005,Kindia,Guinea,GIN,AFR,GIN006,Labe,Guinea,GIN,AFR,False,32.7607,False,False
GIN005,Kindia,Guinea,GIN,AFR,GIN007,Mamou,Guinea,GIN,AFR,False,270.0774,False,False
GIN005,Kindia,Guinea,GIN,AFR,SLE002,North West,Sierra Leone,SLE,AFR,True,243.5406,False,False
GIN006,Labe,Guinea,GIN,AFR,GIN007,Mamou,Guinea,GIN,AFR,False,252.946,False,False
GIN006,Labe,Guinea,GIN,AFR,SEN019,Kédougou,Senegal,SEN,AFR,True,165.972,False,False
GIN007,Mamou,Guinea,GIN,AFR,SLE002,North West,Sierra Leone,SLE,AFR,True,28.16,False,False
GIN007,Mamou,Guinea,GIN,AFR,SLE003,Northern,Sierra Leone,SLE,AFR,True,52.8964,False,False
GIN008,Nzerekore,Guinea,GIN,AFR,GIN003,Faranah,Guinea,GIN,AFR,False,182.8759,False,False
GIN008,Nzerekore,Guinea,GIN,AFR,LBR002,Bong,Liberia,LBR,AFR,True,87.5232,False,False
GIN008,Nzerekore,Guinea,GIN,AFR,LBR008,Lofa,Liberia,LBR,AFR,True,324.1534,False,False
GIN008,Nzerekore,Guinea,GIN,AFR,LBR012,Nimba,Liberia,LBR,AFR,True,164.1948,False,False
GIN008,Nzerekore,Guinea,GIN,AFR,SLE001,Eastern,Sierra Leone,SLE,AFR,True,195.8814,False,False
GIN008,Nzerekore,Guinea,GIN,AFR,SLE003,Northern,Sierra Leone,SLE,AFR,True,5.2702,False,False
GMB002,Central River North,The Gambia,GMB,AFR,GMB003,Central River South,The Gambia,GMB,AFR,False,111.5978,False,False
GMB002,Central River North,The Gambia,GMB,AFR,GMB006,North Bank,The Gambia,GMB,AFR,False,11.9766,False,False
GMB002,Central River North,The Gambia,GMB,AFR,GMB007,Upper River,The Gambia,GMB,AFR,False,12.4883,False,False
GMB002,Central River North,The Gambia,GMB,AFR,SEN017,Kaffrine,Senegal,SEN,AFR,True,68.8971,False,False
GMB002,Central River North,The Gambia,GMB,AFR,SEN018,Kaolack,Senegal,SEN,AFR,True,12.3962,False,False
GMB002,Central River North,The Gambia,GMB,AFR,SEN022,Tambacounda,Senegal,SEN,AFR,True,60.8098,False,False
GMB003,Central River South,The Gambia,GMB,AFR,GMB005,Lower River,The Gambia,GMB,AFR,False,27.4844,False,False
GMB003,Central River South,The Gambia,GMB,AFR,GMB007,Upper River,The Gambia,GMB,AFR,False,19.6198,False,False
GMB003,Central River South,The Gambia,GMB,AFR,SEN020,Kolda,Senegal,SEN,AFR,True,83.8063,False,False
GMB004,Kanifing Municipal Council,The Gambia,GMB,AFR,GMB008,West Coast,The Gambia,GMB,AFR,False,15.0329,False,False
GMB005,Lower River,The Gambia,GMB,AFR,SEN020,Kolda,Senegal,SEN,AFR,True,30.9784,False,False
GMB005,Lower River,The Gambia,GMB,AFR,SEN021,Sédhiou,Senegal,SEN,AFR,True,64.4379,False,False
GMB006,North Bank,The Gambia,GMB,AFR,SEN016,Fatick,Senegal,SEN,AFR,True,45.0299,False,False
GMB006,North Bank,The Gambia,GMB,AFR,SEN018,Kaolack,Senegal,SEN,AFR,True,72.0011,False,False
GMB007,Upper River,The Gambia,GMB,AFR,SEN020,Kolda,Senegal,SEN,AFR,True,112.7555,False,False
GMB007,Upper River,The Gambia,GMB,AFR,SEN022,Tambacounda,Senegal,SEN,AFR,True,73.9876,False,False
GMB008,West Coast,The Gambia,GMB,AFR,SEN010,Ziguinchor,Senegal,SEN,AFR,True,84.9122,False,False
GMB008,West Coast,The Gambia,GMB,AFR,SEN021,Sédhiou,Senegal,SEN,AFR,True,18.2391,False,False
GNB001,Bafata,Guinea-Bissau,GNB,AFR,GNB005,Gabu,Guinea-Bissau,GNB,AFR,False,204.9334,False,False
GNB001,Bafata,Guinea-Bissau,GNB,AFR,GNB006,Oio,Guinea-Bissau,GNB,AFR,False,122.448,False,False
GNB001,Bafata,Guinea-Bissau,GNB,AFR,GNB007,Quinara,Guinea-Bissau,GNB,AFR,False,39.7489,False,False
GNB001,Bafata,Guinea-Bissau,GNB,AFR,GNB009,Tombali,Guinea-Bissau,GNB,AFR,False,52.5769,False,False
GNB001,Bafata,Guinea-Bissau,GNB,AFR,SEN020,Kolda,Senegal,SEN,AFR,True,63.5827,False,False
GNB002,Biombo,Guinea-Bissau,GNB,AFR,GNB004,Cacheu,Guinea-Bissau,GNB,AFR,False,4.2379,True,False
GNB002,Biombo,Guinea-Bissau,GNB,AFR,GNB006,Oio,Guinea-Bissau,GNB,AFR,False,2.25,True,False
GNB002,Biombo,Guinea-Bissau,GNB,AFR,GNB008,Sector Autonomo De Bissau,Guinea-Bissau,GNB,AFR,False,15.8825,False,False
GNB004,Cacheu,Guinea-Bissau,GNB,AFR,GNB006,Oio,Guinea-Bissau,GNB,AFR,False,25.8394,False,False
GNB004,Cacheu,Guinea-Bissau,GNB,AFR,SEN010,Ziguinchor,Senegal,SEN,AFR,True,86.6274,False,False
GNB004,Cacheu,Guinea-Bissau,GNB,AFR,SEN021,Sédhiou,Senegal,SEN,AFR,True,46.9354,False,False
GNB005,Gabu,Guinea-Bissau,GNB,AFR,GNB009,Tombali,Guinea-Bissau,GNB,AFR,False,16.6577,False,False
GNB005,Gabu,Guinea-Bissau,GNB,AFR,SEN020,Kolda,Senegal,SEN,AFR,True,68.5501,False,False
GNB006,Oio,Guinea-Bissau,GNB,AFR,SEN020,Kolda,Senegal,SEN,AFR,True,21.3731,False,False
GNB006,Oio,Guinea-Bissau,GNB,AFR,SEN021,Sédhiou,Senegal,SEN,AFR,True,44.8474,False,False
GNB007,Quinara,Guinea-Bissau,GNB,AFR,GNB003,Bolama/bijagos,Guinea-Bissau,GNB,AFR,False,16.4356,False,False
GNB007,Quinara,Guinea-Bissau,GNB,AFR,GNB009,Tombali,Guinea-Bissau,GNB,AFR,False,56.328,False,False
GNB008,Sector Autonomo De Bissau,Guinea-Bissau,GNB,AFR,GNB006,Oio,Guinea-Bissau,GNB,AFR,False,7.0187,False,False
GNQ002,Bioko Norte,Equatorial Guinea,GNQ,AFR,GNQ003,Bioko Sur,Equatorial Guinea,GNQ,AFR,False,32.2493,False,False
GNQ004,Centro Sur,Equatorial Guinea,GNQ,AFR,GNQ005,Kientem,Equatorial Guinea,GNQ,AFR,False,39.1064,False,False
GNQ004,Centro Sur,Equatorial Guinea,GNQ,AFR,GNQ006,Litoral,Equatorial Guinea,GNQ,AFR,False,195.3762,False,False
GNQ004,Centro Sur,Equatorial Guinea,GNQ,AFR,GNQ007,Welenzas,Equatorial Guinea,GNQ,AFR,False,183.2133,False,False
GNQ005,Kientem,Equatorial Guinea,GNQ,AFR,GNQ007,Welenzas,Equatorial Guinea,GNQ,AFR,False,130.4258,False,False
GRC001,Anatoliki Makedonia Kai Thraki,Greece,GRC,Other,BGR001,Blagoevgrad,Bulgaria,BGR,ECA,True,65.3331,False,False
GRC001,Anatoliki Makedonia Kai Thraki,Greece,GRC,Other,GRC007,Kentriki Makedonia,Greece,GRC,Other,False,104.263,False,False
GRC001,Anatoliki Makedonia Kai Thraki,Greece,GRC,Other,TUR027,Edirne,Türkiye,TUR,ECA,True,206.2439,False,False
GRC002,Attiki,Greece,GRC,Other,GRC010,Peloponnisos,Greece,GRC,Other,False,55.7714,False,False
GRC002,Attiki,Greece,GRC,Other,GRC011,Sterea Ellada,Greece,GRC,Other,False,83.1337,False,False
GRC003,Dytiki Ellada,Greece,GRC,Other,GRC005,Ionioi Nisoi,Greece,GRC,Other,False,0.5173,True,True
GRC003,Dytiki Ellada,Greece,GRC,Other,GRC006,Ipeiros,Greece,GRC,Other,False,31.7462,False,False
GRC003,Dytiki Ellada,Greece,GRC,Other,GRC010,Peloponnisos,Greece,GRC,Other,False,174.9947,False,False
GRC003,Dytiki Ellada,Greece,GRC,Other,GRC011,Sterea Ellada,Greece,GRC,Other,False,164.2709,False,False
GRC004,Dytiki Makedonia,Greece,GRC,Other,GRC006,Ipeiros,Greece,GRC,Other,False,99.4167,False,False
GRC004,Dytiki Makedonia,Greece,GRC,Other,GRC007,Kentriki Makedonia,Greece,GRC,Other,False,127.6916,False,False
GRC004,Dytiki Makedonia,Greece,GRC,Other,GRC012,Thessalia,Greece,GRC,Other,False,101.5106,False,False
GRC004,Dytiki Makedonia,Greece,GRC,Other,MKD003,Pelagonia,North Macedonia,MKD,ECA,True,68.7554,False,False
GRC006,Ipeiros,Greece,GRC,Other,GRC012,Thessalia,Greece,GRC,Other,False,102.7762,False,False
GRC007,Kentriki Makedonia,Greece,GRC,Other,GRC012,Thessalia,Greece,GRC,Other,False,82.1167,False,False
GRC007,Kentriki Makedonia,Greece,GRC,Other,MKD003,Pelagonia,North Macedonia,MKD,ECA,True,32.0961,False,False
GRC007,Kentriki Makedonia,Greece,GRC,Other,MKD006,Southeast,North Macedonia,MKD,ECA,True,98.148,False,False
GRC007,Kentriki Makedonia,Greece,GRC,Other,MKD008,Vardar,North Macedonia,MKD,ECA,True,33.4018,False,False
GRC011,Sterea Ellada,Greece,GRC,Other,GRC012,Thessalia,Greece,GRC,Other,False,198.4635,False,False
GRD002,St. Andrew's,Grenada,GRD,LCR,GRD003,St. David's,Grenada,GRD,LCR,False,8.2332,False,False
GRD002,St. Andrew's,Grenada,GRD,LCR,GRD004,St. George's,Grenada,GRD,LCR,False,4.17,True,False
GRD002,St. Andrew's,Grenada,GRD,LCR,GRD005,St. John's,Grenada,GRD,LCR,False,6.6713,False,False
GRD002,St. Andrew's,Grenada,GRD,LCR,GRD006,St. Mark's,Grenada,GRD,LCR,False,1.0549,True,False
GRD002,St. Andrew's,Grenada,GRD,LCR,GRD007,St. Patrick's,Grenada,GRD,LCR,False,8.7734,False,False
GRD003,St. David's,Grenada,GRD,LCR,GRD004,St. George's,Grenada,GRD,LCR,False,10.1156,False,False
GRD004,St. George's,Grenada,GRD,LCR,GRD005,St. John's,Grenada,GRD,LCR,False,5.341,False,False
GRD005,St. John's,Grenada,GRD,LCR,GRD006,St. Mark's,Grenada,GRD,LCR,False,6.3117,False,False
GRD006,St. Mark's,Grenada,GRD,LCR,GRD007,St. Patrick's,Grenada,GRD,LCR,False,7.7895,False,False
GRL001,Nordgronland,Greenland (Den.),GRL,Other,GRL003,Vestgronland,Greenland (Den.),GRL,Other,False,472.6557,False,False
GRL002,Ostgronland,Greenland (Den.),GRL,Other,GRL001,Nordgronland,Greenland (Den.),GRL,Other,False,743.2281,False,False
GRL002,Ostgronland,Greenland (Den.),GRL,Other,GRL003,Vestgronland,Greenland (Den.),GRL,Other,False,1981.7231,False,False
GTM001,Alta Verapaz,Guatemala,GTM,LCR,GTM002,Baja Verapaz,Guatemala,GTM,LCR,False,93.8613,False,False
GTM001,Alta Verapaz,Guatemala,GTM,LCR,GTM009,Izabal,Guatemala,GTM,LCR,False,104.0889,False,False
GTM001,Alta Verapaz,Guatemala,GTM,LCR,GTM012,Petén,Guatemala,GTM,LCR,False,190.8354,False,False
GTM001,Alta Verapaz,Guatemala,GTM,LCR,GTM014,Quiché,Guatemala,GTM,LCR,False,228.7322,False,False
GTM001,Alta Verapaz,Guatemala,GTM,LCR,GTM022,Zacapa,Guatemala,GTM,LCR,False,33.0579,False,False
GTM001,Alta Verapaz,Guatemala,GTM,LCR,MEX007,Chiapas,Mexico,MEX,LCR,True,0.6163,True,True
GTM002,Baja Verapaz,Guatemala,GTM,LCR,GTM003,Chimaltenango,Guatemala,GTM,LCR,False,0.9951,True,True
GTM002,Baja Verapaz,Guatemala,GTM,LCR,GTM005,El Progreso,Guatemala,GTM,LCR,False,69.2148,False,False
GTM002,Baja Verapaz,Guatemala,GTM,LCR,GTM007,Guatemala,Guatemala,GTM,LCR,False,33.3551,False,False
GTM002,Baja Verapaz,Guatemala,GTM,LCR,GTM014,Quiché,Guatemala,GTM,LCR,False,116.6433,False,False
GTM002,Baja Verapaz,Guatemala,GTM,LCR,GTM022,Zacapa,Guatemala,GTM,LCR,False,7.7218,False,False
GTM003,Chimaltenango,Guatemala,GTM,LCR,GTM006,Escuintla,Guatemala,GTM,LCR,False,44.1016,False,False
GTM003,Chimaltenango,Guatemala,GTM,LCR,GTM007,Guatemala,Guatemala,GTM,LCR,False,28.1667,False,False
GTM003,Chimaltenango,Guatemala,GTM,LCR,GTM014,Quiché,Guatemala,GTM,LCR,False,70.0126,False,False
GTM003,Chimaltenango,Guatemala,GTM,LCR,GTM016,Sacatepéquez,Guatemala,GTM,LCR,False,36.8928,False,False
GTM003,Chimaltenango,Guatemala,GTM,LCR,GTM019,Sololá,Guatemala,GTM,LCR,False,34.3366,False,False
GTM003,Chimaltenango,Guatemala,GTM,LCR,GTM020,Suchitepéquez,Guatemala,GTM,LCR,False,15.5182,False,False
GTM004,Chiquimula,Guatemala,GTM,LCR,GTM010,Jalapa,Guatemala,GTM,LCR,False,36.5781,False,False
GTM004,Chiquimula,Guatemala,GTM,LCR,GTM011,Jutiapa,Guatemala,GTM,LCR,False,50.3728,False,False
GTM004,Chiquimula,Guatemala,GTM,LCR,GTM022,Zacapa,Guatemala,GTM,LCR,False,77.5972,False,False
GTM004,Chiquimula,Guatemala,GTM,LCR,HND005,Copan,Honduras,HND,LCR,True,33.1661,False,False
GTM004,Chiquimula,Guatemala,GTM,LCR,HND014,Ocotepeque,Honduras,HND,LCR,True,52.7396,False,False
GTM004,Chiquimula,Guatemala,GTM,LCR,SLV012,Santa Ana,El Salvador,SLV,LCR,True,25.7173,False,False
GTM005,El Progreso,Guatemala,GTM,LCR,GTM022,Zacapa,Guatemala,GTM,LCR,False,53.2418,False,False
GTM006,Escuintla,Guatemala,GTM,LCR,GTM007,Guatemala,Guatemala,GTM,LCR,False,32.226,False,False
GTM006,Escuintla,Guatemala,GTM,LCR,GTM016,Sacatepéquez,Guatemala,GTM,LCR,False,40.1971,False,False
GTM006,Escuintla,Guatemala,GTM,LCR,GTM018,Santa Rosa,Guatemala,GTM,LCR,False,46.2771,False,False
GTM006,Escuintla,Guatemala,GTM,LCR,GTM020,Suchitepéquez,Guatemala,GTM,LCR,False,124.1517,False,False
GTM007,Guatemala,Guatemala,GTM,LCR,GTM005,El Progreso,Guatemala,GTM,LCR,False,41.3758,False,False
GTM007,Guatemala,Guatemala,GTM,LCR,GTM010,Jalapa,Guatemala,GTM,LCR,False,26.3028,False,False
GTM007,Guatemala,Guatemala,GTM,LCR,GTM016,Sacatepéquez,Guatemala,GTM,LCR,False,54.68,False,False
GTM007,Guatemala,Guatemala,GTM,LCR,GTM018,Santa Rosa,Guatemala,GTM,LCR,False,57.0874,False,False
GTM008,Huehuetenango,Guatemala,GTM,LCR,GTM013,Quetzaltenango,Guatemala,GTM,LCR,False,12.4951,False,False
GTM008,Huehuetenango,Guatemala,GTM,LCR,GTM014,Quiché,Guatemala,GTM,LCR,False,166.3163,False,False
GTM008,Huehuetenango,Guatemala,GTM,LCR,GTM017,San Marcos,Guatemala,GTM,LCR,False,85.7194,False,False
GTM008,Huehuetenango,Guatemala,GTM,LCR,GTM021,Totonicapán,Guatemala,GTM,LCR,False,30.751,False,False
GTM008,Huehuetenango,Guatemala,GTM,LCR,MEX007,Chiapas,Mexico,MEX,LCR,True,149.9334,False,False
GTM009,Izabal,Guatemala,GTM,LCR,GTM012,Petén,Guatemala,GTM,LCR,False,29.6486,False,False
GTM010,Jalapa,Guatemala,GTM,LCR,GTM005,El Progreso,Guatemala,GTM,LCR,False,59.6156,False,False
GTM010,Jalapa,Guatemala,GTM,LCR,GTM011,Jutiapa,Guatemala,GTM,LCR,False,59.468,False,False
GTM010,Jalapa,Guatemala,GTM,LCR,GTM018,Santa Rosa,Guatemala,GTM,LCR,False,34.6556,False,False
GTM010,Jalapa,Guatemala,GTM,LCR,GTM022,Zacapa,Guatemala,GTM,LCR,False,25.9921,False,False
GTM011,Jutiapa,Guatemala,GTM,LCR,GTM018,Santa Rosa,Guatemala,GTM,LCR,False,153.692,False,False
GTM011,Jutiapa,Guatemala,GTM,LCR,SLV001,Ahuachapan,El Salvador,SLV,LCR,True,82.5177,False,False
GTM011,Jutiapa,Guatemala,GTM,LCR,SLV012,Santa Ana,El Salvador,SLV,LCR,True,82.8708,False,False
GTM012,Petén,Guatemala,GTM,LCR,MEX004,Campeche,Mexico,MEX,LCR,True,194.6135,False,False
GTM012,Petén,Guatemala,GTM,LCR,MEX027,Tabasco,Mexico,MEX,LCR,True,110.5925,False,False
GTM013,Quetzaltenango,Guatemala,GTM,LCR,GTM015,Retalhuleu,Guatemala,GTM,LCR,False,109.2946,False,False
GTM013,Quetzaltenango,Guatemala,GTM,LCR,GTM017,San Marcos,Guatemala,GTM,LCR,False,135.8006,False,False
GTM013,Quetzaltenango,Guatemala,GTM,LCR,GTM019,Sololá,Guatemala,GTM,LCR,False,17.0348,False,False
GTM013,Quetzaltenango,Guatemala,GTM,LCR,GTM020,Suchitepéquez,Guatemala,GTM,LCR,False,3.7168,True,False
GTM013,Quetzaltenango,Guatemala,GTM,LCR,GTM021,Totonicapán,Guatemala,GTM,LCR,False,53.6182,False,False
GTM014,Quiché,Guatemala,GTM,LCR,GTM019,Sololá,Guatemala,GTM,LCR,False,27.9563,False,False
GTM014,Quiché,Guatemala,GTM,LCR,GTM021,Totonicapán,Guatemala,GTM,LCR,False,67.8974,False,False
GTM014,Quiché,Guatemala,GTM,LCR,MEX007,Chiapas,Mexico,MEX,LCR,True,70.5312,False,False
GTM015,Retalhuleu,Guatemala,GTM,LCR,GTM017,San Marcos,Guatemala,GTM,LCR,False,14.9955,False,False
GTM019,Sololá,Guatemala,GTM,LCR,GTM020,Suchitepéquez,Guatemala,GTM,LCR,False,80.5579,False,False
GTM019,Sololá,Guatemala,GTM,LCR,GTM021,Totonicapán,Guatemala,GTM,LCR,False,32.7338,False,False
GTM020,Suchitepéquez,Guatemala,GTM,LCR,GTM015,Retalhuleu,Guatemala,GTM,LCR,False,88.2161,False,False
GTM022,Zacapa,Guatemala,GTM,LCR,GTM009,Izabal,Guatemala,GTM,LCR,False,92.7227,False,False
GTM022,Zacapa,Guatemala,GTM,LCR,HND005,Copan,Honduras,HND,LCR,True,22.1454,False,False
GUF001,French Guiana,France,GUF,Other,SUR009,Sipaliwini,Suriname,SUR,LCR,True,459.3916,False,False
GUY001,Barima Waini (region N°1),Guyana,GUY,LCR,GUY002,Cuyuni/mazaruni (region N°7),Guyana,GUY,LCR,False,159.8861,False,False
GUY001,Barima Waini (region N°1),Guyana,GUY,LCR,GUY007,Pomeroon/supenaam (region N°2,Guyana,GUY,LCR,False,95.2499,False,False
GUY001,Barima Waini (region N°1),Guyana,GUY,LCR,VEN006,Bolivar,Republica Bolivariana de Venezuela,VEN,LCR,True,237.5994,False,False
GUY001,Barima Waini (region N°1),Guyana,GUY,LCR,VEN009,Delta Amacuro,Republica Bolivariana de Venezuela,VEN,LCR,True,92.0428,False,False
GUY002,Cuyuni/mazaruni (region N°7),Guyana,GUY,LCR,GUY005,Essequibo Islands/west Demerara (region N°3),Guyana,GUY,LCR,False,47.6084,False,False
GUY002,Cuyuni/mazaruni (region N°7),Guyana,GUY,LCR,GUY007,Pomeroon/supenaam (region N°2,Guyana,GUY,LCR,False,69.2361,False,False
GUY002,Cuyuni/mazaruni (region N°7),Guyana,GUY,LCR,GUY008,Potaro/siparuni (region N°8),Guyana,GUY,LCR,False,213.3251,False,False
GUY002,Cuyuni/mazaruni (region N°7),Guyana,GUY,LCR,GUY009,Upper Demerara/berbice (region N°10),Guyana,GUY,LCR,False,34.1298,False,False
GUY002,Cuyuni/mazaruni (region N°7),Guyana,GUY,LCR,VEN006,Bolivar,Republica Bolivariana de Venezuela,VEN,LCR,True,438.714,False,False
GUY003,Demerara Mahaica (region N°4),Guyana,GUY,LCR,GUY005,Essequibo Islands/west Demerara (region N°3),Guyana,GUY,LCR,False,87.7069,False,False
GUY003,Demerara Mahaica (region N°4),Guyana,GUY,LCR,GUY006,Mahaica Berbice (region N°5),Guyana,GUY,LCR,False,87.2534,False,False
GUY003,Demerara Mahaica (region N°4),Guyana,GUY,LCR,GUY009,Upper Demerara/berbice (region N°10),Guyana,GUY,LCR,False,20.294,False,False
GUY004,East Berbice/corentyne (region N°6),Guyana,GUY,LCR,GUY006,Mahaica Berbice (region N°5),Guyana,GUY,LCR,False,63.4861,False,False
GUY004,East Berbice/corentyne (region N°6),Guyana,GUY,LCR,GUY008,Potaro/siparuni (region N°8),Guyana,GUY,LCR,False,61.9025,False,False
GUY004,East Berbice/corentyne (region N°6),Guyana,GUY,LCR,GUY009,Upper Demerara/berbice (region N°10),Guyana,GUY,LCR,False,226.0593,False,False
GUY004,East Berbice/corentyne (region N°6),Guyana,GUY,LCR,GUY010,Upper Takutu/upper Essequibo (region N°9),Guyana,GUY,LCR,False,621.7662,False,False
GUY004,East Berbice/corentyne (region N°6),Guyana,GUY,LCR,SUR005,Nickerie,Suriname,SUR,LCR,True,80.3237,False,False
GUY004,East Berbice/corentyne (region N°6),Guyana,GUY,LCR,SUR009,Sipaliwini,Suriname,SUR,LCR,True,699.4553,False,False
GUY005,Essequibo Islands/west Demerara (region N°3),Guyana,GUY,LCR,GUY007,Pomeroon/supenaam (region N°2,Guyana,GUY,LCR,False,52.6887,False,False
GUY005,Essequibo Islands/west Demerara (region N°3),Guyana,GUY,LCR,GUY009,Upper Demerara/berbice (region N°10),Guyana,GUY,LCR,False,61.1595,False,False
GUY006,Mahaica Berbice (region N°5),Guyana,GUY,LCR,GUY009,Upper Demerara/berbice (region N°10),Guyana,GUY,LCR,False,71.6443,False,False
GUY008,Potaro/siparuni (region N°8),Guyana,GUY,LCR,GUY009,Upper Demerara/berbice (region N°10),Guyana,GUY,LCR,False,122.8021,False,False
GUY008,Potaro/siparuni (region N°8),Guyana,GUY,LCR,GUY010,Upper Takutu/upper Essequibo (region N°9),Guyana,GUY,LCR,False,211.4484,False,False
HND001,Atlantida,Honduras,HND,LCR,HND003,Colon,Honduras,HND,LCR,False,26.5802,False,False
HND001,Atlantida,Honduras,HND,LCR,HND006,Cortes,Honduras,HND,LCR,False,37.8089,False,False
HND001,Atlantida,Honduras,HND,LCR,HND019,Yoro,Honduras,HND,LCR,False,173.1824,False,False
HND002,Choluteca,Honduras,HND,LCR,HND007,Francisco Morazan,Honduras,HND,LCR,False,48.7204,False,False
HND002,Choluteca,Honduras,HND,LCR,HND016,Paraiso,Honduras,HND,LCR,False,84.6079,False,False
HND002,Choluteca,Honduras,HND,LCR,HND018,Valle,Honduras,HND,LCR,False,40.338,False,False
HND002,Choluteca,Honduras,HND,LCR,NIC003,Chinandega,Nicaragua,NIC,LCR,True,88.3345,False,False
HND002,Choluteca,Honduras,HND,LCR,NIC009,Madriz,Nicaragua,NIC,LCR,True,51.7756,False,False
HND002,Choluteca,Honduras,HND,LCR,NIC013,Nueva Segovia,Nicaragua,NIC,LCR,True,7.4468,False,False
HND003,Colon,Honduras,HND,LCR,HND008,Gracias A Dios,Honduras,HND,LCR,False,101.3351,False,False
HND003,Colon,Honduras,HND,LCR,HND015,Olancho,Honduras,HND,LCR,False,176.6333,False,False
HND003,Colon,Honduras,HND,LCR,HND019,Yoro,Honduras,HND,LCR,False,70.1445,False,False
HND004,Comayagua,Honduras,HND,LCR,HND006,Cortes,Honduras,HND,LCR,False,43.4453,False,False
HND004,Comayagua,Honduras,HND,LCR,HND007,Francisco Morazan,Honduras,HND,LCR,False,150.8191,False,False
HND004,Comayagua,Honduras,HND,LCR,HND009,Intibuca,Honduras,HND,LCR,False,43.5983,False,False
HND004,Comayagua,Honduras,HND,LCR,HND011,La Paz,Honduras,HND,LCR,False,113.2901,False,False
HND004,Comayagua,Honduras,HND,LCR,HND017,Santa Barbara,Honduras,HND,LCR,False,22.5322,False,False
HND004,Comayagua,Honduras,HND,LCR,HND019,Yoro,Honduras,HND,LCR,False,83.4007,False,False
HND005,Copan,Honduras,HND,LCR,GTM009,Izabal,Guatemala,GTM,LCR,True,49.8048,False,False
HND005,Copan,Honduras,HND,LCR,HND012,Lempira,Honduras,HND,LCR,False,69.3968,False,False
HND005,Copan,Honduras,HND,LCR,HND014,Ocotepeque,Honduras,HND,LCR,False,67.2617,False,False
HND006,Cortes,Honduras,HND,LCR,GTM009,Izabal,Guatemala,GTM,LCR,True,39.8832,False,False
HND006,Cortes,Honduras,HND,LCR,HND017,Santa Barbara,Honduras,HND,LCR,False,133.6252,False,False
HND006,Cortes,Honduras,HND,LCR,HND019,Yoro,Honduras,HND,LCR,False,169.9213,False,False
HND007,Francisco Morazan,Honduras,HND,LCR,HND011,La Paz,Honduras,HND,LCR,False,31.1165,False,False
HND007,Francisco Morazan,Honduras,HND,LCR,HND015,Olancho,Honduras,HND,LCR,False,87.1089,False,False
HND007,Francisco Morazan,Honduras,HND,LCR,HND018,Valle,Honduras,HND,LCR,False,34.0676,False,False
HND007,Francisco Morazan,Honduras,HND,LCR,HND019,Yoro,Honduras,HND,LCR,False,45.8879,False,False
HND008,Gracias A Dios,Honduras,HND,LCR,HND015,Olancho,Honduras,HND,LCR,False,37.0894,False,False
HND008,Gracias A Dios,Honduras,HND,LCR,NIC014,Región Autónoma del Caribe Norte,Nicaragua,NIC,LCR,True,361.0238,False,False
HND009,Intibuca,Honduras,HND,LCR,SLV002,Cabanas,El Salvador,SLV,LCR,True,10.1568,False,False
HND011,La Paz,Honduras,HND,LCR,HND009,Intibuca,Honduras,HND,LCR,False,82.7907,False,False
HND011,La Paz,Honduras,HND,LCR,HND018,Valle,Honduras,HND,LCR,False,11.4014,False,False
HND011,La Paz,Honduras,HND,LCR,SLV007,La Union,El Salvador,SLV,LCR,True,33.9093,False,False
HND011,La Paz,Honduras,HND,LCR,SLV008,Morazan,El Salvador,SLV,LCR,True,44.7118,False,False
HND012,Lempira,Honduras,HND,LCR,HND009,Intibuca,Honduras,HND,LCR,False,124.9696,False,False
HND012,Lempira,Honduras,HND,LCR,HND014,Ocotepeque,Honduras,HND,LCR,False,74.3733,False,False
HND012,Lempira,Honduras,HND,LCR,SLV002,Cabanas,El Salvador,SLV,LCR,True,29.2526,False,False
HND012,Lempira,Honduras,HND,LCR,SLV003,Chalatenango,El Salvador,SLV,LCR,True,56.1588,False,False
HND014,Ocotepeque,Honduras,HND,LCR,SLV003,Chalatenango,El Salvador,SLV,LCR,True,67.369,False,False
HND014,Ocotepeque,Honduras,HND,LCR,SLV012,Santa Ana,El Salvador,SLV,LCR,True,0.2601,True,True
HND015,Olancho,Honduras,HND,LCR,HND019,Yoro,Honduras,HND,LCR,False,135.7137,False,False
HND015,Olancho,Honduras,HND,LCR,NIC007,Jinotega,Nicaragua,NIC,LCR,True,199.2339,False,False
HND015,Olancho,Honduras,HND,LCR,NIC013,Nueva Segovia,Nicaragua,NIC,LCR,True,82.4258,False,False
HND015,Olancho,Honduras,HND,LCR,NIC014,Región Autónoma del Caribe Norte,Nicaragua,NIC,LCR,True,22.5021,False,False
HND016,Paraiso,Honduras,HND,LCR,HND007,Francisco Morazan,Honduras,HND,LCR,False,155.7718,False,False
HND016,Paraiso,Honduras,HND,LCR,HND015,Olancho,Honduras,HND,LCR,False,118.7153,False,False
HND016,Paraiso,Honduras,HND,LCR,NIC013,Nueva Segovia,Nicaragua,NIC,LCR,True,120.3606,False,False
HND017,Santa Barbara,Honduras,HND,LCR,GTM009,Izabal,Guatemala,GTM,LCR,True,45.8675,False,False
HND017,Santa Barbara,Honduras,HND,LCR,HND005,Copan,Honduras,HND,LCR,False,61.7916,False,False
HND017,Santa Barbara,Honduras,HND,LCR,HND009,Intibuca,Honduras,HND,LCR,False,30.08,False,False
HND017,Santa Barbara,Honduras,HND,LCR,HND012,Lempira,Honduras,HND,LCR,False,74.1832,False,False
HND018,Valle,Honduras,HND,LCR,SLV007,La Union,El Salvador,SLV,LCR,True,76.0015,False,False
HRV001,Bjelovar-bilogora,Croatia,HRV,ECA,HRV006,Koprivnica-krizevci,Croatia,HRV,ECA,False,74.1845,False,False
HRV001,Bjelovar-bilogora,Croatia,HRV,ECA,HRV011,Pozega-slavonija,Croatia,HRV,ECA,False,60.5431,False,False
HRV001,Bjelovar-bilogora,Croatia,HRV,ECA,HRV014,Sisak-moslavina,Croatia,HRV,ECA,False,48.0245,False,False
HRV001,Bjelovar-bilogora,Croatia,HRV,ECA,HRV018,Virovitica-podravina,Croatia,HRV,ECA,False,67.437,False,False
HRV001,Bjelovar-bilogora,Croatia,HRV,ECA,HRV021,Zagreb,Croatia,HRV,ECA,False,53.8243,False,False
HRV002,Dubrovnik-neretva,Croatia,HRV,ECA,HRV016,Split-dalmatija,Croatia,HRV,ECA,False,19.9773,False,False
HRV002,Dubrovnik-neretva,Croatia,HRV,ECA,MNE008,Herceg Novi,Montenegro,MNE,ECA,True,19.1577,False,False
HRV003,Grad Zagreb,Croatia,HRV,ECA,HRV007,Krapina-zagorje,Croatia,HRV,ECA,False,18.1393,False,False
HRV003,Grad Zagreb,Croatia,HRV,ECA,HRV021,Zagreb,Croatia,HRV,ECA,False,112.0999,False,False
HRV004,Istra,Croatia,HRV,ECA,HRV012,Primorje-gorski Kota,Croatia,HRV,ECA,False,43.5883,False,False
HRV005,Karlovac,Croatia,HRV,ECA,HRV008,Lika-senj,Croatia,HRV,ECA,False,87.6804,False,False
HRV005,Karlovac,Croatia,HRV,ECA,HRV012,Primorje-gorski Kota,Croatia,HRV,ECA,False,57.7915,False,False
HRV005,Karlovac,Croatia,HRV,ECA,HRV014,Sisak-moslavina,Croatia,HRV,ECA,False,45.1689,False,False
HRV005,Karlovac,Croatia,HRV,ECA,HRV021,Zagreb,Croatia,HRV,ECA,False,78.3581,False,False
HRV005,Karlovac,Croatia,HRV,ECA,SVN003,Jugovzodna Slovenija,Slovenia,SVN,ECA,True,98.288,False,False
HRV006,Koprivnica-krizevci,Croatia,HRV,ECA,HRV009,Medimurje,Croatia,HRV,ECA,False,14.2448,False,False
HRV006,Koprivnica-krizevci,Croatia,HRV,ECA,HRV017,Varazdin,Croatia,HRV,ECA,False,54.3621,False,False
HRV006,Koprivnica-krizevci,Croatia,HRV,ECA,HRV018,Virovitica-podravina,Croatia,HRV,ECA,False,21.8245,False,False
HRV006,Koprivnica-krizevci,Croatia,HRV,ECA,HRV021,Zagreb,Croatia,HRV,ECA,False,38.4763,False,False
HRV006,Koprivnica-krizevci,Croatia,HRV,ECA,HUN015,Somogy,Hungary,HUN,ECA,True,86.9795,False,False
HRV006,Koprivnica-krizevci,Croatia,HRV,ECA,HUN020,Zala,Hungary,HUN,ECA,True,5.501,False,False
HRV007,Krapina-zagorje,Croatia,HRV,ECA,HRV017,Varazdin,Croatia,HRV,ECA,False,56.2907,False,False
HRV007,Krapina-zagorje,Croatia,HRV,ECA,HRV021,Zagreb,Croatia,HRV,ECA,False,43.5082,False,False
HRV007,Krapina-zagorje,Croatia,HRV,ECA,SVN008,Podravska,Slovenia,SVN,ECA,True,9.1545,False,False
HRV007,Krapina-zagorje,Croatia,HRV,ECA,SVN010,Savinjska,Slovenia,SVN,ECA,True,50.2977,False,False
HRV007,Krapina-zagorje,Croatia,HRV,ECA,SVN011,Spodnjeposavska,Slovenia,SVN,ECA,True,12.3328,False,False
HRV008,Lika-senj,Croatia,HRV,ECA,HRV012,Primorje-gorski Kota,Croatia,HRV,ECA,False,21.9732,False,False
HRV008,Lika-senj,Croatia,HRV,ECA,HRV020,Zadar-knin,Croatia,HRV,ECA,False,102.9093,False,False
HRV009,Medimurje,Croatia,HRV,ECA,HRV017,Varazdin,Croatia,HRV,ECA,False,46.622,False,False
HRV009,Medimurje,Croatia,HRV,ECA,HUN020,Zala,Hungary,HUN,ECA,True,38.6677,False,False
HRV009,Medimurje,Croatia,HRV,ECA,SVN008,Podravska,Slovenia,SVN,ECA,True,17.7391,False,False
HRV009,Medimurje,Croatia,HRV,ECA,SVN009,Pomurska,Slovenia,SVN,ECA,True,53.896,False,False
HRV010,Osijek-baranja,Croatia,HRV,ECA,HRV011,Pozega-slavonija,Croatia,HRV,ECA,False,38.5321,False,False
HRV010,Osijek-baranja,Croatia,HRV,ECA,HRV015,Slavonski Brod-posav,Croatia,HRV,ECA,False,42.2576,False,False
HRV010,Osijek-baranja,Croatia,HRV,ECA,HRV018,Virovitica-podravina,Croatia,HRV,ECA,False,44.6135,False,False
HRV010,Osijek-baranja,Croatia,HRV,ECA,HRV019,Vukovar-srijem,Croatia,HRV,ECA,False,75.8449,False,False
HRV010,Osijek-baranja,Croatia,HRV,ECA,HUN001,Bacs-kiskun,Hungary,HUN,ECA,True,7.8137,False,False
HRV010,Osijek-baranja,Croatia,HRV,ECA,HUN002,Baranya,Hungary,HUN,ECA,True,110.428,False,False
HRV010,Osijek-baranja,Croatia,HRV,ECA,SRB005,Juzno-backi,Serbia,SRB,ECA,True,10.2259,False,False
HRV010,Osijek-baranja,Croatia,HRV,ECA,SRB024,Zapadno-backi,Serbia,SRB,ECA,True,128.5603,False,False
HRV011,Pozega-slavonija,Croatia,HRV,ECA,HRV014,Sisak-moslavina,Croatia,HRV,ECA,False,35.4723,False,False
HRV011,Pozega-slavonija,Croatia,HRV,ECA,HRV015,Slavonski Brod-posav,Croatia,HRV,ECA,False,98.6535,False,False
HRV011,Pozega-slavonija,Croatia,HRV,ECA,HRV018,Virovitica-podravina,Croatia,HRV,ECA,False,44.8774,False,False
HRV012,Primorje-gorski Kota,Croatia,HRV,ECA,SVN003,Jugovzodna Slovenija,Slovenia,SVN,ECA,True,90.9727,False,False
HRV013,Sibenik,Croatia,HRV,ECA,HRV016,Split-dalmatija,Croatia,HRV,ECA,False,102.1417,False,False
HRV013,Sibenik,Croatia,HRV,ECA,HRV020,Zadar-knin,Croatia,HRV,ECA,False,94.048,False,False
HRV014,Sisak-moslavina,Croatia,HRV,ECA,HRV015,Slavonski Brod-posav,Croatia,HRV,ECA,False,28.9111,False,False
HRV014,Sisak-moslavina,Croatia,HRV,ECA,HRV021,Zagreb,Croatia,HRV,ECA,False,106.9911,False,False
HRV015,Slavonski Brod-posav,Croatia,HRV,ECA,HRV019,Vukovar-srijem,Croatia,HRV,ECA,False,13.5584,False,False
HRV017,Varazdin,Croatia,HRV,ECA,HRV021,Zagreb,Croatia,HRV,ECA,False,10.8852,False,False
HRV017,Varazdin,Croatia,HRV,ECA,SVN008,Podravska,Slovenia,SVN,ECA,True,49.6406,False,False
HRV018,Virovitica-podravina,Croatia,HRV,ECA,HUN002,Baranya,Hungary,HUN,ECA,True,29.0143,False,False
HRV018,Virovitica-podravina,Croatia,HRV,ECA,HUN015,Somogy,Hungary,HUN,ECA,True,63.976,False,False
HRV019,Vukovar-srijem,Croatia,HRV,ECA,SRB005,Juzno-backi,Serbia,SRB,ECA,True,62.308,False,False
HRV021,Zagreb,Croatia,HRV,ECA,SVN003,Jugovzodna Slovenija,Slovenia,SVN,ECA,True,5.9602,False,False
HRV021,Zagreb,Croatia,HRV,ECA,SVN011,Spodnjeposavska,Slovenia,SVN,ECA,True,54.8953,False,False
HTI001,Artibonite,Haiti,HTI,LCR,HTI002,Centre,Haiti,HTI,LCR,False,74.1756,False,False
HTI001,Artibonite,Haiti,HTI,LCR,HTI005,Nord,Haiti,HTI,LCR,False,134.407,False,False
HTI001,Artibonite,Haiti,HTI,LCR,HTI007,Nord-Ouest,Haiti,HTI,LCR,False,69.1196,False,False
HTI001,Artibonite,Haiti,HTI,LCR,HTI008,Ouest,Haiti,HTI,LCR,False,47.6056,False,False
HTI002,Centre,Haiti,HTI,LCR,HTI005,Nord,Haiti,HTI,LCR,False,30.8596,False,False
HTI002,Centre,Haiti,HTI,LCR,HTI006,Nord-Est,Haiti,HTI,LCR,False,30.5819,False,False
HTI002,Centre,Haiti,HTI,LCR,HTI008,Ouest,Haiti,HTI,LCR,False,81.1038,False,False
HTI003,Grand-Anse,Haiti,HTI,LCR,HTI004,Nippes,Haiti,HTI,LCR,False,20.5937,False,False
HTI003,Grand-Anse,Haiti,HTI,LCR,HTI009,Sud,Haiti,HTI,LCR,False,87.2786,False,False
HTI004,Nippes,Haiti,HTI,LCR,HTI008,Ouest,Haiti,HTI,LCR,False,25.8542,False,False
HTI004,Nippes,Haiti,HTI,LCR,HTI009,Sud,Haiti,HTI,LCR,False,122.4509,False,False
HTI004,Nippes,Haiti,HTI,LCR,HTI010,Sud-Est,Haiti,HTI,LCR,False,12.6421,False,False
HTI005,Nord,Haiti,HTI,LCR,HTI006,Nord-Est,Haiti,HTI,LCR,False,65.4207,False,False
HTI005,Nord,Haiti,HTI,LCR,HTI007,Nord-Ouest,Haiti,HTI,LCR,False,24.3015,False,False
HTI008,Ouest,Haiti,HTI,LCR,HTI010,Sud-Est,Haiti,HTI,LCR,False,191.9435,False,False
HTI009,Sud,Haiti,HTI,LCR,HTI010,Sud-Est,Haiti,HTI,LCR,False,6.595,False,False
HUN001,Bacs-kiskun,Hungary,HUN,ECA,HUN007,Fejer,Hungary,HUN,ECA,False,21.3615,False,False
HUN001,Bacs-kiskun,Hungary,HUN,ECA,HUN014,Pest,Hungary,HUN,ECA,False,124.8881,False,False
HUN001,Bacs-kiskun,Hungary,HUN,ECA,HUN017,Tolna,Hungary,HUN,ECA,False,105.7084,False,False
HUN001,Bacs-kiskun,Hungary,HUN,ECA,SRB017,Severno-backi,Serbia,SRB,ECA,True,53.2715,False,False
HUN001,Bacs-kiskun,Hungary,HUN,ECA,SRB024,Zapadno-backi,Serbia,SRB,ECA,True,51.3382,False,False
HUN002,Baranya,Hungary,HUN,ECA,HUN001,Bacs-kiskun,Hungary,HUN,ECA,False,26.4301,False,False
HUN002,Baranya,Hungary,HUN,ECA,HUN015,Somogy,Hungary,HUN,ECA,False,98.4399,False,False
HUN002,Baranya,Hungary,HUN,ECA,HUN017,Tolna,Hungary,HUN,ECA,False,104.2363,False,False
HUN003,Bekes,Hungary,HUN,ECA,HUN006,Csongrad,Hungary,HUN,ECA,False,95.8083,False,False
HUN003,Bekes,Hungary,HUN,ECA,HUN009,Hajdu-bihar,Hungary,HUN,ECA,False,81.7765,False,False
HUN003,Bekes,Hungary,HUN,ECA,HUN011,Jasz-nagykun-szolnok,Hungary,HUN,ECA,False,78.2792,False,False
HUN003,Bekes,Hungary,HUN,ECA,ROU002,Arad,Romania,ROU,ECA,True,107.0261,False,False
HUN003,Bekes,Hungary,HUN,ECA,ROU005,Bihor,Romania,ROU,ECA,True,68.5378,False,False
HUN004,Borsod-abauj-zemplen,Hungary,HUN,ECA,HUN009,Hajdu-bihar,Hungary,HUN,ECA,False,43.2141,False,False
HUN004,Borsod-abauj-zemplen,Hungary,HUN,ECA,HUN010,Heves,Hungary,HUN,ECA,False,114.0154,False,False
HUN004,Borsod-abauj-zemplen,Hungary,HUN,ECA,HUN011,Jasz-nagykun-szolnok,Hungary,HUN,ECA,False,6.0763,False,False
HUN004,Borsod-abauj-zemplen,Hungary,HUN,ECA,HUN013,Nograd,Hungary,HUN,ECA,False,3.5769,True,False
HUN004,Borsod-abauj-zemplen,Hungary,HUN,ECA,HUN016,Szabolcs-szatmar-bereg,Hungary,HUN,ECA,False,121.6962,False,False
HUN004,Borsod-abauj-zemplen,Hungary,HUN,ECA,SVK001,Banska Bystrica,Slovak Republic,SVK,ECA,True,62.2538,False,False
HUN004,Borsod-abauj-zemplen,Hungary,HUN,ECA,SVK003,Kosice,Slovak Republic,SVK,ECA,True,207.7065,False,False
HUN005,Budapest,Hungary,HUN,ECA,HUN014,Pest,Hungary,HUN,ECA,False,102.1114,False,False
HUN006,Csongrad,Hungary,HUN,ECA,HUN001,Bacs-kiskun,Hungary,HUN,ECA,False,109.8962,False,False
HUN006,Csongrad,Hungary,HUN,ECA,HUN011,Jasz-nagykun-szolnok,Hungary,HUN,ECA,False,35.0946,False,False
HUN006,Csongrad,Hungary,HUN,ECA,ROU002,Arad,Romania,ROU,ECA,True,18.4457,False,False
HUN006,Csongrad,Hungary,HUN,ECA,ROU038,Timiş,Romania,ROU,ECA,True,48.9996,False,False
HUN006,Csongrad,Hungary,HUN,ECA,SRB017,Severno-backi,Serbia,SRB,ECA,True,19.1652,False,False
HUN006,Csongrad,Hungary,HUN,ECA,SRB018,Severno-banatski,Serbia,SRB,ECA,True,40.405,False,False
HUN007,Fejer,Hungary,HUN,ECA,HUN012,Komarom-esztergom,Hungary,HUN,ECA,False,78.6805,False,False
HUN007,Fejer,Hungary,HUN,ECA,HUN014,Pest,Hungary,HUN,ECA,False,73.3274,False,False
HUN007,Fejer,Hungary,HUN,ECA,HUN015,Somogy,Hungary,HUN,ECA,False,19.2564,False,False
HUN007,Fejer,Hungary,HUN,ECA,HUN017,Tolna,Hungary,HUN,ECA,False,87.3208,False,False
HUN007,Fejer,Hungary,HUN,ECA,HUN019,Veszprem,Hungary,HUN,ECA,False,56.9353,False,False
HUN008,Gyor-moson-sopron,Hungary,HUN,ECA,HUN012,Komarom-esztergom,Hungary,HUN,ECA,False,33.75,False,False
HUN008,Gyor-moson-sopron,Hungary,HUN,ECA,HUN018,Vas,Hungary,HUN,ECA,False,58.3053,False,False
HUN008,Gyor-moson-sopron,Hungary,HUN,ECA,HUN019,Veszprem,Hungary,HUN,ECA,False,64.2401,False,False
HUN008,Gyor-moson-sopron,Hungary,HUN,ECA,SVK002,Bratislava,Slovak Republic,SVK,ECA,True,7.3623,False,False
HUN008,Gyor-moson-sopron,Hungary,HUN,ECA,SVK004,Nitra,Slovak Republic,SVK,ECA,True,17.1896,False,False
HUN008,Gyor-moson-sopron,Hungary,HUN,ECA,SVK007,Trnava,Slovak Republic,SVK,ECA,True,48.9459,False,False
HUN009,Hajdu-bihar,Hungary,HUN,ECA,HUN011,Jasz-nagykun-szolnok,Hungary,HUN,ECA,False,61.8004,False,False
HUN009,Hajdu-bihar,Hungary,HUN,ECA,HUN016,Szabolcs-szatmar-bereg,Hungary,HUN,ECA,False,126.781,False,False
HUN009,Hajdu-bihar,Hungary,HUN,ECA,ROU005,Bihor,Romania,ROU,ECA,True,93.9455,False,False
HUN010,Heves,Hungary,HUN,ECA,HUN013,Nograd,Hungary,HUN,ECA,False,85.386,False,False
HUN010,Heves,Hungary,HUN,ECA,HUN014,Pest,Hungary,HUN,ECA,False,21.2499,False,False
HUN011,Jasz-nagykun-szolnok,Hungary,HUN,ECA,HUN001,Bacs-kiskun,Hungary,HUN,ECA,False,35.0089,False,False
HUN011,Jasz-nagykun-szolnok,Hungary,HUN,ECA,HUN010,Heves,Hungary,HUN,ECA,False,140.0275,False,False
HUN011,Jasz-nagykun-szolnok,Hungary,HUN,ECA,HUN014,Pest,Hungary,HUN,ECA,False,93.6388,False,False
HUN012,Komarom-esztergom,Hungary,HUN,ECA,HUN014,Pest,Hungary,HUN,ECA,False,45.7742,False,False
HUN012,Komarom-esztergom,Hungary,HUN,ECA,HUN019,Veszprem,Hungary,HUN,ECA,False,24.9866,False,False
HUN012,Komarom-esztergom,Hungary,HUN,ECA,SVK004,Nitra,Slovak Republic,SVK,ECA,True,77.8328,False,False
HUN013,Nograd,Hungary,HUN,ECA,HUN014,Pest,Hungary,HUN,ECA,False,82.9963,False,False
HUN013,Nograd,Hungary,HUN,ECA,SVK004,Nitra,Slovak Republic,SVK,ECA,True,5.899,False,False
HUN014,Pest,Hungary,HUN,ECA,SVK004,Nitra,Slovak Republic,SVK,ECA,True,49.257,False,False
HUN015,Somogy,Hungary,HUN,ECA,HUN017,Tolna,Hungary,HUN,ECA,False,68.7183,False,False
HUN015,Somogy,Hungary,HUN,ECA,HUN019,Veszprem,Hungary,HUN,ECA,False,2.9095,True,False
HUN015,Somogy,Hungary,HUN,ECA,HUN020,Zala,Hungary,HUN,ECA,False,77.1143,False,False
HUN016,Szabolcs-szatmar-bereg,Hungary,HUN,ECA,ROU005,Bihor,Romania,ROU,ECA,True,7.2243,False,False
HUN016,Szabolcs-szatmar-bereg,Hungary,HUN,ECA,SVK003,Kosice,Slovak Republic,SVK,ECA,True,0.9833,True,True
HUN018,Vas,Hungary,HUN,ECA,HUN019,Veszprem,Hungary,HUN,ECA,False,60.9713,False,False
HUN018,Vas,Hungary,HUN,ECA,HUN020,Zala,Hungary,HUN,ECA,False,88.9841,False,False
HUN018,Vas,Hungary,HUN,ECA,SVN009,Pomurska,Slovenia,SVN,ECA,True,43.6911,False,False
HUN019,Veszprem,Hungary,HUN,ECA,HUN020,Zala,Hungary,HUN,ECA,False,41.9188,False,False
HUN020,Zala,Hungary,HUN,ECA,SVN009,Pomurska,Slovenia,SVN,ECA,True,48.1149,False,False
IDN001,Aceh,Indonesia,IDN,EAP,IDN002,Sumatera Utara,Indonesia,IDN,EAP,False,371.44,False,False
IDN002,Sumatera Utara,Indonesia,IDN,EAP,IDN003,Sumatera Barat,Indonesia,IDN,EAP,False,239.1303,False,False
IDN002,Sumatera Utara,Indonesia,IDN,EAP,IDN004,Riau,Indonesia,IDN,EAP,False,327.114,False,False
IDN004,Riau,Indonesia,IDN,EAP,IDN003,Sumatera Barat,Indonesia,IDN,EAP,False,452.3554,False,False
IDN005,Jambi,Indonesia,IDN,EAP,IDN003,Sumatera Barat,Indonesia,IDN,EAP,False,265.8668,False,False
IDN005,Jambi,Indonesia,IDN,EAP,IDN004,Riau,Indonesia,IDN,EAP,False,272.5269,False,False
IDN005,Jambi,Indonesia,IDN,EAP,IDN006,Sumatera Selatan,Indonesia,IDN,EAP,False,467.7982,False,False
IDN007,Bengkulu,Indonesia,IDN,EAP,IDN003,Sumatera Barat,Indonesia,IDN,EAP,False,38.6462,False,False
IDN007,Bengkulu,Indonesia,IDN,EAP,IDN005,Jambi,Indonesia,IDN,EAP,False,134.1399,False,False
IDN007,Bengkulu,Indonesia,IDN,EAP,IDN006,Sumatera Selatan,Indonesia,IDN,EAP,False,544.7269,False,False
IDN007,Bengkulu,Indonesia,IDN,EAP,IDN008,Lampung,Indonesia,IDN,EAP,False,33.4659,False,False
IDN008,Lampung,Indonesia,IDN,EAP,IDN006,Sumatera Selatan,Indonesia,IDN,EAP,False,369.021,False,False
IDN011,DKI Jakarta,Indonesia,IDN,EAP,IDN012,Jawa Barat,Indonesia,IDN,EAP,False,68.0765,False,False
IDN013,Jawa Tengah,Indonesia,IDN,EAP,IDN012,Jawa Barat,Indonesia,IDN,EAP,False,172.5443,False,False
IDN013,Jawa Tengah,Indonesia,IDN,EAP,IDN014,Daerah Istimewa Yogyakarta,Indonesia,IDN,EAP,False,234.3144,False,False
IDN013,Jawa Tengah,Indonesia,IDN,EAP,IDN015,Jawa Timur,Indonesia,IDN,EAP,False,363.0035,False,False
IDN016,Banten,Indonesia,IDN,EAP,IDN011,DKI Jakarta,Indonesia,IDN,EAP,False,42.9279,False,False
IDN016,Banten,Indonesia,IDN,EAP,IDN012,Jawa Barat,Indonesia,IDN,EAP,False,162.9086,False,False
IDN019,Nusa Tenggara Timur,Indonesia,IDN,EAP,TLS004,Bobonaro,Timor-Leste,TLS,EAP,True,71.711,False,False
IDN019,Nusa Tenggara Timur,Indonesia,IDN,EAP,TLS005,Covalima,Timor-Leste,TLS,EAP,True,66.1812,False,False
IDN019,Nusa Tenggara Timur,Indonesia,IDN,EAP,TLS012,Oecussi,Timor-Leste,TLS,EAP,True,112.3426,False,False
IDN020,Kalimantan Barat,Indonesia,IDN,EAP,IDN021,Kalimantan Tengah,Indonesia,IDN,EAP,False,880.2016,False,False
IDN020,Kalimantan Barat,Indonesia,IDN,EAP,IDN023,Kalimantan Timur,Indonesia,IDN,EAP,False,141.7109,False,False
IDN020,Kalimantan Barat,Indonesia,IDN,EAP,MYS013,Sarawak,Malaysia,MYS,EAP,True,911.544,False,False
IDN021,Kalimantan Tengah,Indonesia,IDN,EAP,IDN023,Kalimantan Timur,Indonesia,IDN,EAP,False,730.4944,False,False
IDN022,Kalimantan Selatan,Indonesia,IDN,EAP,IDN021,Kalimantan Tengah,Indonesia,IDN,EAP,False,424.6344,False,False
IDN022,Kalimantan Selatan,Indonesia,IDN,EAP,IDN023,Kalimantan Timur,Indonesia,IDN,EAP,False,280.9324,False,False
IDN023,Kalimantan Timur,Indonesia,IDN,EAP,IDN024,Kalimantan Utara,Indonesia,IDN,EAP,False,698.4094,False,False
IDN023,Kalimantan Timur,Indonesia,IDN,EAP,MYS013,Sarawak,Malaysia,MYS,EAP,True,53.0663,False,False
IDN024,Kalimantan Utara,Indonesia,IDN,EAP,MYS012,Sabah,Malaysia,MYS,EAP,True,364.55,False,False
IDN024,Kalimantan Utara,Indonesia,IDN,EAP,MYS013,Sarawak,Malaysia,MYS,EAP,True,573.623,False,False
IDN026,Sulawesi Tengah,Indonesia,IDN,EAP,IDN028,Sulawesi Tenggara,Indonesia,IDN,EAP,False,119.9953,False,False
IDN027,Sulawesi Selatan,Indonesia,IDN,EAP,IDN026,Sulawesi Tengah,Indonesia,IDN,EAP,False,399.3685,False,False
IDN027,Sulawesi Selatan,Indonesia,IDN,EAP,IDN028,Sulawesi Tenggara,Indonesia,IDN,EAP,False,113.6657,False,False
IDN029,Gorontalo,Indonesia,IDN,EAP,IDN025,Sulawesi Utara,Indonesia,IDN,EAP,False,118.7386,False,False
IDN029,Gorontalo,Indonesia,IDN,EAP,IDN026,Sulawesi Tengah,Indonesia,IDN,EAP,False,215.0651,False,False
IDN030,Sulawesi Barat,Indonesia,IDN,EAP,IDN026,Sulawesi Tengah,Indonesia,IDN,EAP,False,248.3884,False,False
IDN030,Sulawesi Barat,Indonesia,IDN,EAP,IDN027,Sulawesi Selatan,Indonesia,IDN,EAP,False,277.3016,False,False
IDN033,Papua,Indonesia,IDN,EAP,IDN037,Papua Tengah,Indonesia,IDN,EAP,False,591.7407,False,False
IDN033,Papua,Indonesia,IDN,EAP,IDN038,Papua Pegunungan,Indonesia,IDN,EAP,False,958.247,False,False
IDN033,Papua,Indonesia,IDN,EAP,PNG018,Sandaun,Papua New Guinea,PNG,EAP,True,156.4389,False,False
IDN035,Papua Barat,Indonesia,IDN,EAP,IDN034,Papua Barat Daya,Indonesia,IDN,EAP,False,294.0538,False,False
IDN035,Papua Barat,Indonesia,IDN,EAP,IDN037,Papua Tengah,Indonesia,IDN,EAP,False,318.272,False,False
IDN036,Papua Selatan,Indonesia,IDN,EAP,IDN037,Papua Tengah,Indonesia,IDN,EAP,False,103.1405,False,False
IDN038,Papua Pegunungan,Indonesia,IDN,EAP,IDN036,Papua Selatan,Indonesia,IDN,EAP,False,630.9244,False,False
IDN038,Papua Pegunungan,Indonesia,IDN,EAP,IDN037,Papua Tengah,Indonesia,IDN,EAP,False,382.6283,False,False
IDN038,Papua Pegunungan,Indonesia,IDN,EAP,PNG018,Sandaun,Papua New Guinea,PNG,EAP,True,108.2631,False,False
IDN038,Papua Pegunungan,Indonesia,IDN,EAP,PNG021,Western,Papua New Guinea,PNG,EAP,True,38.261,False,False
IMN001,Andreas,Isle of Man (U.K.),IMN,Other,IMN005,Bride,Isle of Man (U.K.),IMN,Other,False,6.8248,False,False
IMN001,Andreas,Isle of Man (U.K.),IMN,Other,IMN011,Lezayre,Isle of Man (U.K.),IMN,Other,False,6.2159,False,False
IMN002,Arbory,Isle of Man (U.K.),IMN,Other,IMN006,Castletown,Isle of Man (U.K.),IMN,Other,False,0.7505,True,True
IMN002,Arbory,Isle of Man (U.K.),IMN,Other,IMN013,Malew,Isle of Man (U.K.),IMN,Other,False,9.1154,False,False
IMN002,Arbory,Isle of Man (U.K.),IMN,Other,IMN018,Patrick,Isle of Man (U.K.),IMN,Other,False,2.1335,True,False
IMN002,Arbory,Isle of Man (U.K.),IMN,Other,IMN023,Rushen,Isle of Man (U.K.),IMN,Other,False,9.5291,False,False
IMN003,Ballaugh,Isle of Man (U.K.),IMN,Other,IMN009,Jurby,Isle of Man (U.K.),IMN,Other,False,4.022,True,False
IMN003,Ballaugh,Isle of Man (U.K.),IMN,Other,IMN011,Lezayre,Isle of Man (U.K.),IMN,Other,False,7.6219,False,False
IMN003,Ballaugh,Isle of Man (U.K.),IMN,Other,IMN016,Michael,Isle of Man (U.K.),IMN,Other,False,8.0279,False,False
IMN004,Braddan,Isle of Man (U.K.),IMN,Other,IMN007,Douglas,Isle of Man (U.K.),IMN,Other,False,8.3501,False,False
IMN004,Braddan,Isle of Man (U.K.),IMN,Other,IMN008,German,Isle of Man (U.K.),IMN,Other,False,0.7165,True,True
IMN004,Braddan,Isle of Man (U.K.),IMN,Other,IMN011,Lezayre,Isle of Man (U.K.),IMN,Other,False,4.126,True,False
IMN004,Braddan,Isle of Man (U.K.),IMN,Other,IMN012,Lonan,Isle of Man (U.K.),IMN,Other,False,1.9725,True,False
IMN004,Braddan,Isle of Man (U.K.),IMN,Other,IMN014,Marown,Isle of Man (U.K.),IMN,Other,False,12.0383,False,False
IMN004,Braddan,Isle of Man (U.K.),IMN,Other,IMN016,Michael,Isle of Man (U.K.),IMN,Other,False,5.9709,False,False
IMN004,Braddan,Isle of Man (U.K.),IMN,Other,IMN017,Onchan,Isle of Man (U.K.),IMN,Other,False,7.4953,False,False
IMN004,Braddan,Isle of Man (U.K.),IMN,Other,IMN024,Santan,Isle of Man (U.K.),IMN,Other,False,4.2043,True,False
IMN005,Bride,Isle of Man (U.K.),IMN,Other,IMN011,Lezayre,Isle of Man (U.K.),IMN,Other,False,2.8281,True,False
IMN006,Castletown,Isle of Man (U.K.),IMN,Other,IMN013,Malew,Isle of Man (U.K.),IMN,Other,False,4.2169,True,False
IMN007,Douglas,Isle of Man (U.K.),IMN,Other,IMN017,Onchan,Isle of Man (U.K.),IMN,Other,False,3.4213,True,False
IMN008,German,Isle of Man (U.K.),IMN,Other,IMN014,Marown,Isle of Man (U.K.),IMN,Other,False,6.7711,False,False
IMN008,German,Isle of Man (U.K.),IMN,Other,IMN016,Michael,Isle of Man (U.K.),IMN,Other,False,6.4531,False,False
IMN008,German,Isle of Man (U.K.),IMN,Other,IMN018,Patrick,Isle of Man (U.K.),IMN,Other,False,8.6131,False,False
IMN008,German,Isle of Man (U.K.),IMN,Other,IMN019,Peel,Isle of Man (U.K.),IMN,Other,False,2.5298,True,False
IMN009,Jurby,Isle of Man (U.K.),IMN,Other,IMN001,Andreas,Isle of Man (U.K.),IMN,Other,False,6.6792,False,False
IMN009,Jurby,Isle of Man (U.K.),IMN,Other,IMN011,Lezayre,Isle of Man (U.K.),IMN,Other,False,1.311,True,False
IMN011,Lezayre,Isle of Man (U.K.),IMN,Other,IMN015,Maughold,Isle of Man (U.K.),IMN,Other,False,7.457,False,False
IMN011,Lezayre,Isle of Man (U.K.),IMN,Other,IMN022,Ramsey,Isle of Man (U.K.),IMN,Other,False,3.857,True,False
IMN012,Lonan,Isle of Man (U.K.),IMN,Other,IMN010,Laxey,Isle of Man (U.K.),IMN,Other,False,6.6278,False,False
IMN012,Lonan,Isle of Man (U.K.),IMN,Other,IMN011,Lezayre,Isle of Man (U.K.),IMN,Other,False,4.109,True,False
IMN012,Lonan,Isle of Man (U.K.),IMN,Other,IMN015,Maughold,Isle of Man (U.K.),IMN,Other,False,6.5391,False,False
IMN012,Lonan,Isle of Man (U.K.),IMN,Other,IMN017,Onchan,Isle of Man (U.K.),IMN,Other,False,8.3334,False,False
IMN013,Malew,Isle of Man (U.K.),IMN,Other,IMN024,Santan,Isle of Man (U.K.),IMN,Other,False,5.8065,False,False
IMN014,Marown,Isle of Man (U.K.),IMN,Other,IMN013,Malew,Isle of Man (U.K.),IMN,Other,False,2.8802,True,False
IMN014,Marown,Isle of Man (U.K.),IMN,Other,IMN018,Patrick,Isle of Man (U.K.),IMN,Other,False,0.4669,True,True
IMN014,Marown,Isle of Man (U.K.),IMN,Other,IMN024,Santan,Isle of Man (U.K.),IMN,Other,False,2.2254,True,False
IMN015,Maughold,Isle of Man (U.K.),IMN,Other,IMN022,Ramsey,Isle of Man (U.K.),IMN,Other,False,3.2293,True,False
IMN016,Michael,Isle of Man (U.K.),IMN,Other,IMN011,Lezayre,Isle of Man (U.K.),IMN,Other,False,0.8849,True,True
IMN018,Patrick,Isle of Man (U.K.),IMN,Other,IMN013,Malew,Isle of Man (U.K.),IMN,Other,False,6.3111,False,False
IMN018,Patrick,Isle of Man (U.K.),IMN,Other,IMN019,Peel,Isle of Man (U.K.),IMN,Other,False,1.2021,True,False
IMN018,Patrick,Isle of Man (U.K.),IMN,Other,IMN023,Rushen,Isle of Man (U.K.),IMN,Other,False,1.4074,True,False
IMN020,Port Erin,Isle of Man (U.K.),IMN,Other,IMN021,Port St.Mary,Isle of Man (U.K.),IMN,Other,False,0.3072,True,True
IMN020,Port Erin,Isle of Man (U.K.),IMN,Other,IMN023,Rushen,Isle of Man (U.K.),IMN,Other,False,4.381,True,False
IMN021,Port St.Mary,Isle of Man (U.K.),IMN,Other,IMN023,Rushen,Isle of Man (U.K.),IMN,Other,False,5.0509,False,False
IND002,Andhra Pradesh,India,IND,SAR,IND017,Karnataka,India,IND,SAR,False,1452.3257,False,False
IND002,Andhra Pradesh,India,IND,SAR,IND027,Puducherry,India,IND,SAR,False,22.0433,False,False
IND002,Andhra Pradesh,India,IND,SAR,IND031,Tamil Nadu,India,IND,SAR,False,579.9659,False,False
IND002,Andhra Pradesh,India,IND,SAR,IND032,Telangana,India,IND,SAR,False,864.9815,False,False
IND003,Arunachal Pradesh,India,IND,SAR,IND004,Assam,India,IND,SAR,False,387.0811,False,False
IND003,Arunachal Pradesh,India,IND,SAR,IND025,Nagaland,India,IND,SAR,False,57.5729,False,False
IND003,Arunachal Pradesh,India,IND,SAR,MMR004,Kachin,Myanmar,MMR,EAP,True,118.4812,False,False
IND003,Arunachal Pradesh,India,IND,SAR,MMR012,Sagaing,Myanmar,MMR,EAP,True,281.1696,False,False
IND004,Assam,India,IND,SAR,BGD007,Rangpur,Bangladesh,BGD,SAR,True,136.8752,False,False
IND004,Assam,India,IND,SAR,BTN013,Sarpang,Bhutan,BTN,SAR,True,94.0314,False,False
IND004,Assam,India,IND,SAR,BTN020,Zhemgang,Bhutan,BTN,SAR,True,25.4605,False,False
IND004,Assam,India,IND,SAR,IND022,Manipur,India,IND,SAR,False,188.196,False,False
IND004,Assam,India,IND,SAR,IND023,Meghalaya,India,IND,SAR,False,841.3789,False,False
IND004,Assam,India,IND,SAR,IND024,Mizoram,India,IND,SAR,False,145.6793,False,False
IND004,Assam,India,IND,SAR,IND025,Nagaland,India,IND,SAR,False,463.2575,False,False
IND004,Assam,India,IND,SAR,IND033,Tripura,India,IND,SAR,False,46.0327,False,False
IND005,Bihar,India,IND,SAR,IND034,Uttar Pradesh,India,IND,SAR,False,828.0281,False,False
IND005,Bihar,India,IND,SAR,IND036,West Bengal,India,IND,SAR,False,382.435,False,False
IND005,Bihar,India,IND,SAR,NPL001,Lumbini,Nepal,NPL,SAR,True,20.4372,False,False
IND005,Bihar,India,IND,SAR,NPL002,Gandaki,Nepal,NPL,SAR,True,3.3994,True,False
IND005,Bihar,India,IND,SAR,NPL003,Koshi,Nepal,NPL,SAR,True,213.8966,False,False
IND005,Bihar,India,IND,SAR,NPL006,Bagmati,Nepal,NPL,SAR,True,85.676,False,False
IND005,Bihar,India,IND,SAR,NPL007,Madhesh,Nepal,NPL,SAR,True,411.2422,False,False
IND006,Chandigarh,India,IND,SAR,IND013,Haryana,India,IND,SAR,False,10.7629,False,False
IND006,Chandigarh,India,IND,SAR,IND028,Punjab,India,IND,SAR,False,46.3556,False,False
IND007,Chhattisgarh,India,IND,SAR,IND002,Andhra Pradesh,India,IND,SAR,False,40.5238,False,False
IND007,Chhattisgarh,India,IND,SAR,IND016,Jharkhand,India,IND,SAR,False,358.7829,False,False
IND007,Chhattisgarh,India,IND,SAR,IND020,Madhya Pradesh,India,IND,SAR,False,817.0231,False,False
IND007,Chhattisgarh,India,IND,SAR,IND021,Maharashtra,India,IND,SAR,False,587.6053,False,False
IND007,Chhattisgarh,India,IND,SAR,IND026,Odisha,India,IND,SAR,False,1182.755,False,False
IND007,Chhattisgarh,India,IND,SAR,IND032,Telangana,India,IND,SAR,False,212.6629,False,False
IND007,Chhattisgarh,India,IND,SAR,IND034,Uttar Pradesh,India,IND,SAR,False,79.2696,False,False
IND008,Dadra and Nagar Haveli,India,IND,SAR,IND021,Maharashtra,India,IND,SAR,False,76.7854,False,False
IND010,Delhi,India,IND,SAR,IND013,Haryana,India,IND,SAR,False,170.2784,False,False
IND010,Delhi,India,IND,SAR,IND034,Uttar Pradesh,India,IND,SAR,False,63.2416,False,False
IND011,Goa,India,IND,SAR,IND017,Karnataka,India,IND,SAR,False,167.1103,False,False
IND011,Goa,India,IND,SAR,IND021,Maharashtra,India,IND,SAR,False,67.5378,False,False
IND012,Gujarat,India,IND,SAR,IND008,Dadra and Nagar Haveli,India,IND,SAR,False,144.0302,False,False
IND012,Gujarat,India,IND,SAR,IND009,Daman and Diu,India,IND,SAR,False,34.9181,False,False
IND012,Gujarat,India,IND,SAR,IND020,Madhya Pradesh,India,IND,SAR,False,311.6787,False,False
IND012,Gujarat,India,IND,SAR,IND021,Maharashtra,India,IND,SAR,False,691.2041,False,False
IND012,Gujarat,India,IND,SAR,IND029,Rajasthan,India,IND,SAR,False,736.7027,False,False
IND012,Gujarat,India,IND,SAR,PAK007,Sindh,Pakistan,PAK,SAR,True,380.5288,False,False
IND013,Haryana,India,IND,SAR,IND028,Punjab,India,IND,SAR,False,711.0711,False,False
IND013,Haryana,India,IND,SAR,IND029,Rajasthan,India,IND,SAR,False,997.6508,False,False
IND013,Haryana,India,IND,SAR,IND034,Uttar Pradesh,India,IND,SAR,False,418.597,False,False
IND014,Himachal Pradesh,India,IND,SAR,IND013,Haryana,India,IND,SAR,False,177.9685,False,False
IND014,Himachal Pradesh,India,IND,SAR,IND028,Punjab,India,IND,SAR,False,390.6394,False,False
IND014,Himachal Pradesh,India,IND,SAR,IND034,Uttar Pradesh,India,IND,SAR,False,2.2323,True,False
IND014,Himachal Pradesh,India,IND,SAR,IND035,Uttarakhand,India,IND,SAR,False,314.316,False,False
IND016,Jharkhand,India,IND,SAR,IND005,Bihar,India,IND,SAR,False,910.4016,False,False
IND016,Jharkhand,India,IND,SAR,IND026,Odisha,India,IND,SAR,False,586.165,False,False
IND016,Jharkhand,India,IND,SAR,IND034,Uttar Pradesh,India,IND,SAR,False,73.1025,False,False
IND016,Jharkhand,India,IND,SAR,IND036,West Bengal,India,IND,SAR,False,1042.531,False,False
IND017,Karnataka,India,IND,SAR,IND018,Kerala,India,IND,SAR,False,386.6828,False,False
IND017,Karnataka,India,IND,SAR,IND021,Maharashtra,India,IND,SAR,False,1168.1406,False,False
IND017,Karnataka,India,IND,SAR,IND031,Tamil Nadu,India,IND,SAR,False,506.5136,False,False
IND017,Karnataka,India,IND,SAR,IND032,Telangana,India,IND,SAR,False,545.5127,False,False
IND018,Kerala,India,IND,SAR,IND027,Puducherry,India,IND,SAR,False,20.1071,False,False
IND018,Kerala,India,IND,SAR,IND031,Tamil Nadu,India,IND,SAR,False,795.3417,False,False
IND020,Madhya Pradesh,India,IND,SAR,IND021,Maharashtra,India,IND,SAR,False,1185.8223,False,False
IND020,Madhya Pradesh,India,IND,SAR,IND029,Rajasthan,India,IND,SAR,False,2058.3309,False,False
IND020,Madhya Pradesh,India,IND,SAR,IND034,Uttar Pradesh,India,IND,SAR,False,2772.4077,False,False
IND021,Maharashtra,India,IND,SAR,IND032,Telangana,India,IND,SAR,False,814.4114,False,False
IND022,Manipur,India,IND,SAR,IND024,Mizoram,India,IND,SAR,False,105.0071,False,False
IND022,Manipur,India,IND,SAR,IND025,Nagaland,India,IND,SAR,False,260.0688,False,False
IND022,Manipur,India,IND,SAR,MMR003,Chin,Myanmar,MMR,EAP,True,136.9447,False,False
IND022,Manipur,India,IND,SAR,MMR012,Sagaing,Myanmar,MMR,EAP,True,243.8569,False,False
IND023,Meghalaya,India,IND,SAR,BGD005,Mymensingh,Bangladesh,BGD,SAR,True,152.2893,False,False
IND023,Meghalaya,India,IND,SAR,BGD007,Rangpur,Bangladesh,BGD,SAR,True,20.423,False,False
IND024,Mizoram,India,IND,SAR,IND033,Tripura,India,IND,SAR,False,78.6697,False,False
IND024,Mizoram,India,IND,SAR,MMR003,Chin,Myanmar,MMR,EAP,True,483.0713,False,False
IND025,Nagaland,India,IND,SAR,MMR012,Sagaing,Myanmar,MMR,EAP,True,208.0217,False,False
IND026,Odisha,India,IND,SAR,IND002,Andhra Pradesh,India,IND,SAR,False,988.6878,False,False
IND026,Odisha,India,IND,SAR,IND036,West Bengal,India,IND,SAR,False,181.6069,False,False
IND027,Puducherry,India,IND,SAR,IND031,Tamil Nadu,India,IND,SAR,False,387.4276,False,False
IND028,Punjab,India,IND,SAR,IND029,Rajasthan,India,IND,SAR,False,89.4713,False,False
IND028,Punjab,India,IND,SAR,PAK006,Punjab,Pakistan,PAK,SAR,True,528.2563,False,False
IND029,Rajasthan,India,IND,SAR,IND034,Uttar Pradesh,India,IND,SAR,False,443.9792,False,False
IND029,Rajasthan,India,IND,SAR,PAK006,Punjab,Pakistan,PAK,SAR,True,545.8296,False,False
IND029,Rajasthan,India,IND,SAR,PAK007,Sindh,Pakistan,PAK,SAR,True,491.3055,False,False
IND034,Uttar Pradesh,India,IND,SAR,NPL001,Lumbini,Nepal,NPL,SAR,True,414.5796,False,False
IND034,Uttar Pradesh,India,IND,SAR,NPL004,Sudurpashchim,Nepal,NPL,SAR,True,187.0928,False,False
IND035,Uttarakhand,India,IND,SAR,IND034,Uttar Pradesh,India,IND,SAR,False,663.1164,False,False
IND035,Uttarakhand,India,IND,SAR,NPL004,Sudurpashchim,Nepal,NPL,SAR,True,252.8997,False,False
IND036,West Bengal,India,IND,SAR,BGD004,Khulna,Bangladesh,BGD,SAR,True,412.9665,False,False
IND036,West Bengal,India,IND,SAR,BGD006,Rajshahi,Bangladesh,BGD,SAR,True,366.5058,False,False
IND036,West Bengal,India,IND,SAR,BGD007,Rangpur,Bangladesh,BGD,SAR,True,976.0908,False,False
IND036,West Bengal,India,IND,SAR,BTN002,Chhukha,Bhutan,BTN,SAR,True,59.8628,False,False
IND036,West Bengal,India,IND,SAR,BTN012,Samtse,Bhutan,BTN,SAR,True,107.4696,False,False
IND036,West Bengal,India,IND,SAR,IND004,Assam,India,IND,SAR,False,123.6868,False,False
IND036,West Bengal,India,IND,SAR,IND030,Sikkim,India,IND,SAR,False,103.1621,False,False
IND036,West Bengal,India,IND,SAR,NPL003,Koshi,Nepal,NPL,SAR,True,96.3854,False,False
IRL001,Carlow,Ireland,IRL,Other,IRL009,Kildare,Ireland,IRL,Other,False,20.3092,False,False
IRL001,Carlow,Ireland,IRL,Other,IRL010,Kilkenny,Ireland,IRL,Other,False,49.4658,False,False
IRL001,Carlow,Ireland,IRL,Other,IRL011,Laois,Ireland,IRL,Other,False,17.8563,False,False
IRL001,Carlow,Ireland,IRL,Other,IRL025,Wexford,Ireland,IRL,Other,False,44.1768,False,False
IRL001,Carlow,Ireland,IRL,Other,IRL026,Wicklow,Ireland,IRL,Other,False,56.5333,False,False
IRL002,Cavan,Ireland,IRL,Other,IRL012,Leitrim,Ireland,IRL,Other,False,71.5223,False,False
IRL002,Cavan,Ireland,IRL,Other,IRL014,Longford,Ireland,IRL,Other,False,28.4181,False,False
IRL002,Cavan,Ireland,IRL,Other,IRL017,Meath,Ireland,IRL,Other,False,68.4485,False,False
IRL002,Cavan,Ireland,IRL,Other,IRL024,Westmeath,Ireland,IRL,Other,False,4.1844,True,False
IRL003,Clare,Ireland,IRL,Other,IRL007,Galway,Ireland,IRL,Other,False,73.4998,False,False
IRL003,Clare,Ireland,IRL,Other,IRL013,Limerick,Ireland,IRL,Other,False,31.8504,False,False
IRL003,Clare,Ireland,IRL,Other,IRL022,Tipperary,Ireland,IRL,Other,False,8.0599,False,False
IRL004,Cork,Ireland,IRL,Other,IRL008,Kerry,Ireland,IRL,Other,False,121.6866,False,False
IRL004,Cork,Ireland,IRL,Other,IRL013,Limerick,Ireland,IRL,Other,False,97.4858,False,False
IRL004,Cork,Ireland,IRL,Other,IRL022,Tipperary,Ireland,IRL,Other,False,9.3213,False,False
IRL004,Cork,Ireland,IRL,Other,IRL023,Waterford,Ireland,IRL,Other,False,41.8754,False,False
IRL005,Donegal,Ireland,IRL,Other,IRL012,Leitrim,Ireland,IRL,Other,False,8.8299,False,False
IRL006,Dublin,Ireland,IRL,Other,IRL009,Kildare,Ireland,IRL,Other,False,26.4988,False,False
IRL006,Dublin,Ireland,IRL,Other,IRL017,Meath,Ireland,IRL,Other,False,47.9578,False,False
IRL006,Dublin,Ireland,IRL,Other,IRL026,Wicklow,Ireland,IRL,Other,False,38.147,False,False
IRL007,Galway,Ireland,IRL,Other,IRL016,Mayo,Ireland,IRL,Other,False,89.4035,False,False
IRL007,Galway,Ireland,IRL,Other,IRL019,Offaly,Ireland,IRL,Other,False,20.0447,False,False
IRL007,Galway,Ireland,IRL,Other,IRL020,Roscommon,Ireland,IRL,Other,False,103.3375,False,False
IRL007,Galway,Ireland,IRL,Other,IRL022,Tipperary,Ireland,IRL,Other,False,13.5356,False,False
IRL008,Kerry,Ireland,IRL,Other,IRL013,Limerick,Ireland,IRL,Other,False,43.6703,False,False
IRL009,Kildare,Ireland,IRL,Other,IRL011,Laois,Ireland,IRL,Other,False,44.1781,False,False
IRL009,Kildare,Ireland,IRL,Other,IRL017,Meath,Ireland,IRL,Other,False,52.1497,False,False
IRL009,Kildare,Ireland,IRL,Other,IRL019,Offaly,Ireland,IRL,Other,False,45.9197,False,False
IRL009,Kildare,Ireland,IRL,Other,IRL026,Wicklow,Ireland,IRL,Other,False,49.2038,False,False
IRL010,Kilkenny,Ireland,IRL,Other,IRL011,Laois,Ireland,IRL,Other,False,65.881,False,False
IRL010,Kilkenny,Ireland,IRL,Other,IRL022,Tipperary,Ireland,IRL,Other,False,60.7642,False,False
IRL010,Kilkenny,Ireland,IRL,Other,IRL023,Waterford,Ireland,IRL,Other,False,30.8505,False,False
IRL010,Kilkenny,Ireland,IRL,Other,IRL025,Wexford,Ireland,IRL,Other,False,14.329,False,False
IRL011,Laois,Ireland,IRL,Other,IRL019,Offaly,Ireland,IRL,Other,False,76.5946,False,False
IRL011,Laois,Ireland,IRL,Other,IRL022,Tipperary,Ireland,IRL,Other,False,25.7193,False,False
IRL012,Leitrim,Ireland,IRL,Other,IRL020,Roscommon,Ireland,IRL,Other,False,41.1172,False,False
IRL012,Leitrim,Ireland,IRL,Other,IRL021,Sligo,Ireland,IRL,Other,False,55.2774,False,False
IRL013,Limerick,Ireland,IRL,Other,IRL022,Tipperary,Ireland,IRL,Other,False,106.3247,False,False
IRL014,Longford,Ireland,IRL,Other,IRL012,Leitrim,Ireland,IRL,Other,False,34.4085,False,False
IRL014,Longford,Ireland,IRL,Other,IRL020,Roscommon,Ireland,IRL,Other,False,24.1643,False,False
IRL015,Louth,Ireland,IRL,Other,IRL017,Meath,Ireland,IRL,Other,False,43.5144,False,False
IRL016,Mayo,Ireland,IRL,Other,IRL020,Roscommon,Ireland,IRL,Other,False,58.9015,False,False
IRL016,Mayo,Ireland,IRL,Other,IRL021,Sligo,Ireland,IRL,Other,False,79.9429,False,False
IRL017,Meath,Ireland,IRL,Other,IRL019,Offaly,Ireland,IRL,Other,False,9.1531,False,False
IRL017,Meath,Ireland,IRL,Other,IRL024,Westmeath,Ireland,IRL,Other,False,70.3311,False,False
IRL018,Monaghan,Ireland,IRL,Other,IRL002,Cavan,Ireland,IRL,Other,False,55.0009,False,False
IRL018,Monaghan,Ireland,IRL,Other,IRL015,Louth,Ireland,IRL,Other,False,29.9578,False,False
IRL018,Monaghan,Ireland,IRL,Other,IRL017,Meath,Ireland,IRL,Other,False,5.3785,False,False
IRL019,Offaly,Ireland,IRL,Other,IRL020,Roscommon,Ireland,IRL,Other,False,14.9362,False,False
IRL019,Offaly,Ireland,IRL,Other,IRL022,Tipperary,Ireland,IRL,Other,False,89.1196,False,False
IRL020,Roscommon,Ireland,IRL,Other,IRL021,Sligo,Ireland,IRL,Other,False,61.9299,False,False
IRL022,Tipperary,Ireland,IRL,Other,IRL023,Waterford,Ireland,IRL,Other,False,75.1189,False,False
IRL024,Westmeath,Ireland,IRL,Other,IRL014,Longford,Ireland,IRL,Other,False,61.2199,False,False
IRL024,Westmeath,Ireland,IRL,Other,IRL019,Offaly,Ireland,IRL,Other,False,68.663,False,False
IRL024,Westmeath,Ireland,IRL,Other,IRL020,Roscommon,Ireland,IRL,Other,False,12.0226,False,False
IRL025,Wexford,Ireland,IRL,Other,IRL023,Waterford,Ireland,IRL,Other,False,0.6611,True,True
IRL026,Wicklow,Ireland,IRL,Other,IRL025,Wexford,Ireland,IRL,Other,False,45.5323,False,False
IRN001,Ardebil,Islamic Republic of Iran,IRN,MENA,AZE012,Beylagan,Azerbaijan,AZE,ECA,True,19.3783,False,False
IRN001,Ardebil,Islamic Republic of Iran,IRN,MENA,AZE015,Fuzuli,Azerbaijan,AZE,ECA,True,33.6908,False,False
IRN001,Ardebil,Islamic Republic of Iran,IRN,MENA,AZE029,Imishly,Azerbaijan,AZE,ECA,True,19.7408,False,False
IRN001,Ardebil,Islamic Republic of Iran,IRN,MENA,AZE032,Jalilabad,Azerbaijan,AZE,ECA,True,69.547,False,False
IRN001,Ardebil,Islamic Republic of Iran,IRN,MENA,AZE070,Yardimly,Azerbaijan,AZE,ECA,True,73.3712,False,False
IRN001,Ardebil,Islamic Republic of Iran,IRN,MENA,IRN004,East Azarbayejan,Islamic Republic of Iran,IRN,MENA,False,406.6989,False,False
IRN001,Ardebil,Islamic Republic of Iran,IRN,MENA,IRN009,Gilan,Islamic Republic of Iran,IRN,MENA,False,170.6135,False,False
IRN001,Ardebil,Islamic Republic of Iran,IRN,MENA,IRN028,Zanjan,Islamic Republic of Iran,IRN,MENA,False,76.3595,False,False
IRN002,Bushehr,Islamic Republic of Iran,IRN,MENA,IRN017,Khuzestan,Islamic Republic of Iran,IRN,MENA,False,51.4635,False,False
IRN002,Bushehr,Islamic Republic of Iran,IRN,MENA,IRN018,Kohgiluyeh va boyerahma,Islamic Republic of Iran,IRN,MENA,False,36.3796,False,False
IRN003,Chaharmahal-o bakhtiyar,Islamic Republic of Iran,IRN,MENA,IRN005,Esfahan,Islamic Republic of Iran,IRN,MENA,False,365.5662,False,False
IRN003,Chaharmahal-o bakhtiyar,Islamic Republic of Iran,IRN,MENA,IRN017,Khuzestan,Islamic Republic of Iran,IRN,MENA,False,187.3063,False,False
IRN003,Chaharmahal-o bakhtiyar,Islamic Republic of Iran,IRN,MENA,IRN018,Kohgiluyeh va boyerahma,Islamic Republic of Iran,IRN,MENA,False,128.8966,False,False
IRN003,Chaharmahal-o bakhtiyar,Islamic Republic of Iran,IRN,MENA,IRN020,Lorestan,Islamic Republic of Iran,IRN,MENA,False,26.3375,False,False
IRN004,East Azarbayejan,Islamic Republic of Iran,IRN,MENA,IRN026,West Azarbayejan,Islamic Republic of Iran,IRN,MENA,False,330.4233,False,False
IRN004,East Azarbayejan,Islamic Republic of Iran,IRN,MENA,IRN028,Zanjan,Islamic Republic of Iran,IRN,MENA,False,140.0068,False,False
IRN005,Esfahan,Islamic Republic of Iran,IRN,MENA,IRN008,Ghom,Islamic Republic of Iran,IRN,MENA,False,106.5861,False,False
IRN005,Esfahan,Islamic Republic of Iran,IRN,MENA,IRN018,Kohgiluyeh va boyerahma,Islamic Republic of Iran,IRN,MENA,False,74.6021,False,False
IRN005,Esfahan,Islamic Republic of Iran,IRN,MENA,IRN020,Lorestan,Islamic Republic of Iran,IRN,MENA,False,121.6773,False,False
IRN005,Esfahan,Islamic Republic of Iran,IRN,MENA,IRN021,Markazi,Islamic Republic of Iran,IRN,MENA,False,178.4148,False,False
IRN005,Esfahan,Islamic Republic of Iran,IRN,MENA,IRN023,Semnan,Islamic Republic of Iran,IRN,MENA,False,343.9941,False,False
IRN006,Fars,Islamic Republic of Iran,IRN,MENA,IRN002,Bushehr,Islamic Republic of Iran,IRN,MENA,False,430.4737,False,False
IRN006,Fars,Islamic Republic of Iran,IRN,MENA,IRN005,Esfahan,Islamic Republic of Iran,IRN,MENA,False,187.6803,False,False
IRN006,Fars,Islamic Republic of Iran,IRN,MENA,IRN012,Hormozgan,Islamic Republic of Iran,IRN,MENA,False,450.5113,False,False
IRN006,Fars,Islamic Republic of Iran,IRN,MENA,IRN014,Kerman,Islamic Republic of Iran,IRN,MENA,False,135.5455,False,False
IRN006,Fars,Islamic Republic of Iran,IRN,MENA,IRN018,Kohgiluyeh va boyerahma,Islamic Republic of Iran,IRN,MENA,False,267.0213,False,False
IRN006,Fars,Islamic Republic of Iran,IRN,MENA,IRN027,Yazd,Islamic Republic of Iran,IRN,MENA,False,336.8157,False,False
IRN007,Ghazvin,Islamic Republic of Iran,IRN,MENA,IRN025,Tehran,Islamic Republic of Iran,IRN,MENA,False,167.0973,False,False
IRN007,Ghazvin,Islamic Republic of Iran,IRN,MENA,IRN028,Zanjan,Islamic Republic of Iran,IRN,MENA,False,232.9778,False,False
IRN008,Ghom,Islamic Republic of Iran,IRN,MENA,IRN023,Semnan,Islamic Republic of Iran,IRN,MENA,False,41.8752,False,False
IRN008,Ghom,Islamic Republic of Iran,IRN,MENA,IRN025,Tehran,Islamic Republic of Iran,IRN,MENA,False,114.7195,False,False
IRN009,Gilan,Islamic Republic of Iran,IRN,MENA,IRN007,Ghazvin,Islamic Republic of Iran,IRN,MENA,False,104.6015,False,False
IRN009,Gilan,Islamic Republic of Iran,IRN,MENA,IRN022,Mazandaran,Islamic Republic of Iran,IRN,MENA,False,46.7766,False,False
IRN009,Gilan,Islamic Republic of Iran,IRN,MENA,IRN028,Zanjan,Islamic Republic of Iran,IRN,MENA,False,62.4371,False,False
IRN010,Golestan,Islamic Republic of Iran,IRN,MENA,IRN022,Mazandaran,Islamic Republic of Iran,IRN,MENA,False,49.8099,False,False
IRN010,Golestan,Islamic Republic of Iran,IRN,MENA,IRN023,Semnan,Islamic Republic of Iran,IRN,MENA,False,208.7199,False,False
IRN011,Hamedan,Islamic Republic of Iran,IRN,MENA,IRN007,Ghazvin,Islamic Republic of Iran,IRN,MENA,False,78.2174,False,False
IRN011,Hamedan,Islamic Republic of Iran,IRN,MENA,IRN019,Kordestan,Islamic Republic of Iran,IRN,MENA,False,152.069,False,False
IRN011,Hamedan,Islamic Republic of Iran,IRN,MENA,IRN020,Lorestan,Islamic Republic of Iran,IRN,MENA,False,153.7584,False,False
IRN011,Hamedan,Islamic Republic of Iran,IRN,MENA,IRN021,Markazi,Islamic Republic of Iran,IRN,MENA,False,270.8441,False,False
IRN011,Hamedan,Islamic Republic of Iran,IRN,MENA,IRN028,Zanjan,Islamic Republic of Iran,IRN,MENA,False,78.2187,False,False
IRN012,Hormozgan,Islamic Republic of Iran,IRN,MENA,IRN002,Bushehr,Islamic Republic of Iran,IRN,MENA,False,25.9749,False,False
IRN012,Hormozgan,Islamic Republic of Iran,IRN,MENA,IRN014,Kerman,Islamic Republic of Iran,IRN,MENA,False,594.8758,False,False
IRN012,Hormozgan,Islamic Republic of Iran,IRN,MENA,IRN024,Sistan-o baluchestan,Islamic Republic of Iran,IRN,MENA,False,135.7763,False,False
IRN013,Ilam,Islamic Republic of Iran,IRN,MENA,IRN017,Khuzestan,Islamic Republic of Iran,IRN,MENA,False,118.6584,False,False
IRN013,Ilam,Islamic Republic of Iran,IRN,MENA,IRN020,Lorestan,Islamic Republic of Iran,IRN,MENA,False,311.1403,False,False
IRN013,Ilam,Islamic Republic of Iran,IRN,MENA,IRQ009,Diyala,Iraq,IRQ,MENA,True,75.6299,False,False
IRN013,Ilam,Islamic Republic of Iran,IRN,MENA,IRQ014,Maysan,Iraq,IRQ,MENA,True,171.0223,False,False
IRN013,Ilam,Islamic Republic of Iran,IRN,MENA,IRQ018,Wassit,Iraq,IRQ,MENA,True,153.9553,False,False
IRN014,Kerman,Islamic Republic of Iran,IRN,MENA,IRN024,Sistan-o baluchestan,Islamic Republic of Iran,IRN,MENA,False,548.2575,False,False
IRN014,Kerman,Islamic Republic of Iran,IRN,MENA,IRN027,Yazd,Islamic Republic of Iran,IRN,MENA,False,423.9867,False,False
IRN015,Kermanshah,Islamic Republic of Iran,IRN,MENA,IRN011,Hamedan,Islamic Republic of Iran,IRN,MENA,False,121.2435,False,False
IRN015,Kermanshah,Islamic Republic of Iran,IRN,MENA,IRN013,Ilam,Islamic Republic of Iran,IRN,MENA,False,273.6857,False,False
IRN015,Kermanshah,Islamic Republic of Iran,IRN,MENA,IRN019,Kordestan,Islamic Republic of Iran,IRN,MENA,False,259.8264,False,False
IRN015,Kermanshah,Islamic Republic of Iran,IRN,MENA,IRN020,Lorestan,Islamic Republic of Iran,IRN,MENA,False,94.5407,False,False
IRN015,Kermanshah,Islamic Republic of Iran,IRN,MENA,IRQ006,Al-Sulaymaniyah,Iraq,IRQ,MENA,True,111.7227,False,False
IRN015,Kermanshah,Islamic Republic of Iran,IRN,MENA,IRQ009,Diyala,Iraq,IRQ,MENA,True,247.5304,False,False
IRN016,Khorasan,Islamic Republic of Iran,IRN,MENA,IRN005,Esfahan,Islamic Republic of Iran,IRN,MENA,False,101.2988,False,False
IRN016,Khorasan,Islamic Republic of Iran,IRN,MENA,IRN010,Golestan,Islamic Republic of Iran,IRN,MENA,False,101.969,False,False
IRN016,Khorasan,Islamic Republic of Iran,IRN,MENA,IRN014,Kerman,Islamic Republic of Iran,IRN,MENA,False,333.3022,False,False
IRN016,Khorasan,Islamic Republic of Iran,IRN,MENA,IRN023,Semnan,Islamic Republic of Iran,IRN,MENA,False,565.7262,False,False
IRN016,Khorasan,Islamic Republic of Iran,IRN,MENA,IRN024,Sistan-o baluchestan,Islamic Republic of Iran,IRN,MENA,False,194.6245,False,False
IRN016,Khorasan,Islamic Republic of Iran,IRN,MENA,IRN027,Yazd,Islamic Republic of Iran,IRN,MENA,False,211.2816,False,False
IRN016,Khorasan,Islamic Republic of Iran,IRN,MENA,TKM001,Ahal,Turkmenistan,TKM,ECA,True,717.6864,False,False
IRN016,Khorasan,Islamic Republic of Iran,IRN,MENA,TKM002,Balkan,Turkmenistan,TKM,ECA,True,103.6683,False,False
IRN017,Khuzestan,Islamic Republic of Iran,IRN,MENA,IRN020,Lorestan,Islamic Republic of Iran,IRN,MENA,False,213.5885,False,False
IRN017,Khuzestan,Islamic Republic of Iran,IRN,MENA,IRQ002,Al-Basrah,Iraq,IRQ,MENA,True,129.4823,False,False
IRN017,Khuzestan,Islamic Republic of Iran,IRN,MENA,IRQ014,Maysan,Iraq,IRQ,MENA,True,111.4702,False,False
IRN018,Kohgiluyeh va boyerahma,Islamic Republic of Iran,IRN,MENA,IRN017,Khuzestan,Islamic Republic of Iran,IRN,MENA,False,259.4246,False,False
IRN019,Kordestan,Islamic Republic of Iran,IRN,MENA,IRN026,West Azarbayejan,Islamic Republic of Iran,IRN,MENA,False,252.8082,False,False
IRN019,Kordestan,Islamic Republic of Iran,IRN,MENA,IRN028,Zanjan,Islamic Republic of Iran,IRN,MENA,False,172.8756,False,False
IRN019,Kordestan,Islamic Republic of Iran,IRN,MENA,IRQ006,Al-Sulaymaniyah,Iraq,IRQ,MENA,True,223.8396,False,False
IRN020,Lorestan,Islamic Republic of Iran,IRN,MENA,IRN021,Markazi,Islamic Republic of Iran,IRN,MENA,False,208.4466,False,False
IRN021,Markazi,Islamic Republic of Iran,IRN,MENA,IRN007,Ghazvin,Islamic Republic of Iran,IRN,MENA,False,90.6671,False,False
IRN021,Markazi,Islamic Republic of Iran,IRN,MENA,IRN008,Ghom,Islamic Republic of Iran,IRN,MENA,False,275.0195,False,False
IRN021,Markazi,Islamic Republic of Iran,IRN,MENA,IRN025,Tehran,Islamic Republic of Iran,IRN,MENA,False,102.9095,False,False
IRN022,Mazandaran,Islamic Republic of Iran,IRN,MENA,IRN007,Ghazvin,Islamic Republic of Iran,IRN,MENA,False,63.1609,False,False
IRN022,Mazandaran,Islamic Republic of Iran,IRN,MENA,IRN023,Semnan,Islamic Republic of Iran,IRN,MENA,False,145.4018,False,False
IRN022,Mazandaran,Islamic Republic of Iran,IRN,MENA,IRN025,Tehran,Islamic Republic of Iran,IRN,MENA,False,228.0191,False,False
IRN023,Semnan,Islamic Republic of Iran,IRN,MENA,IRN025,Tehran,Islamic Republic of Iran,IRN,MENA,False,249.0189,False,False
IRN024,Sistan-o baluchestan,Islamic Republic of Iran,IRN,MENA,PAK002,Balochistan,Pakistan,PAK,SAR,True,954.3535,False,False
IRN026,West Azarbayejan,Islamic Republic of Iran,IRN,MENA,IRN028,Zanjan,Islamic Republic of Iran,IRN,MENA,False,45.2943,False,False
IRN026,West Azarbayejan,Islamic Republic of Iran,IRN,MENA,IRQ006,Al-Sulaymaniyah,Iraq,IRQ,MENA,True,129.1269,False,False
IRN026,West Azarbayejan,Islamic Republic of Iran,IRN,MENA,IRQ011,Erbil,Iraq,IRQ,MENA,True,116.2965,False,False
IRN026,West Azarbayejan,Islamic Republic of Iran,IRN,MENA,TUR004,Agri,Türkiye,TUR,ECA,True,101.6827,False,False
IRN026,West Azarbayejan,Islamic Republic of Iran,IRN,MENA,TUR035,Hakkari,Türkiye,TUR,ECA,True,122.3564,False,False
IRN026,West Azarbayejan,Islamic Republic of Iran,IRN,MENA,TUR038,Igdir,Türkiye,TUR,ECA,True,28.5212,False,False
IRN026,West Azarbayejan,Islamic Republic of Iran,IRN,MENA,TUR077,Van,Türkiye,TUR,ECA,True,279.4492,False,False
IRN027,Yazd,Islamic Republic of Iran,IRN,MENA,IRN005,Esfahan,Islamic Republic of Iran,IRN,MENA,False,416.2743,False,False
IRQ001,Al-Anbar,Iraq,IRQ,MENA,IRQ004,Al-Najaf,Iraq,IRQ,MENA,False,208.5893,False,False
IRQ001,Al-Anbar,Iraq,IRQ,MENA,IRQ007,Babil,Iraq,IRQ,MENA,False,46.7769,False,False
IRQ001,Al-Anbar,Iraq,IRQ,MENA,IRQ008,Baghdad,Iraq,IRQ,MENA,False,126.1552,False,False
IRQ001,Al-Anbar,Iraq,IRQ,MENA,IRQ012,Kerbala,Iraq,IRQ,MENA,False,134.3185,False,False
IRQ001,Al-Anbar,Iraq,IRQ,MENA,IRQ015,Ninewa,Iraq,IRQ,MENA,False,129.126,False,False
IRQ001,Al-Anbar,Iraq,IRQ,MENA,IRQ016,Salah Al-Din,Iraq,IRQ,MENA,False,190.1383,False,False
IRQ001,Al-Anbar,Iraq,IRQ,MENA,JOR010,Mafraq,Jordan,JOR,MENA,True,178.6501,False,False
IRQ001,Al-Anbar,Iraq,IRQ,MENA,SAU003,Al Ḥudūd ash Shamāliyah,Saudi Arabia,SAU,MENA,True,280.0525,False,False
IRQ001,Al-Anbar,Iraq,IRQ,MENA,SYR007,Dayr az Zawr,Syrian Arab Republic,SYR,MENA,True,166.8623,False,False
IRQ001,Al-Anbar,Iraq,IRQ,MENA,SYR009,Ḥimṣ,Syrian Arab Republic,SYR,MENA,True,121.1086,False,False
IRQ001,Al-Anbar,Iraq,IRQ,MENA,SYR013,Rif Dimashq,Syrian Arab Republic,SYR,MENA,True,35.2992,False,False
IRQ002,Al-Basrah,Iraq,IRQ,MENA,IRQ003,Al-Muthanna,Iraq,IRQ,MENA,False,164.3502,False,False
IRQ002,Al-Basrah,Iraq,IRQ,MENA,IRQ014,Maysan,Iraq,IRQ,MENA,False,58.2755,False,False
IRQ002,Al-Basrah,Iraq,IRQ,MENA,IRQ017,Thi Qar,Iraq,IRQ,MENA,False,113.726,False,False
IRQ002,Al-Basrah,Iraq,IRQ,MENA,KWT003,Al Jahrah,Kuwait,KWT,MENA,True,200.5114,False,False
IRQ003,Al-Muthanna,Iraq,IRQ,MENA,IRQ004,Al-Najaf,Iraq,IRQ,MENA,False,201.3347,False,False
IRQ003,Al-Muthanna,Iraq,IRQ,MENA,IRQ005,Al-Qadissiya,Iraq,IRQ,MENA,False,160.0198,False,False
IRQ003,Al-Muthanna,Iraq,IRQ,MENA,IRQ017,Thi Qar,Iraq,IRQ,MENA,False,223.2529,False,False
IRQ003,Al-Muthanna,Iraq,IRQ,MENA,KWT003,Al Jahrah,Kuwait,KWT,MENA,True,0.3469,True,True
IRQ003,Al-Muthanna,Iraq,IRQ,MENA,SAU003,Al Ḥudūd ash Shamāliyah,Saudi Arabia,SAU,MENA,True,196.2188,False,False
IRQ003,Al-Muthanna,Iraq,IRQ,MENA,SAU008,Ash Sharqīyah,Saudi Arabia,SAU,MENA,True,94.9833,False,False
IRQ004,Al-Najaf,Iraq,IRQ,MENA,IRQ005,Al-Qadissiya,Iraq,IRQ,MENA,False,127.1562,False,False
IRQ004,Al-Najaf,Iraq,IRQ,MENA,IRQ007,Babil,Iraq,IRQ,MENA,False,69.8613,False,False
IRQ004,Al-Najaf,Iraq,IRQ,MENA,IRQ012,Kerbala,Iraq,IRQ,MENA,False,67.344,False,False
IRQ004,Al-Najaf,Iraq,IRQ,MENA,SAU003,Al Ḥudūd ash Shamāliyah,Saudi Arabia,SAU,MENA,True,240.6325,False,False
IRQ005,Al-Qadissiya,Iraq,IRQ,MENA,IRQ007,Babil,Iraq,IRQ,MENA,False,77.3287,False,False
IRQ005,Al-Qadissiya,Iraq,IRQ,MENA,IRQ017,Thi Qar,Iraq,IRQ,MENA,False,33.6537,False,False
IRQ005,Al-Qadissiya,Iraq,IRQ,MENA,IRQ018,Wassit,Iraq,IRQ,MENA,False,86.4228,False,False
IRQ006,Al-Sulaymaniyah,Iraq,IRQ,MENA,IRQ009,Diyala,Iraq,IRQ,MENA,False,172.1208,False,False
IRQ006,Al-Sulaymaniyah,Iraq,IRQ,MENA,IRQ011,Erbil,Iraq,IRQ,MENA,False,174.0473,False,False
IRQ006,Al-Sulaymaniyah,Iraq,IRQ,MENA,IRQ013,Kirkuk,Iraq,IRQ,MENA,False,125.4193,False,False
IRQ006,Al-Sulaymaniyah,Iraq,IRQ,MENA,IRQ016,Salah Al-Din,Iraq,IRQ,MENA,False,62.6336,False,False
IRQ007,Babil,Iraq,IRQ,MENA,IRQ008,Baghdad,Iraq,IRQ,MENA,False,64.7199,False,False
IRQ007,Babil,Iraq,IRQ,MENA,IRQ012,Kerbala,Iraq,IRQ,MENA,False,69.6091,False,False
IRQ007,Babil,Iraq,IRQ,MENA,IRQ018,Wassit,Iraq,IRQ,MENA,False,84.4832,False,False
IRQ008,Baghdad,Iraq,IRQ,MENA,IRQ009,Diyala,Iraq,IRQ,MENA,False,136.7446,False,False
IRQ008,Baghdad,Iraq,IRQ,MENA,IRQ016,Salah Al-Din,Iraq,IRQ,MENA,False,38.9354,False,False
IRQ008,Baghdad,Iraq,IRQ,MENA,IRQ018,Wassit,Iraq,IRQ,MENA,False,90.207,False,False
IRQ009,Diyala,Iraq,IRQ,MENA,IRQ016,Salah Al-Din,Iraq,IRQ,MENA,False,190.7109,False,False
IRQ009,Diyala,Iraq,IRQ,MENA,IRQ018,Wassit,Iraq,IRQ,MENA,False,142.107,False,False
IRQ010,Duhok,Iraq,IRQ,MENA,IRQ011,Erbil,Iraq,IRQ,MENA,False,49.7499,False,False
IRQ010,Duhok,Iraq,IRQ,MENA,IRQ015,Ninewa,Iraq,IRQ,MENA,False,217.3343,False,False
IRQ010,Duhok,Iraq,IRQ,MENA,SYR001,Al Ḥasakah,Syrian Arab Republic,SYR,MENA,True,8.7615,False,False
IRQ010,Duhok,Iraq,IRQ,MENA,TUR035,Hakkari,Türkiye,TUR,ECA,True,90.9447,False,False
IRQ010,Duhok,Iraq,IRQ,MENA,TUR070,Sirnak,Türkiye,TUR,ECA,True,133.926,False,False
IRQ011,Erbil,Iraq,IRQ,MENA,IRQ013,Kirkuk,Iraq,IRQ,MENA,False,161.7597,False,False
IRQ011,Erbil,Iraq,IRQ,MENA,IRQ015,Ninewa,Iraq,IRQ,MENA,False,234.9024,False,False
IRQ011,Erbil,Iraq,IRQ,MENA,IRQ016,Salah Al-Din,Iraq,IRQ,MENA,False,29.7965,False,False
IRQ011,Erbil,Iraq,IRQ,MENA,TUR035,Hakkari,Türkiye,TUR,ECA,True,145.2494,False,False
IRQ013,Kirkuk,Iraq,IRQ,MENA,IRQ016,Salah Al-Din,Iraq,IRQ,MENA,False,212.2357,False,False
IRQ014,Maysan,Iraq,IRQ,MENA,IRQ017,Thi Qar,Iraq,IRQ,MENA,False,154.0295,False,False
IRQ014,Maysan,Iraq,IRQ,MENA,IRQ018,Wassit,Iraq,IRQ,MENA,False,135.0456,False,False
IRQ015,Ninewa,Iraq,IRQ,MENA,IRQ016,Salah Al-Din,Iraq,IRQ,MENA,False,162.5546,False,False
IRQ015,Ninewa,Iraq,IRQ,MENA,SYR001,Al Ḥasakah,Syrian Arab Republic,SYR,MENA,True,230.1765,False,False
IRQ015,Ninewa,Iraq,IRQ,MENA,SYR007,Dayr az Zawr,Syrian Arab Republic,SYR,MENA,True,38.7399,False,False
IRQ017,Thi Qar,Iraq,IRQ,MENA,IRQ018,Wassit,Iraq,IRQ,MENA,False,69.2326,False,False
ISL001,Arnes,Iceland,ISL,Other,ISL003,Austur-hunavatns,Iceland,ISL,Other,False,54.8709,False,False
ISL001,Arnes,Iceland,ISL,Other,ISL005,Borgarfjaroar,Iceland,ISL,Other,False,91.5849,False,False
ISL001,Arnes,Iceland,ISL,Other,ISL008,Gullbringu,Iceland,ISL,Other,False,12.6612,False,False
ISL001,Arnes,Iceland,ISL,Other,ISL009,Kjosar,Iceland,ISL,Other,False,62.9665,False,False
ISL001,Arnes,Iceland,ISL,Other,ISL014,Rangárvalla,Iceland,ISL,Other,False,173.1254,False,False
ISL001,Arnes,Iceland,ISL,Other,ISL015,Skagafjaroar,Iceland,ISL,Other,False,21.4076,False,False
ISL001,Arnes,Iceland,ISL,Other,ISL019,Suour-pingeyjar,Iceland,ISL,Other,False,13.5108,False,False
ISL002,Austur-baroastrandar,Iceland,ISL,Other,ISL006,Dala,Iceland,ISL,Other,False,16.3905,False,False
ISL002,Austur-baroastrandar,Iceland,ISL,Other,ISL011,Norour-isafjaroar,Iceland,ISL,Other,False,29.9875,False,False
ISL002,Austur-baroastrandar,Iceland,ISL,Other,ISL017,Stranda,Iceland,ISL,Other,False,38.9199,False,False
ISL002,Austur-baroastrandar,Iceland,ISL,Other,ISL020,Vestur-baroastrandar,Iceland,ISL,Other,False,10.926,False,False
ISL003,Austur-hunavatns,Iceland,ISL,Other,ISL005,Borgarfjaroar,Iceland,ISL,Other,False,8.1291,False,False
ISL003,Austur-hunavatns,Iceland,ISL,Other,ISL015,Skagafjaroar,Iceland,ISL,Other,False,182.4414,False,False
ISL003,Austur-hunavatns,Iceland,ISL,Other,ISL021,Vestur-hunavatns,Iceland,ISL,Other,False,77.4676,False,False
ISL004,Austur-skaftafells,Iceland,ISL,Other,ISL012,Norour-mùla,Iceland,ISL,Other,False,111.6,False,False
ISL004,Austur-skaftafells,Iceland,ISL,Other,ISL018,Suour-mùla,Iceland,ISL,Other,False,49.3057,False,False
ISL005,Borgarfjaroar,Iceland,ISL,Other,ISL009,Kjosar,Iceland,ISL,Other,False,11.87,False,False
ISL005,Borgarfjaroar,Iceland,ISL,Other,ISL010,Myra,Iceland,ISL,Other,False,98.6577,False,False
ISL005,Borgarfjaroar,Iceland,ISL,Other,ISL021,Vestur-hunavatns,Iceland,ISL,Other,False,18.6953,False,False
ISL006,Dala,Iceland,ISL,Other,ISL010,Myra,Iceland,ISL,Other,False,52.828,False,False
ISL006,Dala,Iceland,ISL,Other,ISL016,Snaefellsnes- Og Hna,Iceland,ISL,Other,False,21.1159,False,False
ISL006,Dala,Iceland,ISL,Other,ISL017,Stranda,Iceland,ISL,Other,False,71.1976,False,False
ISL007,Eyjafjaroar,Iceland,ISL,Other,ISL015,Skagafjaroar,Iceland,ISL,Other,False,155.9202,False,False
ISL007,Eyjafjaroar,Iceland,ISL,Other,ISL019,Suour-pingeyjar,Iceland,ISL,Other,False,133.0137,False,False
ISL008,Gullbringu,Iceland,ISL,Other,ISL009,Kjosar,Iceland,ISL,Other,False,21.0585,False,False
ISL010,Myra,Iceland,ISL,Other,ISL016,Snaefellsnes- Og Hna,Iceland,ISL,Other,False,33.5745,False,False
ISL010,Myra,Iceland,ISL,Other,ISL017,Stranda,Iceland,ISL,Other,False,11.5587,False,False
ISL010,Myra,Iceland,ISL,Other,ISL021,Vestur-hunavatns,Iceland,ISL,Other,False,33.8038,False,False
ISL011,Norour-isafjaroar,Iceland,ISL,Other,ISL017,Stranda,Iceland,ISL,Other,False,74.7415,False,False
ISL011,Norour-isafjaroar,Iceland,ISL,Other,ISL020,Vestur-baroastrandar,Iceland,ISL,Other,False,14.1875,False,False
ISL011,Norour-isafjaroar,Iceland,ISL,Other,ISL022,Vestur-isafjaroar,Iceland,ISL,Other,False,55.541,False,False
ISL012,Norour-mùla,Iceland,ISL,Other,ISL013,Norour-pingeyjar,Iceland,ISL,Other,False,116.5345,False,False
ISL012,Norour-mùla,Iceland,ISL,Other,ISL018,Suour-mùla,Iceland,ISL,Other,False,141.9013,False,False
ISL012,Norour-mùla,Iceland,ISL,Other,ISL019,Suour-pingeyjar,Iceland,ISL,Other,False,142.9887,False,False
ISL013,Norour-pingeyjar,Iceland,ISL,Other,ISL019,Suour-pingeyjar,Iceland,ISL,Other,False,118.3841,False,False
ISL014,Rangárvalla,Iceland,ISL,Other,ISL019,Suour-pingeyjar,Iceland,ISL,Other,False,66.8206,False,False
ISL014,Rangárvalla,Iceland,ISL,Other,ISL023,Vestur-skaftafells,Iceland,ISL,Other,False,167.8331,False,False
ISL015,Skagafjaroar,Iceland,ISL,Other,ISL019,Suour-pingeyjar,Iceland,ISL,Other,False,36.9049,False,False
ISL017,Stranda,Iceland,ISL,Other,ISL021,Vestur-hunavatns,Iceland,ISL,Other,False,22.881,False,False
ISL020,Vestur-baroastrandar,Iceland,ISL,Other,ISL022,Vestur-isafjaroar,Iceland,ISL,Other,False,31.7999,False,False
ISL023,Vestur-skaftafells,Iceland,ISL,Other,ISL004,Austur-skaftafells,Iceland,ISL,Other,False,85.4005,False,False
ISR001,Central District,Israel,ISR,Other,ISR003,Jerusalem,Israel,ISR,Other,False,16.488,False,False
ISR001,Central District,Israel,ISR,Other,ISR006,Tel Aviv,Israel,ISR,Other,False,41.8237,False,False
ISR001,Central District,Israel,ISR,Other,PSE011,Qalqiliya,West Bank and Gaza,PSE,MENA,True,20.9046,False,False
ISR001,Central District,Israel,ISR,Other,PSE013,Ramallah,West Bank and Gaza,PSE,MENA,True,13.6001,False,False
ISR001,Central District,Israel,ISR,Other,PSE014,Salfit,West Bank and Gaza,PSE,MENA,True,5.4257,False,False
ISR001,Central District,Israel,ISR,Other,PSE016,Tulkarm,West Bank and Gaza,PSE,MENA,True,20.214,False,False
ISR002,Haifa,Israel,ISR,Other,ISR001,Central District,Israel,ISR,Other,False,17.754,False,False
ISR002,Haifa,Israel,ISR,Other,ISR004,Northern,Israel,ISR,Other,False,81.778,False,False
ISR002,Haifa,Israel,ISR,Other,PSE008,Jenin,West Bank and Gaza,PSE,MENA,True,17.556,False,False
ISR002,Haifa,Israel,ISR,Other,PSE016,Tulkarm,West Bank and Gaza,PSE,MENA,True,10.0203,False,False
ISR003,Jerusalem,Israel,ISR,Other,PSE001,Al Khalil (Hebron),West Bank and Gaza,PSE,MENA,True,13.9219,False,False
ISR003,Jerusalem,Israel,ISR,Other,PSE002,Al Quds (Jerusalem),West Bank and Gaza,PSE,MENA,True,29.9953,False,False
ISR003,Jerusalem,Israel,ISR,Other,PSE004,Bethlehem,West Bank and Gaza,PSE,MENA,True,10.7125,False,False
ISR004,Northern,Israel,ISR,Other,JOR005,Irbid,Jordan,JOR,MENA,True,68.0751,False,False
ISR004,Northern,Israel,ISR,Other,LBN006,Nabatiye,Lebanon,LBN,MENA,True,60.1099,False,False
ISR004,Northern,Israel,ISR,Other,LBN008,South,Lebanon,LBN,MENA,True,20.9424,False,False
ISR004,Northern,Israel,ISR,Other,PSE008,Jenin,West Bank and Gaza,PSE,MENA,True,33.4299,False,False
ISR004,Northern,Israel,ISR,Other,PSE015,Tubas,West Bank and Gaza,PSE,MENA,True,12.8118,False,False
ISR005,Southern District,Israel,ISR,Other,ISR001,Central District,Israel,ISR,Other,False,43.8677,False,False
ISR005,Southern District,Israel,ISR,Other,ISR003,Jerusalem,Israel,ISR,Other,False,28.6768,False,False
ISR005,Southern District,Israel,ISR,Other,JOR003,Aqaba,Jordan,JOR,MENA,True,154.8747,False,False
ISR005,Southern District,Israel,ISR,Other,JOR007,Karak,Jordan,JOR,MENA,True,32.9999,False,False
ISR005,Southern District,Israel,ISR,Other,JOR011,Tafiela,Jordan,JOR,MENA,True,21.5229,False,False
ISR005,Southern District,Israel,ISR,Other,PSE001,Al Khalil (Hebron),West Bank and Gaza,PSE,MENA,True,80.2219,False,False
ISR005,Southern District,Israel,ISR,Other,PSE004,Bethlehem,West Bank and Gaza,PSE,MENA,True,3.9614,True,False
ISR005,Southern District,Israel,ISR,Other,PSE005,Deir al Balah,West Bank and Gaza,PSE,MENA,True,7.8765,False,False
ISR005,Southern District,Israel,ISR,Other,PSE006,Gaza,West Bank and Gaza,PSE,MENA,True,11.7235,False,False
ISR005,Southern District,Israel,ISR,Other,PSE007,Jabalya,West Bank and Gaza,PSE,MENA,True,16.6154,False,False
ISR005,Southern District,Israel,ISR,Other,PSE009,Khan Yunis,West Bank and Gaza,PSE,MENA,True,15.4946,False,False
ISR005,Southern District,Israel,ISR,Other,PSE012,Rafah,West Bank and Gaza,PSE,MENA,True,7.3727,False,False
ITA001,Abruzzi,Italy,ITA,Other,ITA007,Lazio,Italy,ITA,Other,False,269.2875,False,False
ITA001,Abruzzi,Italy,ITA,Other,ITA010,Marche,Italy,ITA,Other,False,62.1987,False,False
ITA001,Abruzzi,Italy,ITA,Other,ITA011,Molise,Italy,ITA,Other,False,143.497,False,False
ITA002,Basilicata,Italy,ITA,Other,ITA004,Campania,Italy,ITA,Other,False,184.5634,False,False
ITA003,Calabria,Italy,ITA,Other,ITA002,Basilicata,Italy,ITA,Other,False,134.3095,False,False
ITA004,Campania,Italy,ITA,Other,ITA007,Lazio,Italy,ITA,Other,False,42.8063,False,False
ITA004,Campania,Italy,ITA,Other,ITA011,Molise,Italy,ITA,Other,False,131.3359,False,False
ITA005,Emilia-romagna,Italy,ITA,Other,ITA008,Liguria,Italy,ITA,Other,False,80.9788,False,False
ITA005,Emilia-romagna,Italy,ITA,Other,ITA009,Lombardia,Italy,ITA,Other,False,331.7369,False,False
ITA005,Emilia-romagna,Italy,ITA,Other,ITA010,Marche,Italy,ITA,Other,False,102.2796,False,False
ITA005,Emilia-romagna,Italy,ITA,Other,ITA012,Piemonte,Italy,ITA,Other,False,8.4824,False,False
ITA005,Emilia-romagna,Italy,ITA,Other,ITA016,Toscana,Italy,ITA,Other,False,336.4052,False,False
ITA005,Emilia-romagna,Italy,ITA,Other,ITA020,Veneto,Italy,ITA,Other,False,103.2994,False,False
ITA005,Emilia-romagna,Italy,ITA,Other,SMR001,Administrative unit not available,San Marino,SMR,Other,True,20.5746,False,False
ITA006,Friuli-venezia Giulia,Italy,ITA,Other,AUT002,Karnten,Austria,AUT,Other,True,94.9655,False,False
ITA006,Friuli-venezia Giulia,Italy,ITA,Other,ITA020,Veneto,Italy,ITA,Other,False,236.7198,False,False
ITA006,Friuli-venezia Giulia,Italy,ITA,Other,SVN001,Gorenjska,Slovenia,SVN,ECA,True,11.1125,False,False
ITA006,Friuli-venezia Giulia,Italy,ITA,Other,SVN002,Goriska,Slovenia,SVN,ECA,True,145.7878,False,False
ITA006,Friuli-venezia Giulia,Italy,ITA,Other,SVN006,Obalno-kraska,Slovenia,SVN,ECA,True,56.5418,False,False
ITA007,Lazio,Italy,ITA,Other,ITA010,Marche,Italy,ITA,Other,False,17.7099,False,False
ITA007,Lazio,Italy,ITA,Other,ITA011,Molise,Italy,ITA,Other,False,34.4156,False,False
ITA007,Lazio,Italy,ITA,Other,ITA016,Toscana,Italy,ITA,Other,False,106.3591,False,False
ITA007,Lazio,Italy,ITA,Other,ITA018,Umbria,Italy,ITA,Other,False,225.7015,False,False
ITA007,Lazio,Italy,ITA,Other,VAT001,Administrative unit not available,Vatican City,VAT,Other,True,2.6814,True,False
ITA008,Liguria,Italy,ITA,Other,ITA012,Piemonte,Italy,ITA,Other,False,259.0599,False,False
ITA008,Liguria,Italy,ITA,Other,ITA016,Toscana,Italy,ITA,Other,False,75.9477,False,False
ITA009,Lombardia,Italy,ITA,Other,ITA012,Piemonte,Italy,ITA,Other,False,263.5501,False,False
ITA009,Lombardia,Italy,ITA,Other,ITA017,Trentino-alto Adige,Italy,ITA,Other,False,145.0936,False,False
ITA009,Lombardia,Italy,ITA,Other,ITA020,Veneto,Italy,ITA,Other,False,134.168,False,False
ITA010,Marche,Italy,ITA,Other,ITA016,Toscana,Italy,ITA,Other,False,83.2589,False,False
ITA010,Marche,Italy,ITA,Other,ITA018,Umbria,Italy,ITA,Other,False,227.4505,False,False
ITA010,Marche,Italy,ITA,Other,SMR001,Administrative unit not available,San Marino,SMR,Other,True,16.6642,False,False
ITA012,Piemonte,Italy,ITA,Other,ITA019,Valle D'aosta,Italy,ITA,Other,False,132.1439,False,False
ITA013,Puglia,Italy,ITA,Other,ITA002,Basilicata,Italy,ITA,Other,False,225.1202,False,False
ITA013,Puglia,Italy,ITA,Other,ITA004,Campania,Italy,ITA,Other,False,101.4233,False,False
ITA013,Puglia,Italy,ITA,Other,ITA011,Molise,Italy,ITA,Other,False,78.6156,False,False
ITA016,Toscana,Italy,ITA,Other,ITA018,Umbria,Italy,ITA,Other,False,153.8237,False,False
ITA017,Trentino-alto Adige,Italy,ITA,Other,ITA020,Veneto,Italy,ITA,Other,False,329.3312,False,False
JAM001,Clarendon,Jamaica,JAM,LCR,JAM004,Manchester,Jamaica,JAM,LCR,False,45.074,False,False
JAM001,Clarendon,Jamaica,JAM,LCR,JAM007,Saint Ann,Jamaica,JAM,LCR,False,34.154,False,False
JAM001,Clarendon,Jamaica,JAM,LCR,JAM008,Saint Catherine,Jamaica,JAM,LCR,False,39.0672,False,False
JAM002,Hanover,Jamaica,JAM,LCR,JAM010,Saint James,Jamaica,JAM,LCR,False,23.3533,False,False
JAM002,Hanover,Jamaica,JAM,LCR,JAM014,Westmoreland,Jamaica,JAM,LCR,False,48.9019,False,False
JAM003,Kingston,Jamaica,JAM,LCR,JAM006,Saint Andrew,Jamaica,JAM,LCR,False,14.5093,False,False
JAM004,Manchester,Jamaica,JAM,LCR,JAM009,Saint Elizabeth,Jamaica,JAM,LCR,False,42.6154,False,False
JAM004,Manchester,Jamaica,JAM,LCR,JAM013,Trelawny,Jamaica,JAM,LCR,False,18.5489,False,False
JAM005,Portland,Jamaica,JAM,LCR,JAM011,Saint Mary,Jamaica,JAM,LCR,False,15.4412,False,False
JAM005,Portland,Jamaica,JAM,LCR,JAM012,Saint Thomas,Jamaica,JAM,LCR,False,49.1929,False,False
JAM006,Saint Andrew,Jamaica,JAM,LCR,JAM005,Portland,Jamaica,JAM,LCR,False,18.7329,False,False
JAM006,Saint Andrew,Jamaica,JAM,LCR,JAM008,Saint Catherine,Jamaica,JAM,LCR,False,23.918,False,False
JAM006,Saint Andrew,Jamaica,JAM,LCR,JAM011,Saint Mary,Jamaica,JAM,LCR,False,20.8318,False,False
JAM006,Saint Andrew,Jamaica,JAM,LCR,JAM012,Saint Thomas,Jamaica,JAM,LCR,False,26.9451,False,False
JAM007,Saint Ann,Jamaica,JAM,LCR,JAM013,Trelawny,Jamaica,JAM,LCR,False,32.126,False,False
JAM008,Saint Catherine,Jamaica,JAM,LCR,JAM007,Saint Ann,Jamaica,JAM,LCR,False,23.6978,False,False
JAM008,Saint Catherine,Jamaica,JAM,LCR,JAM011,Saint Mary,Jamaica,JAM,LCR,False,23.8469,False,False
JAM009,Saint Elizabeth,Jamaica,JAM,LCR,JAM010,Saint James,Jamaica,JAM,LCR,False,12.7229,False,False
JAM009,Saint Elizabeth,Jamaica,JAM,LCR,JAM013,Trelawny,Jamaica,JAM,LCR,False,14.8699,False,False
JAM009,Saint Elizabeth,Jamaica,JAM,LCR,JAM014,Westmoreland,Jamaica,JAM,LCR,False,18.5149,False,False
JAM010,Saint James,Jamaica,JAM,LCR,JAM013,Trelawny,Jamaica,JAM,LCR,False,29.1952,False,False
JAM010,Saint James,Jamaica,JAM,LCR,JAM014,Westmoreland,Jamaica,JAM,LCR,False,16.087,False,False
JAM011,Saint Mary,Jamaica,JAM,LCR,JAM007,Saint Ann,Jamaica,JAM,LCR,False,24.193,False,False
JEY001,Brelade,Jersey (U.K.),JEY,Other,JEY010,Saint Peter,Jersey (U.K.),JEY,Other,False,5.1334,False,False
JEY002,Grouville,Jersey (U.K.),JEY,Other,JEY011,Saint Saviour,Jersey (U.K.),JEY,Other,False,4.2998,True,False
JEY003,Saint Clement,Jersey (U.K.),JEY,Other,JEY002,Grouville,Jersey (U.K.),JEY,Other,False,4.6634,True,False
JEY003,Saint Clement,Jersey (U.K.),JEY,Other,JEY004,Saint Helier,Jersey (U.K.),JEY,Other,False,0.4941,True,True
JEY003,Saint Clement,Jersey (U.K.),JEY,Other,JEY011,Saint Saviour,Jersey (U.K.),JEY,Other,False,1.6646,True,False
JEY004,Saint Helier,Jersey (U.K.),JEY,Other,JEY006,Saint Lawrence,Jersey (U.K.),JEY,Other,False,3.1412,True,False
JEY004,Saint Helier,Jersey (U.K.),JEY,Other,JEY011,Saint Saviour,Jersey (U.K.),JEY,Other,False,3.5233,True,False
JEY005,Saint John,Jersey (U.K.),JEY,Other,JEY004,Saint Helier,Jersey (U.K.),JEY,Other,False,0.4639,True,True
JEY005,Saint John,Jersey (U.K.),JEY,Other,JEY006,Saint Lawrence,Jersey (U.K.),JEY,Other,False,3.4766,True,False
JEY005,Saint John,Jersey (U.K.),JEY,Other,JEY008,Saint Mary,Jersey (U.K.),JEY,Other,False,4.5338,True,False
JEY005,Saint John,Jersey (U.K.),JEY,Other,JEY012,Trinity,Jersey (U.K.),JEY,Other,False,4.538,True,False
JEY006,Saint Lawrence,Jersey (U.K.),JEY,Other,JEY010,Saint Peter,Jersey (U.K.),JEY,Other,False,2.7959,True,False
JEY007,Saint Martin,Jersey (U.K.),JEY,Other,JEY002,Grouville,Jersey (U.K.),JEY,Other,False,2.0663,True,False
JEY007,Saint Martin,Jersey (U.K.),JEY,Other,JEY011,Saint Saviour,Jersey (U.K.),JEY,Other,False,4.3949,True,False
JEY007,Saint Martin,Jersey (U.K.),JEY,Other,JEY012,Trinity,Jersey (U.K.),JEY,Other,False,4.0488,True,False
JEY008,Saint Mary,Jersey (U.K.),JEY,Other,JEY006,Saint Lawrence,Jersey (U.K.),JEY,Other,False,1.1333,True,False
JEY008,Saint Mary,Jersey (U.K.),JEY,Other,JEY009,Saint Ouen,Jersey (U.K.),JEY,Other,False,3.9644,True,False
JEY008,Saint Mary,Jersey (U.K.),JEY,Other,JEY010,Saint Peter,Jersey (U.K.),JEY,Other,False,2.5341,True,False
JEY009,Saint Ouen,Jersey (U.K.),JEY,Other,JEY010,Saint Peter,Jersey (U.K.),JEY,Other,False,4.7121,True,False
JEY012,Trinity,Jersey (U.K.),JEY,Other,JEY004,Saint Helier,Jersey (U.K.),JEY,Other,False,2.7248,True,False
JEY012,Trinity,Jersey (U.K.),JEY,Other,JEY011,Saint Saviour,Jersey (U.K.),JEY,Other,False,2.4365,True,False
JOR001,Ajloon,Jordan,JOR,MENA,JOR004,Balqa,Jordan,JOR,MENA,False,9.8042,False,False
JOR001,Ajloon,Jordan,JOR,MENA,JOR005,Irbid,Jordan,JOR,MENA,False,59.0374,False,False
JOR001,Ajloon,Jordan,JOR,MENA,JOR006,Jarash,Jordan,JOR,MENA,False,33.9792,False,False
JOR002,Amman,Jordan,JOR,MENA,JOR004,Balqa,Jordan,JOR,MENA,False,70.0119,False,False
JOR002,Amman,Jordan,JOR,MENA,JOR007,Karak,Jordan,JOR,MENA,False,43.2394,False,False
JOR002,Amman,Jordan,JOR,MENA,JOR008,Ma'an,Jordan,JOR,MENA,False,106.7531,False,False
JOR002,Amman,Jordan,JOR,MENA,JOR009,Madaba,Jordan,JOR,MENA,False,76.3865,False,False
JOR002,Amman,Jordan,JOR,MENA,JOR012,Zarqa,Jordan,JOR,MENA,False,151.9308,False,False
JOR002,Amman,Jordan,JOR,MENA,SAU004,Al Jawf,Saudi Arabia,SAU,MENA,True,37.8798,False,False
JOR003,Aqaba,Jordan,JOR,MENA,JOR008,Ma'an,Jordan,JOR,MENA,False,191.5065,False,False
JOR003,Aqaba,Jordan,JOR,MENA,JOR011,Tafiela,Jordan,JOR,MENA,False,27.023,False,False
JOR003,Aqaba,Jordan,JOR,MENA,SAU013,Tabūk,Saudi Arabia,SAU,MENA,True,80.514,False,False
JOR004,Balqa,Jordan,JOR,MENA,JOR005,Irbid,Jordan,JOR,MENA,False,4.3948,True,False
JOR004,Balqa,Jordan,JOR,MENA,JOR006,Jarash,Jordan,JOR,MENA,False,28.4385,False,False
JOR004,Balqa,Jordan,JOR,MENA,JOR009,Madaba,Jordan,JOR,MENA,False,12.7683,False,False
JOR004,Balqa,Jordan,JOR,MENA,PSE003,Ariha (Jericho),West Bank and Gaza,PSE,MENA,True,71.4933,False,False
JOR004,Balqa,Jordan,JOR,MENA,PSE015,Tubas,West Bank and Gaza,PSE,MENA,True,8.6822,False,False
JOR005,Irbid,Jordan,JOR,MENA,JOR006,Jarash,Jordan,JOR,MENA,False,15.0802,False,False
JOR005,Irbid,Jordan,JOR,MENA,JOR010,Mafraq,Jordan,JOR,MENA,False,25.4808,False,False
JOR005,Irbid,Jordan,JOR,MENA,PSE015,Tubas,West Bank and Gaza,PSE,MENA,True,21.9618,False,False
JOR005,Irbid,Jordan,JOR,MENA,SYR006,Dar`ā,Syrian Arab Republic,SYR,MENA,True,58.9925,False,False
JOR006,Jarash,Jordan,JOR,MENA,JOR010,Mafraq,Jordan,JOR,MENA,False,24.709,False,False
JOR007,Karak,Jordan,JOR,MENA,JOR008,Ma'an,Jordan,JOR,MENA,False,56.539,False,False
JOR007,Karak,Jordan,JOR,MENA,JOR009,Madaba,Jordan,JOR,MENA,False,26.9798,False,False
JOR008,Ma'an,Jordan,JOR,MENA,SAU004,Al Jawf,Saudi Arabia,SAU,MENA,True,191.5778,False,False
JOR008,Ma'an,Jordan,JOR,MENA,SAU013,Tabūk,Saudi Arabia,SAU,MENA,True,201.4615,False,False
JOR010,Mafraq,Jordan,JOR,MENA,SAU003,Al Ḥudūd ash Shamāliyah,Saudi Arabia,SAU,MENA,True,125.9884,False,False
JOR010,Mafraq,Jordan,JOR,MENA,SAU004,Al Jawf,Saudi Arabia,SAU,MENA,True,17.3989,False,False
JOR010,Mafraq,Jordan,JOR,MENA,SYR004,As Suwaydā',Syrian Arab Republic,SYR,MENA,True,104.2979,False,False
JOR010,Mafraq,Jordan,JOR,MENA,SYR006,Dar`ā,Syrian Arab Republic,SYR,MENA,True,52.8929,False,False
JOR010,Mafraq,Jordan,JOR,MENA,SYR013,Rif Dimashq,Syrian Arab Republic,SYR,MENA,True,151.6905,False,False
JOR011,Tafiela,Jordan,JOR,MENA,JOR007,Karak,Jordan,JOR,MENA,False,92.7465,False,False
JOR011,Tafiela,Jordan,JOR,MENA,JOR008,Ma'an,Jordan,JOR,MENA,False,74.0382,False,False
JOR012,Zarqa,Jordan,JOR,MENA,JOR004,Balqa,Jordan,JOR,MENA,False,14.5056,False,False
JOR012,Zarqa,Jordan,JOR,MENA,JOR006,Jarash,Jordan,JOR,MENA,False,19.996,False,False
JOR012,Zarqa,Jordan,JOR,MENA,JOR010,Mafraq,Jordan,JOR,MENA,False,208.3707,False,False
JOR012,Zarqa,Jordan,JOR,MENA,SAU004,Al Jawf,Saudi Arabia,SAU,MENA,True,78.4204,False,False
JPN001,Aiti,Japan,JPN,Other,JPN005,Gifu,Japan,JPN,Other,False,135.4663,False,False
JPN001,Aiti,Japan,JPN,Other,JPN022,Mie,Japan,JPN,Other,False,19.2429,False,False
JPN001,Aiti,Japan,JPN,Other,JPN025,Nagano,Japan,JPN,Other,False,41.0739,False,False
JPN001,Aiti,Japan,JPN,Other,JPN037,Sizuoka,Japan,JPN,Other,False,86.9332,False,False
JPN002,Akita,Japan,JPN,Other,JPN003,Aomori,Japan,JPN,Other,False,162.3325,False,False
JPN002,Akita,Japan,JPN,Other,JPN015,Iwate,Japan,JPN,Other,False,204.5217,False,False
JPN002,Akita,Japan,JPN,Other,JPN023,Miyagi,Japan,JPN,Other,False,26.0991,False,False
JPN002,Akita,Japan,JPN,Other,JPN045,Yamagata,Japan,JPN,Other,False,83.6212,False,False
JPN003,Aomori,Japan,JPN,Other,JPN015,Iwate,Japan,JPN,Other,False,87.6764,False,False
JPN004,Ehime,Japan,JPN,Other,JPN007,Hirosima,Japan,JPN,Other,False,44.8158,False,False
JPN004,Ehime,Japan,JPN,Other,JPN016,Kagawa,Japan,JPN,Other,False,47.7033,False,False
JPN004,Ehime,Japan,JPN,Other,JPN019,Kooti,Japan,JPN,Other,False,217.599,False,False
JPN004,Ehime,Japan,JPN,Other,JPN039,Tokusima,Japan,JPN,Other,False,18.6978,False,False
JPN005,Gifu,Japan,JPN,Other,JPN014,Isikawa,Japan,JPN,Other,False,30.4825,False,False
JPN005,Gifu,Japan,JPN,Other,JPN022,Mie,Japan,JPN,Other,False,40.7928,False,False
JPN005,Gifu,Japan,JPN,Other,JPN025,Nagano,Japan,JPN,Other,False,192.7485,False,False
JPN005,Gifu,Japan,JPN,Other,JPN035,Siga,Japan,JPN,Other,False,73.4032,False,False
JPN005,Gifu,Japan,JPN,Other,JPN043,Toyama,Japan,JPN,Other,False,121.5617,False,False
JPN006,Gunma,Japan,JPN,Other,JPN025,Nagano,Japan,JPN,Other,False,152.7308,False,False
JPN006,Gunma,Japan,JPN,Other,JPN028,Niigata,Japan,JPN,Other,False,91.6637,False,False
JPN006,Gunma,Japan,JPN,Other,JPN034,Saitama,Japan,JPN,Other,False,121.4365,False,False
JPN006,Gunma,Japan,JPN,Other,JPN041,Totigi,Japan,JPN,Other,False,136.6581,False,False
JPN007,Hirosima,Japan,JPN,Other,JPN016,Kagawa,Japan,JPN,Other,False,14.7249,False,False
JPN007,Hirosima,Japan,JPN,Other,JPN029,Okayama,Japan,JPN,Other,False,103.8807,False,False
JPN007,Hirosima,Japan,JPN,Other,JPN036,Simane,Japan,JPN,Other,False,191.9928,False,False
JPN007,Hirosima,Japan,JPN,Other,JPN042,Tottori,Japan,JPN,Other,False,15.2206,False,False
JPN007,Hirosima,Japan,JPN,Other,JPN046,Yamaguti,Japan,JPN,Other,False,47.5844,False,False
JPN009,Hukui,Japan,JPN,Other,JPN005,Gifu,Japan,JPN,Other,False,112.3436,False,False
JPN009,Hukui,Japan,JPN,Other,JPN014,Isikawa,Japan,JPN,Other,False,65.6247,False,False
JPN009,Hukui,Japan,JPN,Other,JPN021,Kyooto,Japan,JPN,Other,False,52.1603,False,False
JPN009,Hukui,Japan,JPN,Other,JPN035,Siga,Japan,JPN,Other,False,95.6479,False,False
JPN010,Hukuoka,Japan,JPN,Other,JPN020,Kumamoto,Japan,JPN,Other,False,62.2183,False,False
JPN010,Hukuoka,Japan,JPN,Other,JPN031,Ooita,Japan,JPN,Other,False,98.9011,False,False
JPN010,Hukuoka,Japan,JPN,Other,JPN033,Saga,Japan,JPN,Other,False,108.296,False,False
JPN011,Hukusima,Japan,JPN,Other,JPN006,Gunma,Japan,JPN,Other,False,17.3002,False,False
JPN011,Hukusima,Japan,JPN,Other,JPN013,Ibaraki,Japan,JPN,Other,False,79.17,False,False
JPN011,Hukusima,Japan,JPN,Other,JPN023,Miyagi,Japan,JPN,Other,False,102.3333,False,False
JPN011,Hukusima,Japan,JPN,Other,JPN028,Niigata,Japan,JPN,Other,False,154.9551,False,False
JPN011,Hukusima,Japan,JPN,Other,JPN041,Totigi,Japan,JPN,Other,False,115.0536,False,False
JPN011,Hukusima,Japan,JPN,Other,JPN045,Yamagata,Japan,JPN,Other,False,87.9493,False,False
JPN012,Hyoogo,Japan,JPN,Other,JPN016,Kagawa,Japan,JPN,Other,False,35.0817,False,False
JPN012,Hyoogo,Japan,JPN,Other,JPN021,Kyooto,Japan,JPN,Other,False,178.7875,False,False
JPN012,Hyoogo,Japan,JPN,Other,JPN029,Okayama,Japan,JPN,Other,False,97.9521,False,False
JPN012,Hyoogo,Japan,JPN,Other,JPN032,Oosaka,Japan,JPN,Other,False,38.5501,False,False
JPN012,Hyoogo,Japan,JPN,Other,JPN039,Tokusima,Japan,JPN,Other,False,21.3198,False,False
JPN012,Hyoogo,Japan,JPN,Other,JPN042,Tottori,Japan,JPN,Other,False,59.2352,False,False
JPN013,Ibaraki,Japan,JPN,Other,JPN034,Saitama,Japan,JPN,Other,False,18.4743,False,False
JPN013,Ibaraki,Japan,JPN,Other,JPN041,Totigi,Japan,JPN,Other,False,143.2174,False,False
JPN014,Isikawa,Japan,JPN,Other,JPN043,Toyama,Japan,JPN,Other,False,102.1922,False,False
JPN015,Iwate,Japan,JPN,Other,JPN023,Miyagi,Japan,JPN,Other,False,140.3423,False,False
JPN016,Kagawa,Japan,JPN,Other,JPN029,Okayama,Japan,JPN,Other,False,103.5281,False,False
JPN016,Kagawa,Japan,JPN,Other,JPN039,Tokusima,Japan,JPN,Other,False,117.7244,False,False
JPN017,Kagosima,Japan,JPN,Other,JPN024,Miyazaki,Japan,JPN,Other,False,116.1925,False,False
JPN018,Kanagawa,Japan,JPN,Other,JPN037,Sizuoka,Japan,JPN,Other,False,47.0277,False,False
JPN018,Kanagawa,Japan,JPN,Other,JPN040,Tookyoo,Japan,JPN,Other,False,102.2632,False,False
JPN018,Kanagawa,Japan,JPN,Other,JPN047,Yamanasi,Japan,JPN,Other,False,43.4526,False,False
JPN019,Kooti,Japan,JPN,Other,JPN039,Tokusima,Japan,JPN,Other,False,103.3093,False,False
JPN020,Kumamoto,Japan,JPN,Other,JPN017,Kagosima,Japan,JPN,Other,False,48.372,False,False
JPN020,Kumamoto,Japan,JPN,Other,JPN024,Miyazaki,Japan,JPN,Other,False,157.7318,False,False
JPN020,Kumamoto,Japan,JPN,Other,JPN031,Ooita,Japan,JPN,Other,False,104.1775,False,False
JPN021,Kyooto,Japan,JPN,Other,JPN022,Mie,Japan,JPN,Other,False,7.8525,False,False
JPN021,Kyooto,Japan,JPN,Other,JPN027,Nara,Japan,JPN,Other,False,46.7688,False,False
JPN021,Kyooto,Japan,JPN,Other,JPN032,Oosaka,Japan,JPN,Other,False,61.3643,False,False
JPN021,Kyooto,Japan,JPN,Other,JPN035,Siga,Japan,JPN,Other,False,97.801,False,False
JPN022,Mie,Japan,JPN,Other,JPN027,Nara,Japan,JPN,Other,False,145.5743,False,False
JPN022,Mie,Japan,JPN,Other,JPN035,Siga,Japan,JPN,Other,False,95.6624,False,False
JPN022,Mie,Japan,JPN,Other,JPN044,Wakayama,Japan,JPN,Other,False,64.4669,False,False
JPN023,Miyagi,Japan,JPN,Other,JPN045,Yamagata,Japan,JPN,Other,False,145.8687,False,False
JPN024,Miyazaki,Japan,JPN,Other,JPN031,Ooita,Japan,JPN,Other,False,79.8974,False,False
JPN025,Nagano,Japan,JPN,Other,JPN034,Saitama,Japan,JPN,Other,False,9.3469,False,False
JPN025,Nagano,Japan,JPN,Other,JPN037,Sizuoka,Japan,JPN,Other,False,87.7188,False,False
JPN025,Nagano,Japan,JPN,Other,JPN043,Toyama,Japan,JPN,Other,False,55.0546,False,False
JPN025,Nagano,Japan,JPN,Other,JPN047,Yamanasi,Japan,JPN,Other,False,101.2468,False,False
JPN026,Nagasaki,Japan,JPN,Other,JPN033,Saga,Japan,JPN,Other,False,78.0256,False,False
JPN027,Nara,Japan,JPN,Other,JPN032,Oosaka,Japan,JPN,Other,False,56.8963,False,False
JPN027,Nara,Japan,JPN,Other,JPN044,Wakayama,Japan,JPN,Other,False,140.5038,False,False
JPN028,Niigata,Japan,JPN,Other,JPN025,Nagano,Japan,JPN,Other,False,160.3299,False,False
JPN028,Niigata,Japan,JPN,Other,JPN043,Toyama,Japan,JPN,Other,False,29.907,False,False
JPN028,Niigata,Japan,JPN,Other,JPN045,Yamagata,Japan,JPN,Other,False,132.3983,False,False
JPN029,Okayama,Japan,JPN,Other,JPN042,Tottori,Japan,JPN,Other,False,178.8248,False,False
JPN032,Oosaka,Japan,JPN,Other,JPN044,Wakayama,Japan,JPN,Other,False,70.7329,False,False
JPN034,Saitama,Japan,JPN,Other,JPN040,Tookyoo,Japan,JPN,Other,False,126.8008,False,False
JPN034,Saitama,Japan,JPN,Other,JPN041,Totigi,Japan,JPN,Other,False,2.7221,True,False
JPN034,Saitama,Japan,JPN,Other,JPN047,Yamanasi,Japan,JPN,Other,False,24.3243,False,False
JPN036,Simane,Japan,JPN,Other,JPN042,Tottori,Japan,JPN,Other,False,73.1197,False,False
JPN036,Simane,Japan,JPN,Other,JPN046,Yamaguti,Japan,JPN,Other,False,106.768,False,False
JPN037,Sizuoka,Japan,JPN,Other,JPN047,Yamanasi,Japan,JPN,Other,False,151.787,False,False
JPN038,Tiba,Japan,JPN,Other,JPN013,Ibaraki,Japan,JPN,Other,False,130.3221,False,False
JPN038,Tiba,Japan,JPN,Other,JPN034,Saitama,Japan,JPN,Other,False,37.6737,False,False
JPN038,Tiba,Japan,JPN,Other,JPN040,Tookyoo,Japan,JPN,Other,False,14.9004,False,False
JPN040,Tookyoo,Japan,JPN,Other,JPN047,Yamanasi,Japan,JPN,Other,False,29.148,False,False
KAZ001,Akmolinskaya,Kazakhstan,KAZ,ECA,KAZ007,Karagandinskaya,Kazakhstan,KAZ,ECA,False,860.2817,False,False
KAZ001,Akmolinskaya,Kazakhstan,KAZ,ECA,KAZ008,Kustanayskaya,Kazakhstan,KAZ,ECA,False,481.8237,False,False
KAZ001,Akmolinskaya,Kazakhstan,KAZ,ECA,KAZ011,Pavlodarskaya,Kazakhstan,KAZ,ECA,False,215.3273,False,False
KAZ001,Akmolinskaya,Kazakhstan,KAZ,ECA,KAZ012,Severo-kazachstanskaya,Kazakhstan,KAZ,ECA,False,924.1903,False,False
KAZ002,Aktyubinskaya,Kazakhstan,KAZ,ECA,KAZ008,Kustanayskaya,Kazakhstan,KAZ,ECA,False,582.9385,False,False
KAZ002,Aktyubinskaya,Kazakhstan,KAZ,ECA,KAZ009,Kyzylordinskaya,Kazakhstan,KAZ,ECA,False,517.2174,False,False
KAZ002,Aktyubinskaya,Kazakhstan,KAZ,ECA,KAZ010,Mangistauskaya,Kazakhstan,KAZ,ECA,False,100.7303,False,False
KAZ002,Aktyubinskaya,Kazakhstan,KAZ,ECA,KAZ015,Zapadno-kazachstanskaya,Kazakhstan,KAZ,ECA,False,215.4494,False,False
KAZ002,Aktyubinskaya,Kazakhstan,KAZ,ECA,RUS056,Orenburgskaya Oblast,Russian Federation,RUS,ECA,True,1001.1953,False,False
KAZ002,Aktyubinskaya,Kazakhstan,KAZ,ECA,UZB005,Karakalpakstan,Uzbekistan,UZB,ECA,True,183.4444,False,False
KAZ003,Almatinskaya,Kazakhstan,KAZ,ECA,KAZ004,Almaty City area,Kazakhstan,KAZ,ECA,False,87.5695,False,False
KAZ003,Almatinskaya,Kazakhstan,KAZ,ECA,KAZ006,Jambylslkaya,Kazakhstan,KAZ,ECA,False,434.3984,False,False
KAZ003,Almatinskaya,Kazakhstan,KAZ,ECA,KAZ007,Karagandinskaya,Kazakhstan,KAZ,ECA,False,59.1657,False,False
KAZ003,Almatinskaya,Kazakhstan,KAZ,ECA,KAZ013,Vostochno-kazachstanskaya,Kazakhstan,KAZ,ECA,False,394.2588,False,False
KAZ003,Almatinskaya,Kazakhstan,KAZ,ECA,KGZ002,Chuy,Kyrgyz Republic,KGZ,ECA,True,160.0672,False,False
KAZ003,Almatinskaya,Kazakhstan,KAZ,ECA,KGZ007,Ysyk-Kol,Kyrgyz Republic,KGZ,ECA,True,353.7829,False,False
KAZ005,Atyrauskaya,Kazakhstan,KAZ,ECA,KAZ002,Aktyubinskaya,Kazakhstan,KAZ,ECA,False,537.9865,False,False
KAZ005,Atyrauskaya,Kazakhstan,KAZ,ECA,KAZ010,Mangistauskaya,Kazakhstan,KAZ,ECA,False,345.2765,False,False
KAZ005,Atyrauskaya,Kazakhstan,KAZ,ECA,KAZ015,Zapadno-kazachstanskaya,Kazakhstan,KAZ,ECA,False,640.5706,False,False
KAZ005,Atyrauskaya,Kazakhstan,KAZ,ECA,RUS007,Astrakhanskaya Oblast,Russian Federation,RUS,ECA,True,466.7757,False,False
KAZ006,Jambylslkaya,Kazakhstan,KAZ,ECA,KAZ014,Yujno-kazachstanskaya,Kazakhstan,KAZ,ECA,False,535.3815,False,False
KAZ006,Jambylslkaya,Kazakhstan,KAZ,ECA,KGZ002,Chuy,Kyrgyz Republic,KGZ,ECA,True,349.7192,False,False
KAZ006,Jambylslkaya,Kazakhstan,KAZ,ECA,KGZ006,Talas,Kyrgyz Republic,KGZ,ECA,True,334.1178,False,False
KAZ007,Karagandinskaya,Kazakhstan,KAZ,ECA,KAZ002,Aktyubinskaya,Kazakhstan,KAZ,ECA,False,164.4971,False,False
KAZ007,Karagandinskaya,Kazakhstan,KAZ,ECA,KAZ006,Jambylslkaya,Kazakhstan,KAZ,ECA,False,364.0822,False,False
KAZ007,Karagandinskaya,Kazakhstan,KAZ,ECA,KAZ008,Kustanayskaya,Kazakhstan,KAZ,ECA,False,501.953,False,False
KAZ007,Karagandinskaya,Kazakhstan,KAZ,ECA,KAZ009,Kyzylordinskaya,Kazakhstan,KAZ,ECA,False,419.3469,False,False
KAZ007,Karagandinskaya,Kazakhstan,KAZ,ECA,KAZ014,Yujno-kazachstanskaya,Kazakhstan,KAZ,ECA,False,144.4124,False,False
KAZ008,Kustanayskaya,Kazakhstan,KAZ,ECA,RUS013,Chelyabinskaya Oblast,Russian Federation,RUS,ECA,True,876.6383,False,False
KAZ008,Kustanayskaya,Kazakhstan,KAZ,ECA,RUS040,Kurganskaya Oblast,Russian Federation,RUS,ECA,True,295.1103,False,False
KAZ008,Kustanayskaya,Kazakhstan,KAZ,ECA,RUS056,Orenburgskaya Oblast,Russian Federation,RUS,ECA,True,215.8572,False,False
KAZ009,Kyzylordinskaya,Kazakhstan,KAZ,ECA,KAZ014,Yujno-kazachstanskaya,Kazakhstan,KAZ,ECA,False,634.1773,False,False
KAZ009,Kyzylordinskaya,Kazakhstan,KAZ,ECA,UZB005,Karakalpakstan,Uzbekistan,UZB,ECA,True,323.0659,False,False
KAZ009,Kyzylordinskaya,Kazakhstan,KAZ,ECA,UZB009,Navoiy,Uzbekistan,UZB,ECA,True,450.4235,False,False
KAZ010,Mangistauskaya,Kazakhstan,KAZ,ECA,TKM002,Balkan,Turkmenistan,TKM,ECA,True,414.1991,False,False
KAZ010,Mangistauskaya,Kazakhstan,KAZ,ECA,UZB005,Karakalpakstan,Uzbekistan,UZB,ECA,True,466.7901,False,False
KAZ011,Pavlodarskaya,Kazakhstan,KAZ,ECA,KAZ007,Karagandinskaya,Kazakhstan,KAZ,ECA,False,569.6046,False,False
KAZ011,Pavlodarskaya,Kazakhstan,KAZ,ECA,RUS004,Altayskiy Kray,Russian Federation,RUS,ECA,True,207.9791,False,False
KAZ011,Pavlodarskaya,Kazakhstan,KAZ,ECA,RUS054,Novosibirskaya Oblast,Russian Federation,RUS,ECA,True,335.2878,False,False
KAZ011,Pavlodarskaya,Kazakhstan,KAZ,ECA,RUS055,Omskaya Oblast,Russian Federation,RUS,ECA,True,245.2195,False,False
KAZ012,Severo-kazachstanskaya,Kazakhstan,KAZ,ECA,KAZ008,Kustanayskaya,Kazakhstan,KAZ,ECA,False,350.3754,False,False
KAZ012,Severo-kazachstanskaya,Kazakhstan,KAZ,ECA,KAZ011,Pavlodarskaya,Kazakhstan,KAZ,ECA,False,269.5093,False,False
KAZ012,Severo-kazachstanskaya,Kazakhstan,KAZ,ECA,RUS040,Kurganskaya Oblast,Russian Federation,RUS,ECA,True,263.1686,False,False
KAZ012,Severo-kazachstanskaya,Kazakhstan,KAZ,ECA,RUS055,Omskaya Oblast,Russian Federation,RUS,ECA,True,761.5841,False,False
KAZ012,Severo-kazachstanskaya,Kazakhstan,KAZ,ECA,RUS079,Tyumenskaya Oblast,Russian Federation,RUS,ECA,True,182.3354,False,False
KAZ013,Vostochno-kazachstanskaya,Kazakhstan,KAZ,ECA,KAZ007,Karagandinskaya,Kazakhstan,KAZ,ECA,False,624.1962,False,False
KAZ013,Vostochno-kazachstanskaya,Kazakhstan,KAZ,ECA,KAZ011,Pavlodarskaya,Kazakhstan,KAZ,ECA,False,358.1191,False,False
KAZ013,Vostochno-kazachstanskaya,Kazakhstan,KAZ,ECA,RUS003,Altay Rep.,Russian Federation,RUS,ECA,True,519.3037,False,False
KAZ013,Vostochno-kazachstanskaya,Kazakhstan,KAZ,ECA,RUS004,Altayskiy Kray,Russian Federation,RUS,ECA,True,653.2161,False,False
KAZ014,Yujno-kazachstanskaya,Kazakhstan,KAZ,ECA,KGZ006,Talas,Kyrgyz Republic,KGZ,ECA,True,12.6939,False,False
KAZ014,Yujno-kazachstanskaya,Kazakhstan,KAZ,ECA,UZB004,Jizzakh,Uzbekistan,UZB,ECA,True,195.3426,False,False
KAZ014,Yujno-kazachstanskaya,Kazakhstan,KAZ,ECA,UZB009,Navoiy,Uzbekistan,UZB,ECA,True,191.1451,False,False
KAZ014,Yujno-kazachstanskaya,Kazakhstan,KAZ,ECA,UZB011,Sirdarya,Uzbekistan,UZB,ECA,True,93.5564,False,False
KAZ014,Yujno-kazachstanskaya,Kazakhstan,KAZ,ECA,UZB013,Tashkent,Uzbekistan,UZB,ECA,True,405.1749,False,False
KAZ015,Zapadno-kazachstanskaya,Kazakhstan,KAZ,ECA,RUS007,Astrakhanskaya Oblast,Russian Federation,RUS,ECA,True,74.7533,False,False
KAZ015,Zapadno-kazachstanskaya,Kazakhstan,KAZ,ECA,RUS056,Orenburgskaya Oblast,Russian Federation,RUS,ECA,True,665.5318,False,False
KAZ015,Zapadno-kazachstanskaya,Kazakhstan,KAZ,ECA,RUS066,Samarskaya Oblast,Russian Federation,RUS,ECA,True,1.2132,True,False
KAZ015,Zapadno-kazachstanskaya,Kazakhstan,KAZ,ECA,RUS068,Saratovskaya Oblast,Russian Federation,RUS,ECA,True,576.5103,False,False
KAZ015,Zapadno-kazachstanskaya,Kazakhstan,KAZ,ECA,RUS085,Volgogradskaya Oblast,Russian Federation,RUS,ECA,True,229.1285,False,False
KEN001,Baringo,Kenya,KEN,AFR,KEN005,Elgeyo-Marakwet,Kenya,KEN,AFR,False,167.0378,False,False
KEN001,Baringo,Kenya,KEN,AFR,KEN012,Kericho,Kenya,KEN,AFR,False,17.557,False,False
KEN001,Baringo,Kenya,KEN,AFR,KEN020,Laikipia,Kenya,KEN,AFR,False,100.1949,False,False
KEN001,Baringo,Kenya,KEN,AFR,KEN031,Nakuru,Kenya,KEN,AFR,False,161.8085,False,False
KEN001,Baringo,Kenya,KEN,AFR,KEN037,Samburu,Kenya,KEN,AFR,False,14.2534,False,False
KEN001,Baringo,Kenya,KEN,AFR,KEN043,Turkana,Kenya,KEN,AFR,False,113.9803,False,False
KEN001,Baringo,Kenya,KEN,AFR,KEN044,Uasin Gishu,Kenya,KEN,AFR,False,27.0668,False,False
KEN001,Baringo,Kenya,KEN,AFR,KEN047,West Pokot,Kenya,KEN,AFR,False,50.6997,False,False
KEN002,Bomet,Kenya,KEN,AFR,KEN012,Kericho,Kenya,KEN,AFR,False,109.5142,False,False
KEN002,Bomet,Kenya,KEN,AFR,KEN033,Narok,Kenya,KEN,AFR,False,135.4537,False,False
KEN002,Bomet,Kenya,KEN,AFR,KEN034,Nyamira,Kenya,KEN,AFR,False,40.9359,False,False
KEN003,Bungoma,Kenya,KEN,AFR,KEN004,Busia,Kenya,KEN,AFR,False,52.5597,False,False
KEN003,Bungoma,Kenya,KEN,AFR,KEN011,Kakamega,Kenya,KEN,AFR,False,142.0202,False,False
KEN003,Bungoma,Kenya,KEN,AFR,KEN042,Trans Nzoia,Kenya,KEN,AFR,False,80.0789,False,False
KEN003,Bungoma,Kenya,KEN,AFR,UGA012,Bududa,Uganda,UGA,AFR,True,9.4542,False,False
KEN003,Bungoma,Kenya,KEN,AFR,UGA018,Bukwo,Uganda,UGA,AFR,True,5.255,False,False
KEN003,Bungoma,Kenya,KEN,AFR,UGA061,Kween,Uganda,UGA,AFR,True,4.9278,True,False
KEN003,Bungoma,Kenya,KEN,AFR,UGA071,Manafwa,Uganda,UGA,AFR,True,39.6765,False,False
KEN004,Busia,Kenya,KEN,AFR,KEN011,Kakamega,Kenya,KEN,AFR,False,29.4414,False,False
KEN004,Busia,Kenya,KEN,AFR,KEN038,Siaya,Kenya,KEN,AFR,False,78.3471,False,False
KEN004,Busia,Kenya,KEN,AFR,UGA023,Busia,Uganda,UGA,AFR,True,50.1001,False,False
KEN004,Busia,Kenya,KEN,AFR,UGA071,Manafwa,Uganda,UGA,AFR,True,7.8111,False,False
KEN004,Busia,Kenya,KEN,AFR,UGA088,Namayingo,Uganda,UGA,AFR,True,1.5006,True,False
KEN004,Busia,Kenya,KEN,AFR,UGA108,Tororo,Uganda,UGA,AFR,True,35.8213,False,False
KEN005,Elgeyo-Marakwet,Kenya,KEN,AFR,KEN042,Trans Nzoia,Kenya,KEN,AFR,False,46.1695,False,False
KEN005,Elgeyo-Marakwet,Kenya,KEN,AFR,KEN044,Uasin Gishu,Kenya,KEN,AFR,False,144.0931,False,False
KEN005,Elgeyo-Marakwet,Kenya,KEN,AFR,KEN047,West Pokot,Kenya,KEN,AFR,False,71.2615,False,False
KEN006,Embu,Kenya,KEN,AFR,KEN015,Kirinyaga,Kenya,KEN,AFR,False,108.3035,False,False
KEN006,Embu,Kenya,KEN,AFR,KEN018,Kitui,Kenya,KEN,AFR,False,57.2857,False,False
KEN006,Embu,Kenya,KEN,AFR,KEN022,Machakos,Kenya,KEN,AFR,False,50.87,False,False
KEN006,Embu,Kenya,KEN,AFR,KEN041,Tharaka-Nithi,Kenya,KEN,AFR,False,101.0525,False,False
KEN007,Garissa,Kenya,KEN,AFR,KEN009,Isiolo,Kenya,KEN,AFR,False,185.9592,False,False
KEN007,Garissa,Kenya,KEN,AFR,KEN021,Lamu,Kenya,KEN,AFR,False,158.0538,False,False
KEN007,Garissa,Kenya,KEN,AFR,KEN040,Tana River,Kenya,KEN,AFR,False,332.6879,False,False
KEN007,Garissa,Kenya,KEN,AFR,KEN046,Wajir,Kenya,KEN,AFR,False,286.0258,False,False
KEN007,Garissa,Kenya,KEN,AFR,SOM010,Juba Hoose,Somalia,SOM,AFR,True,198.6838,False,False
KEN008,Homa Bay,Kenya,KEN,AFR,KEN012,Kericho,Kenya,KEN,AFR,False,2.7815,True,False
KEN008,Homa Bay,Kenya,KEN,AFR,KEN016,Kisii,Kenya,KEN,AFR,False,35.1054,False,False
KEN008,Homa Bay,Kenya,KEN,AFR,KEN017,Kisumu,Kenya,KEN,AFR,False,45.8954,False,False
KEN008,Homa Bay,Kenya,KEN,AFR,KEN027,Migori,Kenya,KEN,AFR,False,94.4534,False,False
KEN008,Homa Bay,Kenya,KEN,AFR,KEN034,Nyamira,Kenya,KEN,AFR,False,20.9692,False,False
KEN009,Isiolo,Kenya,KEN,AFR,KEN020,Laikipia,Kenya,KEN,AFR,False,114.1515,False,False
KEN009,Isiolo,Kenya,KEN,AFR,KEN025,Marsabit,Kenya,KEN,AFR,False,151.235,False,False
KEN009,Isiolo,Kenya,KEN,AFR,KEN026,Meru,Kenya,KEN,AFR,False,212.7006,False,False
KEN009,Isiolo,Kenya,KEN,AFR,KEN037,Samburu,Kenya,KEN,AFR,False,236.6446,False,False
KEN009,Isiolo,Kenya,KEN,AFR,KEN040,Tana River,Kenya,KEN,AFR,False,56.1043,False,False
KEN009,Isiolo,Kenya,KEN,AFR,KEN046,Wajir,Kenya,KEN,AFR,False,168.4424,False,False
KEN010,Kajiado,Kenya,KEN,AFR,KEN013,Kiambu,Kenya,KEN,AFR,False,34.6035,False,False
KEN010,Kajiado,Kenya,KEN,AFR,KEN023,Makueni,Kenya,KEN,AFR,False,190.3018,False,False
KEN010,Kajiado,Kenya,KEN,AFR,KEN030,Nairobi,Kenya,KEN,AFR,False,34.5952,False,False
KEN010,Kajiado,Kenya,KEN,AFR,KEN033,Narok,Kenya,KEN,AFR,False,161.5586,False,False
KEN010,Kajiado,Kenya,KEN,AFR,KEN039,Taita Taveta,Kenya,KEN,AFR,False,68.206,False,False
KEN010,Kajiado,Kenya,KEN,AFR,TZA001,Arusha,Tanzania,TZA,AFR,True,224.7008,False,False
KEN011,Kakamega,Kenya,KEN,AFR,KEN032,Nandi,Kenya,KEN,AFR,False,50.8435,False,False
KEN011,Kakamega,Kenya,KEN,AFR,KEN038,Siaya,Kenya,KEN,AFR,False,74.8751,False,False
KEN011,Kakamega,Kenya,KEN,AFR,KEN044,Uasin Gishu,Kenya,KEN,AFR,False,77.136,False,False
KEN011,Kakamega,Kenya,KEN,AFR,KEN045,Vihiga,Kenya,KEN,AFR,False,57.4001,False,False
KEN012,Kericho,Kenya,KEN,AFR,KEN017,Kisumu,Kenya,KEN,AFR,False,89.3736,False,False
KEN012,Kericho,Kenya,KEN,AFR,KEN032,Nandi,Kenya,KEN,AFR,False,37.9918,False,False
KEN012,Kericho,Kenya,KEN,AFR,KEN034,Nyamira,Kenya,KEN,AFR,False,29.1916,False,False
KEN012,Kericho,Kenya,KEN,AFR,KEN044,Uasin Gishu,Kenya,KEN,AFR,False,14.5617,False,False
KEN013,Kiambu,Kenya,KEN,AFR,KEN029,Murang'a,Kenya,KEN,AFR,False,98.2771,False,False
KEN013,Kiambu,Kenya,KEN,AFR,KEN030,Nairobi,Kenya,KEN,AFR,False,88.2216,False,False
KEN014,Kilifi,Kenya,KEN,AFR,KEN019,Kwale,Kenya,KEN,AFR,False,100.131,False,False
KEN014,Kilifi,Kenya,KEN,AFR,KEN028,Mombasa,Kenya,KEN,AFR,False,28.8079,False,False
KEN014,Kilifi,Kenya,KEN,AFR,KEN039,Taita Taveta,Kenya,KEN,AFR,False,57.2428,False,False
KEN015,Kirinyaga,Kenya,KEN,AFR,KEN029,Murang'a,Kenya,KEN,AFR,False,32.6439,False,False
KEN015,Kirinyaga,Kenya,KEN,AFR,KEN036,Nyeri,Kenya,KEN,AFR,False,67.5965,False,False
KEN016,Kisii,Kenya,KEN,AFR,KEN027,Migori,Kenya,KEN,AFR,False,37.3386,False,False
KEN016,Kisii,Kenya,KEN,AFR,KEN033,Narok,Kenya,KEN,AFR,False,42.9591,False,False
KEN016,Kisii,Kenya,KEN,AFR,KEN034,Nyamira,Kenya,KEN,AFR,False,71.4636,False,False
KEN017,Kisumu,Kenya,KEN,AFR,KEN032,Nandi,Kenya,KEN,AFR,False,87.2575,False,False
KEN017,Kisumu,Kenya,KEN,AFR,KEN038,Siaya,Kenya,KEN,AFR,False,26.1349,False,False
KEN017,Kisumu,Kenya,KEN,AFR,KEN045,Vihiga,Kenya,KEN,AFR,False,36.896,False,False
KEN018,Kitui,Kenya,KEN,AFR,KEN022,Machakos,Kenya,KEN,AFR,False,158.7777,False,False
KEN018,Kitui,Kenya,KEN,AFR,KEN023,Makueni,Kenya,KEN,AFR,False,220.1338,False,False
KEN018,Kitui,Kenya,KEN,AFR,KEN026,Meru,Kenya,KEN,AFR,False,15.5501,False,False
KEN018,Kitui,Kenya,KEN,AFR,KEN039,Taita Taveta,Kenya,KEN,AFR,False,75.8168,False,False
KEN018,Kitui,Kenya,KEN,AFR,KEN040,Tana River,Kenya,KEN,AFR,False,386.8132,False,False
KEN018,Kitui,Kenya,KEN,AFR,KEN041,Tharaka-Nithi,Kenya,KEN,AFR,False,76.0066,False,False
KEN019,Kwale,Kenya,KEN,AFR,KEN028,Mombasa,Kenya,KEN,AFR,False,19.4652,False,False
KEN019,Kwale,Kenya,KEN,AFR,KEN039,Taita Taveta,Kenya,KEN,AFR,False,129.5095,False,False
KEN019,Kwale,Kenya,KEN,AFR,TZA030,Tanga,Tanzania,TZA,AFR,True,102.5582,False,False
KEN020,Laikipia,Kenya,KEN,AFR,KEN026,Meru,Kenya,KEN,AFR,False,59.2139,False,False
KEN020,Laikipia,Kenya,KEN,AFR,KEN031,Nakuru,Kenya,KEN,AFR,False,25.2789,False,False
KEN020,Laikipia,Kenya,KEN,AFR,KEN035,Nyandarua,Kenya,KEN,AFR,False,110.1361,False,False
KEN020,Laikipia,Kenya,KEN,AFR,KEN036,Nyeri,Kenya,KEN,AFR,False,114.7005,False,False
KEN020,Laikipia,Kenya,KEN,AFR,KEN037,Samburu,Kenya,KEN,AFR,False,68.0885,False,False
KEN021,Lamu,Kenya,KEN,AFR,SOM010,Juba Hoose,Somalia,SOM,AFR,True,0.4927,True,True
KEN022,Machakos,Kenya,KEN,AFR,KEN010,Kajiado,Kenya,KEN,AFR,False,70.5185,False,False
KEN022,Machakos,Kenya,KEN,AFR,KEN013,Kiambu,Kenya,KEN,AFR,False,50.9608,False,False
KEN022,Machakos,Kenya,KEN,AFR,KEN023,Makueni,Kenya,KEN,AFR,False,155.6754,False,False
KEN022,Machakos,Kenya,KEN,AFR,KEN029,Murang'a,Kenya,KEN,AFR,False,62.8803,False,False
KEN022,Machakos,Kenya,KEN,AFR,KEN030,Nairobi,Kenya,KEN,AFR,False,57.5669,False,False
KEN023,Makueni,Kenya,KEN,AFR,KEN039,Taita Taveta,Kenya,KEN,AFR,False,87.7103,False,False
KEN024,Mandera,Kenya,KEN,AFR,KEN046,Wajir,Kenya,KEN,AFR,False,249.8649,False,False
KEN024,Mandera,Kenya,KEN,AFR,SOM007,Gedo,Somalia,SOM,AFR,True,235.4767,False,False
KEN025,Marsabit,Kenya,KEN,AFR,KEN037,Samburu,Kenya,KEN,AFR,False,269.4586,False,False
KEN025,Marsabit,Kenya,KEN,AFR,KEN043,Turkana,Kenya,KEN,AFR,False,91.9821,False,False
KEN025,Marsabit,Kenya,KEN,AFR,KEN046,Wajir,Kenya,KEN,AFR,False,190.1878,False,False
KEN026,Meru,Kenya,KEN,AFR,KEN036,Nyeri,Kenya,KEN,AFR,False,25.8021,False,False
KEN026,Meru,Kenya,KEN,AFR,KEN041,Tharaka-Nithi,Kenya,KEN,AFR,False,164.6634,False,False
KEN027,Migori,Kenya,KEN,AFR,KEN033,Narok,Kenya,KEN,AFR,False,56.1697,False,False
KEN027,Migori,Kenya,KEN,AFR,TZA001,Arusha,Tanzania,TZA,AFR,True,82.6887,False,False
KEN027,Migori,Kenya,KEN,AFR,TZA016,Mara,Tanzania,TZA,AFR,True,1.9515,True,False
KEN031,Nakuru,Kenya,KEN,AFR,KEN002,Bomet,Kenya,KEN,AFR,False,24.4543,False,False
KEN031,Nakuru,Kenya,KEN,AFR,KEN010,Kajiado,Kenya,KEN,AFR,False,26.3592,False,False
KEN031,Nakuru,Kenya,KEN,AFR,KEN012,Kericho,Kenya,KEN,AFR,False,86.254,False,False
KEN031,Nakuru,Kenya,KEN,AFR,KEN013,Kiambu,Kenya,KEN,AFR,False,32.941,False,False
KEN031,Nakuru,Kenya,KEN,AFR,KEN033,Narok,Kenya,KEN,AFR,False,200.2542,False,False
KEN031,Nakuru,Kenya,KEN,AFR,KEN035,Nyandarua,Kenya,KEN,AFR,False,153.4936,False,False
KEN032,Nandi,Kenya,KEN,AFR,KEN044,Uasin Gishu,Kenya,KEN,AFR,False,127.291,False,False
KEN032,Nandi,Kenya,KEN,AFR,KEN045,Vihiga,Kenya,KEN,AFR,False,41.703,False,False
KEN033,Narok,Kenya,KEN,AFR,TZA001,Arusha,Tanzania,TZA,AFR,True,161.8886,False,False
KEN035,Nyandarua,Kenya,KEN,AFR,KEN013,Kiambu,Kenya,KEN,AFR,False,42.0546,False,False
KEN035,Nyandarua,Kenya,KEN,AFR,KEN029,Murang'a,Kenya,KEN,AFR,False,23.3541,False,False
KEN035,Nyandarua,Kenya,KEN,AFR,KEN036,Nyeri,Kenya,KEN,AFR,False,64.9682,False,False
KEN036,Nyeri,Kenya,KEN,AFR,KEN029,Murang'a,Kenya,KEN,AFR,False,65.735,False,False
KEN037,Samburu,Kenya,KEN,AFR,KEN043,Turkana,Kenya,KEN,AFR,False,286.8501,False,False
KEN038,Siaya,Kenya,KEN,AFR,KEN045,Vihiga,Kenya,KEN,AFR,False,14.5296,False,False
KEN039,Taita Taveta,Kenya,KEN,AFR,TZA001,Arusha,Tanzania,TZA,AFR,True,22.437,False,False
KEN039,Taita Taveta,Kenya,KEN,AFR,TZA011,Kilimanjaro,Tanzania,TZA,AFR,True,147.9164,False,False
KEN039,Taita Taveta,Kenya,KEN,AFR,TZA030,Tanga,Tanzania,TZA,AFR,True,5.3622,False,False
KEN040,Tana River,Kenya,KEN,AFR,KEN014,Kilifi,Kenya,KEN,AFR,False,167.7792,False,False
KEN040,Tana River,Kenya,KEN,AFR,KEN021,Lamu,Kenya,KEN,AFR,False,100.3334,False,False
KEN040,Tana River,Kenya,KEN,AFR,KEN039,Taita Taveta,Kenya,KEN,AFR,False,24.3005,False,False
KEN042,Trans Nzoia,Kenya,KEN,AFR,KEN011,Kakamega,Kenya,KEN,AFR,False,14.2524,False,False
KEN042,Trans Nzoia,Kenya,KEN,AFR,KEN044,Uasin Gishu,Kenya,KEN,AFR,False,41.2464,False,False
KEN042,Trans Nzoia,Kenya,KEN,AFR,KEN047,West Pokot,Kenya,KEN,AFR,False,48.311,False,False
KEN042,Trans Nzoia,Kenya,KEN,AFR,UGA018,Bukwo,Uganda,UGA,AFR,True,34.0897,False,False
KEN043,Turkana,Kenya,KEN,AFR,KEN047,West Pokot,Kenya,KEN,AFR,False,195.7932,False,False
KEN043,Turkana,Kenya,KEN,AFR,SSD002,Eastern Equatoria,South Sudan,SSD,AFR,True,80.0256,False,False
KEN043,Turkana,Kenya,KEN,AFR,UGA036,Kaabong,Uganda,UGA,AFR,True,220.3949,False,False
KEN043,Turkana,Kenya,KEN,AFR,UGA080,Moroto,Uganda,UGA,AFR,True,104.9759,False,False
KEN046,Wajir,Kenya,KEN,AFR,SOM007,Gedo,Somalia,SOM,AFR,True,176.625,False,False
KEN046,Wajir,Kenya,KEN,AFR,SOM010,Juba Hoose,Somalia,SOM,AFR,True,69.7262,False,False
KEN047,West Pokot,Kenya,KEN,AFR,UGA006,Amudat,Uganda,UGA,AFR,True,121.6947,False,False
KEN047,West Pokot,Kenya,KEN,AFR,UGA018,Bukwo,Uganda,UGA,AFR,True,12.3565,False,False
KEN047,West Pokot,Kenya,KEN,AFR,UGA080,Moroto,Uganda,UGA,AFR,True,22.0811,False,False
KGZ001,Batken,Kyrgyz Republic,KGZ,ECA,KGZ005,Osh,Kyrgyz Republic,KGZ,ECA,False,237.0041,False,False
KGZ001,Batken,Kyrgyz Republic,KGZ,ECA,TJK002,Cities and districts of the republican subordination,Tajikistan,TJK,ECA,True,118.7075,False,False
KGZ001,Batken,Kyrgyz Republic,KGZ,ECA,TJK005,Sughd Province,Tajikistan,TJK,ECA,True,566.604,False,False
KGZ001,Batken,Kyrgyz Republic,KGZ,ECA,UZB003,Fergana,Uzbekistan,UZB,ECA,True,365.7814,False,False
KGZ002,Chuy,Kyrgyz Republic,KGZ,ECA,KGZ003,Jalal-Abad,Kyrgyz Republic,KGZ,ECA,False,76.3092,False,False
KGZ002,Chuy,Kyrgyz Republic,KGZ,ECA,KGZ004,Naryn,Kyrgyz Republic,KGZ,ECA,False,276.0416,False,False
KGZ002,Chuy,Kyrgyz Republic,KGZ,ECA,KGZ006,Talas,Kyrgyz Republic,KGZ,ECA,False,114.4224,False,False
KGZ003,Jalal-Abad,Kyrgyz Republic,KGZ,ECA,KGZ004,Naryn,Kyrgyz Republic,KGZ,ECA,False,333.507,False,False
KGZ003,Jalal-Abad,Kyrgyz Republic,KGZ,ECA,KGZ005,Osh,Kyrgyz Republic,KGZ,ECA,False,184.2039,False,False
KGZ003,Jalal-Abad,Kyrgyz Republic,KGZ,ECA,KGZ006,Talas,Kyrgyz Republic,KGZ,ECA,False,209.9171,False,False
KGZ003,Jalal-Abad,Kyrgyz Republic,KGZ,ECA,UZB001,Andijan,Uzbekistan,UZB,ECA,True,115.4773,False,False
KGZ003,Jalal-Abad,Kyrgyz Republic,KGZ,ECA,UZB008,Namangan,Uzbekistan,UZB,ECA,True,367.769,False,False
KGZ003,Jalal-Abad,Kyrgyz Republic,KGZ,ECA,UZB013,Tashkent,Uzbekistan,UZB,ECA,True,200.5857,False,False
KGZ004,Naryn,Kyrgyz Republic,KGZ,ECA,KGZ005,Osh,Kyrgyz Republic,KGZ,ECA,False,112.4561,False,False
KGZ005,Osh,Kyrgyz Republic,KGZ,ECA,TJK001,Badakhshan Autonomous Mountainous Region,Tajikistan,TJK,ECA,True,166.4146,False,False
KGZ005,Osh,Kyrgyz Republic,KGZ,ECA,TJK002,Cities and districts of the republican subordination,Tajikistan,TJK,ECA,True,136.2768,False,False
KGZ005,Osh,Kyrgyz Republic,KGZ,ECA,UZB001,Andijan,Uzbekistan,UZB,ECA,True,189.1507,False,False
KGZ005,Osh,Kyrgyz Republic,KGZ,ECA,UZB003,Fergana,Uzbekistan,UZB,ECA,True,40.9717,False,False
KGZ006,Talas,Kyrgyz Republic,KGZ,ECA,UZB013,Tashkent,Uzbekistan,UZB,ECA,True,38.5646,False,False
KGZ007,Ysyk-Kol,Kyrgyz Republic,KGZ,ECA,KGZ002,Chuy,Kyrgyz Republic,KGZ,ECA,False,178.7139,False,False
KGZ007,Ysyk-Kol,Kyrgyz Republic,KGZ,ECA,KGZ004,Naryn,Kyrgyz Republic,KGZ,ECA,False,441.3686,False,False
KHM001,Banteay Meanchey,Cambodia,KHM,EAP,KHM002,Battambang,Cambodia,KHM,EAP,False,136.5708,False,False
KHM001,Banteay Meanchey,Cambodia,KHM,EAP,KHM013,Oddar Meanchey,Cambodia,KHM,EAP,False,93.4055,False,False
KHM001,Banteay Meanchey,Cambodia,KHM,EAP,KHM020,Siemreap,Cambodia,KHM,EAP,False,103.2651,False,False
KHM001,Banteay Meanchey,Cambodia,KHM,EAP,THA004,Buriram,Thailand,THA,EAP,True,18.2374,False,False
KHM001,Banteay Meanchey,Cambodia,KHM,EAP,THA054,Sa Kaeo,Thailand,THA,EAP,True,143.8282,False,False
KHM002,Battambang,Cambodia,KHM,EAP,KHM000,Under National Administration,Cambodia,KHM,EAP,False,32.7182,False,False
KHM002,Battambang,Cambodia,KHM,EAP,KHM014,Pailin,Cambodia,KHM,EAP,False,113.2093,False,False
KHM002,Battambang,Cambodia,KHM,EAP,KHM018,Pursat,Cambodia,KHM,EAP,False,200.3938,False,False
KHM002,Battambang,Cambodia,KHM,EAP,KHM020,Siemreap,Cambodia,KHM,EAP,False,42.0671,False,False
KHM002,Battambang,Cambodia,KHM,EAP,THA008,Chanthaburi,Thailand,THA,EAP,True,51.2583,False,False
KHM002,Battambang,Cambodia,KHM,EAP,THA054,Sa Kaeo,Thailand,THA,EAP,True,22.3993,False,False
KHM002,Battambang,Cambodia,KHM,EAP,THA069,Trad,Thailand,THA,EAP,True,57.4502,False,False
KHM003,Kampong Cham,Cambodia,KHM,EAP,KHM004,Kampong Chhnang,Cambodia,KHM,EAP,False,50.9539,False,False
KHM003,Kampong Cham,Cambodia,KHM,EAP,KHM006,Kampong Thom,Cambodia,KHM,EAP,False,170.4578,False,False
KHM003,Kampong Cham,Cambodia,KHM,EAP,KHM008,Kandal,Cambodia,KHM,EAP,False,70.044,False,False
KHM003,Kampong Cham,Cambodia,KHM,EAP,KHM011,Kratie,Cambodia,KHM,EAP,False,29.8663,False,False
KHM003,Kampong Cham,Cambodia,KHM,EAP,KHM017,Prey Veng,Cambodia,KHM,EAP,False,44.1194,False,False
KHM003,Kampong Cham,Cambodia,KHM,EAP,KHM025,Tboung Khmum,Cambodia,KHM,EAP,False,81.9568,False,False
KHM004,Kampong Chhnang,Cambodia,KHM,EAP,KHM000,Under National Administration,Cambodia,KHM,EAP,False,49.0352,False,False
KHM004,Kampong Chhnang,Cambodia,KHM,EAP,KHM005,Kampong Speu,Cambodia,KHM,EAP,False,95.1761,False,False
KHM004,Kampong Chhnang,Cambodia,KHM,EAP,KHM006,Kampong Thom,Cambodia,KHM,EAP,False,92.6681,False,False
KHM004,Kampong Chhnang,Cambodia,KHM,EAP,KHM008,Kandal,Cambodia,KHM,EAP,False,19.3817,False,False
KHM004,Kampong Chhnang,Cambodia,KHM,EAP,KHM018,Pursat,Cambodia,KHM,EAP,False,65.8803,False,False
KHM005,Kampong Speu,Cambodia,KHM,EAP,KHM007,Kampot,Cambodia,KHM,EAP,False,46.9072,False,False
KHM005,Kampong Speu,Cambodia,KHM,EAP,KHM008,Kandal,Cambodia,KHM,EAP,False,78.8739,False,False
KHM005,Kampong Speu,Cambodia,KHM,EAP,KHM010,Koh Kong,Cambodia,KHM,EAP,False,83.1484,False,False
KHM005,Kampong Speu,Cambodia,KHM,EAP,KHM018,Pursat,Cambodia,KHM,EAP,False,68.882,False,False
KHM005,Kampong Speu,Cambodia,KHM,EAP,KHM021,Preah Sihanouk,Cambodia,KHM,EAP,False,37.3158,False,False
KHM005,Kampong Speu,Cambodia,KHM,EAP,KHM024,Takeo,Cambodia,KHM,EAP,False,64.409,False,False
KHM006,Kampong Thom,Cambodia,KHM,EAP,KHM000,Under National Administration,Cambodia,KHM,EAP,False,26.1991,False,False
KHM006,Kampong Thom,Cambodia,KHM,EAP,KHM011,Kratie,Cambodia,KHM,EAP,False,93.7164,False,False
KHM006,Kampong Thom,Cambodia,KHM,EAP,KHM016,Preah Vihear,Cambodia,KHM,EAP,False,150.4081,False,False
KHM006,Kampong Thom,Cambodia,KHM,EAP,KHM020,Siemreap,Cambodia,KHM,EAP,False,77.8391,False,False
KHM006,Kampong Thom,Cambodia,KHM,EAP,KHM022,Stung Treng,Cambodia,KHM,EAP,False,27.6812,False,False
KHM007,Kampot,Cambodia,KHM,EAP,KHM009,Kep,Cambodia,KHM,EAP,False,25.2678,False,False
KHM007,Kampot,Cambodia,KHM,EAP,KHM021,Preah Sihanouk,Cambodia,KHM,EAP,False,89.1847,False,False
KHM007,Kampot,Cambodia,KHM,EAP,KHM024,Takeo,Cambodia,KHM,EAP,False,109.5102,False,False
KHM007,Kampot,Cambodia,KHM,EAP,VNM033,Kien Giang,Viet Nam,VNM,EAP,True,41.4936,False,False
KHM008,Kandal,Cambodia,KHM,EAP,KHM015,Phnom Penh,Cambodia,KHM,EAP,False,165.487,False,False
KHM008,Kandal,Cambodia,KHM,EAP,KHM017,Prey Veng,Cambodia,KHM,EAP,False,113.6264,False,False
KHM008,Kandal,Cambodia,KHM,EAP,KHM024,Takeo,Cambodia,KHM,EAP,False,90.6127,False,False
KHM008,Kandal,Cambodia,KHM,EAP,VNM001,An Giang,Viet Nam,VNM,EAP,True,28.7107,False,False
KHM010,Koh Kong,Cambodia,KHM,EAP,KHM018,Pursat,Cambodia,KHM,EAP,False,161.3078,False,False
KHM010,Koh Kong,Cambodia,KHM,EAP,KHM021,Preah Sihanouk,Cambodia,KHM,EAP,False,83.4629,False,False
KHM010,Koh Kong,Cambodia,KHM,EAP,THA069,Trad,Thailand,THA,EAP,True,48.9691,False,False
KHM011,Kratie,Cambodia,KHM,EAP,KHM012,Mondul Kiri,Cambodia,KHM,EAP,False,219.8669,False,False
KHM011,Kratie,Cambodia,KHM,EAP,KHM022,Stung Treng,Cambodia,KHM,EAP,False,115.9041,False,False
KHM011,Kratie,Cambodia,KHM,EAP,KHM025,Tboung Khmum,Cambodia,KHM,EAP,False,147.4,False,False
KHM011,Kratie,Cambodia,KHM,EAP,VNM010,Binh Phuoc,Viet Nam,VNM,EAP,True,71.023,False,False
KHM012,Mondul Kiri,Cambodia,KHM,EAP,KHM019,Ratanak Kiri,Cambodia,KHM,EAP,False,160.7654,False,False
KHM012,Mondul Kiri,Cambodia,KHM,EAP,KHM022,Stung Treng,Cambodia,KHM,EAP,False,32.3988,False,False
KHM012,Mondul Kiri,Cambodia,KHM,EAP,VNM010,Binh Phuoc,Viet Nam,VNM,EAP,True,77.2498,False,False
KHM012,Mondul Kiri,Cambodia,KHM,EAP,VNM016,Dac Lac,Viet Nam,VNM,EAP,True,68.5298,False,False
KHM012,Mondul Kiri,Cambodia,KHM,EAP,VNM017,Dac Nong,Viet Nam,VNM,EAP,True,117.7019,False,False
KHM013,Oddar Meanchey,Cambodia,KHM,EAP,KHM016,Preah Vihear,Cambodia,KHM,EAP,False,59.7112,False,False
KHM013,Oddar Meanchey,Cambodia,KHM,EAP,KHM020,Siemreap,Cambodia,KHM,EAP,False,136.4205,False,False
KHM013,Oddar Meanchey,Cambodia,KHM,EAP,THA004,Buriram,Thailand,THA,EAP,True,30.5141,False,False
KHM013,Oddar Meanchey,Cambodia,KHM,EAP,THA061,Si Saket,Thailand,THA,EAP,True,62.3565,False,False
KHM013,Oddar Meanchey,Cambodia,KHM,EAP,THA067,Surin,Thailand,THA,EAP,True,129.4692,False,False
KHM014,Pailin,Cambodia,KHM,EAP,THA008,Chanthaburi,Thailand,THA,EAP,True,33.8131,False,False
KHM014,Pailin,Cambodia,KHM,EAP,THA069,Trad,Thailand,THA,EAP,True,12.2018,False,False
KHM016,Preah Vihear,Cambodia,KHM,EAP,KHM020,Siemreap,Cambodia,KHM,EAP,False,128.1598,False,False
KHM016,Preah Vihear,Cambodia,KHM,EAP,KHM022,Stung Treng,Cambodia,KHM,EAP,False,104.5042,False,False
KHM016,Preah Vihear,Cambodia,KHM,EAP,LAO004,Champasak,Lao People's Democratic Republic,LAO,EAP,True,131.6029,False,False
KHM016,Preah Vihear,Cambodia,KHM,EAP,THA061,Si Saket,Thailand,THA,EAP,True,72.499,False,False
KHM016,Preah Vihear,Cambodia,KHM,EAP,THA071,Ubon Ratchathani,Thailand,THA,EAP,True,66.5465,False,False
KHM017,Prey Veng,Cambodia,KHM,EAP,KHM023,Svay Rieng,Cambodia,KHM,EAP,False,95.9954,False,False
KHM017,Prey Veng,Cambodia,KHM,EAP,KHM025,Tboung Khmum,Cambodia,KHM,EAP,False,62.1434,False,False
KHM017,Prey Veng,Cambodia,KHM,EAP,VNM020,Dong Thap,Viet Nam,VNM,EAP,True,38.9009,False,False
KHM017,Prey Veng,Cambodia,KHM,EAP,VNM039,Long An,Viet Nam,VNM,EAP,True,13.0931,False,False
KHM017,Prey Veng,Cambodia,KHM,EAP,VNM053,Tay Ninh,Viet Nam,VNM,EAP,True,0.3329,True,True
KHM018,Pursat,Cambodia,KHM,EAP,KHM000,Under National Administration,Cambodia,KHM,EAP,False,131.5721,False,False
KHM018,Pursat,Cambodia,KHM,EAP,THA069,Trad,Thailand,THA,EAP,True,50.9808,False,False
KHM019,Ratanak Kiri,Cambodia,KHM,EAP,KHM022,Stung Treng,Cambodia,KHM,EAP,False,156.4542,False,False
KHM019,Ratanak Kiri,Cambodia,KHM,EAP,LAO001,Attapu,Lao People's Democratic Republic,LAO,EAP,True,161.696,False,False
KHM019,Ratanak Kiri,Cambodia,KHM,EAP,VNM021,Gia Lai,Viet Nam,VNM,EAP,True,80.1026,False,False
KHM019,Ratanak Kiri,Cambodia,KHM,EAP,VNM034,Kon Tum,Viet Nam,VNM,EAP,True,127.5605,False,False
KHM020,Siemreap,Cambodia,KHM,EAP,KHM000,Under National Administration,Cambodia,KHM,EAP,False,24.8417,False,False
KHM022,Stung Treng,Cambodia,KHM,EAP,LAO001,Attapu,Lao People's Democratic Republic,LAO,EAP,True,86.6565,False,False
KHM022,Stung Treng,Cambodia,KHM,EAP,LAO004,Champasak,Lao People's Democratic Republic,LAO,EAP,True,164.3651,False,False
KHM023,Svay Rieng,Cambodia,KHM,EAP,VNM039,Long An,Viet Nam,VNM,EAP,True,125.4104,False,False
KHM023,Svay Rieng,Cambodia,KHM,EAP,VNM053,Tay Ninh,Viet Nam,VNM,EAP,True,117.4189,False,False
KHM024,Takeo,Cambodia,KHM,EAP,VNM001,An Giang,Viet Nam,VNM,EAP,True,64.5304,False,False
KHM024,Takeo,Cambodia,KHM,EAP,VNM033,Kien Giang,Viet Nam,VNM,EAP,True,7.3488,False,False
KHM025,Tboung Khmum,Cambodia,KHM,EAP,VNM010,Binh Phuoc,Viet Nam,VNM,EAP,True,43.3847,False,False
KHM025,Tboung Khmum,Cambodia,KHM,EAP,VNM053,Tay Ninh,Viet Nam,VNM,EAP,True,99.2322,False,False
KNA001,Christ Church Nichola Town,Saint Kitts and Nevis,KNA,LCR,KNA006,Saint John Capisterre,Saint Kitts and Nevis,KNA,LCR,False,5.2299,False,False
KNA001,Christ Church Nichola Town,Saint Kitts and Nevis,KNA,LCR,KNA008,Saint Mary Cayon,Saint Kitts and Nevis,KNA,LCR,False,4.9786,True,False
KNA001,Christ Church Nichola Town,Saint Kitts and Nevis,KNA,LCR,KNA013,Saint Thomas Middle Island,Saint Kitts and Nevis,KNA,LCR,False,3.7928,True,False
KNA001,Christ Church Nichola Town,Saint Kitts and Nevis,KNA,LCR,KNA014,Trinity Palmetto Point,Saint Kitts and Nevis,KNA,LCR,False,0.872,True,True
KNA002,Saint Anne Sandy Point,Saint Kitts and Nevis,KNA,LCR,KNA009,Saint Paul Capisterre,Saint Kitts and Nevis,KNA,LCR,False,5.6775,False,False
KNA002,Saint Anne Sandy Point,Saint Kitts and Nevis,KNA,LCR,KNA013,Saint Thomas Middle Island,Saint Kitts and Nevis,KNA,LCR,False,4.6726,True,False
KNA003,Saint George Basseterre,Saint Kitts and Nevis,KNA,LCR,KNA011,Saint Peter Basseterre,Saint Kitts and Nevis,KNA,LCR,False,10.7383,False,False
KNA003,Saint George Basseterre,Saint Kitts and Nevis,KNA,LCR,KNA014,Trinity Palmetto Point,Saint Kitts and Nevis,KNA,LCR,False,4.9601,True,False
KNA004,Saint George Gingerland,Saint Kitts and Nevis,KNA,LCR,KNA005,Saint James Windward,Saint Kitts and Nevis,KNA,LCR,False,5.0827,False,False
KNA004,Saint George Gingerland,Saint Kitts and Nevis,KNA,LCR,KNA007,Saint John Figtree,Saint Kitts and Nevis,KNA,LCR,False,5.3378,False,False
KNA005,Saint James Windward,Saint Kitts and Nevis,KNA,LCR,KNA012,Saint Thomas Lowland,Saint Kitts and Nevis,KNA,LCR,False,6.0292,False,False
KNA006,Saint John Capisterre,Saint Kitts and Nevis,KNA,LCR,KNA009,Saint Paul Capisterre,Saint Kitts and Nevis,KNA,LCR,False,5.3563,False,False
KNA006,Saint John Capisterre,Saint Kitts and Nevis,KNA,LCR,KNA013,Saint Thomas Middle Island,Saint Kitts and Nevis,KNA,LCR,False,2.3325,True,False
KNA007,Saint John Figtree,Saint Kitts and Nevis,KNA,LCR,KNA010,Saint Paul Charlestown,Saint Kitts and Nevis,KNA,LCR,False,5.7426,False,False
KNA008,Saint Mary Cayon,Saint Kitts and Nevis,KNA,LCR,KNA011,Saint Peter Basseterre,Saint Kitts and Nevis,KNA,LCR,False,5.1602,False,False
KNA008,Saint Mary Cayon,Saint Kitts and Nevis,KNA,LCR,KNA014,Trinity Palmetto Point,Saint Kitts and Nevis,KNA,LCR,False,0.5864,True,True
KNA010,Saint Paul Charlestown,Saint Kitts and Nevis,KNA,LCR,KNA012,Saint Thomas Lowland,Saint Kitts and Nevis,KNA,LCR,False,5.005,False,False
KNA011,Saint Peter Basseterre,Saint Kitts and Nevis,KNA,LCR,KNA014,Trinity Palmetto Point,Saint Kitts and Nevis,KNA,LCR,False,0.9418,True,True
KNA013,Saint Thomas Middle Island,Saint Kitts and Nevis,KNA,LCR,KNA014,Trinity Palmetto Point,Saint Kitts and Nevis,KNA,LCR,False,3.7384,True,False
KOR002,Chollabuk-do,Republic of Korea,KOR,EAP,KOR003,Chollanam-do,Republic of Korea,KOR,EAP,False,164.1524,False,False
KOR002,Chollabuk-do,Republic of Korea,KOR,EAP,KOR010,Kyongsangbuk-do,Republic of Korea,KOR,EAP,False,14.7478,False,False
KOR002,Chollabuk-do,Republic of Korea,KOR,EAP,KOR011,Kyongsangnam-do,Republic of Korea,KOR,EAP,False,87.3325,False,False
KOR003,Chollanam-do,Republic of Korea,KOR,EAP,KOR008,Kwangju,Republic of Korea,KOR,EAP,False,47.5466,False,False
KOR003,Chollanam-do,Republic of Korea,KOR,EAP,KOR011,Kyongsangnam-do,Republic of Korea,KOR,EAP,False,45.4849,False,False
KOR004,Chungchongbuk-do,Republic of Korea,KOR,EAP,KOR002,Chollabuk-do,Republic of Korea,KOR,EAP,False,31.1608,False,False
KOR004,Chungchongbuk-do,Republic of Korea,KOR,EAP,KOR005,Chungchongnam-do,Republic of Korea,KOR,EAP,False,108.6889,False,False
KOR004,Chungchongbuk-do,Republic of Korea,KOR,EAP,KOR007,Kang-won-do,Republic of Korea,KOR,EAP,False,143.0394,False,False
KOR004,Chungchongbuk-do,Republic of Korea,KOR,EAP,KOR009,Kyonggi-do,Republic of Korea,KOR,EAP,False,54.4134,False,False
KOR004,Chungchongbuk-do,Republic of Korea,KOR,EAP,KOR010,Kyongsangbuk-do,Republic of Korea,KOR,EAP,False,237.163,False,False
KOR004,Chungchongbuk-do,Republic of Korea,KOR,EAP,KOR015,Taejon,Republic of Korea,KOR,EAP,False,52.3366,False,False
KOR005,Chungchongnam-do,Republic of Korea,KOR,EAP,KOR002,Chollabuk-do,Republic of Korea,KOR,EAP,False,110.6812,False,False
KOR005,Chungchongnam-do,Republic of Korea,KOR,EAP,KOR009,Kyonggi-do,Republic of Korea,KOR,EAP,False,46.5541,False,False
KOR005,Chungchongnam-do,Republic of Korea,KOR,EAP,KOR015,Taejon,Republic of Korea,KOR,EAP,False,83.5932,False,False
KOR006,Inchon,Republic of Korea,KOR,EAP,KOR009,Kyonggi-do,Republic of Korea,KOR,EAP,False,37.7899,False,False
KOR007,Kang-won-do,Republic of Korea,KOR,EAP,KOR010,Kyongsangbuk-do,Republic of Korea,KOR,EAP,False,149.258,False,False
KOR007,Kang-won-do,Republic of Korea,KOR,EAP,PRK007,Kangwon-do,D. P. R. of Korea,PRK,Other,True,174.7523,False,False
KOR009,Kyonggi-do,Republic of Korea,KOR,EAP,KOR007,Kang-won-do,Republic of Korea,KOR,EAP,False,224.9429,False,False
KOR009,Kyonggi-do,Republic of Korea,KOR,EAP,KOR013,Seoul,Republic of Korea,KOR,EAP,False,125.5755,False,False
KOR009,Kyonggi-do,Republic of Korea,KOR,EAP,PRK006,Kaesong-si,D. P. R. of Korea,PRK,Other,True,58.9927,False,False
KOR009,Kyonggi-do,Republic of Korea,KOR,EAP,PRK007,Kangwon-do,D. P. R. of Korea,PRK,Other,True,3.4992,True,False
KOR010,Kyongsangbuk-do,Republic of Korea,KOR,EAP,KOR011,Kyongsangnam-do,Republic of Korea,KOR,EAP,False,196.3055,False,False
KOR010,Kyongsangbuk-do,Republic of Korea,KOR,EAP,KOR014,Taegu,Republic of Korea,KOR,EAP,False,99.2245,False,False
KOR011,Kyongsangnam-do,Republic of Korea,KOR,EAP,KOR012,Pusan,Republic of Korea,KOR,EAP,False,41.2539,False,False
KWT001,Al Ahmadi,Kuwait,KWT,MENA,KWT002,Al Farwaniyah,Kuwait,KWT,MENA,False,25.6611,False,False
KWT001,Al Ahmadi,Kuwait,KWT,MENA,KWT003,Al Jahrah,Kuwait,KWT,MENA,False,55.0212,False,False
KWT001,Al Ahmadi,Kuwait,KWT,MENA,KWT005,Hawalli,Kuwait,KWT,MENA,False,6.2459,False,False
KWT001,Al Ahmadi,Kuwait,KWT,MENA,SAU008,Ash Sharqīyah,Saudi Arabia,SAU,MENA,True,130.2799,False,False
KWT002,Al Farwaniyah,Kuwait,KWT,MENA,KWT003,Al Jahrah,Kuwait,KWT,MENA,False,6.9199,False,False
KWT002,Al Farwaniyah,Kuwait,KWT,MENA,KWT004,Al Kuwayt,Kuwait,KWT,MENA,False,14.4736,False,False
KWT002,Al Farwaniyah,Kuwait,KWT,MENA,KWT005,Hawalli,Kuwait,KWT,MENA,False,14.4805,False,False
KWT003,Al Jahrah,Kuwait,KWT,MENA,SAU008,Ash Sharqīyah,Saudi Arabia,SAU,MENA,True,91.0258,False,False
KWT005,Hawalli,Kuwait,KWT,MENA,KWT004,Al Kuwayt,Kuwait,KWT,MENA,False,5.9101,False,False
LAO001,Attapu,Lao People's Democratic Republic,LAO,EAP,LAO004,Champasak,Lao People's Democratic Republic,LAO,EAP,False,252.7641,False,False
LAO001,Attapu,Lao People's Democratic Republic,LAO,EAP,LAO017,Xékong,Lao People's Democratic Republic,LAO,EAP,False,160.7431,False,False
LAO001,Attapu,Lao People's Democratic Republic,LAO,EAP,VNM034,Kon Tum,Viet Nam,VNM,EAP,True,68.4002,False,False
LAO002,Bokeo,Lao People's Democratic Republic,LAO,EAP,LAO007,Louang Namtha,Lao People's Democratic Republic,LAO,EAP,False,118.3198,False,False
LAO002,Bokeo,Lao People's Democratic Republic,LAO,EAP,LAO009,Oudômxai,Lao People's Democratic Republic,LAO,EAP,False,113.6062,False,False
LAO002,Bokeo,Lao People's Democratic Republic,LAO,EAP,LAO015,Xaignabouri,Lao People's Democratic Republic,LAO,EAP,False,40.9683,False,False
LAO002,Bokeo,Lao People's Democratic Republic,LAO,EAP,THA010,Chiang Rai,Thailand,THA,EAP,True,146.2066,False,False
LAO003,Bolikhamxai,Lao People's Democratic Republic,LAO,EAP,LAO006,Khammouan,Lao People's Democratic Republic,LAO,EAP,False,181.1398,False,False
LAO003,Bolikhamxai,Lao People's Democratic Republic,LAO,EAP,LAO013,Vientiane,Lao People's Democratic Republic,LAO,EAP,False,21.6062,False,False
LAO003,Bolikhamxai,Lao People's Democratic Republic,LAO,EAP,LAO014,Vientiane [prefecture],Lao People's Democratic Republic,LAO,EAP,False,36.7755,False,False
LAO003,Bolikhamxai,Lao People's Democratic Republic,LAO,EAP,LAO016,Xaisômboun,Lao People's Democratic Republic,LAO,EAP,False,195.7297,False,False
LAO003,Bolikhamxai,Lao People's Democratic Republic,LAO,EAP,LAO018,Xiangkhoang,Lao People's Democratic Republic,LAO,EAP,False,81.3758,False,False
LAO003,Bolikhamxai,Lao People's Democratic Republic,LAO,EAP,THA027,Nakhon Phanom,Thailand,THA,EAP,True,18.7811,False,False
LAO003,Bolikhamxai,Lao People's Democratic Republic,LAO,EAP,THA034,Nong Khai,Thailand,THA,EAP,True,166.1582,False,False
LAO003,Bolikhamxai,Lao People's Democratic Republic,LAO,EAP,VNM024,Ha Tinh,Viet Nam,VNM,EAP,True,61.0445,False,False
LAO003,Bolikhamxai,Lao People's Democratic Republic,LAO,EAP,VNM041,Nghe An,Viet Nam,VNM,EAP,True,156.1622,False,False
LAO004,Champasak,Lao People's Democratic Republic,LAO,EAP,LAO011,Saravan,Lao People's Democratic Republic,LAO,EAP,False,119.71,False,False
LAO004,Champasak,Lao People's Democratic Republic,LAO,EAP,LAO017,Xékong,Lao People's Democratic Republic,LAO,EAP,False,63.6367,False,False
LAO004,Champasak,Lao People's Democratic Republic,LAO,EAP,THA071,Ubon Ratchathani,Thailand,THA,EAP,True,239.441,False,False
LAO005,Houaphan,Lao People's Democratic Republic,LAO,EAP,LAO008,Louangphrabang,Lao People's Democratic Republic,LAO,EAP,False,141.7576,False,False
LAO005,Houaphan,Lao People's Democratic Republic,LAO,EAP,LAO018,Xiangkhoang,Lao People's Democratic Republic,LAO,EAP,False,229.9154,False,False
LAO005,Houaphan,Lao People's Democratic Republic,LAO,EAP,VNM041,Nghe An,Viet Nam,VNM,EAP,True,139.0362,False,False
LAO005,Houaphan,Lao People's Democratic Republic,LAO,EAP,VNM052,Son La,Viet Nam,VNM,EAP,True,226.3094,False,False
LAO005,Houaphan,Lao People's Democratic Republic,LAO,EAP,VNM056,Thanh Hoa,Viet Nam,VNM,EAP,True,201.1658,False,False
LAO006,Khammouan,Lao People's Democratic Republic,LAO,EAP,LAO012,Savannakhét,Lao People's Democratic Republic,LAO,EAP,False,304.2032,False,False
LAO006,Khammouan,Lao People's Democratic Republic,LAO,EAP,THA027,Nakhon Phanom,Thailand,THA,EAP,True,132.114,False,False
LAO006,Khammouan,Lao People's Democratic Republic,LAO,EAP,VNM024,Ha Tinh,Viet Nam,VNM,EAP,True,96.1028,False,False
LAO006,Khammouan,Lao People's Democratic Republic,LAO,EAP,VNM046,Quang Binh,Viet Nam,VNM,EAP,True,186.2929,False,False
LAO007,Louang Namtha,Lao People's Democratic Republic,LAO,EAP,LAO009,Oudômxai,Lao People's Democratic Republic,LAO,EAP,False,183.0453,False,False
LAO008,Louangphrabang,Lao People's Democratic Republic,LAO,EAP,LAO009,Oudômxai,Lao People's Democratic Republic,LAO,EAP,False,169.4349,False,False
LAO008,Louangphrabang,Lao People's Democratic Republic,LAO,EAP,LAO010,Phôngsali,Lao People's Democratic Republic,LAO,EAP,False,88.3952,False,False
LAO008,Louangphrabang,Lao People's Democratic Republic,LAO,EAP,LAO013,Vientiane,Lao People's Democratic Republic,LAO,EAP,False,136.6146,False,False
LAO008,Louangphrabang,Lao People's Democratic Republic,LAO,EAP,LAO015,Xaignabouri,Lao People's Democratic Republic,LAO,EAP,False,137.8769,False,False
LAO008,Louangphrabang,Lao People's Democratic Republic,LAO,EAP,LAO016,Xaisômboun,Lao People's Democratic Republic,LAO,EAP,False,39.7719,False,False
LAO008,Louangphrabang,Lao People's Democratic Republic,LAO,EAP,LAO018,Xiangkhoang,Lao People's Democratic Republic,LAO,EAP,False,142.3022,False,False
LAO008,Louangphrabang,Lao People's Democratic Republic,LAO,EAP,VNM018,Dien Bien,Viet Nam,VNM,EAP,True,55.1142,False,False
LAO008,Louangphrabang,Lao People's Democratic Republic,LAO,EAP,VNM052,Son La,Viet Nam,VNM,EAP,True,32.8022,False,False
LAO009,Oudômxai,Lao People's Democratic Republic,LAO,EAP,LAO010,Phôngsali,Lao People's Democratic Republic,LAO,EAP,False,85.4876,False,False
LAO009,Oudômxai,Lao People's Democratic Republic,LAO,EAP,LAO015,Xaignabouri,Lao People's Democratic Republic,LAO,EAP,False,122.9306,False,False
LAO010,Phôngsali,Lao People's Democratic Republic,LAO,EAP,VNM018,Dien Bien,Viet Nam,VNM,EAP,True,332.2603,False,False
LAO011,Saravan,Lao People's Democratic Republic,LAO,EAP,LAO012,Savannakhét,Lao People's Democratic Republic,LAO,EAP,False,258.7466,False,False
LAO011,Saravan,Lao People's Democratic Republic,LAO,EAP,LAO017,Xékong,Lao People's Democratic Republic,LAO,EAP,False,197.3968,False,False
LAO011,Saravan,Lao People's Democratic Republic,LAO,EAP,THA071,Ubon Ratchathani,Thailand,THA,EAP,True,92.2206,False,False
LAO011,Saravan,Lao People's Democratic Republic,LAO,EAP,VNM050,Quang Tri,Viet Nam,VNM,EAP,True,67.9752,False,False
LAO011,Saravan,Lao People's Democratic Republic,LAO,EAP,VNM057,Thua Thien-Hue,Viet Nam,VNM,EAP,True,28.6949,False,False
LAO012,Savannakhét,Lao People's Democratic Republic,LAO,EAP,THA001,Amnat Charoen,Thailand,THA,EAP,True,23.7073,False,False
LAO012,Savannakhét,Lao People's Democratic Republic,LAO,EAP,THA024,Mukdahan,Thailand,THA,EAP,True,72.4,False,False
LAO012,Savannakhét,Lao People's Democratic Republic,LAO,EAP,THA027,Nakhon Phanom,Thailand,THA,EAP,True,16.6993,False,False
LAO012,Savannakhét,Lao People's Democratic Republic,LAO,EAP,THA071,Ubon Ratchathani,Thailand,THA,EAP,True,43.0452,False,False
LAO012,Savannakhét,Lao People's Democratic Republic,LAO,EAP,VNM046,Quang Binh,Viet Nam,VNM,EAP,True,21.1512,False,False
LAO012,Savannakhét,Lao People's Democratic Republic,LAO,EAP,VNM050,Quang Tri,Viet Nam,VNM,EAP,True,105.2546,False,False
LAO013,Vientiane,Lao People's Democratic Republic,LAO,EAP,LAO014,Vientiane [prefecture],Lao People's Democratic Republic,LAO,EAP,False,174.6541,False,False
LAO013,Vientiane,Lao People's Democratic Republic,LAO,EAP,LAO015,Xaignabouri,Lao People's Democratic Republic,LAO,EAP,False,178.9107,False,False
LAO013,Vientiane,Lao People's Democratic Republic,LAO,EAP,LAO016,Xaisômboun,Lao People's Democratic Republic,LAO,EAP,False,111.9625,False,False
LAO013,Vientiane,Lao People's Democratic Republic,LAO,EAP,THA020,Loei,Thailand,THA,EAP,True,82.9195,False,False
LAO014,Vientiane [prefecture],Lao People's Democratic Republic,LAO,EAP,THA020,Loei,Thailand,THA,EAP,True,17.7282,False,False
LAO014,Vientiane [prefecture],Lao People's Democratic Republic,LAO,EAP,THA034,Nong Khai,Thailand,THA,EAP,True,168.4798,False,False
LAO015,Xaignabouri,Lao People's Democratic Republic,LAO,EAP,THA010,Chiang Rai,Thailand,THA,EAP,True,8.1791,False,False
LAO015,Xaignabouri,Lao People's Democratic Republic,LAO,EAP,THA020,Loei,Thailand,THA,EAP,True,134.7802,False,False
LAO015,Xaignabouri,Lao People's Democratic Republic,LAO,EAP,THA031,Nan,Thailand,THA,EAP,True,318.5321,False,False
LAO015,Xaignabouri,Lao People's Democratic Republic,LAO,EAP,THA041,Phayao,Thailand,THA,EAP,True,28.7701,False,False
LAO015,Xaignabouri,Lao People's Democratic Republic,LAO,EAP,THA045,Phitsanulok,Thailand,THA,EAP,True,24.8718,False,False
LAO015,Xaignabouri,Lao People's Democratic Republic,LAO,EAP,THA074,Uttaradit,Thailand,THA,EAP,True,113.7381,False,False
LAO017,Xékong,Lao People's Democratic Republic,LAO,EAP,VNM034,Kon Tum,Viet Nam,VNM,EAP,True,75.4851,False,False
LAO017,Xékong,Lao People's Democratic Republic,LAO,EAP,VNM047,Quang Nam,Viet Nam,VNM,EAP,True,145.8003,False,False
LAO017,Xékong,Lao People's Democratic Republic,LAO,EAP,VNM057,Thua Thien-Hue,Viet Nam,VNM,EAP,True,54.9978,False,False
LAO018,Xiangkhoang,Lao People's Democratic Republic,LAO,EAP,LAO016,Xaisômboun,Lao People's Democratic Republic,LAO,EAP,False,156.0507,False,False
LAO018,Xiangkhoang,Lao People's Democratic Republic,LAO,EAP,VNM041,Nghe An,Viet Nam,VNM,EAP,True,145.831,False,False
LBN001,Akkar,Lebanon,LBN,MENA,LBN002,Baalbek-Hermel,Lebanon,LBN,MENA,False,28.3475,False,False
LBN001,Akkar,Lebanon,LBN,MENA,LBN007,North,Lebanon,LBN,MENA,False,27.5574,False,False
LBN001,Akkar,Lebanon,LBN,MENA,SYR009,Ḥimṣ,Syrian Arab Republic,SYR,MENA,True,73.1536,False,False
LBN001,Akkar,Lebanon,LBN,MENA,SYR014,Ţarţūs,Syrian Arab Republic,SYR,MENA,True,20.1613,False,False
LBN002,Baalbek-Hermel,Lebanon,LBN,MENA,LBN004,Bekaa,Lebanon,LBN,MENA,False,37.2953,False,False
LBN002,Baalbek-Hermel,Lebanon,LBN,MENA,LBN005,Mount Lebanon,Lebanon,LBN,MENA,False,29.7414,False,False
LBN002,Baalbek-Hermel,Lebanon,LBN,MENA,LBN007,North,Lebanon,LBN,MENA,False,45.6444,False,False
LBN002,Baalbek-Hermel,Lebanon,LBN,MENA,SYR009,Ḥimṣ,Syrian Arab Republic,SYR,MENA,True,62.6477,False,False
LBN002,Baalbek-Hermel,Lebanon,LBN,MENA,SYR013,Rif Dimashq,Syrian Arab Republic,SYR,MENA,True,122.732,False,False
LBN003,Beirut,Lebanon,LBN,MENA,LBN005,Mount Lebanon,Lebanon,LBN,MENA,False,9.3514,False,False
LBN004,Bekaa,Lebanon,LBN,MENA,LBN005,Mount Lebanon,Lebanon,LBN,MENA,False,84.6402,False,False
LBN004,Bekaa,Lebanon,LBN,MENA,LBN006,Nabatiye,Lebanon,LBN,MENA,False,40.9737,False,False
LBN004,Bekaa,Lebanon,LBN,MENA,LBN008,South,Lebanon,LBN,MENA,False,13.7948,False,False
LBN004,Bekaa,Lebanon,LBN,MENA,SYR012,Quneitra,Syrian Arab Republic,SYR,MENA,True,5.3917,False,False
LBN004,Bekaa,Lebanon,LBN,MENA,SYR013,Rif Dimashq,Syrian Arab Republic,SYR,MENA,True,89.0499,False,False
LBN005,Mount Lebanon,Lebanon,LBN,MENA,LBN007,North,Lebanon,LBN,MENA,False,47.1245,False,False
LBN008,South,Lebanon,LBN,MENA,LBN005,Mount Lebanon,Lebanon,LBN,MENA,False,41.381,False,False
LBN008,South,Lebanon,LBN,MENA,LBN006,Nabatiye,Lebanon,LBN,MENA,False,168.138,False,False
LBR001,Bomi,Liberia,LBR,AFR,LBR003,Gbarpolu,Liberia,LBR,AFR,False,66.9589,False,False
LBR001,Bomi,Liberia,LBR,AFR,LBR005,Grand Cape Mount,Liberia,LBR,AFR,False,40.8997,False,False
LBR001,Bomi,Liberia,LBR,AFR,LBR011,Montserrado,Liberia,LBR,AFR,False,117.1953,False,False
LBR002,Bong,Liberia,LBR,AFR,LBR001,Bomi,Liberia,LBR,AFR,False,3.9111,True,False
LBR002,Bong,Liberia,LBR,AFR,LBR003,Gbarpolu,Liberia,LBR,AFR,False,122.0719,False,False
LBR002,Bong,Liberia,LBR,AFR,LBR004,Grand Bassa,Liberia,LBR,AFR,False,159.3447,False,False
LBR002,Bong,Liberia,LBR,AFR,LBR008,Lofa,Liberia,LBR,AFR,False,55.7811,False,False
LBR002,Bong,Liberia,LBR,AFR,LBR009,Margibi,Liberia,LBR,AFR,False,102.4711,False,False
LBR002,Bong,Liberia,LBR,AFR,LBR011,Montserrado,Liberia,LBR,AFR,False,17.2869,False,False
LBR003,Gbarpolu,Liberia,LBR,AFR,LBR008,Lofa,Liberia,LBR,AFR,False,242.1303,False,False
LBR003,Gbarpolu,Liberia,LBR,AFR,SLE001,Eastern,Sierra Leone,SLE,AFR,True,67.8236,False,False
LBR004,Grand Bassa,Liberia,LBR,AFR,LBR009,Margibi,Liberia,LBR,AFR,False,128.2114,False,False
LBR004,Grand Bassa,Liberia,LBR,AFR,LBR014,Rivercess,Liberia,LBR,AFR,False,186.7915,False,False
LBR005,Grand Cape Mount,Liberia,LBR,AFR,LBR003,Gbarpolu,Liberia,LBR,AFR,False,120.2649,False,False
LBR005,Grand Cape Mount,Liberia,LBR,AFR,SLE001,Eastern,Sierra Leone,SLE,AFR,True,44.2304,False,False
LBR005,Grand Cape Mount,Liberia,LBR,AFR,SLE004,Southern,Sierra Leone,SLE,AFR,True,79.3488,False,False
LBR006,Grand Gedeh,Liberia,LBR,AFR,CIV031,Montagnes,Côte d'Ivoire,CIV,AFR,True,320.7816,False,False
LBR006,Grand Gedeh,Liberia,LBR,AFR,LBR012,Nimba,Liberia,LBR,AFR,False,150.8259,False,False
LBR006,Grand Gedeh,Liberia,LBR,AFR,LBR013,River Gee,Liberia,LBR,AFR,False,111.7084,False,False
LBR006,Grand Gedeh,Liberia,LBR,AFR,LBR014,Rivercess,Liberia,LBR,AFR,False,1.1221,True,False
LBR006,Grand Gedeh,Liberia,LBR,AFR,LBR015,Sinoe,Liberia,LBR,AFR,False,159.8214,False,False
LBR007,Grand Kru,Liberia,LBR,AFR,LBR015,Sinoe,Liberia,LBR,AFR,False,71.6745,False,False
LBR008,Lofa,Liberia,LBR,AFR,SLE001,Eastern,Sierra Leone,SLE,AFR,True,100.4243,False,False
LBR009,Margibi,Liberia,LBR,AFR,LBR011,Montserrado,Liberia,LBR,AFR,False,109.7774,False,False
LBR010,Maryland,Liberia,LBR,AFR,LBR007,Grand Kru,Liberia,LBR,AFR,False,98.784,False,False
LBR010,Maryland,Liberia,LBR,AFR,LBR013,River Gee,Liberia,LBR,AFR,False,96.3909,False,False
LBR012,Nimba,Liberia,LBR,AFR,LBR002,Bong,Liberia,LBR,AFR,False,92.1641,False,False
LBR012,Nimba,Liberia,LBR,AFR,LBR004,Grand Bassa,Liberia,LBR,AFR,False,14.7077,False,False
LBR012,Nimba,Liberia,LBR,AFR,LBR014,Rivercess,Liberia,LBR,AFR,False,128.5523,False,False
LBR013,River Gee,Liberia,LBR,AFR,LBR007,Grand Kru,Liberia,LBR,AFR,False,36.3014,False,False
LBR013,River Gee,Liberia,LBR,AFR,LBR015,Sinoe,Liberia,LBR,AFR,False,69.5123,False,False
LBR014,Rivercess,Liberia,LBR,AFR,LBR015,Sinoe,Liberia,LBR,AFR,False,104.0778,False,False
LBY001,Ajdabiya (agedabia),Libya,LBY,MENA,LBY003,Al Fatah,Libya,LBY,MENA,False,38.5382,False,False
LBY001,Ajdabiya (agedabia),Libya,LBY,MENA,LBY004,Al Jabal Al Akhdar,Libya,LBY,MENA,False,38.4746,False,False
LBY001,Ajdabiya (agedabia),Libya,LBY,MENA,LBY005,Al Jufrah,Libya,LBY,MENA,False,216.541,False,False
LBY001,Ajdabiya (agedabia),Libya,LBY,MENA,LBY007,Al Kufrah,Libya,LBY,MENA,False,578.6224,False,False
LBY001,Ajdabiya (agedabia),Libya,LBY,MENA,LBY011,Banghazi,Libya,LBY,MENA,False,124.9715,False,False
LBY001,Ajdabiya (agedabia),Libya,LBY,MENA,LBY012,Darnah,Libya,LBY,MENA,False,98.3174,False,False
LBY001,Ajdabiya (agedabia),Libya,LBY,MENA,LBY020,Surt (sirte),Libya,LBY,MENA,False,213.6944,False,False
LBY001,Ajdabiya (agedabia),Libya,LBY,MENA,LBY023,Tubruq (tobruk),Libya,LBY,MENA,False,491.2262,False,False
LBY002,Al Aziziyah,Libya,LBY,MENA,LBY010,Az Zawia (azzawiya),Libya,LBY,MENA,False,60.2567,False,False
LBY002,Al Aziziyah,Libya,LBY,MENA,LBY014,Gharyan,Libya,LBY,MENA,False,41.5297,False,False
LBY002,Al Aziziyah,Libya,LBY,MENA,LBY021,Tarhunah,Libya,LBY,MENA,False,2.2623,True,False
LBY002,Al Aziziyah,Libya,LBY,MENA,LBY022,Tripoli (tarabulus),Libya,LBY,MENA,False,48.0573,False,False
LBY003,Al Fatah,Libya,LBY,MENA,LBY004,Al Jabal Al Akhdar,Libya,LBY,MENA,False,210.2907,False,False
LBY003,Al Fatah,Libya,LBY,MENA,LBY011,Banghazi,Libya,LBY,MENA,False,244.8906,False,False
LBY005,Al Jufrah,Libya,LBY,MENA,LBY007,Al Kufrah,Libya,LBY,MENA,False,111.8072,False,False
LBY005,Al Jufrah,Libya,LBY,MENA,LBY016,Murzuq,Libya,LBY,MENA,False,378.2572,False,False
LBY005,Al Jufrah,Libya,LBY,MENA,LBY018,Sabha,Libya,LBY,MENA,False,89.9021,False,False
LBY006,Al Khoms,Libya,LBY,MENA,LBY021,Tarhunah,Libya,LBY,MENA,False,61.5733,False,False
LBY006,Al Khoms,Libya,LBY,MENA,LBY022,Tripoli (tarabulus),Libya,LBY,MENA,False,21.1288,False,False
LBY006,Al Khoms,Libya,LBY,MENA,LBY025,Zeleitin (zliten),Libya,LBY,MENA,False,33.3216,False,False
LBY007,Al Kufrah,Libya,LBY,MENA,LBY016,Murzuq,Libya,LBY,MENA,False,448.9691,False,False
LBY007,Al Kufrah,Libya,LBY,MENA,SDN008,Northern Darfur,Sudan,SDN,AFR,True,159.9983,False,False
LBY007,Al Kufrah,Libya,LBY,MENA,TCD005,Ennedi Est,Chad,TCD,AFR,True,198.4481,False,False
LBY007,Al Kufrah,Libya,LBY,MENA,TCD006,Ennedi Ouest,Chad,TCD,AFR,True,157.3234,False,False
LBY007,Al Kufrah,Libya,LBY,MENA,TCD021,Tibesti,Chad,TCD,AFR,True,214.2774,False,False
LBY008,Ash Shati,Libya,LBY,MENA,LBY005,Al Jufrah,Libya,LBY,MENA,False,274.6892,False,False
LBY008,Ash Shati,Libya,LBY,MENA,LBY009,Awbari (ubari),Libya,LBY,MENA,False,559.4146,False,False
LBY008,Ash Shati,Libya,LBY,MENA,LBY013,Ghadamis,Libya,LBY,MENA,False,238.837,False,False
LBY008,Ash Shati,Libya,LBY,MENA,LBY014,Gharyan,Libya,LBY,MENA,False,331.2512,False,False
LBY008,Ash Shati,Libya,LBY,MENA,LBY018,Sabha,Libya,LBY,MENA,False,201.4565,False,False
LBY009,Awbari (ubari),Libya,LBY,MENA,LBY016,Murzuq,Libya,LBY,MENA,False,437.7673,False,False
LBY009,Awbari (ubari),Libya,LBY,MENA,LBY018,Sabha,Libya,LBY,MENA,False,109.5441,False,False
LBY010,Az Zawia (azzawiya),Libya,LBY,MENA,LBY014,Gharyan,Libya,LBY,MENA,False,12.5681,False,False
LBY010,Az Zawia (azzawiya),Libya,LBY,MENA,LBY017,Nuqat Al Khams,Libya,LBY,MENA,False,91.811,False,False
LBY010,Az Zawia (azzawiya),Libya,LBY,MENA,LBY022,Tripoli (tarabulus),Libya,LBY,MENA,False,17.2317,False,False
LBY010,Az Zawia (azzawiya),Libya,LBY,MENA,LBY024,Yafran (yefren),Libya,LBY,MENA,False,79.2551,False,False
LBY012,Darnah,Libya,LBY,MENA,LBY004,Al Jabal Al Akhdar,Libya,LBY,MENA,False,209.0163,False,False
LBY013,Ghadamis,Libya,LBY,MENA,LBY014,Gharyan,Libya,LBY,MENA,False,292.5597,False,False
LBY013,Ghadamis,Libya,LBY,MENA,LBY017,Nuqat Al Khams,Libya,LBY,MENA,False,33.8614,False,False
LBY013,Ghadamis,Libya,LBY,MENA,LBY024,Yafran (yefren),Libya,LBY,MENA,False,140.1141,False,False
LBY013,Ghadamis,Libya,LBY,MENA,TUN013,Mednine,Tunisia,TUN,MENA,True,40.2413,False,False
LBY013,Ghadamis,Libya,LBY,MENA,TUN020,Tataouine,Tunisia,TUN,MENA,True,328.4467,False,False
LBY014,Gharyan,Libya,LBY,MENA,LBY005,Al Jufrah,Libya,LBY,MENA,False,93.8083,False,False
LBY014,Gharyan,Libya,LBY,MENA,LBY019,Sawfajjin (sofuljeen),Libya,LBY,MENA,False,314.4404,False,False
LBY014,Gharyan,Libya,LBY,MENA,LBY021,Tarhunah,Libya,LBY,MENA,False,33.7551,False,False
LBY014,Gharyan,Libya,LBY,MENA,LBY024,Yafran (yefren),Libya,LBY,MENA,False,211.3784,False,False
LBY015,Misurata,Libya,LBY,MENA,LBY019,Sawfajjin (sofuljeen),Libya,LBY,MENA,False,66.1607,False,False
LBY016,Murzuq,Libya,LBY,MENA,LBY018,Sabha,Libya,LBY,MENA,False,258.777,False,False
LBY016,Murzuq,Libya,LBY,MENA,NER001,Agadez,Niger,NER,AFR,True,342.2291,False,False
LBY016,Murzuq,Libya,LBY,MENA,TCD021,Tibesti,Chad,TCD,AFR,True,481.115,False,False
LBY017,Nuqat Al Khams,Libya,LBY,MENA,TUN013,Mednine,Tunisia,TUN,MENA,True,93.1561,False,False
LBY019,Sawfajjin (sofuljeen),Libya,LBY,MENA,LBY005,Al Jufrah,Libya,LBY,MENA,False,177.4911,False,False
LBY019,Sawfajjin (sofuljeen),Libya,LBY,MENA,LBY020,Surt (sirte),Libya,LBY,MENA,False,212.8468,False,False
LBY019,Sawfajjin (sofuljeen),Libya,LBY,MENA,LBY021,Tarhunah,Libya,LBY,MENA,False,72.9148,False,False
LBY020,Surt (sirte),Libya,LBY,MENA,LBY005,Al Jufrah,Libya,LBY,MENA,False,269.3797,False,False
LBY021,Tarhunah,Libya,LBY,MENA,LBY022,Tripoli (tarabulus),Libya,LBY,MENA,False,67.8645,False,False
LBY023,Tubruq (tobruk),Libya,LBY,MENA,LBY012,Darnah,Libya,LBY,MENA,False,161.4371,False,False
LBY025,Zeleitin (zliten),Libya,LBY,MENA,LBY015,Misurata,Libya,LBY,MENA,False,55.2319,False,False
LBY025,Zeleitin (zliten),Libya,LBY,MENA,LBY019,Sawfajjin (sofuljeen),Libya,LBY,MENA,False,58.7729,False,False
LBY025,Zeleitin (zliten),Libya,LBY,MENA,LBY021,Tarhunah,Libya,LBY,MENA,False,20.6169,False,False
LCA001,Area Under National Administra,Saint Lucia,LCA,LCR,LCA003,Region Number 2,Saint Lucia,LCA,LCR,False,8.4003,False,False
LCA001,Area Under National Administra,Saint Lucia,LCA,LCR,LCA004,Region Number 3,Saint Lucia,LCA,LCR,False,18.7466,False,False
LCA001,Area Under National Administra,Saint Lucia,LCA,LCR,LCA005,Region Number 4,Saint Lucia,LCA,LCR,False,11.5524,False,False
LCA001,Area Under National Administra,Saint Lucia,LCA,LCR,LCA006,Region Number 5,Saint Lucia,LCA,LCR,False,8.2765,False,False
LCA001,Area Under National Administra,Saint Lucia,LCA,LCR,LCA007,Region Number 6,Saint Lucia,LCA,LCR,False,5.5344,False,False
LCA001,Area Under National Administra,Saint Lucia,LCA,LCR,LCA008,Region Number 7,Saint Lucia,LCA,LCR,False,11.8444,False,False
LCA001,Area Under National Administra,Saint Lucia,LCA,LCR,LCA009,Region Number 8,Saint Lucia,LCA,LCR,False,11.9483,False,False
LCA002,Region Number 1,Saint Lucia,LCA,LCR,LCA003,Region Number 2,Saint Lucia,LCA,LCR,False,8.3157,False,False
LCA002,Region Number 1,Saint Lucia,LCA,LCR,LCA009,Region Number 8,Saint Lucia,LCA,LCR,False,2.909,True,False
LCA003,Region Number 2,Saint Lucia,LCA,LCR,LCA004,Region Number 3,Saint Lucia,LCA,LCR,False,2.6212,True,False
LCA003,Region Number 2,Saint Lucia,LCA,LCR,LCA009,Region Number 8,Saint Lucia,LCA,LCR,False,5.3951,False,False
LCA004,Region Number 3,Saint Lucia,LCA,LCR,LCA005,Region Number 4,Saint Lucia,LCA,LCR,False,4.6684,True,False
LCA005,Region Number 4,Saint Lucia,LCA,LCR,LCA006,Region Number 5,Saint Lucia,LCA,LCR,False,8.7651,False,False
LCA006,Region Number 5,Saint Lucia,LCA,LCR,LCA007,Region Number 6,Saint Lucia,LCA,LCR,False,9.7218,False,False
LCA007,Region Number 6,Saint Lucia,LCA,LCR,LCA008,Region Number 7,Saint Lucia,LCA,LCR,False,8.9784,False,False
LCA008,Region Number 7,Saint Lucia,LCA,LCR,LCA009,Region Number 8,Saint Lucia,LCA,LCR,False,11.5815,False,False
LIE001,Balzers,Liechtenstein,LIE,Other,LIE005,Planken,Liechtenstein,LIE,Other,False,0.4175,True,True
LIE001,Balzers,Liechtenstein,LIE,Other,LIE007,Schaan,Liechtenstein,LIE,Other,False,3.6447,True,False
LIE001,Balzers,Liechtenstein,LIE,Other,LIE009,Triesen,Liechtenstein,LIE,Other,False,8.8548,False,False
LIE001,Balzers,Liechtenstein,LIE,Other,LIE010,Triesenberg,Liechtenstein,LIE,Other,False,1.781,True,False
LIE001,Balzers,Liechtenstein,LIE,Other,LIE011,Vaduz,Liechtenstein,LIE,Other,False,1.6364,True,False
LIE002,Eschen,Liechtenstein,LIE,Other,LIE003,Gamprin,Liechtenstein,LIE,Other,False,13.6933,False,False
LIE002,Eschen,Liechtenstein,LIE,Other,LIE004,Mauren,Liechtenstein,LIE,Other,False,7.9206,False,False
LIE002,Eschen,Liechtenstein,LIE,Other,LIE005,Planken,Liechtenstein,LIE,Other,False,0.9289,True,True
LIE002,Eschen,Liechtenstein,LIE,Other,LIE007,Schaan,Liechtenstein,LIE,Other,False,2.3609,True,False
LIE002,Eschen,Liechtenstein,LIE,Other,LIE008,Schellenberg,Liechtenstein,LIE,Other,False,0.5557,True,True
LIE002,Eschen,Liechtenstein,LIE,Other,LIE011,Vaduz,Liechtenstein,LIE,Other,False,0.3501,True,True
LIE003,Gamprin,Liechtenstein,LIE,Other,LIE005,Planken,Liechtenstein,LIE,Other,False,1.0548,True,False
LIE003,Gamprin,Liechtenstein,LIE,Other,LIE006,Ruggell,Liechtenstein,LIE,Other,False,1.3819,True,False
LIE003,Gamprin,Liechtenstein,LIE,Other,LIE007,Schaan,Liechtenstein,LIE,Other,False,1.7294,True,False
LIE003,Gamprin,Liechtenstein,LIE,Other,LIE008,Schellenberg,Liechtenstein,LIE,Other,False,0.631,True,True
LIE003,Gamprin,Liechtenstein,LIE,Other,LIE011,Vaduz,Liechtenstein,LIE,Other,False,1.2972,True,False
LIE004,Mauren,Liechtenstein,LIE,Other,LIE008,Schellenberg,Liechtenstein,LIE,Other,False,1.498,True,False
LIE005,Planken,Liechtenstein,LIE,Other,LIE007,Schaan,Liechtenstein,LIE,Other,False,7.7153,False,False
LIE005,Planken,Liechtenstein,LIE,Other,LIE010,Triesenberg,Liechtenstein,LIE,Other,False,2.3685,True,False
LIE005,Planken,Liechtenstein,LIE,Other,LIE011,Vaduz,Liechtenstein,LIE,Other,False,0.5654,True,True
LIE006,Ruggell,Liechtenstein,LIE,Other,LIE008,Schellenberg,Liechtenstein,LIE,Other,False,5.5037,False,False
LIE007,Schaan,Liechtenstein,LIE,Other,LIE009,Triesen,Liechtenstein,LIE,Other,False,3.9766,True,False
LIE007,Schaan,Liechtenstein,LIE,Other,LIE010,Triesenberg,Liechtenstein,LIE,Other,False,9.139,False,False
LIE007,Schaan,Liechtenstein,LIE,Other,LIE011,Vaduz,Liechtenstein,LIE,Other,False,14.5198,False,False
LIE009,Triesen,Liechtenstein,LIE,Other,LIE011,Vaduz,Liechtenstein,LIE,Other,False,2.7307,True,False
LIE010,Triesenberg,Liechtenstein,LIE,Other,LIE009,Triesen,Liechtenstein,LIE,Other,False,8.4922,False,False
LIE010,Triesenberg,Liechtenstein,LIE,Other,LIE011,Vaduz,Liechtenstein,LIE,Other,False,11.1343,False,False
LKA001,Central,Sri Lanka,LKA,SAR,LKA003,North Central,Sri Lanka,LKA,SAR,False,136.1857,False,False
LKA001,Central,Sri Lanka,LKA,SAR,LKA004,North Western,Sri Lanka,LKA,SAR,False,92.3906,False,False
LKA001,Central,Sri Lanka,LKA,SAR,LKA005,Sabaragamuwa,Sri Lanka,LKA,SAR,False,144.4172,False,False
LKA001,Central,Sri Lanka,LKA,SAR,LKA007,Uva,Sri Lanka,LKA,SAR,False,132.7911,False,False
LKA001,Central,Sri Lanka,LKA,SAR,LKA009,Eastern,Sri Lanka,LKA,SAR,False,11.827,False,False
LKA003,North Central,Sri Lanka,LKA,SAR,LKA004,North Western,Sri Lanka,LKA,SAR,False,135.11,False,False
LKA003,North Central,Sri Lanka,LKA,SAR,LKA010,Northern,Sri Lanka,LKA,SAR,False,153.0889,False,False
LKA004,North Western,Sri Lanka,LKA,SAR,LKA005,Sabaragamuwa,Sri Lanka,LKA,SAR,False,40.1287,False,False
LKA004,North Western,Sri Lanka,LKA,SAR,LKA008,Western,Sri Lanka,LKA,SAR,False,65.0906,False,False
LKA004,North Western,Sri Lanka,LKA,SAR,LKA010,Northern,Sri Lanka,LKA,SAR,False,13.8732,False,False
LKA005,Sabaragamuwa,Sri Lanka,LKA,SAR,LKA006,Southern,Sri Lanka,LKA,SAR,False,98.0252,False,False
LKA005,Sabaragamuwa,Sri Lanka,LKA,SAR,LKA007,Uva,Sri Lanka,LKA,SAR,False,95.3452,False,False
LKA005,Sabaragamuwa,Sri Lanka,LKA,SAR,LKA008,Western,Sri Lanka,LKA,SAR,False,137.532,False,False
LKA006,Southern,Sri Lanka,LKA,SAR,LKA007,Uva,Sri Lanka,LKA,SAR,False,121.5474,False,False
LKA006,Southern,Sri Lanka,LKA,SAR,LKA008,Western,Sri Lanka,LKA,SAR,False,64.1381,False,False
LKA009,Eastern,Sri Lanka,LKA,SAR,LKA003,North Central,Sri Lanka,LKA,SAR,False,310.18,False,False
LKA009,Eastern,Sri Lanka,LKA,SAR,LKA006,Southern,Sri Lanka,LKA,SAR,False,15.102,False,False
LKA009,Eastern,Sri Lanka,LKA,SAR,LKA007,Uva,Sri Lanka,LKA,SAR,False,238.5671,False,False
LKA009,Eastern,Sri Lanka,LKA,SAR,LKA010,Northern,Sri Lanka,LKA,SAR,False,24.9647,False,False
LSO001,Berea,Lesotho,LSO,AFR,LSO003,Leribe,Lesotho,LSO,AFR,False,107.1317,False,False
LSO001,Berea,Lesotho,LSO,AFR,LSO005,Maseru,Lesotho,LSO,AFR,False,132.1376,False,False
LSO001,Berea,Lesotho,LSO,AFR,LSO010,Thaba Tseka,Lesotho,LSO,AFR,False,37.2873,False,False
LSO001,Berea,Lesotho,LSO,AFR,ZAF002,Free State,South Africa,ZAF,AFR,True,37.5499,False,False
LSO002,Butha Buthe,Lesotho,LSO,AFR,LSO003,Leribe,Lesotho,LSO,AFR,False,118.6249,False,False
LSO002,Butha Buthe,Lesotho,LSO,AFR,ZAF002,Free State,South Africa,ZAF,AFR,True,104.6147,False,False
LSO003,Leribe,Lesotho,LSO,AFR,LSO010,Thaba Tseka,Lesotho,LSO,AFR,False,98.7634,False,False
LSO003,Leribe,Lesotho,LSO,AFR,ZAF002,Free State,South Africa,ZAF,AFR,True,143.8319,False,False
LSO004,Mafeteng,Lesotho,LSO,AFR,LSO005,Maseru,Lesotho,LSO,AFR,False,140.6708,False,False
LSO004,Mafeteng,Lesotho,LSO,AFR,LSO006,Mohale's Hoek,Lesotho,LSO,AFR,False,130.7817,False,False
LSO004,Mafeteng,Lesotho,LSO,AFR,ZAF002,Free State,South Africa,ZAF,AFR,True,82.7695,False,False
LSO005,Maseru,Lesotho,LSO,AFR,LSO006,Mohale's Hoek,Lesotho,LSO,AFR,False,64.6443,False,False
LSO005,Maseru,Lesotho,LSO,AFR,LSO010,Thaba Tseka,Lesotho,LSO,AFR,False,129.8526,False,False
LSO005,Maseru,Lesotho,LSO,AFR,ZAF002,Free State,South Africa,ZAF,AFR,True,53.3876,False,False
LSO006,Mohale's Hoek,Lesotho,LSO,AFR,LSO008,Qacha's Nek,Lesotho,LSO,AFR,False,74.8373,False,False
LSO006,Mohale's Hoek,Lesotho,LSO,AFR,LSO009,Quthing,Lesotho,LSO,AFR,False,148.5969,False,False
LSO006,Mohale's Hoek,Lesotho,LSO,AFR,LSO010,Thaba Tseka,Lesotho,LSO,AFR,False,40.0926,False,False
LSO006,Mohale's Hoek,Lesotho,LSO,AFR,ZAF002,Free State,South Africa,ZAF,AFR,True,77.5485,False,False
LSO007,Mokhotlong,Lesotho,LSO,AFR,LSO002,Butha Buthe,Lesotho,LSO,AFR,False,16.1352,False,False
LSO007,Mokhotlong,Lesotho,LSO,AFR,LSO003,Leribe,Lesotho,LSO,AFR,False,78.7611,False,False
LSO007,Mokhotlong,Lesotho,LSO,AFR,LSO010,Thaba Tseka,Lesotho,LSO,AFR,False,155.1343,False,False
LSO007,Mokhotlong,Lesotho,LSO,AFR,ZAF002,Free State,South Africa,ZAF,AFR,True,8.0637,False,False
LSO007,Mokhotlong,Lesotho,LSO,AFR,ZAF004,Kwa-Zulu Natal,South Africa,ZAF,AFR,True,173.3147,False,False
LSO008,Qacha's Nek,Lesotho,LSO,AFR,LSO009,Quthing,Lesotho,LSO,AFR,False,49.4936,False,False
LSO008,Qacha's Nek,Lesotho,LSO,AFR,LSO010,Thaba Tseka,Lesotho,LSO,AFR,False,102.9158,False,False
LTU001,Alytaus,Lithuania,LTU,ECA,LTU002,Kauno,Lithuania,LTU,ECA,False,66.4573,False,False
LTU001,Alytaus,Lithuania,LTU,ECA,LTU004,Marijampoles,Lithuania,LTU,ECA,False,61.3329,False,False
LTU001,Alytaus,Lithuania,LTU,ECA,LTU010,Vilniaus,Lithuania,LTU,ECA,False,118.7906,False,False
LTU001,Alytaus,Lithuania,LTU,ECA,POL010,Podlaskie,Poland,POL,ECA,True,43.9399,False,False
LTU002,Kauno,Lithuania,LTU,ECA,LTU004,Marijampoles,Lithuania,LTU,ECA,False,117.5151,False,False
LTU002,Kauno,Lithuania,LTU,ECA,LTU005,Panevezio,Lithuania,LTU,ECA,False,57.1929,False,False
LTU002,Kauno,Lithuania,LTU,ECA,LTU006,Siauliu,Lithuania,LTU,ECA,False,121.9856,False,False
LTU002,Kauno,Lithuania,LTU,ECA,LTU007,Taurages,Lithuania,LTU,ECA,False,115.7854,False,False
LTU002,Kauno,Lithuania,LTU,ECA,LTU010,Vilniaus,Lithuania,LTU,ECA,False,157.4202,False,False
LTU003,Klaipedos,Lithuania,LTU,ECA,LTU007,Taurages,Lithuania,LTU,ECA,False,110.0893,False,False
LTU003,Klaipedos,Lithuania,LTU,ECA,LTU008,Telsiu,Lithuania,LTU,ECA,False,152.2431,False,False
LTU003,Klaipedos,Lithuania,LTU,ECA,LVA079,Priekules novads,Latvia,LVA,ECA,True,22.0005,False,False
LTU003,Klaipedos,Lithuania,LTU,ECA,LVA088,Rucavas novads,Latvia,LVA,ECA,True,45.0551,False,False
LTU003,Klaipedos,Lithuania,LTU,ECA,LVA107,Vaiņodes novads,Latvia,LVA,ECA,True,16.9319,False,False
LTU003,Klaipedos,Lithuania,LTU,ECA,RUS023,Kaliningradskaya Oblast,Russian Federation,RUS,ECA,True,36.1272,False,False
LTU004,Marijampoles,Lithuania,LTU,ECA,LTU007,Taurages,Lithuania,LTU,ECA,False,55.7507,False,False
LTU004,Marijampoles,Lithuania,LTU,ECA,POL010,Podlaskie,Poland,POL,ECA,True,53.6091,False,False
LTU004,Marijampoles,Lithuania,LTU,ECA,RUS023,Kaliningradskaya Oblast,Russian Federation,RUS,ECA,True,126.5879,False,False
LTU005,Panevezio,Lithuania,LTU,ECA,LTU006,Siauliu,Lithuania,LTU,ECA,False,119.9384,False,False
LTU005,Panevezio,Lithuania,LTU,ECA,LTU009,Utenos,Lithuania,LTU,ECA,False,168.7883,False,False
LTU005,Panevezio,Lithuania,LTU,ECA,LTU010,Vilniaus,Lithuania,LTU,ECA,False,27.8606,False,False
LTU005,Panevezio,Lithuania,LTU,ECA,LVA005,Aknīstes novads,Latvia,LVA,ECA,True,20.9695,False,False
LTU005,Panevezio,Lithuania,LTU,ECA,LVA016,Bauskas novads,Latvia,LVA,ECA,True,37.7064,False,False
LTU005,Panevezio,Lithuania,LTU,ECA,LVA037,Ilūkstes novads,Latvia,LVA,ECA,True,23.4286,False,False
LTU005,Panevezio,Lithuania,LTU,ECA,LVA070,Neretas novads,Latvia,LVA,ECA,True,60.6961,False,False
LTU005,Panevezio,Lithuania,LTU,ECA,LVA113,Vecumnieku novads,Latvia,LVA,ECA,True,35.9057,False,False
LTU005,Panevezio,Lithuania,LTU,ECA,LVA116,Viesītes novads,Latvia,LVA,ECA,True,23.3503,False,False
LTU006,Siauliu,Lithuania,LTU,ECA,LTU007,Taurages,Lithuania,LTU,ECA,False,31.7401,False,False
LTU006,Siauliu,Lithuania,LTU,ECA,LTU008,Telsiu,Lithuania,LTU,ECA,False,170.0615,False,False
LTU006,Siauliu,Lithuania,LTU,ECA,LVA011,Auces novads,Latvia,LVA,ECA,True,35.2238,False,False
LTU006,Siauliu,Lithuania,LTU,ECA,LVA016,Bauskas novads,Latvia,LVA,ECA,True,16.281,False,False
LTU006,Siauliu,Lithuania,LTU,ECA,LVA091,Rundāles novads,Latvia,LVA,ECA,True,10.1408,False,False
LTU006,Siauliu,Lithuania,LTU,ECA,LVA095,Saldus novads,Latvia,LVA,ECA,True,22.9142,False,False
LTU006,Siauliu,Lithuania,LTU,ECA,LVA105,Tērvetes novads,Latvia,LVA,ECA,True,12.8515,False,False
LTU007,Taurages,Lithuania,LTU,ECA,LTU008,Telsiu,Lithuania,LTU,ECA,False,47.3609,False,False
LTU007,Taurages,Lithuania,LTU,ECA,RUS023,Kaliningradskaya Oblast,Russian Federation,RUS,ECA,True,20.818,False,False
LTU008,Telsiu,Lithuania,LTU,ECA,LVA095,Saldus novads,Latvia,LVA,ECA,True,52.0227,False,False
LTU008,Telsiu,Lithuania,LTU,ECA,LVA107,Vaiņodes novads,Latvia,LVA,ECA,True,1.9226,True,False
LTU009,Utenos,Lithuania,LTU,ECA,LTU010,Vilniaus,Lithuania,LTU,ECA,False,286.1723,False,False
LTU009,Utenos,Lithuania,LTU,ECA,LVA026,Daugavpils novads,Latvia,LVA,ECA,True,35.722,False,False
LTU009,Utenos,Lithuania,LTU,ECA,LVA037,Ilūkstes novads,Latvia,LVA,ECA,True,19.9527,False,False
LUX001,Diekirch,Luxembourg,LUX,Other,LUX002,Grevenmacher,Luxembourg,LUX,Other,False,12.2678,False,False
LUX001,Diekirch,Luxembourg,LUX,Other,LUX003,Luxembourg,Luxembourg,LUX,Other,False,40.6635,False,False
LUX002,Grevenmacher,Luxembourg,LUX,Other,LUX003,Luxembourg,Luxembourg,LUX,Other,False,52.0026,False,False
LVA001,Ādažu novads,Latvia,LVA,ECA,LVA020,Carnikavas novads,Latvia,LVA,ECA,False,17.2351,False,False
LVA001,Ādažu novads,Latvia,LVA,ECA,LVA032,Garkalnes novads,Latvia,LVA,ECA,False,22.5516,False,False
LVA001,Ādažu novads,Latvia,LVA,ECA,LVA038,Inčukalna novads,Latvia,LVA,ECA,False,1.8039,True,False
LVA001,Ādažu novads,Latvia,LVA,ECA,LVA096,Saulkrastu novads,Latvia,LVA,ECA,False,1.1275,True,False
LVA001,Ādažu novads,Latvia,LVA,ECA,LVA097,Sējas novads,Latvia,LVA,ECA,False,15.3037,False,False
LVA002,Aglonas novads,Latvia,LVA,ECA,LVA026,Daugavpils novads,Latvia,LVA,ECA,False,18.5159,False,False
LVA002,Aglonas novads,Latvia,LVA,ECA,LVA084,Riebiņu novads,Latvia,LVA,ECA,False,20.7191,False,False
LVA003,Aizkraukles novads,Latvia,LVA,ECA,LVA039,Jaunjelgavas novads,Latvia,LVA,ECA,False,15.6016,False,False
LVA003,Aizkraukles novads,Latvia,LVA,ECA,LVA052,Kokneses novads,Latvia,LVA,ECA,False,12.3592,False,False
LVA003,Aizkraukles novads,Latvia,LVA,ECA,LVA099,Skrīveru novads,Latvia,LVA,ECA,False,13.787,False,False
LVA004,Aizputes novads,Latvia,LVA,ECA,LVA029,Durbes novads,Latvia,LVA,ECA,False,43.0702,False,False
LVA004,Aizputes novads,Latvia,LVA,ECA,LVA056,Kuldīgas novads,Latvia,LVA,ECA,False,41.8126,False,False
LVA004,Aizputes novads,Latvia,LVA,ECA,LVA076,Pāvilostas novads,Latvia,LVA,ECA,False,24.4868,False,False
LVA004,Aizputes novads,Latvia,LVA,ECA,LVA079,Priekules novads,Latvia,LVA,ECA,False,11.8429,False,False
LVA004,Aizputes novads,Latvia,LVA,ECA,LVA100,Skrundas novads,Latvia,LVA,ECA,False,17.0036,False,False
LVA004,Aizputes novads,Latvia,LVA,ECA,LVA107,Vaiņodes novads,Latvia,LVA,ECA,False,6.1042,False,False
LVA005,Aknīstes novads,Latvia,LVA,ECA,LVA037,Ilūkstes novads,Latvia,LVA,ECA,False,26.3973,False,False
LVA005,Aknīstes novads,Latvia,LVA,ECA,LVA043,Jēkabpils novads,Latvia,LVA,ECA,False,35.8304,False,False
LVA005,Aknīstes novads,Latvia,LVA,ECA,LVA116,Viesītes novads,Latvia,LVA,ECA,False,11.652,False,False
LVA006,Alojas novads,Latvia,LVA,ECA,LVA019,Burtnieku novads,Latvia,LVA,ECA,False,21.8324,False,False
LVA006,Alojas novads,Latvia,LVA,ECA,LVA051,Kocēnu novads,Latvia,LVA,ECA,False,19.2463,False,False
LVA006,Alojas novads,Latvia,LVA,ECA,LVA060,Limbažu novads,Latvia,LVA,ECA,False,28.2347,False,False
LVA006,Alojas novads,Latvia,LVA,ECA,LVA067,Mazsalacas novads,Latvia,LVA,ECA,False,28.9828,False,False
LVA006,Alojas novads,Latvia,LVA,ECA,LVA092,Salacgrīvas novads,Latvia,LVA,ECA,False,24.0042,False,False
LVA007,Alsungas novads,Latvia,LVA,ECA,LVA056,Kuldīgas novads,Latvia,LVA,ECA,False,37.33,False,False
LVA007,Alsungas novads,Latvia,LVA,ECA,LVA076,Pāvilostas novads,Latvia,LVA,ECA,False,9.4701,False,False
LVA007,Alsungas novads,Latvia,LVA,ECA,LVA115,Ventspils novads,Latvia,LVA,ECA,False,25.3452,False,False
LVA008,Alūksnes novads,Latvia,LVA,ECA,LVA010,Apes novads,Latvia,LVA,ECA,False,37.423,False,False
LVA008,Alūksnes novads,Latvia,LVA,ECA,LVA015,Balvu novads,Latvia,LVA,ECA,False,36.6879,False,False
LVA008,Alūksnes novads,Latvia,LVA,ECA,LVA117,Viļakas novads,Latvia,LVA,ECA,False,19.0488,False,False
LVA009,Amatas novads,Latvia,LVA,ECA,LVA021,Cēsu novads,Latvia,LVA,ECA,False,36.292,False,False
LVA009,Amatas novads,Latvia,LVA,ECA,LVA059,Līgatnes novads,Latvia,LVA,ECA,False,25.1528,False,False
LVA009,Amatas novads,Latvia,LVA,ECA,LVA065,Mālpils novads,Latvia,LVA,ECA,False,7.1279,False,False
LVA009,Amatas novads,Latvia,LVA,ECA,LVA072,Ogres novads,Latvia,LVA,ECA,False,35.5955,False,False
LVA009,Amatas novads,Latvia,LVA,ECA,LVA075,Pārgaujas novads,Latvia,LVA,ECA,False,10.9935,False,False
LVA009,Amatas novads,Latvia,LVA,ECA,LVA098,Siguldas novads,Latvia,LVA,ECA,False,19.3003,False,False
LVA009,Amatas novads,Latvia,LVA,ECA,LVA112,Vecpiebalgas novads,Latvia,LVA,ECA,False,35.0047,False,False
LVA011,Auces novads,Latvia,LVA,ECA,LVA095,Saldus novads,Latvia,LVA,ECA,False,34.6803,False,False
LVA011,Auces novads,Latvia,LVA,ECA,LVA105,Tērvetes novads,Latvia,LVA,ECA,False,12.4733,False,False
LVA012,Babītes novads,Latvia,LVA,ECA,LVA045,Jelgavas novads,Latvia,LVA,ECA,False,23.6644,False,False
LVA012,Babītes novads,Latvia,LVA,ECA,LVA046,Jūrmala,Latvia,LVA,ECA,False,37.0552,False,False
LVA012,Babītes novads,Latvia,LVA,ECA,LVA066,Mārupes novads,Latvia,LVA,ECA,False,17.0484,False,False
LVA012,Babītes novads,Latvia,LVA,ECA,LVA073,Olaines novads,Latvia,LVA,ECA,False,9.7973,False,False
LVA012,Babītes novads,Latvia,LVA,ECA,LVA085,Rīga,Latvia,LVA,ECA,False,13.6109,False,False
LVA012,Babītes novads,Latvia,LVA,ECA,LVA106,Tukuma novads,Latvia,LVA,ECA,False,4.4452,True,False
LVA013,Baldones novads,Latvia,LVA,ECA,LVA035,Iecavas novads,Latvia,LVA,ECA,False,10.5659,False,False
LVA013,Baldones novads,Latvia,LVA,ECA,LVA049,Ķeguma novads,Latvia,LVA,ECA,False,4.4045,True,False
LVA013,Baldones novads,Latvia,LVA,ECA,LVA050,Ķekavas novads,Latvia,LVA,ECA,False,34.6272,False,False
LVA013,Baldones novads,Latvia,LVA,ECA,LVA073,Olaines novads,Latvia,LVA,ECA,False,1.7549,True,False
LVA013,Baldones novads,Latvia,LVA,ECA,LVA113,Vecumnieku novads,Latvia,LVA,ECA,False,12.956,False,False
LVA014,Baltinavas novads,Latvia,LVA,ECA,LVA015,Balvu novads,Latvia,LVA,ECA,False,34.4264,False,False
LVA014,Baltinavas novads,Latvia,LVA,ECA,LVA048,Kārsavas novads,Latvia,LVA,ECA,False,21.3931,False,False
LVA014,Baltinavas novads,Latvia,LVA,ECA,LVA117,Viļakas novads,Latvia,LVA,ECA,False,5.3134,False,False
LVA015,Balvu novads,Latvia,LVA,ECA,LVA048,Kārsavas novads,Latvia,LVA,ECA,False,17.4423,False,False
LVA015,Balvu novads,Latvia,LVA,ECA,LVA062,Lubānas novads,Latvia,LVA,ECA,False,5.1219,False,False
LVA015,Balvu novads,Latvia,LVA,ECA,LVA064,Madonas novads,Latvia,LVA,ECA,False,1.739,True,False
LVA015,Balvu novads,Latvia,LVA,ECA,LVA089,Rugāju novads,Latvia,LVA,ECA,False,76.0622,False,False
LVA015,Balvu novads,Latvia,LVA,ECA,LVA117,Viļakas novads,Latvia,LVA,ECA,False,45.7842,False,False
LVA016,Bauskas novads,Latvia,LVA,ECA,LVA035,Iecavas novads,Latvia,LVA,ECA,False,25.9564,False,False
LVA016,Bauskas novads,Latvia,LVA,ECA,LVA091,Rundāles novads,Latvia,LVA,ECA,False,38.0442,False,False
LVA016,Bauskas novads,Latvia,LVA,ECA,LVA113,Vecumnieku novads,Latvia,LVA,ECA,False,54.4746,False,False
LVA017,Beverīnas novads,Latvia,LVA,ECA,LVA019,Burtnieku novads,Latvia,LVA,ECA,False,11.4077,False,False
LVA017,Beverīnas novads,Latvia,LVA,ECA,LVA051,Kocēnu novads,Latvia,LVA,ECA,False,8.185,False,False
LVA017,Beverīnas novads,Latvia,LVA,ECA,LVA080,Priekuļu novads,Latvia,LVA,ECA,False,21.4302,False,False
LVA017,Beverīnas novads,Latvia,LVA,ECA,LVA101,Smiltenes novads,Latvia,LVA,ECA,False,9.9298,False,False
LVA017,Beverīnas novads,Latvia,LVA,ECA,LVA103,Strenču novads,Latvia,LVA,ECA,False,39.7797,False,False
LVA017,Beverīnas novads,Latvia,LVA,ECA,LVA109,Valmiera,Latvia,LVA,ECA,False,12.2204,False,False
LVA018,Brocēnu novads,Latvia,LVA,ECA,LVA011,Auces novads,Latvia,LVA,ECA,False,3.1851,True,False
LVA018,Brocēnu novads,Latvia,LVA,ECA,LVA027,Dobeles novads,Latvia,LVA,ECA,False,30.2739,False,False
LVA018,Brocēnu novads,Latvia,LVA,ECA,LVA041,Jaunpils novads,Latvia,LVA,ECA,False,15.3629,False,False
LVA018,Brocēnu novads,Latvia,LVA,ECA,LVA047,Kandavas novads,Latvia,LVA,ECA,False,23.6661,False,False
LVA018,Brocēnu novads,Latvia,LVA,ECA,LVA095,Saldus novads,Latvia,LVA,ECA,False,59.3827,False,False
LVA019,Burtnieku novads,Latvia,LVA,ECA,LVA051,Kocēnu novads,Latvia,LVA,ECA,False,27.257,False,False
LVA019,Burtnieku novads,Latvia,LVA,ECA,LVA067,Mazsalacas novads,Latvia,LVA,ECA,False,26.1031,False,False
LVA019,Burtnieku novads,Latvia,LVA,ECA,LVA069,Naukšēnu novads,Latvia,LVA,ECA,False,6.2036,False,False
LVA019,Burtnieku novads,Latvia,LVA,ECA,LVA090,Rūjienas novads,Latvia,LVA,ECA,False,18.4906,False,False
LVA019,Burtnieku novads,Latvia,LVA,ECA,LVA103,Strenču novads,Latvia,LVA,ECA,False,28.4679,False,False
LVA019,Burtnieku novads,Latvia,LVA,ECA,LVA108,Valkas novads,Latvia,LVA,ECA,False,10.343,False,False
LVA019,Burtnieku novads,Latvia,LVA,ECA,LVA109,Valmiera,Latvia,LVA,ECA,False,6.5562,False,False
LVA020,Carnikavas novads,Latvia,LVA,ECA,LVA032,Garkalnes novads,Latvia,LVA,ECA,False,6.5593,False,False
LVA020,Carnikavas novads,Latvia,LVA,ECA,LVA085,Rīga,Latvia,LVA,ECA,False,4.658,True,False
LVA020,Carnikavas novads,Latvia,LVA,ECA,LVA096,Saulkrastu novads,Latvia,LVA,ECA,False,1.4659,True,False
LVA021,Cēsu novads,Latvia,LVA,ECA,LVA075,Pārgaujas novads,Latvia,LVA,ECA,False,4.9336,True,False
LVA021,Cēsu novads,Latvia,LVA,ECA,LVA080,Priekuļu novads,Latvia,LVA,ECA,False,34.5073,False,False
LVA021,Cēsu novads,Latvia,LVA,ECA,LVA112,Vecpiebalgas novads,Latvia,LVA,ECA,False,8.2752,False,False
LVA022,Cesvaines novads,Latvia,LVA,ECA,LVA064,Madonas novads,Latvia,LVA,ECA,False,53.6978,False,False
LVA023,Ciblas novads,Latvia,LVA,ECA,LVA048,Kārsavas novads,Latvia,LVA,ECA,False,53.2449,False,False
LVA023,Ciblas novads,Latvia,LVA,ECA,LVA063,Ludzas novads,Latvia,LVA,ECA,False,56.7312,False,False
LVA023,Ciblas novads,Latvia,LVA,ECA,LVA083,Rēzeknes novads,Latvia,LVA,ECA,False,6.8133,False,False
LVA023,Ciblas novads,Latvia,LVA,ECA,RUS061,Pskovskaya Oblast,Russian Federation,RUS,ECA,True,34.8233,False,False
LVA024,Dagdas novads,Latvia,LVA,ECA,LVA002,Aglonas novads,Latvia,LVA,ECA,False,26.3607,False,False
LVA024,Dagdas novads,Latvia,LVA,ECA,LVA053,Krāslavas novads,Latvia,LVA,ECA,False,48.8388,False,False
LVA024,Dagdas novads,Latvia,LVA,ECA,LVA063,Ludzas novads,Latvia,LVA,ECA,False,36.9751,False,False
LVA024,Dagdas novads,Latvia,LVA,ECA,LVA083,Rēzeknes novads,Latvia,LVA,ECA,False,34.6128,False,False
LVA024,Dagdas novads,Latvia,LVA,ECA,LVA119,Zilupes novads,Latvia,LVA,ECA,False,12.7564,False,False
LVA026,Daugavpils novads,Latvia,LVA,ECA,LVA025,Daugavpils,Latvia,LVA,ECA,False,48.755,False,False
LVA026,Daugavpils novads,Latvia,LVA,ECA,LVA037,Ilūkstes novads,Latvia,LVA,ECA,False,53.5008,False,False
LVA026,Daugavpils novads,Latvia,LVA,ECA,LVA043,Jēkabpils novads,Latvia,LVA,ECA,False,10.4466,False,False
LVA026,Daugavpils novads,Latvia,LVA,ECA,LVA061,Līvānu novads,Latvia,LVA,ECA,False,3.2547,True,False
LVA026,Daugavpils novads,Latvia,LVA,ECA,LVA078,Preiļu novads,Latvia,LVA,ECA,False,19.3661,False,False
LVA026,Daugavpils novads,Latvia,LVA,ECA,LVA084,Riebiņu novads,Latvia,LVA,ECA,False,0.6927,True,True
LVA026,Daugavpils novads,Latvia,LVA,ECA,LVA111,Vārkavas novads,Latvia,LVA,ECA,False,36.4503,False,False
LVA027,Dobeles novads,Latvia,LVA,ECA,LVA011,Auces novads,Latvia,LVA,ECA,False,52.1852,False,False
LVA027,Dobeles novads,Latvia,LVA,ECA,LVA041,Jaunpils novads,Latvia,LVA,ECA,False,24.041,False,False
LVA027,Dobeles novads,Latvia,LVA,ECA,LVA045,Jelgavas novads,Latvia,LVA,ECA,False,60.9009,False,False
LVA027,Dobeles novads,Latvia,LVA,ECA,LVA105,Tērvetes novads,Latvia,LVA,ECA,False,34.692,False,False
LVA027,Dobeles novads,Latvia,LVA,ECA,LVA106,Tukuma novads,Latvia,LVA,ECA,False,38.0696,False,False
LVA028,Dundagas novads,Latvia,LVA,ECA,LVA115,Ventspils novads,Latvia,LVA,ECA,False,52.6029,False,False
LVA029,Durbes novads,Latvia,LVA,ECA,LVA033,Grobiņas novads,Latvia,LVA,ECA,False,24.7761,False,False
LVA029,Durbes novads,Latvia,LVA,ECA,LVA076,Pāvilostas novads,Latvia,LVA,ECA,False,15.2888,False,False
LVA029,Durbes novads,Latvia,LVA,ECA,LVA079,Priekules novads,Latvia,LVA,ECA,False,29.6553,False,False
LVA030,Engures novads,Latvia,LVA,ECA,LVA046,Jūrmala,Latvia,LVA,ECA,False,8.6733,False,False
LVA030,Engures novads,Latvia,LVA,ECA,LVA068,Mērsraga novads,Latvia,LVA,ECA,False,9.0375,False,False
LVA030,Engures novads,Latvia,LVA,ECA,LVA106,Tukuma novads,Latvia,LVA,ECA,False,77.62,False,False
LVA031,Ērgļu novads,Latvia,LVA,ECA,LVA052,Kokneses novads,Latvia,LVA,ECA,False,14.8097,False,False
LVA031,Ērgļu novads,Latvia,LVA,ECA,LVA064,Madonas novads,Latvia,LVA,ECA,False,35.2595,False,False
LVA031,Ērgļu novads,Latvia,LVA,ECA,LVA077,Pļaviņu novads,Latvia,LVA,ECA,False,10.0023,False,False
LVA032,Garkalnes novads,Latvia,LVA,ECA,LVA038,Inčukalna novads,Latvia,LVA,ECA,False,10.2394,False,False
LVA032,Garkalnes novads,Latvia,LVA,ECA,LVA085,Rīga,Latvia,LVA,ECA,False,16.4004,False,False
LVA032,Garkalnes novads,Latvia,LVA,ECA,LVA087,Ropažu novads,Latvia,LVA,ECA,False,25.6181,False,False
LVA032,Garkalnes novads,Latvia,LVA,ECA,LVA102,Stopiņu novads,Latvia,LVA,ECA,False,3.4338,True,False
LVA033,Grobiņas novads,Latvia,LVA,ECA,LVA058,Liepāja,Latvia,LVA,ECA,False,19.33,False,False
LVA033,Grobiņas novads,Latvia,LVA,ECA,LVA071,Nīcas novads,Latvia,LVA,ECA,False,23.5621,False,False
LVA033,Grobiņas novads,Latvia,LVA,ECA,LVA076,Pāvilostas novads,Latvia,LVA,ECA,False,19.2374,False,False
LVA033,Grobiņas novads,Latvia,LVA,ECA,LVA079,Priekules novads,Latvia,LVA,ECA,False,25.5177,False,False
LVA033,Grobiņas novads,Latvia,LVA,ECA,LVA088,Rucavas novads,Latvia,LVA,ECA,False,11.2584,False,False
LVA034,Gulbenes novads,Latvia,LVA,ECA,LVA008,Alūksnes novads,Latvia,LVA,ECA,False,55.154,False,False
LVA034,Gulbenes novads,Latvia,LVA,ECA,LVA010,Apes novads,Latvia,LVA,ECA,False,39.3281,False,False
LVA034,Gulbenes novads,Latvia,LVA,ECA,LVA015,Balvu novads,Latvia,LVA,ECA,False,17.9713,False,False
LVA034,Gulbenes novads,Latvia,LVA,ECA,LVA022,Cesvaines novads,Latvia,LVA,ECA,False,16.9656,False,False
LVA034,Gulbenes novads,Latvia,LVA,ECA,LVA040,Jaunpiebalgas novads,Latvia,LVA,ECA,False,23.0716,False,False
LVA034,Gulbenes novads,Latvia,LVA,ECA,LVA062,Lubānas novads,Latvia,LVA,ECA,False,22.8191,False,False
LVA034,Gulbenes novads,Latvia,LVA,ECA,LVA064,Madonas novads,Latvia,LVA,ECA,False,26.911,False,False
LVA034,Gulbenes novads,Latvia,LVA,ECA,LVA081,Raunas novads,Latvia,LVA,ECA,False,9.7711,False,False
LVA034,Gulbenes novads,Latvia,LVA,ECA,LVA089,Rugāju novads,Latvia,LVA,ECA,False,19.2184,False,False
LVA034,Gulbenes novads,Latvia,LVA,ECA,LVA101,Smiltenes novads,Latvia,LVA,ECA,False,23.1585,False,False
LVA035,Iecavas novads,Latvia,LVA,ECA,LVA113,Vecumnieku novads,Latvia,LVA,ECA,False,20.8731,False,False
LVA036,Ikšķiles novads,Latvia,LVA,ECA,LVA049,Ķeguma novads,Latvia,LVA,ECA,False,2.5701,True,False
LVA036,Ikšķiles novads,Latvia,LVA,ECA,LVA050,Ķekavas novads,Latvia,LVA,ECA,False,6.8263,False,False
LVA036,Ikšķiles novads,Latvia,LVA,ECA,LVA072,Ogres novads,Latvia,LVA,ECA,False,24.198,False,False
LVA036,Ikšķiles novads,Latvia,LVA,ECA,LVA087,Ropažu novads,Latvia,LVA,ECA,False,15.5487,False,False
LVA036,Ikšķiles novads,Latvia,LVA,ECA,LVA094,Salaspils novads,Latvia,LVA,ECA,False,16.8519,False,False
LVA037,Ilūkstes novads,Latvia,LVA,ECA,LVA043,Jēkabpils novads,Latvia,LVA,ECA,False,40.2354,False,False
LVA038,Inčukalna novads,Latvia,LVA,ECA,LVA054,Krimuldas novads,Latvia,LVA,ECA,False,9.0941,False,False
LVA038,Inčukalna novads,Latvia,LVA,ECA,LVA087,Ropažu novads,Latvia,LVA,ECA,False,3.2723,True,False
LVA038,Inčukalna novads,Latvia,LVA,ECA,LVA097,Sējas novads,Latvia,LVA,ECA,False,11.8665,False,False
LVA038,Inčukalna novads,Latvia,LVA,ECA,LVA098,Siguldas novads,Latvia,LVA,ECA,False,19.8211,False,False
LVA039,Jaunjelgavas novads,Latvia,LVA,ECA,LVA052,Kokneses novads,Latvia,LVA,ECA,False,14.3186,False,False
LVA039,Jaunjelgavas novads,Latvia,LVA,ECA,LVA070,Neretas novads,Latvia,LVA,ECA,False,24.7628,False,False
LVA039,Jaunjelgavas novads,Latvia,LVA,ECA,LVA077,Pļaviņu novads,Latvia,LVA,ECA,False,7.5062,False,False
LVA039,Jaunjelgavas novads,Latvia,LVA,ECA,LVA093,Salas novads,Latvia,LVA,ECA,False,19.2726,False,False
LVA039,Jaunjelgavas novads,Latvia,LVA,ECA,LVA099,Skrīveru novads,Latvia,LVA,ECA,False,5.4387,False,False
LVA039,Jaunjelgavas novads,Latvia,LVA,ECA,LVA113,Vecumnieku novads,Latvia,LVA,ECA,False,11.1175,False,False
LVA039,Jaunjelgavas novads,Latvia,LVA,ECA,LVA116,Viesītes novads,Latvia,LVA,ECA,False,25.4144,False,False
LVA040,Jaunpiebalgas novads,Latvia,LVA,ECA,LVA064,Madonas novads,Latvia,LVA,ECA,False,15.0957,False,False
LVA040,Jaunpiebalgas novads,Latvia,LVA,ECA,LVA081,Raunas novads,Latvia,LVA,ECA,False,17.5186,False,False
LVA040,Jaunpiebalgas novads,Latvia,LVA,ECA,LVA112,Vecpiebalgas novads,Latvia,LVA,ECA,False,20.4462,False,False
LVA041,Jaunpils novads,Latvia,LVA,ECA,LVA047,Kandavas novads,Latvia,LVA,ECA,False,14.0044,False,False
LVA041,Jaunpils novads,Latvia,LVA,ECA,LVA106,Tukuma novads,Latvia,LVA,ECA,False,31.3655,False,False
LVA042,Jēkabpils,Latvia,LVA,ECA,LVA043,Jēkabpils novads,Latvia,LVA,ECA,False,8.0294,False,False
LVA042,Jēkabpils,Latvia,LVA,ECA,LVA055,Krustpils novads,Latvia,LVA,ECA,False,13.7194,False,False
LVA042,Jēkabpils,Latvia,LVA,ECA,LVA093,Salas novads,Latvia,LVA,ECA,False,4.664,True,False
LVA043,Jēkabpils novads,Latvia,LVA,ECA,LVA055,Krustpils novads,Latvia,LVA,ECA,False,15.5332,False,False
LVA043,Jēkabpils novads,Latvia,LVA,ECA,LVA061,Līvānu novads,Latvia,LVA,ECA,False,32.5027,False,False
LVA043,Jēkabpils novads,Latvia,LVA,ECA,LVA093,Salas novads,Latvia,LVA,ECA,False,20.9799,False,False
LVA043,Jēkabpils novads,Latvia,LVA,ECA,LVA116,Viesītes novads,Latvia,LVA,ECA,False,17.5702,False,False
LVA044,Jelgava,Latvia,LVA,ECA,LVA045,Jelgavas novads,Latvia,LVA,ECA,False,31.5726,False,False
LVA044,Jelgava,Latvia,LVA,ECA,LVA074,Ozolnieku novads,Latvia,LVA,ECA,False,9.2758,False,False
LVA045,Jelgavas novads,Latvia,LVA,ECA,LTU006,Siauliu,Lithuania,LTU,ECA,True,40.9171,False,False
LVA045,Jelgavas novads,Latvia,LVA,ECA,LVA073,Olaines novads,Latvia,LVA,ECA,False,7.7572,False,False
LVA045,Jelgavas novads,Latvia,LVA,ECA,LVA074,Ozolnieku novads,Latvia,LVA,ECA,False,37.4156,False,False
LVA045,Jelgavas novads,Latvia,LVA,ECA,LVA091,Rundāles novads,Latvia,LVA,ECA,False,36.6006,False,False
LVA045,Jelgavas novads,Latvia,LVA,ECA,LVA105,Tērvetes novads,Latvia,LVA,ECA,False,20.7008,False,False
LVA045,Jelgavas novads,Latvia,LVA,ECA,LVA106,Tukuma novads,Latvia,LVA,ECA,False,10.7374,False,False
LVA046,Jūrmala,Latvia,LVA,ECA,LVA085,Rīga,Latvia,LVA,ECA,False,2.0788,True,False
LVA046,Jūrmala,Latvia,LVA,ECA,LVA106,Tukuma novads,Latvia,LVA,ECA,False,0.9211,True,True
LVA047,Kandavas novads,Latvia,LVA,ECA,LVA056,Kuldīgas novads,Latvia,LVA,ECA,False,14.4837,False,False
LVA047,Kandavas novads,Latvia,LVA,ECA,LVA095,Saldus novads,Latvia,LVA,ECA,False,16.0962,False,False
LVA047,Kandavas novads,Latvia,LVA,ECA,LVA104,Talsu novads,Latvia,LVA,ECA,False,43.7108,False,False
LVA047,Kandavas novads,Latvia,LVA,ECA,LVA106,Tukuma novads,Latvia,LVA,ECA,False,50.7441,False,False
LVA049,Ķeguma novads,Latvia,LVA,ECA,LVA039,Jaunjelgavas novads,Latvia,LVA,ECA,False,7.0613,False,False
LVA049,Ķeguma novads,Latvia,LVA,ECA,LVA050,Ķekavas novads,Latvia,LVA,ECA,False,6.952,False,False
LVA049,Ķeguma novads,Latvia,LVA,ECA,LVA057,Lielvārdes novads,Latvia,LVA,ECA,False,39.197,False,False
LVA049,Ķeguma novads,Latvia,LVA,ECA,LVA072,Ogres novads,Latvia,LVA,ECA,False,40.4,False,False
LVA049,Ķeguma novads,Latvia,LVA,ECA,LVA099,Skrīveru novads,Latvia,LVA,ECA,False,1.2443,True,False
LVA049,Ķeguma novads,Latvia,LVA,ECA,LVA113,Vecumnieku novads,Latvia,LVA,ECA,False,58.1446,False,False
LVA050,Ķekavas novads,Latvia,LVA,ECA,LVA073,Olaines novads,Latvia,LVA,ECA,False,39.931,False,False
LVA050,Ķekavas novads,Latvia,LVA,ECA,LVA074,Ozolnieku novads,Latvia,LVA,ECA,False,1.191,True,False
LVA050,Ķekavas novads,Latvia,LVA,ECA,LVA085,Rīga,Latvia,LVA,ECA,False,11.2309,False,False
LVA050,Ķekavas novads,Latvia,LVA,ECA,LVA094,Salaspils novads,Latvia,LVA,ECA,False,21.3917,False,False
LVA052,Kokneses novads,Latvia,LVA,ECA,LVA077,Pļaviņu novads,Latvia,LVA,ECA,False,34.2546,False,False
LVA053,Krāslavas novads,Latvia,LVA,ECA,LVA002,Aglonas novads,Latvia,LVA,ECA,False,27.8245,False,False
LVA053,Krāslavas novads,Latvia,LVA,ECA,LVA026,Daugavpils novads,Latvia,LVA,ECA,False,31.2779,False,False
LVA054,Krimuldas novads,Latvia,LVA,ECA,LVA059,Līgatnes novads,Latvia,LVA,ECA,False,4.0627,True,False
LVA054,Krimuldas novads,Latvia,LVA,ECA,LVA060,Limbažu novads,Latvia,LVA,ECA,False,37.8402,False,False
LVA054,Krimuldas novads,Latvia,LVA,ECA,LVA075,Pārgaujas novads,Latvia,LVA,ECA,False,19.8399,False,False
LVA054,Krimuldas novads,Latvia,LVA,ECA,LVA097,Sējas novads,Latvia,LVA,ECA,False,17.7495,False,False
LVA054,Krimuldas novads,Latvia,LVA,ECA,LVA098,Siguldas novads,Latvia,LVA,ECA,False,15.846,False,False
LVA055,Krustpils novads,Latvia,LVA,ECA,LVA061,Līvānu novads,Latvia,LVA,ECA,False,46.9455,False,False
LVA055,Krustpils novads,Latvia,LVA,ECA,LVA064,Madonas novads,Latvia,LVA,ECA,False,46.6911,False,False
LVA055,Krustpils novads,Latvia,LVA,ECA,LVA077,Pļaviņu novads,Latvia,LVA,ECA,False,12.2216,False,False
LVA055,Krustpils novads,Latvia,LVA,ECA,LVA084,Riebiņu novads,Latvia,LVA,ECA,False,11.6669,False,False
LVA055,Krustpils novads,Latvia,LVA,ECA,LVA093,Salas novads,Latvia,LVA,ECA,False,14.2976,False,False
LVA055,Krustpils novads,Latvia,LVA,ECA,LVA110,Varakļānu novads,Latvia,LVA,ECA,False,25.1821,False,False
LVA056,Kuldīgas novads,Latvia,LVA,ECA,LVA076,Pāvilostas novads,Latvia,LVA,ECA,False,6.6938,False,False
LVA056,Kuldīgas novads,Latvia,LVA,ECA,LVA095,Saldus novads,Latvia,LVA,ECA,False,48.7332,False,False
LVA056,Kuldīgas novads,Latvia,LVA,ECA,LVA100,Skrundas novads,Latvia,LVA,ECA,False,44.251,False,False
LVA056,Kuldīgas novads,Latvia,LVA,ECA,LVA115,Ventspils novads,Latvia,LVA,ECA,False,60.3433,False,False
LVA057,Lielvārdes novads,Latvia,LVA,ECA,LVA099,Skrīveru novads,Latvia,LVA,ECA,False,23.1609,False,False
LVA058,Liepāja,Latvia,LVA,ECA,LVA071,Nīcas novads,Latvia,LVA,ECA,False,3.3061,True,False
LVA059,Līgatnes novads,Latvia,LVA,ECA,LVA075,Pārgaujas novads,Latvia,LVA,ECA,False,10.5889,False,False
LVA059,Līgatnes novads,Latvia,LVA,ECA,LVA098,Siguldas novads,Latvia,LVA,ECA,False,20.7424,False,False
LVA060,Limbažu novads,Latvia,LVA,ECA,LVA051,Kocēnu novads,Latvia,LVA,ECA,False,26.3893,False,False
LVA060,Limbažu novads,Latvia,LVA,ECA,LVA075,Pārgaujas novads,Latvia,LVA,ECA,False,36.2577,False,False
LVA060,Limbažu novads,Latvia,LVA,ECA,LVA092,Salacgrīvas novads,Latvia,LVA,ECA,False,78.5174,False,False
LVA060,Limbažu novads,Latvia,LVA,ECA,LVA096,Saulkrastu novads,Latvia,LVA,ECA,False,9.1491,False,False
LVA060,Limbažu novads,Latvia,LVA,ECA,LVA097,Sējas novads,Latvia,LVA,ECA,False,23.4713,False,False
LVA061,Līvānu novads,Latvia,LVA,ECA,LVA078,Preiļu novads,Latvia,LVA,ECA,False,32.5653,False,False
LVA061,Līvānu novads,Latvia,LVA,ECA,LVA084,Riebiņu novads,Latvia,LVA,ECA,False,6.3168,False,False
LVA061,Līvānu novads,Latvia,LVA,ECA,LVA111,Vārkavas novads,Latvia,LVA,ECA,False,45.0731,False,False
LVA062,Lubānas novads,Latvia,LVA,ECA,LVA064,Madonas novads,Latvia,LVA,ECA,False,60.772,False,False
LVA062,Lubānas novads,Latvia,LVA,ECA,LVA089,Rugāju novads,Latvia,LVA,ECA,False,18.9584,False,False
LVA063,Ludzas novads,Latvia,LVA,ECA,LVA083,Rēzeknes novads,Latvia,LVA,ECA,False,65.0573,False,False
LVA063,Ludzas novads,Latvia,LVA,ECA,LVA119,Zilupes novads,Latvia,LVA,ECA,False,69.8798,False,False
LVA063,Ludzas novads,Latvia,LVA,ECA,RUS061,Pskovskaya Oblast,Russian Federation,RUS,ECA,True,13.0575,False,False
LVA064,Madonas novads,Latvia,LVA,ECA,LVA077,Pļaviņu novads,Latvia,LVA,ECA,False,34.0197,False,False
LVA064,Madonas novads,Latvia,LVA,ECA,LVA110,Varakļānu novads,Latvia,LVA,ECA,False,32.718,False,False
LVA064,Madonas novads,Latvia,LVA,ECA,LVA118,Viļānu novads,Latvia,LVA,ECA,False,0.7242,True,True
LVA066,Mārupes novads,Latvia,LVA,ECA,LVA073,Olaines novads,Latvia,LVA,ECA,False,16.3329,False,False
LVA066,Mārupes novads,Latvia,LVA,ECA,LVA085,Rīga,Latvia,LVA,ECA,False,12.8877,False,False
LVA067,Mazsalacas novads,Latvia,LVA,ECA,LVA090,Rūjienas novads,Latvia,LVA,ECA,False,36.9131,False,False
LVA068,Mērsraga novads,Latvia,LVA,ECA,LVA086,Rojas novads,Latvia,LVA,ECA,False,0.6474,True,True
LVA068,Mērsraga novads,Latvia,LVA,ECA,LVA104,Talsu novads,Latvia,LVA,ECA,False,39.3608,False,False
LVA068,Mērsraga novads,Latvia,LVA,ECA,LVA106,Tukuma novads,Latvia,LVA,ECA,False,3.7036,True,False
LVA069,Naukšēnu novads,Latvia,LVA,ECA,LVA090,Rūjienas novads,Latvia,LVA,ECA,False,50.0072,False,False
LVA069,Naukšēnu novads,Latvia,LVA,ECA,LVA108,Valkas novads,Latvia,LVA,ECA,False,35.0916,False,False
LVA070,Neretas novads,Latvia,LVA,ECA,LVA113,Vecumnieku novads,Latvia,LVA,ECA,False,13.9482,False,False
LVA070,Neretas novads,Latvia,LVA,ECA,LVA116,Viesītes novads,Latvia,LVA,ECA,False,45.9079,False,False
LVA071,Nīcas novads,Latvia,LVA,ECA,LVA088,Rucavas novads,Latvia,LVA,ECA,False,52.7027,False,False
LVA072,Ogres novads,Latvia,LVA,ECA,LVA003,Aizkraukles novads,Latvia,LVA,ECA,False,7.2284,False,False
LVA072,Ogres novads,Latvia,LVA,ECA,LVA031,Ērgļu novads,Latvia,LVA,ECA,False,29.1935,False,False
LVA072,Ogres novads,Latvia,LVA,ECA,LVA052,Kokneses novads,Latvia,LVA,ECA,False,32.748,False,False
LVA072,Ogres novads,Latvia,LVA,ECA,LVA057,Lielvārdes novads,Latvia,LVA,ECA,False,16.7889,False,False
LVA072,Ogres novads,Latvia,LVA,ECA,LVA065,Mālpils novads,Latvia,LVA,ECA,False,25.6393,False,False
LVA072,Ogres novads,Latvia,LVA,ECA,LVA087,Ropažu novads,Latvia,LVA,ECA,False,6.7015,False,False
LVA072,Ogres novads,Latvia,LVA,ECA,LVA099,Skrīveru novads,Latvia,LVA,ECA,False,9.2778,False,False
LVA072,Ogres novads,Latvia,LVA,ECA,LVA112,Vecpiebalgas novads,Latvia,LVA,ECA,False,3.1187,True,False
LVA073,Olaines novads,Latvia,LVA,ECA,LVA035,Iecavas novads,Latvia,LVA,ECA,False,21.8372,False,False
LVA073,Olaines novads,Latvia,LVA,ECA,LVA074,Ozolnieku novads,Latvia,LVA,ECA,False,27.8759,False,False
LVA073,Olaines novads,Latvia,LVA,ECA,LVA085,Rīga,Latvia,LVA,ECA,False,2.6226,True,False
LVA074,Ozolnieku novads,Latvia,LVA,ECA,LVA016,Bauskas novads,Latvia,LVA,ECA,False,4.7418,True,False
LVA074,Ozolnieku novads,Latvia,LVA,ECA,LVA035,Iecavas novads,Latvia,LVA,ECA,False,43.4588,False,False
LVA075,Pārgaujas novads,Latvia,LVA,ECA,LVA051,Kocēnu novads,Latvia,LVA,ECA,False,32.4096,False,False
LVA075,Pārgaujas novads,Latvia,LVA,ECA,LVA080,Priekuļu novads,Latvia,LVA,ECA,False,14.2453,False,False
LVA076,Pāvilostas novads,Latvia,LVA,ECA,LVA115,Ventspils novads,Latvia,LVA,ECA,False,6.7205,False,False
LVA077,Pļaviņu novads,Latvia,LVA,ECA,LVA093,Salas novads,Latvia,LVA,ECA,False,13.825,False,False
LVA078,Preiļu novads,Latvia,LVA,ECA,LVA084,Riebiņu novads,Latvia,LVA,ECA,False,63.4905,False,False
LVA078,Preiļu novads,Latvia,LVA,ECA,LVA111,Vārkavas novads,Latvia,LVA,ECA,False,29.7479,False,False
LVA079,Priekules novads,Latvia,LVA,ECA,LVA088,Rucavas novads,Latvia,LVA,ECA,False,9.0969,False,False
LVA079,Priekules novads,Latvia,LVA,ECA,LVA107,Vaiņodes novads,Latvia,LVA,ECA,False,39.1052,False,False
LVA080,Priekuļu novads,Latvia,LVA,ECA,LVA051,Kocēnu novads,Latvia,LVA,ECA,False,7.8919,False,False
LVA080,Priekuļu novads,Latvia,LVA,ECA,LVA081,Raunas novads,Latvia,LVA,ECA,False,31.6338,False,False
LVA080,Priekuļu novads,Latvia,LVA,ECA,LVA101,Smiltenes novads,Latvia,LVA,ECA,False,2.9012,True,False
LVA080,Priekuļu novads,Latvia,LVA,ECA,LVA112,Vecpiebalgas novads,Latvia,LVA,ECA,False,8.2248,False,False
LVA081,Raunas novads,Latvia,LVA,ECA,LVA101,Smiltenes novads,Latvia,LVA,ECA,False,48.4814,False,False
LVA081,Raunas novads,Latvia,LVA,ECA,LVA112,Vecpiebalgas novads,Latvia,LVA,ECA,False,21.08,False,False
LVA083,Rēzeknes novads,Latvia,LVA,ECA,LVA002,Aglonas novads,Latvia,LVA,ECA,False,18.2421,False,False
LVA083,Rēzeknes novads,Latvia,LVA,ECA,LVA015,Balvu novads,Latvia,LVA,ECA,False,34.9898,False,False
LVA083,Rēzeknes novads,Latvia,LVA,ECA,LVA048,Kārsavas novads,Latvia,LVA,ECA,False,40.1592,False,False
LVA083,Rēzeknes novads,Latvia,LVA,ECA,LVA064,Madonas novads,Latvia,LVA,ECA,False,5.4302,False,False
LVA083,Rēzeknes novads,Latvia,LVA,ECA,LVA082,Rēzekne,Latvia,LVA,ECA,False,21.0341,False,False
LVA083,Rēzeknes novads,Latvia,LVA,ECA,LVA084,Riebiņu novads,Latvia,LVA,ECA,False,49.4133,False,False
LVA083,Rēzeknes novads,Latvia,LVA,ECA,LVA118,Viļānu novads,Latvia,LVA,ECA,False,48.9963,False,False
LVA084,Riebiņu novads,Latvia,LVA,ECA,LVA110,Varakļānu novads,Latvia,LVA,ECA,False,10.63,False,False
LVA084,Riebiņu novads,Latvia,LVA,ECA,LVA118,Viļānu novads,Latvia,LVA,ECA,False,29.7618,False,False
LVA085,Rīga,Latvia,LVA,ECA,LVA094,Salaspils novads,Latvia,LVA,ECA,False,9.8377,False,False
LVA085,Rīga,Latvia,LVA,ECA,LVA102,Stopiņu novads,Latvia,LVA,ECA,False,16.5248,False,False
LVA086,Rojas novads,Latvia,LVA,ECA,LVA028,Dundagas novads,Latvia,LVA,ECA,False,30.7325,False,False
LVA086,Rojas novads,Latvia,LVA,ECA,LVA104,Talsu novads,Latvia,LVA,ECA,False,45.3251,False,False
LVA087,Ropažu novads,Latvia,LVA,ECA,LVA065,Mālpils novads,Latvia,LVA,ECA,False,6.7237,False,False
LVA087,Ropažu novads,Latvia,LVA,ECA,LVA094,Salaspils novads,Latvia,LVA,ECA,False,7.0868,False,False
LVA087,Ropažu novads,Latvia,LVA,ECA,LVA098,Siguldas novads,Latvia,LVA,ECA,False,17.5778,False,False
LVA087,Ropažu novads,Latvia,LVA,ECA,LVA102,Stopiņu novads,Latvia,LVA,ECA,False,8.2626,False,False
LVA093,Salas novads,Latvia,LVA,ECA,LVA116,Viesītes novads,Latvia,LVA,ECA,False,20.6448,False,False
LVA095,Saldus novads,Latvia,LVA,ECA,LVA100,Skrundas novads,Latvia,LVA,ECA,False,56.1064,False,False
LVA095,Saldus novads,Latvia,LVA,ECA,LVA107,Vaiņodes novads,Latvia,LVA,ECA,False,20.1098,False,False
LVA097,Sējas novads,Latvia,LVA,ECA,LVA096,Saulkrastu novads,Latvia,LVA,ECA,False,18.4865,False,False
LVA098,Siguldas novads,Latvia,LVA,ECA,LVA065,Mālpils novads,Latvia,LVA,ECA,False,41.1696,False,False
LVA100,Skrundas novads,Latvia,LVA,ECA,LVA107,Vaiņodes novads,Latvia,LVA,ECA,False,19.7746,False,False
LVA101,Smiltenes novads,Latvia,LVA,ECA,LVA010,Apes novads,Latvia,LVA,ECA,False,24.6634,False,False
LVA101,Smiltenes novads,Latvia,LVA,ECA,LVA103,Strenču novads,Latvia,LVA,ECA,False,20.986,False,False
LVA101,Smiltenes novads,Latvia,LVA,ECA,LVA108,Valkas novads,Latvia,LVA,ECA,False,34.5943,False,False
LVA101,Smiltenes novads,Latvia,LVA,ECA,LVA112,Vecpiebalgas novads,Latvia,LVA,ECA,False,1.2426,True,False
LVA102,Stopiņu novads,Latvia,LVA,ECA,LVA094,Salaspils novads,Latvia,LVA,ECA,False,20.5878,False,False
LVA103,Strenču novads,Latvia,LVA,ECA,LVA108,Valkas novads,Latvia,LVA,ECA,False,54.1993,False,False
LVA104,Talsu novads,Latvia,LVA,ECA,LVA028,Dundagas novads,Latvia,LVA,ECA,False,43.8737,False,False
LVA104,Talsu novads,Latvia,LVA,ECA,LVA056,Kuldīgas novads,Latvia,LVA,ECA,False,36.0075,False,False
LVA104,Talsu novads,Latvia,LVA,ECA,LVA115,Ventspils novads,Latvia,LVA,ECA,False,33.8741,False,False
LVA106,Tukuma novads,Latvia,LVA,ECA,LVA104,Talsu novads,Latvia,LVA,ECA,False,17.2695,False,False
LVA108,Valkas novads,Latvia,LVA,ECA,LVA010,Apes novads,Latvia,LVA,ECA,False,14.862,False,False
LVA109,Valmiera,Latvia,LVA,ECA,LVA051,Kocēnu novads,Latvia,LVA,ECA,False,4.3797,True,False
LVA112,Vecpiebalgas novads,Latvia,LVA,ECA,LVA031,Ērgļu novads,Latvia,LVA,ECA,False,38.3248,False,False
LVA112,Vecpiebalgas novads,Latvia,LVA,ECA,LVA064,Madonas novads,Latvia,LVA,ECA,False,18.9494,False,False
LVA115,Ventspils novads,Latvia,LVA,ECA,LVA114,Ventspils,Latvia,LVA,ECA,False,25.4853,False,False
LVA118,Viļānu novads,Latvia,LVA,ECA,LVA110,Varakļānu novads,Latvia,LVA,ECA,False,17.8718,False,False
LVA119,Zilupes novads,Latvia,LVA,ECA,RUS061,Pskovskaya Oblast,Russian Federation,RUS,ECA,True,32.6953,False,False
MAF001,Saint-Martin (Fr.),Saint-Martin (Fr.),MAF,Other,SXM001,Sint Maarten (Neth.),Sint Maarten (Neth.),SXM,Other,True,9.4829,False,False
MAR001,Béni Mellal-Khénifra,Morocco,MAR,MENA,MAR002,Casablanca-Settat,Morocco,MAR,MENA,False,119.3539,False,False
MAR001,Béni Mellal-Khénifra,Morocco,MAR,MENA,MAR003,Drâa-Tafilalet,Morocco,MAR,MENA,False,346.4541,False,False
MAR001,Béni Mellal-Khénifra,Morocco,MAR,MENA,MAR004,Fès-Meknès,Morocco,MAR,MENA,False,105.8484,False,False
MAR001,Béni Mellal-Khénifra,Morocco,MAR,MENA,MAR008,Marrakech-Safi,Morocco,MAR,MENA,False,153.3783,False,False
MAR001,Béni Mellal-Khénifra,Morocco,MAR,MENA,MAR009,Rabat-Salé-Kénitra,Morocco,MAR,MENA,False,170.3053,False,False
MAR002,Casablanca-Settat,Morocco,MAR,MENA,MAR009,Rabat-Salé-Kénitra,Morocco,MAR,MENA,False,99.3509,False,False
MAR003,Drâa-Tafilalet,Morocco,MAR,MENA,MAR004,Fès-Meknès,Morocco,MAR,MENA,False,173.8775,False,False
MAR003,Drâa-Tafilalet,Morocco,MAR,MENA,MAR008,Marrakech-Safi,Morocco,MAR,MENA,False,71.7377,False,False
MAR003,Drâa-Tafilalet,Morocco,MAR,MENA,MAR010,Souss-Massa,Morocco,MAR,MENA,False,445.6558,False,False
MAR004,Fès-Meknès,Morocco,MAR,MENA,MAR009,Rabat-Salé-Kénitra,Morocco,MAR,MENA,False,219.5321,False,False
MAR005,Guelmim-Oued Noun,Morocco,MAR,MENA,MAR007,Laâyoune-Sakia al Hamra,Morocco,MAR,MENA,False,200.5697,False,False
MAR006,L'oriental,Morocco,MAR,MENA,DZA007,Bechar,Algeria,DZA,MENA,True,254.8389,False,False
MAR006,L'oriental,Morocco,MAR,MENA,DZA031,Naama,Algeria,DZA,MENA,True,253.4731,False,False
MAR006,L'oriental,Morocco,MAR,MENA,MAR003,Drâa-Tafilalet,Morocco,MAR,MENA,False,242.0444,False,False
MAR006,L'oriental,Morocco,MAR,MENA,MAR004,Fès-Meknès,Morocco,MAR,MENA,False,590.8037,False,False
MAR006,L'oriental,Morocco,MAR,MENA,MAR011,Tanger-Tétouan-Al Hoceima,Morocco,MAR,MENA,False,36.5272,False,False
MAR008,Marrakech-Safi,Morocco,MAR,MENA,MAR002,Casablanca-Settat,Morocco,MAR,MENA,False,291.1718,False,False
MAR008,Marrakech-Safi,Morocco,MAR,MENA,MAR010,Souss-Massa,Morocco,MAR,MENA,False,288.419,False,False
MAR010,Souss-Massa,Morocco,MAR,MENA,MAR005,Guelmim-Oued Noun,Morocco,MAR,MENA,False,308.6074,False,False
MAR011,Tanger-Tétouan-Al Hoceima,Morocco,MAR,MENA,MAR004,Fès-Meknès,Morocco,MAR,MENA,False,201.4798,False,False
MAR011,Tanger-Tétouan-Al Hoceima,Morocco,MAR,MENA,MAR009,Rabat-Salé-Kénitra,Morocco,MAR,MENA,False,129.7547,False,False
MDA001,Anenii Noi,Moldova,MDA,ECA,MDA004,Bender,Moldova,MDA,ECA,False,14.2173,False,False
MDA001,Anenii Noi,Moldova,MDA,ECA,MDA009,Causeni,Moldova,MDA,ECA,False,48.4141,False,False
MDA001,Anenii Noi,Moldova,MDA,ECA,MDA010,Chisinau,Moldova,MDA,ECA,False,26.5226,False,False
MDA001,Anenii Noi,Moldova,MDA,ECA,MDA012,Criuleni,Moldova,MDA,ECA,False,58.2397,False,False
MDA001,Anenii Noi,Moldova,MDA,ECA,MDA021,Ialoveni,Moldova,MDA,ECA,False,29.6325,False,False
MDA001,Anenii Noi,Moldova,MDA,ECA,MDA035,Transnistria,Moldova,MDA,ECA,False,67.6414,False,False
MDA002,Balti,Moldova,MDA,ECA,MDA017,Falesti,Moldova,MDA,ECA,False,18.179,False,False
MDA002,Balti,Moldova,MDA,ECA,MDA019,Glodeni,Moldova,MDA,ECA,False,2.9507,True,False
MDA002,Balti,Moldova,MDA,ECA,MDA027,Riscani,Moldova,MDA,ECA,False,17.0182,False,False
MDA002,Balti,Moldova,MDA,ECA,MDA028,Singerei,Moldova,MDA,ECA,False,36.5032,False,False
MDA003,Basarabeasca,Moldova,MDA,ECA,MDA011,Cimislia,Moldova,MDA,ECA,False,30.3753,False,False
MDA003,Basarabeasca,Moldova,MDA,ECA,MDA037,Unitate Teritoriala Autonoma Gagauzia,Moldova,MDA,ECA,False,46.11,False,False
MDA003,Basarabeasca,Moldova,MDA,ECA,UKR016,Odes'ka,Ukraine,UKR,ECA,True,39.6337,False,False
MDA004,Bender,Moldova,MDA,ECA,MDA009,Causeni,Moldova,MDA,ECA,False,12.6699,False,False
MDA004,Bender,Moldova,MDA,ECA,MDA035,Transnistria,Moldova,MDA,ECA,False,7.6967,False,False
MDA005,Briceni,Moldova,MDA,ECA,MDA016,Edinet,Moldova,MDA,ECA,False,49.9706,False,False
MDA005,Briceni,Moldova,MDA,ECA,MDA024,Ocnita,Moldova,MDA,ECA,False,8.2984,False,False
MDA005,Briceni,Moldova,MDA,ECA,ROU007,Botoşani,Romania,ROU,ECA,True,66.2891,False,False
MDA005,Briceni,Moldova,MDA,ECA,UKR003,Chernivets'ka,Ukraine,UKR,ECA,True,115.9735,False,False
MDA006,Cahul,Moldova,MDA,ECA,MDA008,Cantemir,Moldova,MDA,ECA,False,46.6498,False,False
MDA006,Cahul,Moldova,MDA,ECA,MDA033,Taraclia,Moldova,MDA,ECA,False,55.0592,False,False
MDA006,Cahul,Moldova,MDA,ECA,MDA037,Unitate Teritoriala Autonoma Gagauzia,Moldova,MDA,ECA,False,101.7327,False,False
MDA006,Cahul,Moldova,MDA,ECA,ROU019,Galaţi,Romania,ROU,ECA,True,113.3734,False,False
MDA007,Calarasi,Moldova,MDA,ECA,MDA023,Nisporeni,Moldova,MDA,ECA,False,26.6419,False,False
MDA007,Calarasi,Moldova,MDA,ECA,MDA025,Orhei,Moldova,MDA,ECA,False,25.1564,False,False
MDA007,Calarasi,Moldova,MDA,ECA,MDA032,Straseni,Moldova,MDA,ECA,False,69.4846,False,False
MDA007,Calarasi,Moldova,MDA,ECA,MDA036,Ungheni,Moldova,MDA,ECA,False,51.3779,False,False
MDA008,Cantemir,Moldova,MDA,ECA,MDA022,Leova,Moldova,MDA,ECA,False,40.7795,False,False
MDA008,Cantemir,Moldova,MDA,ECA,MDA037,Unitate Teritoriala Autonoma Gagauzia,Moldova,MDA,ECA,False,35.8673,False,False
MDA008,Cantemir,Moldova,MDA,ECA,ROU019,Galaţi,Romania,ROU,ECA,True,0.5632,True,True
MDA008,Cantemir,Moldova,MDA,ECA,ROU041,Vaslui,Romania,ROU,ECA,True,74.02,False,False
MDA009,Causeni,Moldova,MDA,ECA,MDA011,Cimislia,Moldova,MDA,ECA,False,28.7755,False,False
MDA009,Causeni,Moldova,MDA,ECA,MDA021,Ialoveni,Moldova,MDA,ECA,False,23.2698,False,False
MDA009,Causeni,Moldova,MDA,ECA,MDA031,Stefan Voda,Moldova,MDA,ECA,False,45.9761,False,False
MDA009,Causeni,Moldova,MDA,ECA,MDA035,Transnistria,Moldova,MDA,ECA,False,49.2791,False,False
MDA009,Causeni,Moldova,MDA,ECA,UKR016,Odes'ka,Ukraine,UKR,ECA,True,86.4346,False,False
MDA010,Chisinau,Moldova,MDA,ECA,MDA012,Criuleni,Moldova,MDA,ECA,False,79.8554,False,False
MDA010,Chisinau,Moldova,MDA,ECA,MDA015,Dubasari,Moldova,MDA,ECA,False,6.7924,False,False
MDA010,Chisinau,Moldova,MDA,ECA,MDA021,Ialoveni,Moldova,MDA,ECA,False,46.4202,False,False
MDA010,Chisinau,Moldova,MDA,ECA,MDA032,Straseni,Moldova,MDA,ECA,False,36.0601,False,False
MDA011,Cimislia,Moldova,MDA,ECA,MDA020,Hincesti,Moldova,MDA,ECA,False,27.6668,False,False
MDA011,Cimislia,Moldova,MDA,ECA,MDA021,Ialoveni,Moldova,MDA,ECA,False,35.2343,False,False
MDA011,Cimislia,Moldova,MDA,ECA,MDA022,Leova,Moldova,MDA,ECA,False,24.3566,False,False
MDA011,Cimislia,Moldova,MDA,ECA,MDA037,Unitate Teritoriala Autonoma Gagauzia,Moldova,MDA,ECA,False,22.6964,False,False
MDA012,Criuleni,Moldova,MDA,ECA,MDA015,Dubasari,Moldova,MDA,ECA,False,72.1782,False,False
MDA012,Criuleni,Moldova,MDA,ECA,MDA025,Orhei,Moldova,MDA,ECA,False,41.5569,False,False
MDA012,Criuleni,Moldova,MDA,ECA,MDA032,Straseni,Moldova,MDA,ECA,False,7.8541,False,False
MDA012,Criuleni,Moldova,MDA,ECA,MDA035,Transnistria,Moldova,MDA,ECA,False,9.5102,False,False
MDA013,Donduseni,Moldova,MDA,ECA,MDA014,Drochia,Moldova,MDA,ECA,False,42.7144,False,False
MDA013,Donduseni,Moldova,MDA,ECA,MDA016,Edinet,Moldova,MDA,ECA,False,20.4765,False,False
MDA013,Donduseni,Moldova,MDA,ECA,MDA024,Ocnita,Moldova,MDA,ECA,False,59.2775,False,False
MDA013,Donduseni,Moldova,MDA,ECA,MDA027,Riscani,Moldova,MDA,ECA,False,14.7495,False,False
MDA013,Donduseni,Moldova,MDA,ECA,MDA030,Soroca,Moldova,MDA,ECA,False,37.5852,False,False
MDA013,Donduseni,Moldova,MDA,ECA,UKR021,Vinnyts'ka,Ukraine,UKR,ECA,True,4.1912,True,False
MDA014,Drochia,Moldova,MDA,ECA,MDA018,Floresti,Moldova,MDA,ECA,False,11.5679,False,False
MDA014,Drochia,Moldova,MDA,ECA,MDA027,Riscani,Moldova,MDA,ECA,False,52.002,False,False
MDA014,Drochia,Moldova,MDA,ECA,MDA028,Singerei,Moldova,MDA,ECA,False,16.766,False,False
MDA014,Drochia,Moldova,MDA,ECA,MDA030,Soroca,Moldova,MDA,ECA,False,50.0191,False,False
MDA015,Dubasari,Moldova,MDA,ECA,MDA025,Orhei,Moldova,MDA,ECA,False,30.0039,False,False
MDA015,Dubasari,Moldova,MDA,ECA,MDA035,Transnistria,Moldova,MDA,ECA,False,113.749,False,False
MDA015,Dubasari,Moldova,MDA,ECA,UKR016,Odes'ka,Ukraine,UKR,ECA,True,0.7587,True,True
MDA016,Edinet,Moldova,MDA,ECA,MDA024,Ocnita,Moldova,MDA,ECA,False,35.5205,False,False
MDA016,Edinet,Moldova,MDA,ECA,MDA027,Riscani,Moldova,MDA,ECA,False,45.6798,False,False
MDA016,Edinet,Moldova,MDA,ECA,ROU007,Botoşani,Romania,ROU,ECA,True,40.4164,False,False
MDA017,Falesti,Moldova,MDA,ECA,MDA019,Glodeni,Moldova,MDA,ECA,False,48.1819,False,False
MDA017,Falesti,Moldova,MDA,ECA,MDA028,Singerei,Moldova,MDA,ECA,False,51.8376,False,False
MDA017,Falesti,Moldova,MDA,ECA,MDA036,Ungheni,Moldova,MDA,ECA,False,44.2528,False,False
MDA017,Falesti,Moldova,MDA,ECA,ROU025,Iaşi,Romania,ROU,ECA,True,54.0168,False,False
MDA018,Floresti,Moldova,MDA,ECA,MDA028,Singerei,Moldova,MDA,ECA,False,58.7422,False,False
MDA018,Floresti,Moldova,MDA,ECA,MDA029,Soldanesti,Moldova,MDA,ECA,False,68.5775,False,False
MDA018,Floresti,Moldova,MDA,ECA,MDA030,Soroca,Moldova,MDA,ECA,False,61.2731,False,False
MDA018,Floresti,Moldova,MDA,ECA,MDA034,Telenesti,Moldova,MDA,ECA,False,12.7485,False,False
MDA018,Floresti,Moldova,MDA,ECA,MDA035,Transnistria,Moldova,MDA,ECA,False,33.2449,False,False
MDA019,Glodeni,Moldova,MDA,ECA,MDA027,Riscani,Moldova,MDA,ECA,False,65.5952,False,False
MDA019,Glodeni,Moldova,MDA,ECA,ROU007,Botoşani,Romania,ROU,ECA,True,34.4706,False,False
MDA019,Glodeni,Moldova,MDA,ECA,ROU025,Iaşi,Romania,ROU,ECA,True,0.8575,True,True
MDA020,Hincesti,Moldova,MDA,ECA,MDA021,Ialoveni,Moldova,MDA,ECA,False,63.0566,False,False
MDA020,Hincesti,Moldova,MDA,ECA,MDA022,Leova,Moldova,MDA,ECA,False,48.2954,False,False
MDA020,Hincesti,Moldova,MDA,ECA,MDA023,Nisporeni,Moldova,MDA,ECA,False,46.6399,False,False
MDA020,Hincesti,Moldova,MDA,ECA,MDA032,Straseni,Moldova,MDA,ECA,False,32.5394,False,False
MDA020,Hincesti,Moldova,MDA,ECA,ROU025,Iaşi,Romania,ROU,ECA,True,20.9293,False,False
MDA020,Hincesti,Moldova,MDA,ECA,ROU041,Vaslui,Romania,ROU,ECA,True,43.4352,False,False
MDA021,Ialoveni,Moldova,MDA,ECA,MDA032,Straseni,Moldova,MDA,ECA,False,36.8368,False,False
MDA022,Leova,Moldova,MDA,ECA,MDA037,Unitate Teritoriala Autonoma Gagauzia,Moldova,MDA,ECA,False,21.8279,False,False
MDA022,Leova,Moldova,MDA,ECA,ROU041,Vaslui,Romania,ROU,ECA,True,49.7496,False,False
MDA023,Nisporeni,Moldova,MDA,ECA,MDA032,Straseni,Moldova,MDA,ECA,False,20.4602,False,False
MDA023,Nisporeni,Moldova,MDA,ECA,MDA036,Ungheni,Moldova,MDA,ECA,False,42.5192,False,False
MDA023,Nisporeni,Moldova,MDA,ECA,ROU025,Iaşi,Romania,ROU,ECA,True,26.6033,False,False
MDA024,Ocnita,Moldova,MDA,ECA,UKR003,Chernivets'ka,Ukraine,UKR,ECA,True,37.3299,False,False
MDA024,Ocnita,Moldova,MDA,ECA,UKR021,Vinnyts'ka,Ukraine,UKR,ECA,True,36.3969,False,False
MDA025,Orhei,Moldova,MDA,ECA,MDA032,Straseni,Moldova,MDA,ECA,False,43.3366,False,False
MDA026,Rezina,Moldova,MDA,ECA,MDA025,Orhei,Moldova,MDA,ECA,False,43.5099,False,False
MDA026,Rezina,Moldova,MDA,ECA,MDA029,Soldanesti,Moldova,MDA,ECA,False,61.3063,False,False
MDA026,Rezina,Moldova,MDA,ECA,MDA034,Telenesti,Moldova,MDA,ECA,False,18.5487,False,False
MDA026,Rezina,Moldova,MDA,ECA,MDA035,Transnistria,Moldova,MDA,ECA,False,46.8402,False,False
MDA027,Riscani,Moldova,MDA,ECA,MDA028,Singerei,Moldova,MDA,ECA,False,3.7329,True,False
MDA027,Riscani,Moldova,MDA,ECA,ROU007,Botoşani,Romania,ROU,ECA,True,42.7145,False,False
MDA028,Singerei,Moldova,MDA,ECA,MDA034,Telenesti,Moldova,MDA,ECA,False,53.0802,False,False
MDA028,Singerei,Moldova,MDA,ECA,MDA036,Ungheni,Moldova,MDA,ECA,False,28.995,False,False
MDA029,Soldanesti,Moldova,MDA,ECA,MDA034,Telenesti,Moldova,MDA,ECA,False,10.1899,False,False
MDA029,Soldanesti,Moldova,MDA,ECA,MDA035,Transnistria,Moldova,MDA,ECA,False,21.9707,False,False
MDA030,Soroca,Moldova,MDA,ECA,MDA035,Transnistria,Moldova,MDA,ECA,False,18.0816,False,False
MDA030,Soroca,Moldova,MDA,ECA,UKR021,Vinnyts'ka,Ukraine,UKR,ECA,True,100.9504,False,False
MDA031,Stefan Voda,Moldova,MDA,ECA,MDA035,Transnistria,Moldova,MDA,ECA,False,69.8035,False,False
MDA031,Stefan Voda,Moldova,MDA,ECA,UKR016,Odes'ka,Ukraine,UKR,ECA,True,165.1103,False,False
MDA033,Taraclia,Moldova,MDA,ECA,MDA037,Unitate Teritoriala Autonoma Gagauzia,Moldova,MDA,ECA,False,155.7545,False,False
MDA034,Telenesti,Moldova,MDA,ECA,MDA007,Calarasi,Moldova,MDA,ECA,False,36.9238,False,False
MDA034,Telenesti,Moldova,MDA,ECA,MDA025,Orhei,Moldova,MDA,ECA,False,34.2404,False,False
MDA034,Telenesti,Moldova,MDA,ECA,MDA036,Ungheni,Moldova,MDA,ECA,False,3.2003,True,False
MDA035,Transnistria,Moldova,MDA,ECA,MDA025,Orhei,Moldova,MDA,ECA,False,17.6804,False,False
MDA035,Transnistria,Moldova,MDA,ECA,UKR016,Odes'ka,Ukraine,UKR,ECA,True,380.8506,False,False
MDA035,Transnistria,Moldova,MDA,ECA,UKR021,Vinnyts'ka,Ukraine,UKR,ECA,True,60.9972,False,False
MDA036,Ungheni,Moldova,MDA,ECA,ROU025,Iaşi,Romania,ROU,ECA,True,113.3119,False,False
MDG029,Antananarivo,Madagascar,MDG,AFR,MDG031,Fianarantsoa,Madagascar,MDG,AFR,False,368.6377,False,False
MDG029,Antananarivo,Madagascar,MDG,AFR,MDG032,Mahajanga,Madagascar,MDG,AFR,False,458.5687,False,False
MDG029,Antananarivo,Madagascar,MDG,AFR,MDG034,Toliara,Madagascar,MDG,AFR,False,277.5845,False,False
MDG030,Antsiranana,Madagascar,MDG,AFR,MDG032,Mahajanga,Madagascar,MDG,AFR,False,307.6577,False,False
MDG030,Antsiranana,Madagascar,MDG,AFR,MDG033,Toamasina,Madagascar,MDG,AFR,False,206.5384,False,False
MDG031,Fianarantsoa,Madagascar,MDG,AFR,MDG034,Toliara,Madagascar,MDG,AFR,False,1108.309,False,False
MDG032,Mahajanga,Madagascar,MDG,AFR,MDG034,Toliara,Madagascar,MDG,AFR,False,358.639,False,False
MDG033,Toamasina,Madagascar,MDG,AFR,MDG029,Antananarivo,Madagascar,MDG,AFR,False,334.5364,False,False
MDG033,Toamasina,Madagascar,MDG,AFR,MDG031,Fianarantsoa,Madagascar,MDG,AFR,False,223.4855,False,False
MDG033,Toamasina,Madagascar,MDG,AFR,MDG032,Mahajanga,Madagascar,MDG,AFR,False,851.2204,False,False
MEX001,Aguascalientes,Mexico,MEX,LCR,MEX014,Jalisco,Mexico,MEX,LCR,False,167.3048,False,False
MEX001,Aguascalientes,Mexico,MEX,LCR,MEX032,Zacatecas,Mexico,MEX,LCR,False,243.9024,False,False
MEX003,Baja California Sur,Mexico,MEX,LCR,MEX002,Baja California,Mexico,MEX,LCR,False,132.5233,False,False
MEX004,Campeche,Mexico,MEX,LCR,MEX023,Quintana Roo,Mexico,MEX,LCR,False,220.4784,False,False
MEX004,Campeche,Mexico,MEX,LCR,MEX027,Tabasco,Mexico,MEX,LCR,False,293.8592,False,False
MEX005,Coahuila de Zaragoza,Mexico,MEX,LCR,MEX010,Durango,Mexico,MEX,LCR,False,381.4395,False,False
MEX005,Coahuila de Zaragoza,Mexico,MEX,LCR,MEX019,Nuevo León,Mexico,MEX,LCR,False,702.4168,False,False
MEX005,Coahuila de Zaragoza,Mexico,MEX,LCR,MEX032,Zacatecas,Mexico,MEX,LCR,False,253.7576,False,False
MEX007,Chiapas,Mexico,MEX,LCR,GTM012,Petén,Guatemala,GTM,LCR,True,304.5995,False,False
MEX007,Chiapas,Mexico,MEX,LCR,GTM017,San Marcos,Guatemala,GTM,LCR,True,128.7861,False,False
MEX007,Chiapas,Mexico,MEX,LCR,MEX020,Oaxaca,Mexico,MEX,LCR,False,123.2458,False,False
MEX007,Chiapas,Mexico,MEX,LCR,MEX027,Tabasco,Mexico,MEX,LCR,False,611.1488,False,False
MEX007,Chiapas,Mexico,MEX,LCR,MEX030,Veracruz de Ignacio de la Llave,Mexico,MEX,LCR,False,43.3949,False,False
MEX008,Chihuahua,Mexico,MEX,LCR,MEX005,Coahuila de Zaragoza,Mexico,MEX,LCR,False,343.6665,False,False
MEX008,Chihuahua,Mexico,MEX,LCR,MEX010,Durango,Mexico,MEX,LCR,False,682.8942,False,False
MEX008,Chihuahua,Mexico,MEX,LCR,MEX025,Sinaloa,Mexico,MEX,LCR,False,353.4257,False,False
MEX008,Chihuahua,Mexico,MEX,LCR,MEX026,Sonora,Mexico,MEX,LCR,False,800.741,False,False
MEX008,Chihuahua,Mexico,MEX,LCR,USA032,New Mexico,United States of America,USA,Other,True,261.2154,False,False
MEX009,Ciudad de México,Mexico,MEX,LCR,MEX017,Morelos,Mexico,MEX,LCR,False,37.5125,False,False
MEX010,Durango,Mexico,MEX,LCR,MEX018,Nayarit,Mexico,MEX,LCR,False,258.6271,False,False
MEX010,Durango,Mexico,MEX,LCR,MEX025,Sinaloa,Mexico,MEX,LCR,False,541.3323,False,False
MEX011,Guanajuato,Mexico,MEX,LCR,MEX014,Jalisco,Mexico,MEX,LCR,False,276.4248,False,False
MEX011,Guanajuato,Mexico,MEX,LCR,MEX016,Michoacán de Ocampo,Mexico,MEX,LCR,False,467.6403,False,False
MEX011,Guanajuato,Mexico,MEX,LCR,MEX022,Querétaro,Mexico,MEX,LCR,False,302.5,False,False
MEX011,Guanajuato,Mexico,MEX,LCR,MEX024,San Luis Potosí,Mexico,MEX,LCR,False,268.3337,False,False
MEX011,Guanajuato,Mexico,MEX,LCR,MEX032,Zacatecas,Mexico,MEX,LCR,False,1.9002,True,False
MEX012,Guerrero,Mexico,MEX,LCR,MEX017,Morelos,Mexico,MEX,LCR,False,98.8822,False,False
MEX013,Hidalgo,Mexico,MEX,LCR,MEX015,México,Mexico,MEX,LCR,False,387.0629,False,False
MEX013,Hidalgo,Mexico,MEX,LCR,MEX021,Puebla,Mexico,MEX,LCR,False,189.6256,False,False
MEX013,Hidalgo,Mexico,MEX,LCR,MEX022,Querétaro,Mexico,MEX,LCR,False,226.0639,False,False
MEX013,Hidalgo,Mexico,MEX,LCR,MEX024,San Luis Potosí,Mexico,MEX,LCR,False,145.0032,False,False
MEX013,Hidalgo,Mexico,MEX,LCR,MEX029,Tlaxcala,Mexico,MEX,LCR,False,67.2339,False,False
MEX013,Hidalgo,Mexico,MEX,LCR,MEX030,Veracruz de Ignacio de la Llave,Mexico,MEX,LCR,False,421.7741,False,False
MEX014,Jalisco,Mexico,MEX,LCR,MEX006,Colima,Mexico,MEX,LCR,False,271.0714,False,False
MEX014,Jalisco,Mexico,MEX,LCR,MEX016,Michoacán de Ocampo,Mexico,MEX,LCR,False,507.39,False,False
MEX014,Jalisco,Mexico,MEX,LCR,MEX018,Nayarit,Mexico,MEX,LCR,False,608.7976,False,False
MEX014,Jalisco,Mexico,MEX,LCR,MEX032,Zacatecas,Mexico,MEX,LCR,False,1254.3037,False,False
MEX015,México,Mexico,MEX,LCR,MEX009,Ciudad de México,Mexico,MEX,LCR,False,163.5549,False,False
MEX015,México,Mexico,MEX,LCR,MEX012,Guerrero,Mexico,MEX,LCR,False,275.5829,False,False
MEX015,México,Mexico,MEX,LCR,MEX016,Michoacán de Ocampo,Mexico,MEX,LCR,False,224.3551,False,False
MEX015,México,Mexico,MEX,LCR,MEX017,Morelos,Mexico,MEX,LCR,False,116.8178,False,False
MEX015,México,Mexico,MEX,LCR,MEX021,Puebla,Mexico,MEX,LCR,False,67.8845,False,False
MEX015,México,Mexico,MEX,LCR,MEX022,Querétaro,Mexico,MEX,LCR,False,89.9397,False,False
MEX015,México,Mexico,MEX,LCR,MEX029,Tlaxcala,Mexico,MEX,LCR,False,22.2168,False,False
MEX016,Michoacán de Ocampo,Mexico,MEX,LCR,MEX006,Colima,Mexico,MEX,LCR,False,61.087,False,False
MEX016,Michoacán de Ocampo,Mexico,MEX,LCR,MEX012,Guerrero,Mexico,MEX,LCR,False,285.7996,False,False
MEX016,Michoacán de Ocampo,Mexico,MEX,LCR,MEX022,Querétaro,Mexico,MEX,LCR,False,53.5179,False,False
MEX018,Nayarit,Mexico,MEX,LCR,MEX025,Sinaloa,Mexico,MEX,LCR,False,113.8846,False,False
MEX019,Nuevo León,Mexico,MEX,LCR,MEX024,San Luis Potosí,Mexico,MEX,LCR,False,269.7191,False,False
MEX019,Nuevo León,Mexico,MEX,LCR,MEX028,Tamaulipas,Mexico,MEX,LCR,False,894.6836,False,False
MEX019,Nuevo León,Mexico,MEX,LCR,MEX032,Zacatecas,Mexico,MEX,LCR,False,12.1089,False,False
MEX020,Oaxaca,Mexico,MEX,LCR,MEX012,Guerrero,Mexico,MEX,LCR,False,304.1399,False,False
MEX020,Oaxaca,Mexico,MEX,LCR,MEX021,Puebla,Mexico,MEX,LCR,False,388.5774,False,False
MEX020,Oaxaca,Mexico,MEX,LCR,MEX030,Veracruz de Ignacio de la Llave,Mexico,MEX,LCR,False,659.715,False,False
MEX021,Puebla,Mexico,MEX,LCR,MEX012,Guerrero,Mexico,MEX,LCR,False,162.7204,False,False
MEX021,Puebla,Mexico,MEX,LCR,MEX017,Morelos,Mexico,MEX,LCR,False,163.7791,False,False
MEX021,Puebla,Mexico,MEX,LCR,MEX029,Tlaxcala,Mexico,MEX,LCR,False,310.6727,False,False
MEX021,Puebla,Mexico,MEX,LCR,MEX030,Veracruz de Ignacio de la Llave,Mexico,MEX,LCR,False,771.6593,False,False
MEX022,Querétaro,Mexico,MEX,LCR,MEX024,San Luis Potosí,Mexico,MEX,LCR,False,175.5839,False,False
MEX024,San Luis Potosí,Mexico,MEX,LCR,MEX028,Tamaulipas,Mexico,MEX,LCR,False,302.2449,False,False
MEX024,San Luis Potosí,Mexico,MEX,LCR,MEX030,Veracruz de Ignacio de la Llave,Mexico,MEX,LCR,False,270.2542,False,False
MEX024,San Luis Potosí,Mexico,MEX,LCR,MEX032,Zacatecas,Mexico,MEX,LCR,False,674.0847,False,False
MEX026,Sonora,Mexico,MEX,LCR,MEX002,Baja California,Mexico,MEX,LCR,False,107.4325,False,False
MEX026,Sonora,Mexico,MEX,LCR,MEX025,Sinaloa,Mexico,MEX,LCR,False,156.485,False,False
MEX026,Sonora,Mexico,MEX,LCR,USA003,Arizona,United States of America,USA,Other,True,569.0376,False,False
MEX026,Sonora,Mexico,MEX,LCR,USA032,New Mexico,United States of America,USA,Other,True,27.9763,False,False
MEX027,Tabasco,Mexico,MEX,LCR,MEX030,Veracruz de Ignacio de la Llave,Mexico,MEX,LCR,False,203.4744,False,False
MEX028,Tamaulipas,Mexico,MEX,LCR,MEX030,Veracruz de Ignacio de la Llave,Mexico,MEX,LCR,False,29.8122,False,False
MEX031,Yucatán,Mexico,MEX,LCR,MEX004,Campeche,Mexico,MEX,LCR,False,252.3175,False,False
MEX031,Yucatán,Mexico,MEX,LCR,MEX023,Quintana Roo,Mexico,MEX,LCR,False,400.6508,False,False
MEX032,Zacatecas,Mexico,MEX,LCR,MEX010,Durango,Mexico,MEX,LCR,False,580.2995,False,False
MEX032,Zacatecas,Mexico,MEX,LCR,MEX018,Nayarit,Mexico,MEX,LCR,False,12.1006,False,False
MKD001,East,North Macedonia,MKD,ECA,MKD002,Northeast,North Macedonia,MKD,ECA,False,67.6606,False,False
MKD001,East,North Macedonia,MKD,ECA,MKD006,Southeast,North Macedonia,MKD,ECA,False,119.4634,False,False
MKD001,East,North Macedonia,MKD,ECA,MKD008,Vardar,North Macedonia,MKD,ECA,False,106.2312,False,False
MKD002,Northeast,North Macedonia,MKD,ECA,MKD005,Skopje,North Macedonia,MKD,ECA,False,67.2233,False,False
MKD002,Northeast,North Macedonia,MKD,ECA,MKD008,Vardar,North Macedonia,MKD,ECA,False,28.2658,False,False
MKD002,Northeast,North Macedonia,MKD,ECA,SRB011,Pcinjski,Serbia,SRB,ECA,True,97.5649,False,False
MKD002,Northeast,North Macedonia,MKD,ECA,XKX003,Gjilan,Kosovo,XKX,ECA,True,22.4516,False,False
MKD003,Pelagonia,North Macedonia,MKD,ECA,MKD007,Southwest,North Macedonia,MKD,ECA,False,121.8998,False,False
MKD003,Pelagonia,North Macedonia,MKD,ECA,MKD008,Vardar,North Macedonia,MKD,ECA,False,115.5531,False,False
MKD004,Polog,North Macedonia,MKD,ECA,MKD005,Skopje,North Macedonia,MKD,ECA,False,50.931,False,False
MKD004,Polog,North Macedonia,MKD,ECA,MKD007,Southwest,North Macedonia,MKD,ECA,False,121.2039,False,False
MKD004,Polog,North Macedonia,MKD,ECA,XKX001,Ferizaj,Kosovo,XKX,ECA,True,29.9185,False,False
MKD004,Polog,North Macedonia,MKD,ECA,XKX007,Prizren,Kosovo,XKX,ECA,True,63.5569,False,False
MKD005,Skopje,North Macedonia,MKD,ECA,MKD007,Southwest,North Macedonia,MKD,ECA,False,20.8381,False,False
MKD005,Skopje,North Macedonia,MKD,ECA,MKD008,Vardar,North Macedonia,MKD,ECA,False,70.5675,False,False
MKD005,Skopje,North Macedonia,MKD,ECA,XKX001,Ferizaj,Kosovo,XKX,ECA,True,31.5009,False,False
MKD005,Skopje,North Macedonia,MKD,ECA,XKX003,Gjilan,Kosovo,XKX,ECA,True,7.7872,False,False
MKD006,Southeast,North Macedonia,MKD,ECA,MKD008,Vardar,North Macedonia,MKD,ECA,False,66.1791,False,False
MKD007,Southwest,North Macedonia,MKD,ECA,MKD008,Vardar,North Macedonia,MKD,ECA,False,14.9098,False,False
MLI001,District de Bamako,Mali,MLI,AFR,MLI005,Koulikoro,Mali,MLI,AFR,False,84.4456,False,False
MLI002,Gao,Mali,MLI,AFR,MLI004,Kidal,Mali,MLI,AFR,False,661.3906,False,False
MLI002,Gao,Mali,MLI,AFR,MLI009,Tombouctou,Mali,MLI,AFR,False,614.1149,False,False
MLI002,Gao,Mali,MLI,AFR,NER005,Tahoua,Niger,NER,AFR,True,272.556,False,False
MLI002,Gao,Mali,MLI,AFR,NER006,Tillabéri,Niger,NER,AFR,True,444.7418,False,False
MLI003,Kayes,Mali,MLI,AFR,GIN003,Faranah,Guinea,GIN,AFR,True,232.2411,False,False
MLI003,Kayes,Mali,MLI,AFR,GIN006,Labe,Guinea,GIN,AFR,True,102.277,False,False
MLI003,Kayes,Mali,MLI,AFR,MLI005,Koulikoro,Mali,MLI,AFR,False,729.3329,False,False
MLI003,Kayes,Mali,MLI,AFR,MRT002,Assaba,Mauritania,MRT,AFR,True,197.5137,False,False
MLI003,Kayes,Mali,MLI,AFR,MRT006,Guidimakha,Mauritania,MRT,AFR,True,169.8018,False,False
MLI003,Kayes,Mali,MLI,AFR,MRT008,Hodh El Gharbi,Mauritania,MRT,AFR,True,227.505,False,False
MLI003,Kayes,Mali,MLI,AFR,SEN019,Kédougou,Senegal,SEN,AFR,True,254.7481,False,False
MLI003,Kayes,Mali,MLI,AFR,SEN022,Tambacounda,Senegal,SEN,AFR,True,232.8033,False,False
MLI004,Kidal,Mali,MLI,AFR,MLI009,Tombouctou,Mali,MLI,AFR,False,483.5138,False,False
MLI004,Kidal,Mali,MLI,AFR,NER001,Agadez,Niger,NER,AFR,True,52.176,False,False
MLI004,Kidal,Mali,MLI,AFR,NER005,Tahoua,Niger,NER,AFR,True,74.3033,False,False
MLI005,Koulikoro,Mali,MLI,AFR,MRT007,Hodh Ech Chargi,Mauritania,MRT,AFR,True,275.5844,False,False
MLI005,Koulikoro,Mali,MLI,AFR,MRT008,Hodh El Gharbi,Mauritania,MRT,AFR,True,15.1602,False,False
MLI006,Mopti,Mali,MLI,AFR,MLI007,Ségou,Mali,MLI,AFR,False,614.8355,False,False
MLI006,Mopti,Mali,MLI,AFR,MLI009,Tombouctou,Mali,MLI,AFR,False,674.4192,False,False
MLI007,Ségou,Mali,MLI,AFR,MLI005,Koulikoro,Mali,MLI,AFR,False,516.5347,False,False
MLI007,Ségou,Mali,MLI,AFR,MLI008,Sikasso,Mali,MLI,AFR,False,315.5772,False,False
MLI007,Ségou,Mali,MLI,AFR,MLI009,Tombouctou,Mali,MLI,AFR,False,15.9497,False,False
MLI007,Ségou,Mali,MLI,AFR,MRT007,Hodh Ech Chargi,Mauritania,MRT,AFR,True,100.2583,False,False
MLI008,Sikasso,Mali,MLI,AFR,CIV027,Denguélé,Côte d'Ivoire,CIV,AFR,True,278.8163,False,False
MLI008,Sikasso,Mali,MLI,AFR,GIN004,Kankan,Guinea,GIN,AFR,True,325.0107,False,False
MLI008,Sikasso,Mali,MLI,AFR,MLI005,Koulikoro,Mali,MLI,AFR,False,650.3328,False,False
MLI009,Tombouctou,Mali,MLI,AFR,MRT001,Adrar,Mauritania,MRT,AFR,True,125.4944,False,False
MLI009,Tombouctou,Mali,MLI,AFR,MRT007,Hodh Ech Chargi,Mauritania,MRT,AFR,True,874.0126,False,False
MLI009,Tombouctou,Mali,MLI,AFR,MRT012,Tiris-Zemmou,Mauritania,MRT,AFR,True,250.4659,False,False
MLT001,Attard,Malta,MLT,MENA,MLT002,Balzan,Malta,MLT,MENA,False,1.3983,True,False
MLT001,Attard,Malta,MLT,MENA,MLT004,Birkirkara,Malta,MLT,MENA,False,0.2581,True,True
MLT001,Attard,Malta,MLT,MENA,MLT024,Lija,Malta,MLT,MENA,False,1.1281,True,False
MLT001,Attard,Malta,MLT,MENA,MLT029,Mdina,Malta,MLT,MENA,False,1.1346,True,False
MLT001,Attard,Malta,MLT,MENA,MLT032,Mosta,Malta,MLT,MENA,False,2.0236,True,False
MLT001,Attard,Malta,MLT,MENA,MLT042,Qormi,Malta,MLT,MENA,False,0.7896,True,True
MLT001,Attard,Malta,MLT,MENA,MLT044,Rabat (malta),Malta,MLT,MENA,False,1.1069,True,False
MLT001,Attard,Malta,MLT,MENA,MLT065,Zebbug (malta),Malta,MLT,MENA,False,3.733,True,False
MLT002,Balzan,Malta,MLT,MENA,MLT004,Birkirkara,Malta,MLT,MENA,False,1.1957,True,False
MLT002,Balzan,Malta,MLT,MENA,MLT024,Lija,Malta,MLT,MENA,False,0.7046,True,True
MLT003,Birgu,Malta,MLT,MENA,MLT006,Bormla,Malta,MLT,MENA,False,1.0408,True,False
MLT003,Birgu,Malta,MLT,MENA,MLT021,Kalkara,Malta,MLT,MENA,False,0.649,True,True
MLT003,Birgu,Malta,MLT,MENA,MLT063,Zabbar,Malta,MLT,MENA,False,0.4791,True,True
MLT004,Birkirkara,Malta,MLT,MENA,MLT019,Iklin,Malta,MLT,MENA,False,1.0081,True,False
MLT004,Birkirkara,Malta,MLT,MENA,MLT024,Lija,Malta,MLT,MENA,False,0.0319,True,True
MLT004,Birkirkara,Malta,MLT,MENA,MLT034,Msida,Malta,MLT,MENA,False,1.1483,True,False
MLT004,Birkirkara,Malta,MLT,MENA,MLT042,Qormi,Malta,MLT,MENA,False,1.2782,True,False
MLT004,Birkirkara,Malta,MLT,MENA,MLT048,San Gwann,Malta,MLT,MENA,False,0.927,True,True
MLT004,Birkirkara,Malta,MLT,MENA,MLT053,Santa Venera,Malta,MLT,MENA,False,0.9763,True,True
MLT005,Birzebbugia,Malta,MLT,MENA,MLT015,Ghaxaq,Malta,MLT,MENA,False,2.5821,True,False
MLT005,Birzebbugia,Malta,MLT,MENA,MLT025,Luqa,Malta,MLT,MENA,False,0.0743,True,True
MLT005,Birzebbugia,Malta,MLT,MENA,MLT028,Marsaxlokk,Malta,MLT,MENA,False,2.3512,True,False
MLT005,Birzebbugia,Malta,MLT,MENA,MLT067,Zurrieq,Malta,MLT,MENA,False,3.7777,True,False
MLT006,Bormla,Malta,MLT,MENA,MLT008,Fgura,Malta,MLT,MENA,False,1.1204,True,False
MLT006,Bormla,Malta,MLT,MENA,MLT020,Isla,Malta,MLT,MENA,False,0.6404,True,True
MLT006,Bormla,Malta,MLT,MENA,MLT038,Paola,Malta,MLT,MENA,False,0.7014,True,True
MLT006,Bormla,Malta,MLT,MENA,MLT063,Zabbar,Malta,MLT,MENA,False,0.4146,True,True
MLT007,Dingli,Malta,MLT,MENA,MLT044,Rabat (malta),Malta,MLT,MENA,False,5.0198,False,False
MLT007,Dingli,Malta,MLT,MENA,MLT054,Siggiewi,Malta,MLT,MENA,False,2.238,True,False
MLT008,Fgura,Malta,MLT,MENA,MLT038,Paola,Malta,MLT,MENA,False,0.7794,True,True
MLT008,Fgura,Malta,MLT,MENA,MLT058,Tarxien,Malta,MLT,MENA,False,1.1757,True,False
MLT008,Fgura,Malta,MLT,MENA,MLT063,Zabbar,Malta,MLT,MENA,False,0.8186,True,True
MLT008,Fgura,Malta,MLT,MENA,MLT066,Zejtun,Malta,MLT,MENA,False,0.5816,True,True
MLT009,Floriana,Malta,MLT,MENA,MLT018,Hamrun,Malta,MLT,MENA,False,0.6266,True,True
MLT009,Floriana,Malta,MLT,MENA,MLT026,Marsa,Malta,MLT,MENA,False,0.5572,True,True
MLT009,Floriana,Malta,MLT,MENA,MLT040,Pieta,Malta,MLT,MENA,False,0.3064,True,True
MLT009,Floriana,Malta,MLT,MENA,MLT057,Ta' Xbiex,Malta,MLT,MENA,False,0.0447,True,True
MLT009,Floriana,Malta,MLT,MENA,MLT059,Valletta,Malta,MLT,MENA,False,0.9057,True,True
MLT010,Fontana,Malta,MLT,MENA,MLT022,Kercem,Malta,MLT,MENA,False,0.4508,True,True
MLT010,Fontana,Malta,MLT,MENA,MLT035,Munxar,Malta,MLT,MENA,False,0.4676,True,True
MLT010,Fontana,Malta,MLT,MENA,MLT045,Rabat (victoria),Malta,MLT,MENA,False,1.6031,True,False
MLT011,Ghajnsielem,Malta,MLT,MENA,MLT036,Nadur,Malta,MLT,MENA,False,1.8064,True,False
MLT011,Ghajnsielem,Malta,MLT,MENA,MLT041,Qala,Malta,MLT,MENA,False,2.2389,True,False
MLT011,Ghajnsielem,Malta,MLT,MENA,MLT051,Sannat,Malta,MLT,MENA,False,0.959,True,True
MLT011,Ghajnsielem,Malta,MLT,MENA,MLT061,Xewkija,Malta,MLT,MENA,False,1.8509,True,False
MLT012,Gharb,Malta,MLT,MENA,MLT014,Ghasri,Malta,MLT,MENA,False,2.9748,True,False
MLT012,Gharb,Malta,MLT,MENA,MLT022,Kercem,Malta,MLT,MENA,False,0.863,True,True
MLT012,Gharb,Malta,MLT,MENA,MLT049,San Lawrenz,Malta,MLT,MENA,False,1.7322,True,False
MLT013,Gharghur,Malta,MLT,MENA,MLT019,Iklin,Malta,MLT,MENA,False,1.2123,True,False
MLT013,Gharghur,Malta,MLT,MENA,MLT037,Naxxar,Malta,MLT,MENA,False,2.336,True,False
MLT013,Gharghur,Malta,MLT,MENA,MLT048,San Gwann,Malta,MLT,MENA,False,0.3339,True,True
MLT013,Gharghur,Malta,MLT,MENA,MLT056,Swieqi,Malta,MLT,MENA,False,2.4847,True,False
MLT014,Ghasri,Malta,MLT,MENA,MLT064,Zebbug (gozo),Malta,MLT,MENA,False,3.7046,True,False
MLT015,Ghaxaq,Malta,MLT,MENA,MLT016,Gudja,Malta,MLT,MENA,False,2.6805,True,False
MLT015,Ghaxaq,Malta,MLT,MENA,MLT025,Luqa,Malta,MLT,MENA,False,1.1596,True,False
MLT015,Ghaxaq,Malta,MLT,MENA,MLT028,Marsaxlokk,Malta,MLT,MENA,False,0.3514,True,True
MLT015,Ghaxaq,Malta,MLT,MENA,MLT052,Santa Lucija,Malta,MLT,MENA,False,0.5831,True,True
MLT015,Ghaxaq,Malta,MLT,MENA,MLT058,Tarxien,Malta,MLT,MENA,False,0.0945,True,True
MLT015,Ghaxaq,Malta,MLT,MENA,MLT066,Zejtun,Malta,MLT,MENA,False,1.9734,True,False
MLT016,Gudja,Malta,MLT,MENA,MLT025,Luqa,Malta,MLT,MENA,False,3.4608,True,False
MLT016,Gudja,Malta,MLT,MENA,MLT052,Santa Lucija,Malta,MLT,MENA,False,0.9183,True,True
MLT017,Gzira,Malta,MLT,MENA,MLT034,Msida,Malta,MLT,MENA,False,0.8745,True,True
MLT017,Gzira,Malta,MLT,MENA,MLT047,San Giljan,Malta,MLT,MENA,False,0.438,True,True
MLT017,Gzira,Malta,MLT,MENA,MLT048,San Gwann,Malta,MLT,MENA,False,0.608,True,True
MLT017,Gzira,Malta,MLT,MENA,MLT055,Sliema,Malta,MLT,MENA,False,0.7021,True,True
MLT017,Gzira,Malta,MLT,MENA,MLT057,Ta' Xbiex,Malta,MLT,MENA,False,1.2469,True,False
MLT018,Hamrun,Malta,MLT,MENA,MLT026,Marsa,Malta,MLT,MENA,False,1.3448,True,False
MLT018,Hamrun,Malta,MLT,MENA,MLT034,Msida,Malta,MLT,MENA,False,0.471,True,True
MLT018,Hamrun,Malta,MLT,MENA,MLT040,Pieta,Malta,MLT,MENA,False,0.9587,True,True
MLT018,Hamrun,Malta,MLT,MENA,MLT042,Qormi,Malta,MLT,MENA,False,0.5558,True,True
MLT018,Hamrun,Malta,MLT,MENA,MLT053,Santa Venera,Malta,MLT,MENA,False,1.2359,True,False
MLT019,Iklin,Malta,MLT,MENA,MLT024,Lija,Malta,MLT,MENA,False,0.4009,True,True
MLT019,Iklin,Malta,MLT,MENA,MLT037,Naxxar,Malta,MLT,MENA,False,1.4844,True,False
MLT019,Iklin,Malta,MLT,MENA,MLT048,San Gwann,Malta,MLT,MENA,False,0.8989,True,True
MLT021,Kalkara,Malta,MLT,MENA,MLT062,Xghajra,Malta,MLT,MENA,False,0.7401,True,True
MLT021,Kalkara,Malta,MLT,MENA,MLT063,Zabbar,Malta,MLT,MENA,False,0.9758,True,True
MLT022,Kercem,Malta,MLT,MENA,MLT014,Ghasri,Malta,MLT,MENA,False,0.8873,True,True
MLT022,Kercem,Malta,MLT,MENA,MLT035,Munxar,Malta,MLT,MENA,False,2.495,True,False
MLT022,Kercem,Malta,MLT,MENA,MLT045,Rabat (victoria),Malta,MLT,MENA,False,1.4225,True,False
MLT022,Kercem,Malta,MLT,MENA,MLT049,San Lawrenz,Malta,MLT,MENA,False,3.4985,True,False
MLT023,Kirkop,Malta,MLT,MENA,MLT025,Luqa,Malta,MLT,MENA,False,0.8997,True,True
MLT023,Kirkop,Malta,MLT,MENA,MLT033,Mqabba,Malta,MLT,MENA,False,1.3124,True,False
MLT023,Kirkop,Malta,MLT,MENA,MLT046,Safi,Malta,MLT,MENA,False,1.2309,True,False
MLT023,Kirkop,Malta,MLT,MENA,MLT067,Zurrieq,Malta,MLT,MENA,False,0.9269,True,True
MLT024,Lija,Malta,MLT,MENA,MLT032,Mosta,Malta,MLT,MENA,False,0.9475,True,True
MLT024,Lija,Malta,MLT,MENA,MLT037,Naxxar,Malta,MLT,MENA,False,0.9774,True,True
MLT025,Luqa,Malta,MLT,MENA,MLT026,Marsa,Malta,MLT,MENA,False,2.0786,True,False
MLT025,Luqa,Malta,MLT,MENA,MLT033,Mqabba,Malta,MLT,MENA,False,2.8839,True,False
MLT025,Luqa,Malta,MLT,MENA,MLT038,Paola,Malta,MLT,MENA,False,0.6713,True,True
MLT025,Luqa,Malta,MLT,MENA,MLT042,Qormi,Malta,MLT,MENA,False,1.7361,True,False
MLT025,Luqa,Malta,MLT,MENA,MLT046,Safi,Malta,MLT,MENA,False,1.7616,True,False
MLT025,Luqa,Malta,MLT,MENA,MLT052,Santa Lucija,Malta,MLT,MENA,False,0.497,True,True
MLT025,Luqa,Malta,MLT,MENA,MLT054,Siggiewi,Malta,MLT,MENA,False,2.4429,True,False
MLT025,Luqa,Malta,MLT,MENA,MLT067,Zurrieq,Malta,MLT,MENA,False,0.5348,True,True
MLT026,Marsa,Malta,MLT,MENA,MLT038,Paola,Malta,MLT,MENA,False,2.0109,True,False
MLT026,Marsa,Malta,MLT,MENA,MLT042,Qormi,Malta,MLT,MENA,False,0.7503,True,True
MLT027,Marsascala,Malta,MLT,MENA,MLT028,Marsaxlokk,Malta,MLT,MENA,False,1.6957,True,False
MLT027,Marsascala,Malta,MLT,MENA,MLT063,Zabbar,Malta,MLT,MENA,False,2.3793,True,False
MLT029,Mdina,Malta,MLT,MENA,MLT044,Rabat (malta),Malta,MLT,MENA,False,2.8308,True,False
MLT029,Mdina,Malta,MLT,MENA,MLT065,Zebbug (malta),Malta,MLT,MENA,False,0.1526,True,True
MLT030,Mellieha,Malta,MLT,MENA,MLT031,Mgarr,Malta,MLT,MENA,False,3.4279,True,False
MLT030,Mellieha,Malta,MLT,MENA,MLT050,San Pawl Ii-bahar,Malta,MLT,MENA,False,3.5703,True,False
MLT031,Mgarr,Malta,MLT,MENA,MLT032,Mosta,Malta,MLT,MENA,False,0.4346,True,True
MLT031,Mgarr,Malta,MLT,MENA,MLT044,Rabat (malta),Malta,MLT,MENA,False,7.7296,False,False
MLT031,Mgarr,Malta,MLT,MENA,MLT050,San Pawl Ii-bahar,Malta,MLT,MENA,False,5.3739,False,False
MLT032,Mosta,Malta,MLT,MENA,MLT037,Naxxar,Malta,MLT,MENA,False,2.6673,True,False
MLT032,Mosta,Malta,MLT,MENA,MLT044,Rabat (malta),Malta,MLT,MENA,False,1.1259,True,False
MLT032,Mosta,Malta,MLT,MENA,MLT050,San Pawl Ii-bahar,Malta,MLT,MENA,False,2.6473,True,False
MLT033,Mqabba,Malta,MLT,MENA,MLT043,Qrendi,Malta,MLT,MENA,False,1.7264,True,False
MLT033,Mqabba,Malta,MLT,MENA,MLT054,Siggiewi,Malta,MLT,MENA,False,0.972,True,True
MLT033,Mqabba,Malta,MLT,MENA,MLT067,Zurrieq,Malta,MLT,MENA,False,0.7595,True,True
MLT034,Msida,Malta,MLT,MENA,MLT040,Pieta,Malta,MLT,MENA,False,0.7876,True,True
MLT034,Msida,Malta,MLT,MENA,MLT048,San Gwann,Malta,MLT,MENA,False,1.2114,True,False
MLT034,Msida,Malta,MLT,MENA,MLT053,Santa Venera,Malta,MLT,MENA,False,0.7462,True,True
MLT034,Msida,Malta,MLT,MENA,MLT057,Ta' Xbiex,Malta,MLT,MENA,False,0.3351,True,True
MLT035,Munxar,Malta,MLT,MENA,MLT051,Sannat,Malta,MLT,MENA,False,1.5261,True,False
MLT035,Munxar,Malta,MLT,MENA,MLT061,Xewkija,Malta,MLT,MENA,False,0.2965,True,True
MLT036,Nadur,Malta,MLT,MENA,MLT041,Qala,Malta,MLT,MENA,False,2.7123,True,False
MLT036,Nadur,Malta,MLT,MENA,MLT060,Xaghra,Malta,MLT,MENA,False,2.4618,True,False
MLT036,Nadur,Malta,MLT,MENA,MLT061,Xewkija,Malta,MLT,MENA,False,0.1871,True,True
MLT037,Naxxar,Malta,MLT,MENA,MLT039,Pembroke,Malta,MLT,MENA,False,0.1837,True,True
MLT037,Naxxar,Malta,MLT,MENA,MLT050,San Pawl Ii-bahar,Malta,MLT,MENA,False,2.8136,True,False
MLT037,Naxxar,Malta,MLT,MENA,MLT056,Swieqi,Malta,MLT,MENA,False,0.7526,True,True
MLT038,Paola,Malta,MLT,MENA,MLT052,Santa Lucija,Malta,MLT,MENA,False,0.7368,True,True
MLT038,Paola,Malta,MLT,MENA,MLT058,Tarxien,Malta,MLT,MENA,False,0.9953,True,True
MLT039,Pembroke,Malta,MLT,MENA,MLT047,San Giljan,Malta,MLT,MENA,False,0.89,True,True
MLT039,Pembroke,Malta,MLT,MENA,MLT056,Swieqi,Malta,MLT,MENA,False,2.3514,True,False
MLT040,Pieta,Malta,MLT,MENA,MLT057,Ta' Xbiex,Malta,MLT,MENA,False,0.5062,True,True
MLT042,Qormi,Malta,MLT,MENA,MLT053,Santa Venera,Malta,MLT,MENA,False,0.8841,True,True
MLT042,Qormi,Malta,MLT,MENA,MLT054,Siggiewi,Malta,MLT,MENA,False,0.3306,True,True
MLT042,Qormi,Malta,MLT,MENA,MLT065,Zebbug (malta),Malta,MLT,MENA,False,3.3433,True,False
MLT043,Qrendi,Malta,MLT,MENA,MLT054,Siggiewi,Malta,MLT,MENA,False,2.9523,True,False
MLT043,Qrendi,Malta,MLT,MENA,MLT067,Zurrieq,Malta,MLT,MENA,False,2.8432,True,False
MLT044,Rabat (malta),Malta,MLT,MENA,MLT054,Siggiewi,Malta,MLT,MENA,False,1.9175,True,False
MLT044,Rabat (malta),Malta,MLT,MENA,MLT065,Zebbug (malta),Malta,MLT,MENA,False,2.0825,True,False
MLT045,Rabat (victoria),Malta,MLT,MENA,MLT014,Ghasri,Malta,MLT,MENA,False,1.2884,True,False
MLT045,Rabat (victoria),Malta,MLT,MENA,MLT060,Xaghra,Malta,MLT,MENA,False,1.0893,True,False
MLT045,Rabat (victoria),Malta,MLT,MENA,MLT061,Xewkija,Malta,MLT,MENA,False,2.1312,True,False
MLT045,Rabat (victoria),Malta,MLT,MENA,MLT064,Zebbug (gozo),Malta,MLT,MENA,False,1.2285,True,False
MLT046,Safi,Malta,MLT,MENA,MLT067,Zurrieq,Malta,MLT,MENA,False,3.5613,True,False
MLT047,San Giljan,Malta,MLT,MENA,MLT048,San Gwann,Malta,MLT,MENA,False,1.1851,True,False
MLT047,San Giljan,Malta,MLT,MENA,MLT055,Sliema,Malta,MLT,MENA,False,0.5135,True,True
MLT047,San Giljan,Malta,MLT,MENA,MLT056,Swieqi,Malta,MLT,MENA,False,1.2695,True,False
MLT048,San Gwann,Malta,MLT,MENA,MLT056,Swieqi,Malta,MLT,MENA,False,1.9578,True,False
MLT051,Sannat,Malta,MLT,MENA,MLT061,Xewkija,Malta,MLT,MENA,False,3.272,True,False
MLT052,Santa Lucija,Malta,MLT,MENA,MLT058,Tarxien,Malta,MLT,MENA,False,0.8116,True,True
MLT054,Siggiewi,Malta,MLT,MENA,MLT065,Zebbug (malta),Malta,MLT,MENA,False,5.1515,False,False
MLT058,Tarxien,Malta,MLT,MENA,MLT066,Zejtun,Malta,MLT,MENA,False,0.7509,True,True
MLT060,Xaghra,Malta,MLT,MENA,MLT061,Xewkija,Malta,MLT,MENA,False,2.539,True,False
MLT060,Xaghra,Malta,MLT,MENA,MLT064,Zebbug (gozo),Malta,MLT,MENA,False,4.1468,True,False
MLT062,Xghajra,Malta,MLT,MENA,MLT063,Zabbar,Malta,MLT,MENA,False,1.3858,True,False
MLT066,Zejtun,Malta,MLT,MENA,MLT027,Marsascala,Malta,MLT,MENA,False,1.9629,True,False
MLT066,Zejtun,Malta,MLT,MENA,MLT028,Marsaxlokk,Malta,MLT,MENA,False,2.7244,True,False
MLT066,Zejtun,Malta,MLT,MENA,MLT063,Zabbar,Malta,MLT,MENA,False,2.1072,True,False
MMR001,Ayeyarwady,Myanmar,MMR,EAP,MMR002,Bago,Myanmar,MMR,EAP,False,169.5319,False,False
MMR001,Ayeyarwady,Myanmar,MMR,EAP,MMR011,Rakhine,Myanmar,MMR,EAP,False,184.4756,False,False
MMR001,Ayeyarwady,Myanmar,MMR,EAP,MMR015,Yangon,Myanmar,MMR,EAP,False,135.4067,False,False
MMR002,Bago,Myanmar,MMR,EAP,MMR006,Kayin,Myanmar,MMR,EAP,False,394.6286,False,False
MMR002,Bago,Myanmar,MMR,EAP,MMR007,Magway,Myanmar,MMR,EAP,False,222.8742,False,False
MMR002,Bago,Myanmar,MMR,EAP,MMR009,Mon,Myanmar,MMR,EAP,False,58.4226,False,False
MMR002,Bago,Myanmar,MMR,EAP,MMR010,Naypyidaw,Myanmar,MMR,EAP,False,81.9321,False,False
MMR002,Bago,Myanmar,MMR,EAP,MMR011,Rakhine,Myanmar,MMR,EAP,False,101.101,False,False
MMR002,Bago,Myanmar,MMR,EAP,MMR015,Yangon,Myanmar,MMR,EAP,False,252.3356,False,False
MMR003,Chin,Myanmar,MMR,EAP,MMR012,Sagaing,Myanmar,MMR,EAP,False,185.7959,False,False
MMR004,Kachin,Myanmar,MMR,EAP,MMR012,Sagaing,Myanmar,MMR,EAP,False,774.9743,False,False
MMR004,Kachin,Myanmar,MMR,EAP,MMR013,Shan,Myanmar,MMR,EAP,False,216.467,False,False
MMR005,Kayah,Myanmar,MMR,EAP,MMR006,Kayin,Myanmar,MMR,EAP,False,136.1852,False,False
MMR005,Kayah,Myanmar,MMR,EAP,THA022,Mae Hong Son,Thailand,THA,EAP,True,238.8118,False,False
MMR006,Kayin,Myanmar,MMR,EAP,MMR009,Mon,Myanmar,MMR,EAP,False,517.349,False,False
MMR006,Kayin,Myanmar,MMR,EAP,THA015,Kanchanaburi,Thailand,THA,EAP,True,121.0559,False,False
MMR006,Kayin,Myanmar,MMR,EAP,THA022,Mae Hong Son,Thailand,THA,EAP,True,140.0312,False,False
MMR006,Kayin,Myanmar,MMR,EAP,THA068,Tak,Thailand,THA,EAP,True,532.2265,False,False
MMR007,Magway,Myanmar,MMR,EAP,MMR003,Chin,Myanmar,MMR,EAP,False,305.5613,False,False
MMR007,Magway,Myanmar,MMR,EAP,MMR010,Naypyidaw,Myanmar,MMR,EAP,False,132.5623,False,False
MMR007,Magway,Myanmar,MMR,EAP,MMR011,Rakhine,Myanmar,MMR,EAP,False,265.3973,False,False
MMR007,Magway,Myanmar,MMR,EAP,MMR012,Sagaing,Myanmar,MMR,EAP,False,296.8919,False,False
MMR008,Mandalay,Myanmar,MMR,EAP,MMR007,Magway,Myanmar,MMR,EAP,False,333.9676,False,False
MMR008,Mandalay,Myanmar,MMR,EAP,MMR010,Naypyidaw,Myanmar,MMR,EAP,False,124.6913,False,False
MMR008,Mandalay,Myanmar,MMR,EAP,MMR012,Sagaing,Myanmar,MMR,EAP,False,407.7191,False,False
MMR008,Mandalay,Myanmar,MMR,EAP,MMR013,Shan,Myanmar,MMR,EAP,False,751.9711,False,False
MMR009,Mon,Myanmar,MMR,EAP,MMR014,Tanintharyi,Myanmar,MMR,EAP,False,84.2468,False,False
MMR009,Mon,Myanmar,MMR,EAP,THA015,Kanchanaburi,Thailand,THA,EAP,True,35.918,False,False
MMR010,Naypyidaw,Myanmar,MMR,EAP,MMR006,Kayin,Myanmar,MMR,EAP,False,41.9369,False,False
MMR011,Rakhine,Myanmar,MMR,EAP,BGD002,Chattogram,Bangladesh,BGD,SAR,True,125.9004,False,False
MMR011,Rakhine,Myanmar,MMR,EAP,MMR003,Chin,Myanmar,MMR,EAP,False,262.8931,False,False
MMR013,Shan,Myanmar,MMR,EAP,LAO002,Bokeo,Lao People's Democratic Republic,LAO,EAP,True,93.5256,False,False
MMR013,Shan,Myanmar,MMR,EAP,LAO007,Louang Namtha,Lao People's Democratic Republic,LAO,EAP,True,146.3181,False,False
MMR013,Shan,Myanmar,MMR,EAP,MMR005,Kayah,Myanmar,MMR,EAP,False,265.6672,False,False
MMR013,Shan,Myanmar,MMR,EAP,MMR006,Kayin,Myanmar,MMR,EAP,False,31.4621,False,False
MMR013,Shan,Myanmar,MMR,EAP,MMR010,Naypyidaw,Myanmar,MMR,EAP,False,132.1234,False,False
MMR013,Shan,Myanmar,MMR,EAP,MMR012,Sagaing,Myanmar,MMR,EAP,False,112.2187,False,False
MMR013,Shan,Myanmar,MMR,EAP,THA009,Chiang Mai,Thailand,THA,EAP,True,186.6448,False,False
MMR013,Shan,Myanmar,MMR,EAP,THA010,Chiang Rai,Thailand,THA,EAP,True,142.9593,False,False
MMR013,Shan,Myanmar,MMR,EAP,THA022,Mae Hong Son,Thailand,THA,EAP,True,116.4836,False,False
MMR014,Tanintharyi,Myanmar,MMR,EAP,THA012,Chumphon,Thailand,THA,EAP,True,58.3245,False,False
MMR014,Tanintharyi,Myanmar,MMR,EAP,THA015,Kanchanaburi,Thailand,THA,EAP,True,221.3825,False,False
MMR014,Tanintharyi,Myanmar,MMR,EAP,THA043,Phetchaburi,Thailand,THA,EAP,True,122.4594,False,False
MMR014,Tanintharyi,Myanmar,MMR,EAP,THA049,Prachuap Khilikhan,Thailand,THA,EAP,True,275.0951,False,False
MMR014,Tanintharyi,Myanmar,MMR,EAP,THA050,Ranong,Thailand,THA,EAP,True,49.6359,False,False
MMR014,Tanintharyi,Myanmar,MMR,EAP,THA051,Ratchaburi,Thailand,THA,EAP,True,69.4919,False,False
MNE001,Andrijevica,Montenegro,MNE,ECA,MNE003,Berane,Montenegro,MNE,ECA,False,31.9644,False,False
MNE001,Andrijevica,Montenegro,MNE,ECA,MNE009,Kolasin,Montenegro,MNE,ECA,False,17.9369,False,False
MNE001,Andrijevica,Montenegro,MNE,ECA,MNE013,Plav,Montenegro,MNE,ECA,False,23.0154,False,False
MNE001,Andrijevica,Montenegro,MNE,ECA,MNE016,Podgorica,Montenegro,MNE,ECA,False,7.8625,False,False
MNE002,Bar,Montenegro,MNE,ECA,MNE005,Budva,Montenegro,MNE,ECA,False,11.1806,False,False
MNE002,Bar,Montenegro,MNE,ECA,MNE006,Cetinje,Montenegro,MNE,ECA,False,24.0402,False,False
MNE002,Bar,Montenegro,MNE,ECA,MNE016,Podgorica,Montenegro,MNE,ECA,False,4.5957,True,False
MNE002,Bar,Montenegro,MNE,ECA,MNE020,Ulcinj,Montenegro,MNE,ECA,False,42.3699,False,False
MNE003,Berane,Montenegro,MNE,ECA,MNE009,Kolasin,Montenegro,MNE,ECA,False,8.7009,False,False
MNE003,Berane,Montenegro,MNE,ECA,MNE013,Plav,Montenegro,MNE,ECA,False,4.4163,True,False
MNE003,Berane,Montenegro,MNE,ECA,MNE017,Rozaj,Montenegro,MNE,ECA,False,24.3607,False,False
MNE003,Berane,Montenegro,MNE,ECA,SRB016,Raski,Serbia,SRB,ECA,True,7.1891,False,False
MNE003,Berane,Montenegro,MNE,ECA,SRB025,Zlatiborski,Serbia,SRB,ECA,True,0.822,True,True
MNE003,Berane,Montenegro,MNE,ECA,XKX005,Pejë,Kosovo,XKX,ECA,True,13.6912,False,False
MNE004,Bijelo Polje,Montenegro,MNE,ECA,MNE003,Berane,Montenegro,MNE,ECA,False,45.5695,False,False
MNE004,Bijelo Polje,Montenegro,MNE,ECA,MNE011,Mojkovac,Montenegro,MNE,ECA,False,36.6414,False,False
MNE004,Bijelo Polje,Montenegro,MNE,ECA,MNE014,Pljevlja,Montenegro,MNE,ECA,False,26.677,False,False
MNE004,Bijelo Polje,Montenegro,MNE,ECA,SRB025,Zlatiborski,Serbia,SRB,ECA,True,69.8549,False,False
MNE005,Budva,Montenegro,MNE,ECA,MNE006,Cetinje,Montenegro,MNE,ECA,False,12.7365,False,False
MNE005,Budva,Montenegro,MNE,ECA,MNE019,Tivat,Montenegro,MNE,ECA,False,7.2526,False,False
MNE006,Cetinje,Montenegro,MNE,ECA,MNE007,Danilovgrad,Montenegro,MNE,ECA,False,16.339,False,False
MNE006,Cetinje,Montenegro,MNE,ECA,MNE010,Kotor,Montenegro,MNE,ECA,False,21.3856,False,False
MNE006,Cetinje,Montenegro,MNE,ECA,MNE012,Niksic,Montenegro,MNE,ECA,False,35.3275,False,False
MNE006,Cetinje,Montenegro,MNE,ECA,MNE016,Podgorica,Montenegro,MNE,ECA,False,34.7578,False,False
MNE006,Cetinje,Montenegro,MNE,ECA,MNE019,Tivat,Montenegro,MNE,ECA,False,7.2783,False,False
MNE007,Danilovgrad,Montenegro,MNE,ECA,MNE009,Kolasin,Montenegro,MNE,ECA,False,12.2347,False,False
MNE007,Danilovgrad,Montenegro,MNE,ECA,MNE012,Niksic,Montenegro,MNE,ECA,False,44.0479,False,False
MNE007,Danilovgrad,Montenegro,MNE,ECA,MNE016,Podgorica,Montenegro,MNE,ECA,False,42.2395,False,False
MNE008,Herceg Novi,Montenegro,MNE,ECA,MNE010,Kotor,Montenegro,MNE,ECA,False,31.4242,False,False
MNE009,Kolasin,Montenegro,MNE,ECA,MNE011,Mojkovac,Montenegro,MNE,ECA,False,23.2441,False,False
MNE009,Kolasin,Montenegro,MNE,ECA,MNE012,Niksic,Montenegro,MNE,ECA,False,14.9718,False,False
MNE009,Kolasin,Montenegro,MNE,ECA,MNE016,Podgorica,Montenegro,MNE,ECA,False,36.347,False,False
MNE009,Kolasin,Montenegro,MNE,ECA,MNE018,Savnik,Montenegro,MNE,ECA,False,18.6701,False,False
MNE010,Kotor,Montenegro,MNE,ECA,MNE012,Niksic,Montenegro,MNE,ECA,False,11.1644,False,False
MNE010,Kotor,Montenegro,MNE,ECA,MNE019,Tivat,Montenegro,MNE,ECA,False,7.3551,False,False
MNE011,Mojkovac,Montenegro,MNE,ECA,MNE018,Savnik,Montenegro,MNE,ECA,False,8.4839,False,False
MNE011,Mojkovac,Montenegro,MNE,ECA,MNE021,Zabljak,Montenegro,MNE,ECA,False,9.6559,False,False
MNE012,Niksic,Montenegro,MNE,ECA,MNE015,Pluzine,Montenegro,MNE,ECA,False,38.6906,False,False
MNE012,Niksic,Montenegro,MNE,ECA,MNE018,Savnik,Montenegro,MNE,ECA,False,20.9461,False,False
MNE013,Plav,Montenegro,MNE,ECA,XKX002,Gjakovë,Kosovo,XKX,ECA,True,12.9167,False,False
MNE013,Plav,Montenegro,MNE,ECA,XKX005,Pejë,Kosovo,XKX,ECA,True,9.5574,False,False
MNE014,Pljevlja,Montenegro,MNE,ECA,MNE021,Zabljak,Montenegro,MNE,ECA,False,42.6036,False,False
MNE014,Pljevlja,Montenegro,MNE,ECA,SRB025,Zlatiborski,Serbia,SRB,ECA,True,48.8066,False,False
MNE015,Pluzine,Montenegro,MNE,ECA,MNE018,Savnik,Montenegro,MNE,ECA,False,29.8157,False,False
MNE015,Pluzine,Montenegro,MNE,ECA,MNE021,Zabljak,Montenegro,MNE,ECA,False,15.7419,False,False
MNE017,Rozaj,Montenegro,MNE,ECA,SRB016,Raski,Serbia,SRB,ECA,True,34.6775,False,False
MNE017,Rozaj,Montenegro,MNE,ECA,XKX005,Pejë,Kosovo,XKX,ECA,True,38.9715,False,False
MNE018,Savnik,Montenegro,MNE,ECA,MNE021,Zabljak,Montenegro,MNE,ECA,False,34.4601,False,False
MNG021,Dornod,Mongolia,MNG,EAP,MNG022,Sükhbaatar,Mongolia,MNG,EAP,False,415.0715,False,False
MNG021,Dornod,Mongolia,MNG,EAP,MNG023,Khentii,Mongolia,MNG,EAP,False,201.0061,False,False
MNG021,Dornod,Mongolia,MNG,EAP,RUS014,Chitinskaya Oblast,Russian Federation,RUS,ECA,True,412.3386,False,False
MNG023,Khentii,Mongolia,MNG,EAP,MNG011,Ulaanbaatar,Mongolia,MNG,EAP,False,35.754,False,False
MNG023,Khentii,Mongolia,MNG,EAP,MNG022,Sükhbaatar,Mongolia,MNG,EAP,False,266.6836,False,False
MNG023,Khentii,Mongolia,MNG,EAP,MNG041,Töv,Mongolia,MNG,EAP,False,286.1876,False,False
MNG023,Khentii,Mongolia,MNG,EAP,MNG043,Selenge,Mongolia,MNG,EAP,False,20.9244,False,False
MNG023,Khentii,Mongolia,MNG,EAP,RUS014,Chitinskaya Oblast,Russian Federation,RUS,ECA,True,287.1765,False,False
MNG041,Töv,Mongolia,MNG,EAP,MNG011,Ulaanbaatar,Mongolia,MNG,EAP,False,437.6584,False,False
MNG042,Govisümber,Mongolia,MNG,EAP,MNG023,Khentii,Mongolia,MNG,EAP,False,82.5594,False,False
MNG042,Govisümber,Mongolia,MNG,EAP,MNG041,Töv,Mongolia,MNG,EAP,False,87.7262,False,False
MNG043,Selenge,Mongolia,MNG,EAP,MNG041,Töv,Mongolia,MNG,EAP,False,451.2809,False,False
MNG043,Selenge,Mongolia,MNG,EAP,RUS011,Buryatiya Rep.,Russian Federation,RUS,ECA,True,318.4529,False,False
MNG043,Selenge,Mongolia,MNG,EAP,RUS014,Chitinskaya Oblast,Russian Federation,RUS,ECA,True,151.0817,False,False
MNG044,Dornogovi,Mongolia,MNG,EAP,MNG022,Sükhbaatar,Mongolia,MNG,EAP,False,159.5269,False,False
MNG044,Dornogovi,Mongolia,MNG,EAP,MNG023,Khentii,Mongolia,MNG,EAP,False,278.0309,False,False
MNG044,Dornogovi,Mongolia,MNG,EAP,MNG042,Govisümber,Mongolia,MNG,EAP,False,82.3423,False,False
MNG044,Dornogovi,Mongolia,MNG,EAP,MNG046,Ömnögovi,Mongolia,MNG,EAP,False,241.6841,False,False
MNG044,Dornogovi,Mongolia,MNG,EAP,MNG048,Dundgovi,Mongolia,MNG,EAP,False,214.0909,False,False
MNG045,Darkhan-Uul,Mongolia,MNG,EAP,MNG043,Selenge,Mongolia,MNG,EAP,False,392.3936,False,False
MNG046,Ömnögovi,Mongolia,MNG,EAP,MNG062,Övörkhangai,Mongolia,MNG,EAP,False,244.9976,False,False
MNG048,Dundgovi,Mongolia,MNG,EAP,MNG041,Töv,Mongolia,MNG,EAP,False,322.8439,False,False
MNG048,Dundgovi,Mongolia,MNG,EAP,MNG042,Govisümber,Mongolia,MNG,EAP,False,153.7839,False,False
MNG048,Dundgovi,Mongolia,MNG,EAP,MNG046,Ömnögovi,Mongolia,MNG,EAP,False,390.5537,False,False
MNG048,Dundgovi,Mongolia,MNG,EAP,MNG062,Övörkhangai,Mongolia,MNG,EAP,False,202.4096,False,False
MNG061,Orkhon,Mongolia,MNG,EAP,MNG043,Selenge,Mongolia,MNG,EAP,False,34.3125,False,False
MNG062,Övörkhangai,Mongolia,MNG,EAP,MNG041,Töv,Mongolia,MNG,EAP,False,133.041,False,False
MNG063,Bulgan,Mongolia,MNG,EAP,MNG041,Töv,Mongolia,MNG,EAP,False,284.787,False,False
MNG063,Bulgan,Mongolia,MNG,EAP,MNG043,Selenge,Mongolia,MNG,EAP,False,212.1137,False,False
MNG063,Bulgan,Mongolia,MNG,EAP,MNG061,Orkhon,Mongolia,MNG,EAP,False,105.8654,False,False
MNG063,Bulgan,Mongolia,MNG,EAP,MNG062,Övörkhangai,Mongolia,MNG,EAP,False,30.4572,False,False
MNG063,Bulgan,Mongolia,MNG,EAP,MNG067,Khövsgöl,Mongolia,MNG,EAP,False,287.3551,False,False
MNG063,Bulgan,Mongolia,MNG,EAP,RUS011,Buryatiya Rep.,Russian Federation,RUS,ECA,True,195.4169,False,False
MNG064,Bayankhongor,Mongolia,MNG,EAP,MNG046,Ömnögovi,Mongolia,MNG,EAP,False,377.3715,False,False
MNG064,Bayankhongor,Mongolia,MNG,EAP,MNG062,Övörkhangai,Mongolia,MNG,EAP,False,363.7409,False,False
MNG064,Bayankhongor,Mongolia,MNG,EAP,MNG081,Zavkhan,Mongolia,MNG,EAP,False,151.0106,False,False
MNG064,Bayankhongor,Mongolia,MNG,EAP,MNG082,Govi-Altai,Mongolia,MNG,EAP,False,490.168,False,False
MNG065,Arkhangai,Mongolia,MNG,EAP,MNG062,Övörkhangai,Mongolia,MNG,EAP,False,285.3941,False,False
MNG065,Arkhangai,Mongolia,MNG,EAP,MNG063,Bulgan,Mongolia,MNG,EAP,False,306.1014,False,False
MNG065,Arkhangai,Mongolia,MNG,EAP,MNG064,Bayankhongor,Mongolia,MNG,EAP,False,366.5522,False,False
MNG065,Arkhangai,Mongolia,MNG,EAP,MNG067,Khövsgöl,Mongolia,MNG,EAP,False,377.0348,False,False
MNG065,Arkhangai,Mongolia,MNG,EAP,MNG081,Zavkhan,Mongolia,MNG,EAP,False,140.1423,False,False
MNG067,Khövsgöl,Mongolia,MNG,EAP,MNG081,Zavkhan,Mongolia,MNG,EAP,False,360.1411,False,False
MNG067,Khövsgöl,Mongolia,MNG,EAP,RUS011,Buryatiya Rep.,Russian Federation,RUS,ECA,True,497.1467,False,False
MNG067,Khövsgöl,Mongolia,MNG,EAP,RUS080,Tyva Rep.,Russian Federation,RUS,ECA,True,477.9709,False,False
MNG081,Zavkhan,Mongolia,MNG,EAP,RUS080,Tyva Rep.,Russian Federation,RUS,ECA,True,178.661,False,False
MNG082,Govi-Altai,Mongolia,MNG,EAP,MNG081,Zavkhan,Mongolia,MNG,EAP,False,436.22,False,False
MNG082,Govi-Altai,Mongolia,MNG,EAP,MNG084,Khovd,Mongolia,MNG,EAP,False,405.7998,False,False
MNG083,Bayan-Ölgii,Mongolia,MNG,EAP,MNG084,Khovd,Mongolia,MNG,EAP,False,439.0466,False,False
MNG083,Bayan-Ölgii,Mongolia,MNG,EAP,MNG085,Uvs,Mongolia,MNG,EAP,False,187.6325,False,False
MNG083,Bayan-Ölgii,Mongolia,MNG,EAP,RUS003,Altay Rep.,Russian Federation,RUS,ECA,True,288.1651,False,False
MNG083,Bayan-Ölgii,Mongolia,MNG,EAP,RUS080,Tyva Rep.,Russian Federation,RUS,ECA,True,34.4517,False,False
MNG084,Khovd,Mongolia,MNG,EAP,MNG081,Zavkhan,Mongolia,MNG,EAP,False,73.7664,False,False
MNG084,Khovd,Mongolia,MNG,EAP,MNG085,Uvs,Mongolia,MNG,EAP,False,226.242,False,False
MNG085,Uvs,Mongolia,MNG,EAP,MNG081,Zavkhan,Mongolia,MNG,EAP,False,336.1616,False,False
MNG085,Uvs,Mongolia,MNG,EAP,RUS080,Tyva Rep.,Russian Federation,RUS,ECA,True,593.1267,False,False
MOZ001,Cabo Delgado,Mozambique,MOZ,AFR,MOZ007,Nampula,Mozambique,MOZ,AFR,False,262.342,False,False
MOZ001,Cabo Delgado,Mozambique,MOZ,AFR,MOZ008,Niassa,Mozambique,MOZ,AFR,False,418.0592,False,False
MOZ001,Cabo Delgado,Mozambique,MOZ,AFR,TZA020,Mtwara,Tanzania,TZA,AFR,True,188.8421,False,False
MOZ002,Cidade de Maputo,Mozambique,MOZ,AFR,MOZ006,Maputo,Mozambique,MOZ,AFR,False,48.4983,False,False
MOZ003,Gaza,Mozambique,MOZ,AFR,MOZ004,Inhambane,Mozambique,MOZ,AFR,False,605.974,False,False
MOZ003,Gaza,Mozambique,MOZ,AFR,MOZ005,Manica,Mozambique,MOZ,AFR,False,113.0521,False,False
MOZ003,Gaza,Mozambique,MOZ,AFR,MOZ006,Maputo,Mozambique,MOZ,AFR,False,263.3718,False,False
MOZ003,Gaza,Mozambique,MOZ,AFR,ZAF005,Limpopo,South Africa,ZAF,AFR,True,187.6142,False,False
MOZ003,Gaza,Mozambique,MOZ,AFR,ZAF006,Mpumalanga,South Africa,ZAF,AFR,True,32.7005,False,False
MOZ003,Gaza,Mozambique,MOZ,AFR,ZWE003,Manicaland,Zimbabwe,ZWE,AFR,True,9.0816,False,False
MOZ003,Gaza,Mozambique,MOZ,AFR,ZWE007,Masvingo,Zimbabwe,ZWE,AFR,True,168.9903,False,False
MOZ004,Inhambane,Mozambique,MOZ,AFR,MOZ005,Manica,Mozambique,MOZ,AFR,False,101.009,False,False
MOZ004,Inhambane,Mozambique,MOZ,AFR,MOZ009,Sofala,Mozambique,MOZ,AFR,False,140.6128,False,False
MOZ005,Manica,Mozambique,MOZ,AFR,MOZ009,Sofala,Mozambique,MOZ,AFR,False,819.4591,False,False
MOZ005,Manica,Mozambique,MOZ,AFR,MOZ010,Tete,Mozambique,MOZ,AFR,False,273.924,False,False
MOZ005,Manica,Mozambique,MOZ,AFR,ZWE003,Manicaland,Zimbabwe,ZWE,AFR,True,700.4997,False,False
MOZ006,Maputo,Mozambique,MOZ,AFR,SWZ002,Lubombo,Eswatini,SWZ,AFR,True,108.1084,False,False
MOZ006,Maputo,Mozambique,MOZ,AFR,ZAF004,Kwa-Zulu Natal,South Africa,ZAF,AFR,True,81.436,False,False
MOZ006,Maputo,Mozambique,MOZ,AFR,ZAF006,Mpumalanga,South Africa,ZAF,AFR,True,194.4962,False,False
MOZ007,Nampula,Mozambique,MOZ,AFR,MOZ008,Niassa,Mozambique,MOZ,AFR,False,262.5712,False,False
MOZ007,Nampula,Mozambique,MOZ,AFR,MOZ011,Zambézia,Mozambique,MOZ,AFR,False,475.2318,False,False
MOZ008,Niassa,Mozambique,MOZ,AFR,MOZ011,Zambézia,Mozambique,MOZ,AFR,False,139.6062,False,False
MOZ008,Niassa,Mozambique,MOZ,AFR,MWI003,Southern Region,Malawi,MWI,AFR,True,265.1132,False,False
MOZ008,Niassa,Mozambique,MOZ,AFR,MWI004,Area under National Administration,Malawi,MWI,AFR,True,0.0009,True,True
MOZ008,Niassa,Mozambique,MOZ,AFR,TZA020,Mtwara,Tanzania,TZA,AFR,True,51.5994,False,False
MOZ008,Niassa,Mozambique,MOZ,AFR,TZA025,Ruvuma,Tanzania,TZA,AFR,True,510.2549,False,False
MOZ009,Sofala,Mozambique,MOZ,AFR,MOZ010,Tete,Mozambique,MOZ,AFR,False,150.0851,False,False
MOZ009,Sofala,Mozambique,MOZ,AFR,MOZ011,Zambézia,Mozambique,MOZ,AFR,False,139.9685,False,False
MOZ010,Tete,Mozambique,MOZ,AFR,MOZ011,Zambézia,Mozambique,MOZ,AFR,False,86.7167,False,False
MOZ010,Tete,Mozambique,MOZ,AFR,MWI001,Central Region,Malawi,MWI,AFR,True,330.6183,False,False
MOZ010,Tete,Mozambique,MOZ,AFR,MWI003,Southern Region,Malawi,MWI,AFR,True,410.4761,False,False
MOZ010,Tete,Mozambique,MOZ,AFR,ZMB103,Eastern,Zambia,ZMB,AFR,True,346.1385,False,False
MOZ010,Tete,Mozambique,MOZ,AFR,ZMB105,Lusaka,Zambia,ZMB,AFR,True,93.3216,False,False
MOZ010,Tete,Mozambique,MOZ,AFR,ZWE003,Manicaland,Zimbabwe,ZWE,AFR,True,13.9426,False,False
MOZ010,Tete,Mozambique,MOZ,AFR,ZWE004,Mashonaland Central,Zimbabwe,ZWE,AFR,True,374.1469,False,False
MOZ010,Tete,Mozambique,MOZ,AFR,ZWE005,Mashonaland East,Zimbabwe,ZWE,AFR,True,101.053,False,False
MOZ011,Zambézia,Mozambique,MOZ,AFR,MWI003,Southern Region,Malawi,MWI,AFR,True,300.1189,False,False
MOZXXX,Area under National Administration,Mozambique,MOZ,AFR,MOZ008,Niassa,Mozambique,MOZ,AFR,False,109.5985,False,False
MOZXXX,Area under National Administration,Mozambique,MOZ,AFR,MWI003,Southern Region,Malawi,MWI,AFR,True,0.1109,True,True
MOZXXX,Area under National Administration,Mozambique,MOZ,AFR,MWI004,Area under National Administration,Malawi,MWI,AFR,True,0.1956,True,True
MRT001,Adrar,Mauritania,MRT,AFR,MRT004,Dakhlet-Nouadhibou,Mauritania,MRT,AFR,False,69.6535,False,False
MRT001,Adrar,Mauritania,MRT,AFR,MRT007,Hodh Ech Chargi,Mauritania,MRT,AFR,False,413.034,False,False
MRT001,Adrar,Mauritania,MRT,AFR,MRT009,Inchiri,Mauritania,MRT,AFR,False,225.7036,False,False
MRT001,Adrar,Mauritania,MRT,AFR,MRT011,Tagant,Mauritania,MRT,AFR,False,569.1917,False,False
MRT001,Adrar,Mauritania,MRT,AFR,MRT012,Tiris-Zemmou,Mauritania,MRT,AFR,False,772.3448,False,False
MRT001,Adrar,Mauritania,MRT,AFR,MRT013,Trarza,Mauritania,MRT,AFR,False,186.0891,False,False
MRT002,Assaba,Mauritania,MRT,AFR,MRT003,Brakna,Mauritania,MRT,AFR,False,73.2942,False,False
MRT002,Assaba,Mauritania,MRT,AFR,MRT005,Gorgol,Mauritania,MRT,AFR,False,196.1719,False,False
MRT002,Assaba,Mauritania,MRT,AFR,MRT006,Guidimakha,Mauritania,MRT,AFR,False,130.1469,False,False
MRT002,Assaba,Mauritania,MRT,AFR,MRT008,Hodh El Gharbi,Mauritania,MRT,AFR,False,381.1667,False,False
MRT002,Assaba,Mauritania,MRT,AFR,MRT011,Tagant,Mauritania,MRT,AFR,False,429.6799,False,False
MRT003,Brakna,Mauritania,MRT,AFR,MRT005,Gorgol,Mauritania,MRT,AFR,False,137.9127,False,False
MRT003,Brakna,Mauritania,MRT,AFR,MRT011,Tagant,Mauritania,MRT,AFR,False,160.6113,False,False
MRT003,Brakna,Mauritania,MRT,AFR,MRT013,Trarza,Mauritania,MRT,AFR,False,325.2787,False,False
MRT003,Brakna,Mauritania,MRT,AFR,SEN015,Saint Louis,Senegal,SEN,AFR,True,7.7363,False,False
MRT004,Dakhlet-Nouadhibou,Mauritania,MRT,AFR,MRT009,Inchiri,Mauritania,MRT,AFR,False,408.7041,False,False
MRT005,Gorgol,Mauritania,MRT,AFR,MRT006,Guidimakha,Mauritania,MRT,AFR,False,136.2264,False,False
MRT005,Gorgol,Mauritania,MRT,AFR,SEN014,Matam,Senegal,SEN,AFR,True,243.597,False,False
MRT006,Guidimakha,Mauritania,MRT,AFR,SEN014,Matam,Senegal,SEN,AFR,True,9.6077,False,False
MRT006,Guidimakha,Mauritania,MRT,AFR,SEN022,Tambacounda,Senegal,SEN,AFR,True,70.1552,False,False
MRT007,Hodh Ech Chargi,Mauritania,MRT,AFR,MRT008,Hodh El Gharbi,Mauritania,MRT,AFR,False,317.0209,False,False
MRT007,Hodh Ech Chargi,Mauritania,MRT,AFR,MRT011,Tagant,Mauritania,MRT,AFR,False,304.0585,False,False
MRT008,Hodh El Gharbi,Mauritania,MRT,AFR,MRT011,Tagant,Mauritania,MRT,AFR,False,219.2031,False,False
MRT009,Inchiri,Mauritania,MRT,AFR,MRT013,Trarza,Mauritania,MRT,AFR,False,199.1012,False,False
MRT009,Inchiri,Mauritania,MRT,AFR,MRT015,Nouakchott-Ouest,Mauritania,MRT,AFR,False,19.3166,False,False
MRT013,Trarza,Mauritania,MRT,AFR,SEN015,Saint Louis,Senegal,SEN,AFR,True,6.3731,False,False
MRT014,Nouakchott-Nord,Mauritania,MRT,AFR,MRT013,Trarza,Mauritania,MRT,AFR,False,46.2745,False,False
MRT014,Nouakchott-Nord,Mauritania,MRT,AFR,MRT015,Nouakchott-Ouest,Mauritania,MRT,AFR,False,17.3025,False,False
MRT014,Nouakchott-Nord,Mauritania,MRT,AFR,MRT016,Nouakchott-Sud,Mauritania,MRT,AFR,False,21.7141,False,False
MRT015,Nouakchott-Ouest,Mauritania,MRT,AFR,MRT013,Trarza,Mauritania,MRT,AFR,False,29.1046,False,False
MRT015,Nouakchott-Ouest,Mauritania,MRT,AFR,MRT016,Nouakchott-Sud,Mauritania,MRT,AFR,False,8.4106,False,False
MRT016,Nouakchott-Sud,Mauritania,MRT,AFR,MRT013,Trarza,Mauritania,MRT,AFR,False,19.0368,False,False
MSR001,Brodericks,Montserrat (U.K.),MSR,Other,MSR002,Central,Montserrat (U.K.),MSR,Other,False,2.044,True,False
MSR001,Brodericks,Montserrat (U.K.),MSR,Other,MSR005,Plymouth,Montserrat (U.K.),MSR,Other,False,1.7351,True,False
MSR001,Brodericks,Montserrat (U.K.),MSR,Other,MSR007,South,Montserrat (U.K.),MSR,Other,False,3.1416,True,False
MSR002,Central,Montserrat (U.K.),MSR,Other,MSR003,East,Montserrat (U.K.),MSR,Other,False,7.5031,False,False
MSR002,Central,Montserrat (U.K.),MSR,Other,MSR004,North,Montserrat (U.K.),MSR,Other,False,1.9856,True,False
MSR002,Central,Montserrat (U.K.),MSR,Other,MSR005,Plymouth,Montserrat (U.K.),MSR,Other,False,2.5451,True,False
MSR002,Central,Montserrat (U.K.),MSR,Other,MSR006,Salem,Montserrat (U.K.),MSR,Other,False,4.3736,True,False
MSR002,Central,Montserrat (U.K.),MSR,Other,MSR007,South,Montserrat (U.K.),MSR,Other,False,1.0515,True,False
MSR003,East,Montserrat (U.K.),MSR,Other,MSR004,North,Montserrat (U.K.),MSR,Other,False,1.7331,True,False
MSR003,East,Montserrat (U.K.),MSR,Other,MSR007,South,Montserrat (U.K.),MSR,Other,False,2.6179,True,False
MSR004,North,Montserrat (U.K.),MSR,Other,MSR006,Salem,Montserrat (U.K.),MSR,Other,False,3.3459,True,False
MSR005,Plymouth,Montserrat (U.K.),MSR,Other,MSR006,Salem,Montserrat (U.K.),MSR,Other,False,2.7788,True,False
MUS002,Black River,Mauritius,MUS,AFR,MUS007,Plaines Wilhems,Mauritius,MUS,AFR,False,36.1558,False,False
MUS002,Black River,Mauritius,MUS,AFR,MUS008,Port Louis,Mauritius,MUS,AFR,False,2.7686,True,False
MUS002,Black River,Mauritius,MUS,AFR,MUS010,Savanne,Mauritius,MUS,AFR,False,15.843,False,False
MUS003,Flacq,Mauritius,MUS,AFR,MUS004,Grand Port,Mauritius,MUS,AFR,False,12.3412,False,False
MUS003,Flacq,Mauritius,MUS,AFR,MUS005,Moka,Mauritius,MUS,AFR,False,21.9837,False,False
MUS003,Flacq,Mauritius,MUS,AFR,MUS006,Pamplemousses,Mauritius,MUS,AFR,False,5.8226,False,False
MUS003,Flacq,Mauritius,MUS,AFR,MUS009,Riviere Du Rempart,Mauritius,MUS,AFR,False,12.7367,False,False
MUS004,Grand Port,Mauritius,MUS,AFR,MUS005,Moka,Mauritius,MUS,AFR,False,7.6441,False,False
MUS004,Grand Port,Mauritius,MUS,AFR,MUS007,Plaines Wilhems,Mauritius,MUS,AFR,False,11.4136,False,False
MUS004,Grand Port,Mauritius,MUS,AFR,MUS010,Savanne,Mauritius,MUS,AFR,False,16.5654,False,False
MUS005,Moka,Mauritius,MUS,AFR,MUS006,Pamplemousses,Mauritius,MUS,AFR,False,8.6101,False,False
MUS005,Moka,Mauritius,MUS,AFR,MUS007,Plaines Wilhems,Mauritius,MUS,AFR,False,24.1747,False,False
MUS005,Moka,Mauritius,MUS,AFR,MUS008,Port Louis,Mauritius,MUS,AFR,False,9.3221,False,False
MUS006,Pamplemousses,Mauritius,MUS,AFR,MUS008,Port Louis,Mauritius,MUS,AFR,False,9.8532,False,False
MUS006,Pamplemousses,Mauritius,MUS,AFR,MUS009,Riviere Du Rempart,Mauritius,MUS,AFR,False,21.6962,False,False
MUS007,Plaines Wilhems,Mauritius,MUS,AFR,MUS010,Savanne,Mauritius,MUS,AFR,False,8.5953,False,False
MUS008,Port Louis,Mauritius,MUS,AFR,MUS007,Plaines Wilhems,Mauritius,MUS,AFR,False,1.045,True,False
MWI001,Central Region,Malawi,MWI,AFR,MWI002,Northern Region,Malawi,MWI,AFR,False,265.1169,False,False
MWI001,Central Region,Malawi,MWI,AFR,MWI003,Southern Region,Malawi,MWI,AFR,False,183.8675,False,False
MWI001,Central Region,Malawi,MWI,AFR,MWI004,Area under National Administration,Malawi,MWI,AFR,False,286.6741,False,False
MWI001,Central Region,Malawi,MWI,AFR,ZMB103,Eastern,Zambia,ZMB,AFR,True,383.4365,False,False
MWI002,Northern Region,Malawi,MWI,AFR,MWI004,Area under National Administration,Malawi,MWI,AFR,False,306.0331,False,False
MWI002,Northern Region,Malawi,MWI,AFR,TZA017,Mbeya,Tanzania,TZA,AFR,True,155.5132,False,False
MWI002,Northern Region,Malawi,MWI,AFR,ZMB103,Eastern,Zambia,ZMB,AFR,True,133.6496,False,False
MWI002,Northern Region,Malawi,MWI,AFR,ZMB106,Muchiga,Zambia,ZMB,AFR,True,442.6146,False,False
MWI003,Southern Region,Malawi,MWI,AFR,MWI004,Area under National Administration,Malawi,MWI,AFR,False,140.7378,False,False
MWI004,Area under National Administration,Malawi,MWI,AFR,TZA017,Mbeya,Tanzania,TZA,AFR,True,11.1507,False,False
MWI004,Area under National Administration,Malawi,MWI,AFR,TZA022,Njombe,Tanzania,TZA,AFR,True,17.0907,False,False
MWI004,Area under National Administration,Malawi,MWI,AFR,TZA025,Ruvuma,Tanzania,TZA,AFR,True,117.3474,False,False
MYS001,Johor,Malaysia,MYS,EAP,MYS006,Melaka,Malaysia,MYS,EAP,False,60.2733,False,False
MYS001,Johor,Malaysia,MYS,EAP,MYS007,Negeri Sembilan,Malaysia,MYS,EAP,False,56.0088,False,False
MYS001,Johor,Malaysia,MYS,EAP,MYS008,Pahang,Malaysia,MYS,EAP,False,172.8227,False,False
MYS001,Johor,Malaysia,MYS,EAP,SGP008,Sembawang-hong Kah,Singapore,SGP,Other,True,22.1942,False,False
MYS002,Kedah,Malaysia,MYS,EAP,MYS009,Perak,Malaysia,MYS,EAP,False,140.6925,False,False
MYS002,Kedah,Malaysia,MYS,EAP,MYS010,Perlis,Malaysia,MYS,EAP,False,39.5764,False,False
MYS002,Kedah,Malaysia,MYS,EAP,MYS011,Pulau Pinang,Malaysia,MYS,EAP,False,63.914,False,False
MYS002,Kedah,Malaysia,MYS,EAP,THA075,Yala,Thailand,THA,EAP,True,138.0563,False,False
MYS003,Kelantan,Malaysia,MYS,EAP,MYS008,Pahang,Malaysia,MYS,EAP,False,245.9775,False,False
MYS003,Kelantan,Malaysia,MYS,EAP,MYS009,Perak,Malaysia,MYS,EAP,False,196.4321,False,False
MYS003,Kelantan,Malaysia,MYS,EAP,MYS015,Terengganu,Malaysia,MYS,EAP,False,174.9924,False,False
MYS003,Kelantan,Malaysia,MYS,EAP,THA032,Narathiwat,Thailand,THA,EAP,True,102.3213,False,False
MYS006,Melaka,Malaysia,MYS,EAP,MYS007,Negeri Sembilan,Malaysia,MYS,EAP,False,69.2913,False,False
MYS007,Negeri Sembilan,Malaysia,MYS,EAP,MYS008,Pahang,Malaysia,MYS,EAP,False,118.7643,False,False
MYS007,Negeri Sembilan,Malaysia,MYS,EAP,MYS014,Selangor,Malaysia,MYS,EAP,False,91.4391,False,False
MYS008,Pahang,Malaysia,MYS,EAP,MYS009,Perak,Malaysia,MYS,EAP,False,134.8776,False,False
MYS008,Pahang,Malaysia,MYS,EAP,MYS014,Selangor,Malaysia,MYS,EAP,False,88.2356,False,False
MYS009,Perak,Malaysia,MYS,EAP,MYS014,Selangor,Malaysia,MYS,EAP,False,153.6148,False,False
MYS009,Perak,Malaysia,MYS,EAP,THA075,Yala,Thailand,THA,EAP,True,104.485,False,False
MYS010,Perlis,Malaysia,MYS,EAP,THA060,Satun,Thailand,THA,EAP,True,49.6742,False,False
MYS011,Pulau Pinang,Malaysia,MYS,EAP,MYS009,Perak,Malaysia,MYS,EAP,False,10.1688,False,False
MYS012,Sabah,Malaysia,MYS,EAP,MYS013,Sarawak,Malaysia,MYS,EAP,False,151.6264,False,False
MYS014,Selangor,Malaysia,MYS,EAP,MYS004,Kuala Lumpur,Malaysia,MYS,EAP,False,92.0376,False,False
MYS015,Terengganu,Malaysia,MYS,EAP,MYS008,Pahang,Malaysia,MYS,EAP,False,263.9377,False,False
NAM001,Caprivi,Namibia,NAM,AFR,ZMB109,Southern,Zambia,ZMB,AFR,True,60.5474,False,False
NAM001,Caprivi,Namibia,NAM,AFR,ZMB110,Western,Zambia,ZMB,AFR,True,184.9428,False,False
NAM002,Erongo,Namibia,NAM,AFR,NAM003,Hardap,Namibia,NAM,AFR,False,142.1199,False,False
NAM002,Erongo,Namibia,NAM,AFR,NAM006,Khomas,Namibia,NAM,AFR,False,260.0331,False,False
NAM002,Erongo,Namibia,NAM,AFR,NAM007,Kunene,Namibia,NAM,AFR,False,275.6298,False,False
NAM002,Erongo,Namibia,NAM,AFR,NAM013,Otjozondjupa,Namibia,NAM,AFR,False,306.8755,False,False
NAM003,Hardap,Namibia,NAM,AFR,NAM004,Karas,Namibia,NAM,AFR,False,735.5508,False,False
NAM003,Hardap,Namibia,NAM,AFR,NAM006,Khomas,Namibia,NAM,AFR,False,625.6614,False,False
NAM003,Hardap,Namibia,NAM,AFR,NAM009,Omaheke,Namibia,NAM,AFR,False,213.9562,False,False
NAM003,Hardap,Namibia,NAM,AFR,ZAF008,Northern Cape,South Africa,ZAF,AFR,True,93.8202,False,False
NAM004,Karas,Namibia,NAM,AFR,ZAF008,Northern Cape,South Africa,ZAF,AFR,True,761.6368,False,False
NAM005,Kavango,Namibia,NAM,AFR,NAM001,Caprivi,Namibia,NAM,AFR,False,32.7172,False,False
NAM005,Kavango,Namibia,NAM,AFR,NAM008,Ohangwena,Namibia,NAM,AFR,False,39.9848,False,False
NAM005,Kavango,Namibia,NAM,AFR,NAM012,Oshikoto,Namibia,NAM,AFR,False,130.4756,False,False
NAM005,Kavango,Namibia,NAM,AFR,NAM013,Otjozondjupa,Namibia,NAM,AFR,False,336.7331,False,False
NAM006,Khomas,Namibia,NAM,AFR,NAM009,Omaheke,Namibia,NAM,AFR,False,305.6638,False,False
NAM006,Khomas,Namibia,NAM,AFR,NAM013,Otjozondjupa,Namibia,NAM,AFR,False,293.9619,False,False
NAM007,Kunene,Namibia,NAM,AFR,NAM010,Omusati,Namibia,NAM,AFR,False,366.8535,False,False
NAM007,Kunene,Namibia,NAM,AFR,NAM011,Oshana,Namibia,NAM,AFR,False,74.3611,False,False
NAM007,Kunene,Namibia,NAM,AFR,NAM012,Oshikoto,Namibia,NAM,AFR,False,82.8406,False,False
NAM007,Kunene,Namibia,NAM,AFR,NAM013,Otjozondjupa,Namibia,NAM,AFR,False,230.9532,False,False
NAM010,Omusati,Namibia,NAM,AFR,NAM008,Ohangwena,Namibia,NAM,AFR,False,36.5915,False,False
NAM011,Oshana,Namibia,NAM,AFR,NAM008,Ohangwena,Namibia,NAM,AFR,False,36.6476,False,False
NAM011,Oshana,Namibia,NAM,AFR,NAM010,Omusati,Namibia,NAM,AFR,False,240.9334,False,False
NAM011,Oshana,Namibia,NAM,AFR,NAM012,Oshikoto,Namibia,NAM,AFR,False,230.4954,False,False
NAM012,Oshikoto,Namibia,NAM,AFR,NAM008,Ohangwena,Namibia,NAM,AFR,False,223.9197,False,False
NAM013,Otjozondjupa,Namibia,NAM,AFR,NAM009,Omaheke,Namibia,NAM,AFR,False,492.692,False,False
NAM013,Otjozondjupa,Namibia,NAM,AFR,NAM012,Oshikoto,Namibia,NAM,AFR,False,321.8361,False,False
NER001,Agadez,Niger,NER,AFR,NER002,Diffa,Niger,NER,AFR,False,396.9015,False,False
NER001,Agadez,Niger,NER,AFR,NER004,Maradi,Niger,NER,AFR,False,67.4917,False,False
NER001,Agadez,Niger,NER,AFR,NER005,Tahoua,Niger,NER,AFR,False,533.9786,False,False
NER001,Agadez,Niger,NER,AFR,NER007,Zinder,Niger,NER,AFR,False,578.6599,False,False
NER001,Agadez,Niger,NER,AFR,TCD021,Tibesti,Chad,TCD,AFR,True,613.1902,False,False
NER002,Diffa,Niger,NER,AFR,NER007,Zinder,Niger,NER,AFR,False,564.7428,False,False
NER002,Diffa,Niger,NER,AFR,NGA008,Borno,Nigeria,NGA,AFR,True,314.3162,False,False
NER002,Diffa,Niger,NER,AFR,NGA036,Yobe,Nigeria,NGA,AFR,True,223.3043,False,False
NER002,Diffa,Niger,NER,AFR,TCD003,Borkou,Chad,TCD,AFR,True,22.3261,False,False
NER002,Diffa,Niger,NER,AFR,TCD009,Kanem,Chad,TCD,AFR,True,338.8176,False,False
NER002,Diffa,Niger,NER,AFR,TCD010,Lac,Chad,TCD,AFR,True,106.8702,False,False
NER002,Diffa,Niger,NER,AFR,TCD021,Tibesti,Chad,TCD,AFR,True,110.8655,False,False
NER003,Dosso,Niger,NER,AFR,NER005,Tahoua,Niger,NER,AFR,False,114.3794,False,False
NER003,Dosso,Niger,NER,AFR,NER006,Tillabéri,Niger,NER,AFR,False,448.8255,False,False
NER003,Dosso,Niger,NER,AFR,NGA022,Kebbi,Nigeria,NGA,AFR,True,207.0763,False,False
NER003,Dosso,Niger,NER,AFR,NGA034,Sokoto,Nigeria,NGA,AFR,True,83.8539,False,False
NER004,Maradi,Niger,NER,AFR,NER005,Tahoua,Niger,NER,AFR,False,223.2368,False,False
NER004,Maradi,Niger,NER,AFR,NER007,Zinder,Niger,NER,AFR,False,376.4167,False,False
NER004,Maradi,Niger,NER,AFR,NGA021,Katsina,Nigeria,NGA,AFR,True,150.5929,False,False
NER004,Maradi,Niger,NER,AFR,NGA034,Sokoto,Nigeria,NGA,AFR,True,81.5387,False,False
NER004,Maradi,Niger,NER,AFR,NGA037,Zamfara,Nigeria,NGA,AFR,True,33.286,False,False
NER005,Tahoua,Niger,NER,AFR,NER006,Tillabéri,Niger,NER,AFR,False,129.7736,False,False
NER005,Tahoua,Niger,NER,AFR,NGA034,Sokoto,Nigeria,NGA,AFR,True,195.1097,False,False
NER007,Zinder,Niger,NER,AFR,NGA018,Jigawa,Nigeria,NGA,AFR,True,67.4588,False,False
NER007,Zinder,Niger,NER,AFR,NGA021,Katsina,Nigeria,NGA,AFR,True,102.091,False,False
NER007,Zinder,Niger,NER,AFR,NGA036,Yobe,Nigeria,NGA,AFR,True,130.1562,False,False
NER008,Communauté Urbaine de Niamey,Niger,NER,AFR,NER006,Tillabéri,Niger,NER,AFR,False,116.7807,False,False
NGA001,Abia,Nigeria,NGA,AFR,NGA003,Akwa lbom,Nigeria,NGA,AFR,False,153.5995,False,False
NGA001,Abia,Nigeria,NGA,AFR,NGA004,Anambra,Nigeria,NGA,AFR,False,17.7992,False,False
NGA001,Abia,Nigeria,NGA,AFR,NGA009,Cross River,Nigeria,NGA,AFR,False,51.606,False,False
NGA001,Abia,Nigeria,NGA,AFR,NGA011,Ebonyi,Nigeria,NGA,AFR,False,63.4029,False,False
NGA001,Abia,Nigeria,NGA,AFR,NGA014,Enugu,Nigeria,NGA,AFR,False,26.0835,False,False
NGA001,Abia,Nigeria,NGA,AFR,NGA017,Imo,Nigeria,NGA,AFR,False,103.344,False,False
NGA001,Abia,Nigeria,NGA,AFR,NGA033,Rivers,Nigeria,NGA,AFR,False,84.8468,False,False
NGA002,Adamawa,Nigeria,NGA,AFR,NGA008,Borno,Nigeria,NGA,AFR,False,289.9469,False,False
NGA002,Adamawa,Nigeria,NGA,AFR,NGA016,Gombe,Nigeria,NGA,AFR,False,86.2246,False,False
NGA002,Adamawa,Nigeria,NGA,AFR,NGA035,Taraba,Nigeria,NGA,AFR,False,344.7763,False,False
NGA004,Anambra,Nigeria,NGA,AFR,NGA010,Delta,Nigeria,NGA,AFR,False,93.2819,False,False
NGA004,Anambra,Nigeria,NGA,AFR,NGA012,Edo,Nigeria,NGA,AFR,False,3.4733,True,False
NGA004,Anambra,Nigeria,NGA,AFR,NGA014,Enugu,Nigeria,NGA,AFR,False,129.6395,False,False
NGA004,Anambra,Nigeria,NGA,AFR,NGA017,Imo,Nigeria,NGA,AFR,False,83.5146,False,False
NGA004,Anambra,Nigeria,NGA,AFR,NGA023,Kogi,Nigeria,NGA,AFR,False,52.3682,False,False
NGA004,Anambra,Nigeria,NGA,AFR,NGA033,Rivers,Nigeria,NGA,AFR,False,3.9487,True,False
NGA005,Bauchi,Nigeria,NGA,AFR,NGA016,Gombe,Nigeria,NGA,AFR,False,291.9216,False,False
NGA005,Bauchi,Nigeria,NGA,AFR,NGA018,Jigawa,Nigeria,NGA,AFR,False,518.1029,False,False
NGA005,Bauchi,Nigeria,NGA,AFR,NGA019,Kaduna,Nigeria,NGA,AFR,False,28.0375,False,False
NGA005,Bauchi,Nigeria,NGA,AFR,NGA020,Kano,Nigeria,NGA,AFR,False,120.5096,False,False
NGA005,Bauchi,Nigeria,NGA,AFR,NGA032,Plateau,Nigeria,NGA,AFR,False,339.4709,False,False
NGA005,Bauchi,Nigeria,NGA,AFR,NGA035,Taraba,Nigeria,NGA,AFR,False,56.3077,False,False
NGA005,Bauchi,Nigeria,NGA,AFR,NGA036,Yobe,Nigeria,NGA,AFR,False,169.6275,False,False
NGA006,Bayelsa,Nigeria,NGA,AFR,NGA010,Delta,Nigeria,NGA,AFR,False,81.4425,False,False
NGA006,Bayelsa,Nigeria,NGA,AFR,NGA033,Rivers,Nigeria,NGA,AFR,False,128.3559,False,False
NGA007,Benue,Nigeria,NGA,AFR,CMR010,Sud - Ouest,Cameroon,CMR,AFR,True,21.5008,False,False
NGA007,Benue,Nigeria,NGA,AFR,NGA009,Cross River,Nigeria,NGA,AFR,False,188.3638,False,False
NGA007,Benue,Nigeria,NGA,AFR,NGA011,Ebonyi,Nigeria,NGA,AFR,False,94.7188,False,False
NGA007,Benue,Nigeria,NGA,AFR,NGA014,Enugu,Nigeria,NGA,AFR,False,82.4735,False,False
NGA007,Benue,Nigeria,NGA,AFR,NGA023,Kogi,Nigeria,NGA,AFR,False,146.4875,False,False
NGA007,Benue,Nigeria,NGA,AFR,NGA026,Nassarawa,Nigeria,NGA,AFR,False,225.7924,False,False
NGA007,Benue,Nigeria,NGA,AFR,NGA035,Taraba,Nigeria,NGA,AFR,False,234.6844,False,False
NGA008,Borno,Nigeria,NGA,AFR,NGA016,Gombe,Nigeria,NGA,AFR,False,87.7505,False,False
NGA008,Borno,Nigeria,NGA,AFR,NGA036,Yobe,Nigeria,NGA,AFR,False,383.5006,False,False
NGA008,Borno,Nigeria,NGA,AFR,TCD010,Lac,Chad,TCD,AFR,True,84.5788,False,False
NGA009,Cross River,Nigeria,NGA,AFR,CMR010,Sud - Ouest,Cameroon,CMR,AFR,True,252.9458,False,False
NGA009,Cross River,Nigeria,NGA,AFR,NGA003,Akwa lbom,Nigeria,NGA,AFR,False,71.3695,False,False
NGA009,Cross River,Nigeria,NGA,AFR,NGA011,Ebonyi,Nigeria,NGA,AFR,False,193.9232,False,False
NGA010,Delta,Nigeria,NGA,AFR,NGA012,Edo,Nigeria,NGA,AFR,False,327.8649,False,False
NGA010,Delta,Nigeria,NGA,AFR,NGA029,Ondo,Nigeria,NGA,AFR,False,34.5861,False,False
NGA010,Delta,Nigeria,NGA,AFR,NGA033,Rivers,Nigeria,NGA,AFR,False,49.3225,False,False
NGA011,Ebonyi,Nigeria,NGA,AFR,NGA014,Enugu,Nigeria,NGA,AFR,False,118.2319,False,False
NGA012,Edo,Nigeria,NGA,AFR,NGA023,Kogi,Nigeria,NGA,AFR,False,213.4798,False,False
NGA012,Edo,Nigeria,NGA,AFR,NGA029,Ondo,Nigeria,NGA,AFR,False,304.9861,False,False
NGA013,Ekiti,Nigeria,NGA,AFR,NGA023,Kogi,Nigeria,NGA,AFR,False,91.556,False,False
NGA013,Ekiti,Nigeria,NGA,AFR,NGA024,Kwara,Nigeria,NGA,AFR,False,60.7014,False,False
NGA013,Ekiti,Nigeria,NGA,AFR,NGA029,Ondo,Nigeria,NGA,AFR,False,132.0358,False,False
NGA013,Ekiti,Nigeria,NGA,AFR,NGA030,Osun,Nigeria,NGA,AFR,False,84.2458,False,False
NGA014,Enugu,Nigeria,NGA,AFR,NGA023,Kogi,Nigeria,NGA,AFR,False,101.8598,False,False
NGA015,Federal Capital Territory,Nigeria,NGA,AFR,NGA019,Kaduna,Nigeria,NGA,AFR,False,46.0358,False,False
NGA015,Federal Capital Territory,Nigeria,NGA,AFR,NGA023,Kogi,Nigeria,NGA,AFR,False,17.2107,False,False
NGA015,Federal Capital Territory,Nigeria,NGA,AFR,NGA026,Nassarawa,Nigeria,NGA,AFR,False,147.1579,False,False
NGA015,Federal Capital Territory,Nigeria,NGA,AFR,NGA027,Niger,Nigeria,NGA,AFR,False,180.6055,False,False
NGA016,Gombe,Nigeria,NGA,AFR,NGA035,Taraba,Nigeria,NGA,AFR,False,53.6522,False,False
NGA016,Gombe,Nigeria,NGA,AFR,NGA036,Yobe,Nigeria,NGA,AFR,False,136.3539,False,False
NGA018,Jigawa,Nigeria,NGA,AFR,NGA020,Kano,Nigeria,NGA,AFR,False,368.1917,False,False
NGA018,Jigawa,Nigeria,NGA,AFR,NGA021,Katsina,Nigeria,NGA,AFR,False,162.4652,False,False
NGA018,Jigawa,Nigeria,NGA,AFR,NGA036,Yobe,Nigeria,NGA,AFR,False,170.986,False,False
NGA019,Kaduna,Nigeria,NGA,AFR,NGA020,Kano,Nigeria,NGA,AFR,False,222.6813,False,False
NGA019,Kaduna,Nigeria,NGA,AFR,NGA021,Katsina,Nigeria,NGA,AFR,False,164.0829,False,False
NGA019,Kaduna,Nigeria,NGA,AFR,NGA026,Nassarawa,Nigeria,NGA,AFR,False,176.1035,False,False
NGA019,Kaduna,Nigeria,NGA,AFR,NGA027,Niger,Nigeria,NGA,AFR,False,444.5829,False,False
NGA019,Kaduna,Nigeria,NGA,AFR,NGA032,Plateau,Nigeria,NGA,AFR,False,175.0985,False,False
NGA019,Kaduna,Nigeria,NGA,AFR,NGA037,Zamfara,Nigeria,NGA,AFR,False,126.7308,False,False
NGA020,Kano,Nigeria,NGA,AFR,NGA021,Katsina,Nigeria,NGA,AFR,False,191.7872,False,False
NGA021,Katsina,Nigeria,NGA,AFR,NGA037,Zamfara,Nigeria,NGA,AFR,False,229.2339,False,False
NGA022,Kebbi,Nigeria,NGA,AFR,NGA027,Niger,Nigeria,NGA,AFR,False,633.8362,False,False
NGA022,Kebbi,Nigeria,NGA,AFR,NGA034,Sokoto,Nigeria,NGA,AFR,False,386.9251,False,False
NGA022,Kebbi,Nigeria,NGA,AFR,NGA037,Zamfara,Nigeria,NGA,AFR,False,208.4611,False,False
NGA023,Kogi,Nigeria,NGA,AFR,NGA024,Kwara,Nigeria,NGA,AFR,False,187.7727,False,False
NGA023,Kogi,Nigeria,NGA,AFR,NGA026,Nassarawa,Nigeria,NGA,AFR,False,152.4159,False,False
NGA023,Kogi,Nigeria,NGA,AFR,NGA027,Niger,Nigeria,NGA,AFR,False,134.84,False,False
NGA023,Kogi,Nigeria,NGA,AFR,NGA029,Ondo,Nigeria,NGA,AFR,False,45.2534,False,False
NGA024,Kwara,Nigeria,NGA,AFR,NGA027,Niger,Nigeria,NGA,AFR,False,404.4997,False,False
NGA024,Kwara,Nigeria,NGA,AFR,NGA030,Osun,Nigeria,NGA,AFR,False,72.5459,False,False
NGA024,Kwara,Nigeria,NGA,AFR,NGA031,Oyo,Nigeria,NGA,AFR,False,336.9823,False,False
NGA025,Lagos,Nigeria,NGA,AFR,NGA028,Ogun,Nigeria,NGA,AFR,False,248.0418,False,False
NGA026,Nassarawa,Nigeria,NGA,AFR,NGA032,Plateau,Nigeria,NGA,AFR,False,218.8125,False,False
NGA026,Nassarawa,Nigeria,NGA,AFR,NGA035,Taraba,Nigeria,NGA,AFR,False,111.2143,False,False
NGA027,Niger,Nigeria,NGA,AFR,NGA037,Zamfara,Nigeria,NGA,AFR,False,44.033,False,False
NGA028,Ogun,Nigeria,NGA,AFR,NGA029,Ondo,Nigeria,NGA,AFR,False,178.1182,False,False
NGA028,Ogun,Nigeria,NGA,AFR,NGA030,Osun,Nigeria,NGA,AFR,False,83.56,False,False
NGA028,Ogun,Nigeria,NGA,AFR,NGA031,Oyo,Nigeria,NGA,AFR,False,328.2636,False,False
NGA029,Ondo,Nigeria,NGA,AFR,NGA030,Osun,Nigeria,NGA,AFR,False,75.2153,False,False
NGA030,Osun,Nigeria,NGA,AFR,NGA031,Oyo,Nigeria,NGA,AFR,False,187.0675,False,False
NGA032,Plateau,Nigeria,NGA,AFR,NGA035,Taraba,Nigeria,NGA,AFR,False,204.3923,False,False
NGA033,Rivers,Nigeria,NGA,AFR,NGA003,Akwa lbom,Nigeria,NGA,AFR,False,8.1038,False,False
NGA033,Rivers,Nigeria,NGA,AFR,NGA017,Imo,Nigeria,NGA,AFR,False,121.3313,False,False
NGA034,Sokoto,Nigeria,NGA,AFR,NGA037,Zamfara,Nigeria,NGA,AFR,False,388.2567,False,False
NGA035,Taraba,Nigeria,NGA,AFR,CMR010,Sud - Ouest,Cameroon,CMR,AFR,True,14.6208,False,False
NIC001,Boaco,Nicaragua,NIC,LCR,NIC004,Chontales,Nicaragua,NIC,LCR,False,132.961,False,False
NIC001,Boaco,Nicaragua,NIC,LCR,NIC006,Granada,Nicaragua,NIC,LCR,False,13.9903,False,False
NIC001,Boaco,Nicaragua,NIC,LCR,NIC010,Managua,Nicaragua,NIC,LCR,False,55.426,False,False
NIC001,Boaco,Nicaragua,NIC,LCR,NIC012,Matagalpa,Nicaragua,NIC,LCR,False,158.4429,False,False
NIC002,Carazo,Nicaragua,NIC,LCR,NIC006,Granada,Nicaragua,NIC,LCR,False,34.6504,False,False
NIC002,Carazo,Nicaragua,NIC,LCR,NIC010,Managua,Nicaragua,NIC,LCR,False,36.1567,False,False
NIC002,Carazo,Nicaragua,NIC,LCR,NIC011,Masaya,Nicaragua,NIC,LCR,False,34.9136,False,False
NIC002,Carazo,Nicaragua,NIC,LCR,NIC017,Rivas,Nicaragua,NIC,LCR,False,15.2714,False,False
NIC003,Chinandega,Nicaragua,NIC,LCR,NIC005,Estelí,Nicaragua,NIC,LCR,False,13.2715,False,False
NIC003,Chinandega,Nicaragua,NIC,LCR,NIC008,León,Nicaragua,NIC,LCR,False,114.9364,False,False
NIC003,Chinandega,Nicaragua,NIC,LCR,NIC009,Madriz,Nicaragua,NIC,LCR,False,11.9849,False,False
NIC004,Chontales,Nicaragua,NIC,LCR,NIC016,Río San Juan,Nicaragua,NIC,LCR,False,85.3872,False,False
NIC005,Estelí,Nicaragua,NIC,LCR,NIC007,Jinotega,Nicaragua,NIC,LCR,False,54.7297,False,False
NIC005,Estelí,Nicaragua,NIC,LCR,NIC008,León,Nicaragua,NIC,LCR,False,78.9818,False,False
NIC005,Estelí,Nicaragua,NIC,LCR,NIC009,Madriz,Nicaragua,NIC,LCR,False,80.5221,False,False
NIC005,Estelí,Nicaragua,NIC,LCR,NIC012,Matagalpa,Nicaragua,NIC,LCR,False,38.4643,False,False
NIC006,Granada,Nicaragua,NIC,LCR,NIC010,Managua,Nicaragua,NIC,LCR,False,25.2668,False,False
NIC006,Granada,Nicaragua,NIC,LCR,NIC011,Masaya,Nicaragua,NIC,LCR,False,47.7169,False,False
NIC006,Granada,Nicaragua,NIC,LCR,NIC017,Rivas,Nicaragua,NIC,LCR,False,27.4508,False,False
NIC007,Jinotega,Nicaragua,NIC,LCR,NIC009,Madriz,Nicaragua,NIC,LCR,False,26.1789,False,False
NIC007,Jinotega,Nicaragua,NIC,LCR,NIC012,Matagalpa,Nicaragua,NIC,LCR,False,97.9174,False,False
NIC007,Jinotega,Nicaragua,NIC,LCR,NIC013,Nueva Segovia,Nicaragua,NIC,LCR,False,91.3616,False,False
NIC008,León,Nicaragua,NIC,LCR,NIC010,Managua,Nicaragua,NIC,LCR,False,89.6475,False,False
NIC008,León,Nicaragua,NIC,LCR,NIC012,Matagalpa,Nicaragua,NIC,LCR,False,27.6228,False,False
NIC009,Madriz,Nicaragua,NIC,LCR,NIC013,Nueva Segovia,Nicaragua,NIC,LCR,False,104.4092,False,False
NIC010,Managua,Nicaragua,NIC,LCR,NIC011,Masaya,Nicaragua,NIC,LCR,False,51.9759,False,False
NIC010,Managua,Nicaragua,NIC,LCR,NIC012,Matagalpa,Nicaragua,NIC,LCR,False,40.9305,False,False
NIC014,Región Autónoma del Caribe Norte,Nicaragua,NIC,LCR,NIC007,Jinotega,Nicaragua,NIC,LCR,False,225.5421,False,False
NIC014,Región Autónoma del Caribe Norte,Nicaragua,NIC,LCR,NIC012,Matagalpa,Nicaragua,NIC,LCR,False,80.8809,False,False
NIC014,Región Autónoma del Caribe Norte,Nicaragua,NIC,LCR,NIC015,Región Autónoma del Caribe Sur,Nicaragua,NIC,LCR,False,224.5572,False,False
NIC015,Región Autónoma del Caribe Sur,Nicaragua,NIC,LCR,NIC001,Boaco,Nicaragua,NIC,LCR,False,33.1757,False,False
NIC015,Región Autónoma del Caribe Sur,Nicaragua,NIC,LCR,NIC004,Chontales,Nicaragua,NIC,LCR,False,129.4236,False,False
NIC015,Región Autónoma del Caribe Sur,Nicaragua,NIC,LCR,NIC012,Matagalpa,Nicaragua,NIC,LCR,False,67.2361,False,False
NIC015,Región Autónoma del Caribe Sur,Nicaragua,NIC,LCR,NIC016,Río San Juan,Nicaragua,NIC,LCR,False,175.5357,False,False
NIC016,Río San Juan,Nicaragua,NIC,LCR,CRI001,Alajuela,Costa Rica,CRI,LCR,True,147.8315,False,False
NIC016,Río San Juan,Nicaragua,NIC,LCR,CRI004,Heredia,Costa Rica,CRI,LCR,True,58.9944,False,False
NIC016,Río San Juan,Nicaragua,NIC,LCR,CRI005,Limón,Costa Rica,CRI,LCR,True,28.3044,False,False
NIC017,Rivas,Nicaragua,NIC,LCR,CRI001,Alajuela,Costa Rica,CRI,LCR,True,5.9388,False,False
NIC017,Rivas,Nicaragua,NIC,LCR,CRI003,Guanacaste,Costa Rica,CRI,LCR,True,64.2844,False,False
NIC017,Rivas,Nicaragua,NIC,LCR,NIC016,Río San Juan,Nicaragua,NIC,LCR,False,6.7357,False,False
NLD001,Drenthe,Netherlands,NLD,Other,NLD003,Friesland,Netherlands,NLD,Other,False,46.7398,False,False
NLD001,Drenthe,Netherlands,NLD,Other,NLD005,Groningen,Netherlands,NLD,Other,False,87.2571,False,False
NLD001,Drenthe,Netherlands,NLD,Other,NLD009,Overijssel,Netherlands,NLD,Other,False,76.3254,False,False
NLD002,Flevoland,Netherlands,NLD,Other,NLD003,Friesland,Netherlands,NLD,Other,False,6.8935,False,False
NLD002,Flevoland,Netherlands,NLD,Other,NLD009,Overijssel,Netherlands,NLD,Other,False,30.8265,False,False
NLD003,Friesland,Netherlands,NLD,Other,NLD005,Groningen,Netherlands,NLD,Other,False,41.4744,False,False
NLD003,Friesland,Netherlands,NLD,Other,NLD009,Overijssel,Netherlands,NLD,Other,False,30.6153,False,False
NLD004,Gelderland,Netherlands,NLD,Other,NLD006,Limburg,Netherlands,NLD,Other,False,10.256,False,False
NLD004,Gelderland,Netherlands,NLD,Other,NLD007,Noord-brabant,Netherlands,NLD,Other,False,78.1245,False,False
NLD004,Gelderland,Netherlands,NLD,Other,NLD009,Overijssel,Netherlands,NLD,Other,False,113.4812,False,False
NLD004,Gelderland,Netherlands,NLD,Other,NLD010,Utrecht,Netherlands,NLD,Other,False,92.9432,False,False
NLD004,Gelderland,Netherlands,NLD,Other,NLD012,Zuid-holland,Netherlands,NLD,Other,False,24.2058,False,False
NLD006,Limburg,Netherlands,NLD,Other,NLD007,Noord-brabant,Netherlands,NLD,Other,False,102.4409,False,False
NLD007,Noord-brabant,Netherlands,NLD,Other,NLD011,Zeeland,Netherlands,NLD,Other,False,24.6397,False,False
NLD007,Noord-brabant,Netherlands,NLD,Other,NLD012,Zuid-holland,Netherlands,NLD,Other,False,8.5951,False,False
NLD008,Noord-holland,Netherlands,NLD,Other,NLD010,Utrecht,Netherlands,NLD,Other,False,69.1733,False,False
NLD008,Noord-holland,Netherlands,NLD,Other,NLD012,Zuid-holland,Netherlands,NLD,Other,False,39.5349,False,False
NLD010,Utrecht,Netherlands,NLD,Other,NLD012,Zuid-holland,Netherlands,NLD,Other,False,80.5135,False,False
NLD012,Zuid-holland,Netherlands,NLD,Other,NLD011,Zeeland,Netherlands,NLD,Other,False,29.0691,False,False
NOR001,Akershus,Norway,NOR,Other,NOR003,Buskerud,Norway,NOR,Other,False,46.8291,False,False
NOR001,Akershus,Norway,NOR,Other,NOR005,Hedmark,Norway,NOR,Other,False,91.2435,False,False
NOR001,Akershus,Norway,NOR,Other,NOR010,Oestfold,Norway,NOR,Other,False,118.4318,False,False
NOR001,Akershus,Norway,NOR,Other,NOR011,Oppland,Norway,NOR,Other,False,98.1381,False,False
NOR001,Akershus,Norway,NOR,Other,NOR012,Oslo,Norway,NOR,Other,False,67.6581,False,False
NOR001,Akershus,Norway,NOR,Other,SWE017,Vaermlands Laen,Sweden,SWE,Other,True,7.4809,False,False
NOR002,Aust-agder,Norway,NOR,Other,NOR013,Rogaland,Norway,NOR,Other,False,72.3512,False,False
NOR002,Aust-agder,Norway,NOR,Other,NOR016,Telemark,Norway,NOR,Other,False,251.58,False,False
NOR002,Aust-agder,Norway,NOR,Other,NOR018,Vest-Agder,Norway,NOR,Other,False,238.1385,False,False
NOR003,Buskerud,Norway,NOR,Other,NOR006,Hordaland,Norway,NOR,Other,False,75.3196,False,False
NOR003,Buskerud,Norway,NOR,Other,NOR011,Oppland,Norway,NOR,Other,False,232.7123,False,False
NOR003,Buskerud,Norway,NOR,Other,NOR012,Oslo,Norway,NOR,Other,False,15.5876,False,False
NOR003,Buskerud,Norway,NOR,Other,NOR015,Sogn og Fjordane,Norway,NOR,Other,False,77.3018,False,False
NOR003,Buskerud,Norway,NOR,Other,NOR016,Telemark,Norway,NOR,Other,False,197.8382,False,False
NOR003,Buskerud,Norway,NOR,Other,NOR019,Vestfold,Norway,NOR,Other,False,71.6618,False,False
NOR004,Finnmark,Norway,NOR,Other,FIN002,Lapland,Finland,FIN,Other,True,609.902,False,False
NOR004,Finnmark,Norway,NOR,Other,NOR017,Troms,Norway,NOR,Other,False,231.4165,False,False
NOR004,Finnmark,Norway,NOR,Other,RUS049,Murmanskaya Oblast,Russian Federation,RUS,ECA,True,180.2359,False,False
NOR005,Hedmark,Norway,NOR,Other,NOR011,Oppland,Norway,NOR,Other,False,218.6935,False,False
NOR005,Hedmark,Norway,NOR,Other,NOR014,Soer-Troendelag,Norway,NOR,Other,False,205.8425,False,False
NOR005,Hedmark,Norway,NOR,Other,SWE002,Dalarnas Laen,Sweden,SWE,Other,True,156.2107,False,False
NOR005,Hedmark,Norway,NOR,Other,SWE006,Jaemtlands Laen,Sweden,SWE,Other,True,7.8442,False,False
NOR005,Hedmark,Norway,NOR,Other,SWE017,Vaermlands Laen,Sweden,SWE,Other,True,188.7824,False,False
NOR006,Hordaland,Norway,NOR,Other,NOR013,Rogaland,Norway,NOR,Other,False,150.0492,False,False
NOR006,Hordaland,Norway,NOR,Other,NOR015,Sogn og Fjordane,Norway,NOR,Other,False,214.2649,False,False
NOR006,Hordaland,Norway,NOR,Other,NOR016,Telemark,Norway,NOR,Other,False,46.4967,False,False
NOR007,Moere Og Romsdal,Norway,NOR,Other,NOR011,Oppland,Norway,NOR,Other,False,123.7577,False,False
NOR007,Moere Og Romsdal,Norway,NOR,Other,NOR014,Soer-Troendelag,Norway,NOR,Other,False,217.6105,False,False
NOR007,Moere Og Romsdal,Norway,NOR,Other,NOR015,Sogn og Fjordane,Norway,NOR,Other,False,140.408,False,False
NOR008,Nord-troendelag,Norway,NOR,Other,NOR009,Nordland,Norway,NOR,Other,False,160.8718,False,False
NOR008,Nord-troendelag,Norway,NOR,Other,NOR014,Soer-Troendelag,Norway,NOR,Other,False,220.0373,False,False
NOR008,Nord-troendelag,Norway,NOR,Other,SWE006,Jaemtlands Laen,Sweden,SWE,Other,True,309.3859,False,False
NOR009,Nordland,Norway,NOR,Other,NOR017,Troms,Norway,NOR,Other,False,213.3834,False,False
NOR009,Nordland,Norway,NOR,Other,SWE010,Norrbottens Laen,Sweden,SWE,Other,True,318.6271,False,False
NOR009,Nordland,Norway,NOR,Other,SWE018,Vaesterbottens Laen,Sweden,SWE,Other,True,180.8156,False,False
NOR010,Oestfold,Norway,NOR,Other,SWE017,Vaermlands Laen,Sweden,SWE,Other,True,70.4037,False,False
NOR010,Oestfold,Norway,NOR,Other,SWE021,Vaestra Goetalands Laen,Sweden,SWE,Other,True,67.2925,False,False
NOR011,Oppland,Norway,NOR,Other,NOR012,Oslo,Norway,NOR,Other,False,5.2026,False,False
NOR011,Oppland,Norway,NOR,Other,NOR014,Soer-Troendelag,Norway,NOR,Other,False,39.0175,False,False
NOR011,Oppland,Norway,NOR,Other,NOR015,Sogn og Fjordane,Norway,NOR,Other,False,167.0705,False,False
NOR014,Soer-Troendelag,Norway,NOR,Other,SWE006,Jaemtlands Laen,Sweden,SWE,Other,True,100.9004,False,False
NOR016,Telemark,Norway,NOR,Other,NOR013,Rogaland,Norway,NOR,Other,False,14.6517,False,False
NOR016,Telemark,Norway,NOR,Other,NOR019,Vestfold,Norway,NOR,Other,False,46.1244,False,False
NOR017,Troms,Norway,NOR,Other,SWE010,Norrbottens Laen,Sweden,SWE,Other,True,203.5098,False,False
NOR018,Vest-Agder,Norway,NOR,Other,NOR013,Rogaland,Norway,NOR,Other,False,144.0528,False,False
NPL001,Lumbini,Nepal,NPL,SAR,NPL002,Gandaki,Nepal,NPL,SAR,False,421.835,False,False
NPL001,Lumbini,Nepal,NPL,SAR,NPL004,Sudurpashchim,Nepal,NPL,SAR,False,44.1076,False,False
NPL001,Lumbini,Nepal,NPL,SAR,NPL005,Karnali,Nepal,NPL,SAR,False,373.5903,False,False
NPL002,Gandaki,Nepal,NPL,SAR,NPL005,Karnali,Nepal,NPL,SAR,False,101.8599,False,False
NPL002,Gandaki,Nepal,NPL,SAR,NPL006,Bagmati,Nepal,NPL,SAR,False,245.5689,False,False
NPL003,Koshi,Nepal,NPL,SAR,IND030,Sikkim,India,IND,SAR,True,98.6433,False,False
NPL003,Koshi,Nepal,NPL,SAR,NPL006,Bagmati,Nepal,NPL,SAR,False,188.4606,False,False
NPL003,Koshi,Nepal,NPL,SAR,NPL007,Madhesh,Nepal,NPL,SAR,False,193.7501,False,False
NPL004,Sudurpashchim,Nepal,NPL,SAR,NPL005,Karnali,Nepal,NPL,SAR,False,445.2862,False,False
NPL006,Bagmati,Nepal,NPL,SAR,NPL007,Madhesh,Nepal,NPL,SAR,False,254.7704,False,False
NZL02,Auckland,New Zealand,NZL,Other,NZL01,Northland,New Zealand,NZL,Other,False,22.3015,False,False
NZL02,Auckland,New Zealand,NZL,Other,NZL03,Waikato,New Zealand,NZL,Other,False,102.9233,False,False
NZL04,Bay of Plenty,New Zealand,NZL,Other,NZL03,Waikato,New Zealand,NZL,Other,False,259.4567,False,False
NZL04,Bay of Plenty,New Zealand,NZL,Other,NZL05,Gisborne,New Zealand,NZL,Other,False,224.4628,False,False
NZL04,Bay of Plenty,New Zealand,NZL,Other,NZL06,Hawke's Bay,New Zealand,NZL,Other,False,147.9354,False,False
NZL05,Gisborne,New Zealand,NZL,Other,NZL06,Hawke's Bay,New Zealand,NZL,Other,False,140.2393,False,False
NZL06,Hawke's Bay,New Zealand,NZL,Other,NZL03,Waikato,New Zealand,NZL,Other,False,40.8737,False,False
NZL06,Hawke's Bay,New Zealand,NZL,Other,NZL08,Manawatu-Wanganui,New Zealand,NZL,Other,False,236.2335,False,False
NZL07,Taranaki,New Zealand,NZL,Other,NZL03,Waikato,New Zealand,NZL,Other,False,29.1015,False,False
NZL08,Manawatu-Wanganui,New Zealand,NZL,Other,NZL03,Waikato,New Zealand,NZL,Other,False,297.5293,False,False
NZL08,Manawatu-Wanganui,New Zealand,NZL,Other,NZL07,Taranaki,New Zealand,NZL,Other,False,198.6392,False,False
NZL08,Manawatu-Wanganui,New Zealand,NZL,Other,NZL09,Wellington,New Zealand,NZL,Other,False,164.4028,False,False
NZL13,Canterbury,New Zealand,NZL,Other,NZL12,West Coast,New Zealand,NZL,Other,False,395.6145,False,False
NZL13,Canterbury,New Zealand,NZL,Other,NZL14,Otago,New Zealand,NZL,Other,False,293.9512,False,False
NZL13,Canterbury,New Zealand,NZL,Other,NZL16,Tasman,New Zealand,NZL,Other,False,37.8353,False,False
NZL13,Canterbury,New Zealand,NZL,Other,NZL18,Marlborough,New Zealand,NZL,Other,False,241.3108,False,False
NZL14,Otago,New Zealand,NZL,Other,NZL12,West Coast,New Zealand,NZL,Other,False,171.0996,False,False
NZL14,Otago,New Zealand,NZL,Other,NZL15,Southland,New Zealand,NZL,Other,False,455.5501,False,False
NZL15,Southland,New Zealand,NZL,Other,NZL12,West Coast,New Zealand,NZL,Other,False,60.9427,False,False
NZL16,Tasman,New Zealand,NZL,Other,NZL12,West Coast,New Zealand,NZL,Other,False,322.5369,False,False
NZL17,Nelson,New Zealand,NZL,Other,NZL16,Tasman,New Zealand,NZL,Other,False,13.2386,False,False
NZL18,Marlborough,New Zealand,NZL,Other,NZL16,Tasman,New Zealand,NZL,Other,False,122.2803,False,False
NZL18,Marlborough,New Zealand,NZL,Other,NZL17,Nelson,New Zealand,NZL,Other,False,53.0858,False,False
OMN001,A Dakhliya,Oman,OMN,MENA,OMN004,Al Dhahira,Oman,OMN,MENA,False,175.2003,False,False
OMN001,A Dakhliya,Oman,OMN,MENA,OMN005,Al Wusta,Oman,OMN,MENA,False,227.5178,False,False
OMN001,A Dakhliya,Oman,OMN,MENA,OMN008,Muscat,Oman,OMN,MENA,False,84.9502,False,False
OMN002,A Sharqiya,Oman,OMN,MENA,OMN001,A Dakhliya,Oman,OMN,MENA,False,261.0023,False,False
OMN002,A Sharqiya,Oman,OMN,MENA,OMN005,Al Wusta,Oman,OMN,MENA,False,53.6139,False,False
OMN002,A Sharqiya,Oman,OMN,MENA,OMN008,Muscat,Oman,OMN,MENA,False,81.368,False,False
OMN003,Al Batnah,Oman,OMN,MENA,OMN001,A Dakhliya,Oman,OMN,MENA,False,152.0509,False,False
OMN003,Al Batnah,Oman,OMN,MENA,OMN004,Al Dhahira,Oman,OMN,MENA,False,202.2886,False,False
OMN003,Al Batnah,Oman,OMN,MENA,OMN008,Muscat,Oman,OMN,MENA,False,27.6139,False,False
OMN004,Al Dhahira,Oman,OMN,MENA,SAU008,Ash Sharqīyah,Saudi Arabia,SAU,MENA,True,106.6692,False,False
OMN005,Al Wusta,Oman,OMN,MENA,OMN004,Al Dhahira,Oman,OMN,MENA,False,74.3883,False,False
OMN005,Al Wusta,Oman,OMN,MENA,OMN006,Dhofar,Oman,OMN,MENA,False,352.0139,False,False
OMN005,Al Wusta,Oman,OMN,MENA,SAU008,Ash Sharqīyah,Saudi Arabia,SAU,MENA,True,98.9056,False,False
OMN006,Dhofar,Oman,OMN,MENA,SAU008,Ash Sharqīyah,Saudi Arabia,SAU,MENA,True,451.8024,False,False
OMN006,Dhofar,Oman,OMN,MENA,YEM007,Al Mahrah,Republic of Yemen,YEM,MENA,True,292.6742,False,False
PAK002,Balochistan,Pakistan,PAK,SAR,PAK005,Khyber Pakhtunkhwa,Pakistan,PAK,SAR,False,240.6358,False,False
PAK002,Balochistan,Pakistan,PAK,SAR,PAK006,Punjab,Pakistan,PAK,SAR,False,408.9276,False,False
PAK002,Balochistan,Pakistan,PAK,SAR,PAK007,Sindh,Pakistan,PAK,SAR,False,615.7853,False,False
PAK003,Federal Capital Territory,Pakistan,PAK,SAR,PAK005,Khyber Pakhtunkhwa,Pakistan,PAK,SAR,False,27.3077,False,False
PAK003,Federal Capital Territory,Pakistan,PAK,SAR,PAK006,Punjab,Pakistan,PAK,SAR,False,146.9533,False,False
PAK005,Khyber Pakhtunkhwa,Pakistan,PAK,SAR,PAK006,Punjab,Pakistan,PAK,SAR,False,732.6228,False,False
PAK006,Punjab,Pakistan,PAK,SAR,PAK007,Sindh,Pakistan,PAK,SAR,False,243.7494,False,False
PAN001,Bocas del Toro,Panama,PAN,LCR,PAN002,Chiriquí,Panama,PAN,LCR,False,47.9865,False,False
PAN001,Bocas del Toro,Panama,PAN,LCR,PAN010,Ngäbe Buglé,Panama,PAN,LCR,False,205.1874,False,False
PAN002,Chiriquí,Panama,PAN,LCR,PAN010,Ngäbe Buglé,Panama,PAN,LCR,False,403.3727,False,False
PAN002,Chiriquí,Panama,PAN,LCR,PAN013,Veraguas,Panama,PAN,LCR,False,48.9237,False,False
PAN003,Coclé,Panama,PAN,LCR,PAN004,Colón,Panama,PAN,LCR,False,150.8021,False,False
PAN003,Coclé,Panama,PAN,LCR,PAN007,Herrera,Panama,PAN,LCR,False,13.545,False,False
PAN003,Coclé,Panama,PAN,LCR,PAN012,Panamá Oeste,Panama,PAN,LCR,False,83.4427,False,False
PAN003,Coclé,Panama,PAN,LCR,PAN013,Veraguas,Panama,PAN,LCR,False,78.2571,False,False
PAN004,Colón,Panama,PAN,LCR,PAN008,Kuna Yala,Panama,PAN,LCR,False,40.7943,False,False
PAN004,Colón,Panama,PAN,LCR,PAN011,Panamá,Panama,PAN,LCR,False,149.4727,False,False
PAN004,Colón,Panama,PAN,LCR,PAN012,Panamá Oeste,Panama,PAN,LCR,False,26.9672,False,False
PAN004,Colón,Panama,PAN,LCR,PAN013,Veraguas,Panama,PAN,LCR,False,43.5961,False,False
PAN005,Darién,Panama,PAN,LCR,PAN006,Emberá,Panama,PAN,LCR,False,404.1205,False,False
PAN005,Darién,Panama,PAN,LCR,PAN008,Kuna Yala,Panama,PAN,LCR,False,61.0334,False,False
PAN005,Darién,Panama,PAN,LCR,PAN011,Panamá,Panama,PAN,LCR,False,149.3113,False,False
PAN006,Emberá,Panama,PAN,LCR,PAN008,Kuna Yala,Panama,PAN,LCR,False,49.9021,False,False
PAN007,Herrera,Panama,PAN,LCR,PAN009,Los Santos,Panama,PAN,LCR,False,90.5515,False,False
PAN007,Herrera,Panama,PAN,LCR,PAN013,Veraguas,Panama,PAN,LCR,False,125.2416,False,False
PAN009,Los Santos,Panama,PAN,LCR,PAN013,Veraguas,Panama,PAN,LCR,False,51.8322,False,False
PAN010,Ngäbe Buglé,Panama,PAN,LCR,PAN013,Veraguas,Panama,PAN,LCR,False,422.1406,False,False
PAN011,Panamá,Panama,PAN,LCR,PAN008,Kuna Yala,Panama,PAN,LCR,False,205.6934,False,False
PAN011,Panamá,Panama,PAN,LCR,PAN012,Panamá Oeste,Panama,PAN,LCR,False,0.0474,True,True
PER001,Amazonas,Peru,PER,LCR,PER006,Cajamarca,Peru,PER,LCR,False,373.3819,False,False
PER001,Amazonas,Peru,PER,LCR,PER013,La Libertad,Peru,PER,LCR,False,36.7938,False,False
PER002,Ancash,Peru,PER,LCR,PER010,Huánuco,Peru,PER,LCR,False,315.3904,False,False
PER002,Ancash,Peru,PER,LCR,PER013,La Libertad,Peru,PER,LCR,False,273.7796,False,False
PER002,Ancash,Peru,PER,LCR,PER015,Lima,Peru,PER,LCR,False,279.8724,False,False
PER003,Apurímac,Peru,PER,LCR,PER004,Arequipa,Peru,PER,LCR,False,62.3346,False,False
PER003,Apurímac,Peru,PER,LCR,PER005,Ayacucho,Peru,PER,LCR,False,460.7086,False,False
PER003,Apurímac,Peru,PER,LCR,PER008,Cusco,Peru,PER,LCR,False,312.0651,False,False
PER004,Arequipa,Peru,PER,LCR,PER018,Moquegua,Peru,PER,LCR,False,269.4512,False,False
PER004,Arequipa,Peru,PER,LCR,PER021,Puno,Peru,PER,LCR,False,86.5311,False,False
PER005,Ayacucho,Peru,PER,LCR,PER004,Arequipa,Peru,PER,LCR,False,400.1681,False,False
PER005,Ayacucho,Peru,PER,LCR,PER008,Cusco,Peru,PER,LCR,False,210.2551,False,False
PER005,Ayacucho,Peru,PER,LCR,PER009,Huancavelica,Peru,PER,LCR,False,441.2826,False,False
PER005,Ayacucho,Peru,PER,LCR,PER011,Ica,Peru,PER,LCR,False,229.0236,False,False
PER005,Ayacucho,Peru,PER,LCR,PER012,Junín,Peru,PER,LCR,False,70.8033,False,False
PER006,Cajamarca,Peru,PER,LCR,PER013,La Libertad,Peru,PER,LCR,False,458.1417,False,False
PER006,Cajamarca,Peru,PER,LCR,PER014,Lambayeque,Peru,PER,LCR,False,247.6556,False,False
PER006,Cajamarca,Peru,PER,LCR,PER020,Piura,Peru,PER,LCR,False,159.2964,False,False
PER007,Callao,Peru,PER,LCR,PER021,Puno,Peru,PER,LCR,False,38.1086,False,False
PER008,Cusco,Peru,PER,LCR,PER004,Arequipa,Peru,PER,LCR,False,385.2274,False,False
PER008,Cusco,Peru,PER,LCR,PER012,Junín,Peru,PER,LCR,False,235.1141,False,False
PER008,Cusco,Peru,PER,LCR,PER017,Madre de Dios,Peru,PER,LCR,False,438.484,False,False
PER008,Cusco,Peru,PER,LCR,PER021,Puno,Peru,PER,LCR,False,416.2985,False,False
PER008,Cusco,Peru,PER,LCR,PER025,Ucayali,Peru,PER,LCR,False,253.9903,False,False
PER009,Huancavelica,Peru,PER,LCR,PER011,Ica,Peru,PER,LCR,False,278.347,False,False
PER009,Huancavelica,Peru,PER,LCR,PER012,Junín,Peru,PER,LCR,False,256.6101,False,False
PER009,Huancavelica,Peru,PER,LCR,PER015,Lima,Peru,PER,LCR,False,56.0935,False,False
PER010,Huánuco,Peru,PER,LCR,PER013,La Libertad,Peru,PER,LCR,False,26.9836,False,False
PER010,Huánuco,Peru,PER,LCR,PER015,Lima,Peru,PER,LCR,False,40.6118,False,False
PER010,Huánuco,Peru,PER,LCR,PER016,Loreto,Peru,PER,LCR,False,49.6805,False,False
PER010,Huánuco,Peru,PER,LCR,PER019,Pasco,Peru,PER,LCR,False,390.9557,False,False
PER010,Huánuco,Peru,PER,LCR,PER022,San Martín,Peru,PER,LCR,False,293.8914,False,False
PER010,Huánuco,Peru,PER,LCR,PER025,Ucayali,Peru,PER,LCR,False,391.6096,False,False
PER011,Ica,Peru,PER,LCR,PER004,Arequipa,Peru,PER,LCR,False,55.4957,False,False
PER011,Ica,Peru,PER,LCR,PER015,Lima,Peru,PER,LCR,False,104.4469,False,False
PER012,Junín,Peru,PER,LCR,PER015,Lima,Peru,PER,LCR,False,286.7136,False,False
PER012,Junín,Peru,PER,LCR,PER019,Pasco,Peru,PER,LCR,False,380.9688,False,False
PER012,Junín,Peru,PER,LCR,PER025,Ucayali,Peru,PER,LCR,False,272.6107,False,False
PER014,Lambayeque,Peru,PER,LCR,PER013,La Libertad,Peru,PER,LCR,False,57.4986,False,False
PER014,Lambayeque,Peru,PER,LCR,PER020,Piura,Peru,PER,LCR,False,259.547,False,False
PER015,Lima,Peru,PER,LCR,PER007,Callao,Peru,PER,LCR,False,52.122,False,False
PER015,Lima,Peru,PER,LCR,PER019,Pasco,Peru,PER,LCR,False,84.4323,False,False
PER016,Loreto,Peru,PER,LCR,PER001,Amazonas,Peru,PER,LCR,False,316.8149,False,False
PER016,Loreto,Peru,PER,LCR,PER022,San Martín,Peru,PER,LCR,False,762.4711,False,False
PER016,Loreto,Peru,PER,LCR,PER025,Ucayali,Peru,PER,LCR,False,385.7407,False,False
PER017,Madre de Dios,Peru,PER,LCR,PER021,Puno,Peru,PER,LCR,False,179.3019,False,False
PER017,Madre de Dios,Peru,PER,LCR,PER025,Ucayali,Peru,PER,LCR,False,310.836,False,False
PER018,Moquegua,Peru,PER,LCR,PER021,Puno,Peru,PER,LCR,False,216.3279,False,False
PER018,Moquegua,Peru,PER,LCR,PER023,Tacna,Peru,PER,LCR,False,240.9908,False,False
PER019,Pasco,Peru,PER,LCR,PER025,Ucayali,Peru,PER,LCR,False,264.5576,False,False
PER020,Piura,Peru,PER,LCR,PER024,Tumbes,Peru,PER,LCR,False,89.3155,False,False
PER021,Puno,Peru,PER,LCR,PER023,Tacna,Peru,PER,LCR,False,85.3362,False,False
PER022,San Martín,Peru,PER,LCR,PER001,Amazonas,Peru,PER,LCR,False,367.041,False,False
PER022,San Martín,Peru,PER,LCR,PER013,La Libertad,Peru,PER,LCR,False,316.7647,False,False
PHL001,Region I (Ilocos Region),Philippines,PHL,EAP,PHL002,Region II (Cagayan Valley),Philippines,PHL,EAP,False,36.3435,False,False
PHL001,Region I (Ilocos Region),Philippines,PHL,EAP,PHL003,Region III (Central Luzon),Philippines,PHL,EAP,False,189.0919,False,False
PHL002,Region II (Cagayan Valley),Philippines,PHL,EAP,PHL003,Region III (Central Luzon),Philippines,PHL,EAP,False,211.1551,False,False
PHL003,Region III (Central Luzon),Philippines,PHL,EAP,PHL004,Region IV-A (CALABARZON),Philippines,PHL,EAP,False,75.7655,False,False
PHL004,Region IV-A (CALABARZON),Philippines,PHL,EAP,PHL005,Region V (Bicol Region),Philippines,PHL,EAP,False,90.2037,False,False
PHL006,Region VI (Western Visayas),Philippines,PHL,EAP,PHL007,Region VII (Central Visayas),Philippines,PHL,EAP,False,154.5201,False,False
PHL009,Region IX (Zamboanga Peninsula),Philippines,PHL,EAP,PHL010,Region X (Northern Mindanao),Philippines,PHL,EAP,False,88.9178,False,False
PHL010,Region X (Northern Mindanao),Philippines,PHL,EAP,PHL011,Region XI (Davao Region),Philippines,PHL,EAP,False,62.8939,False,False
PHL010,Region X (Northern Mindanao),Philippines,PHL,EAP,PHL012,Region XII (SOCCSKSARGEN),Philippines,PHL,EAP,False,81.9156,False,False
PHL010,Region X (Northern Mindanao),Philippines,PHL,EAP,PHL016,Region XIII (CARAGA),Philippines,PHL,EAP,False,132.3338,False,False
PHL011,Region XI (Davao Region),Philippines,PHL,EAP,PHL012,Region XII (SOCCSKSARGEN),Philippines,PHL,EAP,False,319.8712,False,False
PHL011,Region XI (Davao Region),Philippines,PHL,EAP,PHL016,Region XIII (CARAGA),Philippines,PHL,EAP,False,120.5935,False,False
PHL013,National Capital Region (NCR),Philippines,PHL,EAP,PHL003,Region III (Central Luzon),Philippines,PHL,EAP,False,36.3386,False,False
PHL013,National Capital Region (NCR),Philippines,PHL,EAP,PHL004,Region IV-A (CALABARZON),Philippines,PHL,EAP,False,91.8564,False,False
PHL014,Cordillera Administrative Region (CAR),Philippines,PHL,EAP,PHL001,Region I (Ilocos Region),Philippines,PHL,EAP,False,389.6774,False,False
PHL014,Cordillera Administrative Region (CAR),Philippines,PHL,EAP,PHL002,Region II (Cagayan Valley),Philippines,PHL,EAP,False,408.1153,False,False
PHL015,Autonomous Region in Muslim Mindanao (ARMM),Philippines,PHL,EAP,PHL009,Region IX (Zamboanga Peninsula),Philippines,PHL,EAP,False,46.6264,False,False
PHL015,Autonomous Region in Muslim Mindanao (ARMM),Philippines,PHL,EAP,PHL010,Region X (Northern Mindanao),Philippines,PHL,EAP,False,218.8324,False,False
PHL015,Autonomous Region in Muslim Mindanao (ARMM),Philippines,PHL,EAP,PHL012,Region XII (SOCCSKSARGEN),Philippines,PHL,EAP,False,531.8738,False,False
PNG002,Central,Papua New Guinea,PNG,EAP,PNG008,Gulf,Papua New Guinea,PNG,EAP,False,119.3417,False,False
PNG002,Central,Papua New Guinea,PNG,EAP,PNG013,Milne Bay,Papua New Guinea,PNG,EAP,False,161.5659,False,False
PNG002,Central,Papua New Guinea,PNG,EAP,PNG015,National Capital District,Papua New Guinea,PNG,EAP,False,54.6636,False,False
PNG002,Central,Papua New Guinea,PNG,EAP,PNG017,Northern,Papua New Guinea,PNG,EAP,False,472.6117,False,False
PNG003,Chimbu,Papua New Guinea,PNG,EAP,PNG006,Eastern Highlands,Papua New Guinea,PNG,EAP,False,180.213,False,False
PNG003,Chimbu,Papua New Guinea,PNG,EAP,PNG008,Gulf,Papua New Guinea,PNG,EAP,False,92.8569,False,False
PNG003,Chimbu,Papua New Guinea,PNG,EAP,PNG010,Jiwaka,Papua New Guinea,PNG,EAP,False,139.4469,False,False
PNG003,Chimbu,Papua New Guinea,PNG,EAP,PNG011,Madang,Papua New Guinea,PNG,EAP,False,21.0739,False,False
PNG003,Chimbu,Papua New Guinea,PNG,EAP,PNG019,Southern Highlands,Papua New Guinea,PNG,EAP,False,80.1322,False,False
PNG004,East New Britain,Papua New Guinea,PNG,EAP,PNG020,West New Britain,Papua New Guinea,PNG,EAP,False,265.3723,False,False
PNG005,East Sepik,Papua New Guinea,PNG,EAP,PNG009,Hela,Papua New Guinea,PNG,EAP,False,61.1253,False,False
PNG005,East Sepik,Papua New Guinea,PNG,EAP,PNG011,Madang,Papua New Guinea,PNG,EAP,False,146.7156,False,False
PNG005,East Sepik,Papua New Guinea,PNG,EAP,PNG018,Sandaun,Papua New Guinea,PNG,EAP,False,555.8183,False,False
PNG006,Eastern Highlands,Papua New Guinea,PNG,EAP,PNG008,Gulf,Papua New Guinea,PNG,EAP,False,54.4775,False,False
PNG006,Eastern Highlands,Papua New Guinea,PNG,EAP,PNG011,Madang,Papua New Guinea,PNG,EAP,False,106.2433,False,False
PNG006,Eastern Highlands,Papua New Guinea,PNG,EAP,PNG014,Morobe,Papua New Guinea,PNG,EAP,False,199.4262,False,False
PNG007,Enga,Papua New Guinea,PNG,EAP,PNG005,East Sepik,Papua New Guinea,PNG,EAP,False,154.3015,False,False
PNG007,Enga,Papua New Guinea,PNG,EAP,PNG009,Hela,Papua New Guinea,PNG,EAP,False,141.9104,False,False
PNG007,Enga,Papua New Guinea,PNG,EAP,PNG011,Madang,Papua New Guinea,PNG,EAP,False,47.6955,False,False
PNG007,Enga,Papua New Guinea,PNG,EAP,PNG019,Southern Highlands,Papua New Guinea,PNG,EAP,False,52.8273,False,False
PNG007,Enga,Papua New Guinea,PNG,EAP,PNG022,Western Highlands,Papua New Guinea,PNG,EAP,False,145.2277,False,False
PNG009,Hela,Papua New Guinea,PNG,EAP,PNG018,Sandaun,Papua New Guinea,PNG,EAP,False,75.264,False,False
PNG009,Hela,Papua New Guinea,PNG,EAP,PNG019,Southern Highlands,Papua New Guinea,PNG,EAP,False,156.4562,False,False
PNG009,Hela,Papua New Guinea,PNG,EAP,PNG021,Western,Papua New Guinea,PNG,EAP,False,123.6348,False,False
PNG010,Jiwaka,Papua New Guinea,PNG,EAP,PNG011,Madang,Papua New Guinea,PNG,EAP,False,124.1627,False,False
PNG010,Jiwaka,Papua New Guinea,PNG,EAP,PNG019,Southern Highlands,Papua New Guinea,PNG,EAP,False,25.0278,False,False
PNG010,Jiwaka,Papua New Guinea,PNG,EAP,PNG022,Western Highlands,Papua New Guinea,PNG,EAP,False,210.0366,False,False
PNG011,Madang,Papua New Guinea,PNG,EAP,PNG014,Morobe,Papua New Guinea,PNG,EAP,False,106.8319,False,False
PNG011,Madang,Papua New Guinea,PNG,EAP,PNG022,Western Highlands,Papua New Guinea,PNG,EAP,False,5.0207,False,False
PNG013,Milne Bay,Papua New Guinea,PNG,EAP,PNG017,Northern,Papua New Guinea,PNG,EAP,False,60.5821,False,False
PNG014,Morobe,Papua New Guinea,PNG,EAP,PNG002,Central,Papua New Guinea,PNG,EAP,False,71.4683,False,False
PNG014,Morobe,Papua New Guinea,PNG,EAP,PNG008,Gulf,Papua New Guinea,PNG,EAP,False,132.5069,False,False
PNG014,Morobe,Papua New Guinea,PNG,EAP,PNG017,Northern,Papua New Guinea,PNG,EAP,False,108.8958,False,False
PNG018,Sandaun,Papua New Guinea,PNG,EAP,PNG021,Western,Papua New Guinea,PNG,EAP,False,131.3366,False,False
PNG019,Southern Highlands,Papua New Guinea,PNG,EAP,PNG008,Gulf,Papua New Guinea,PNG,EAP,False,190.0334,False,False
PNG019,Southern Highlands,Papua New Guinea,PNG,EAP,PNG021,Western,Papua New Guinea,PNG,EAP,False,112.7498,False,False
PNG019,Southern Highlands,Papua New Guinea,PNG,EAP,PNG022,Western Highlands,Papua New Guinea,PNG,EAP,False,78.7176,False,False
PNG021,Western,Papua New Guinea,PNG,EAP,IDN036,Papua Selatan,Indonesia,IDN,EAP,True,515.8693,False,False
PNG021,Western,Papua New Guinea,PNG,EAP,PNG008,Gulf,Papua New Guinea,PNG,EAP,False,168.6679,False,False
POL001,Dolnoslaskie,Poland,POL,ECA,CZE004,Severocesky,Czech Republic,CZE,ECA,True,104.0254,False,False
POL001,Dolnoslaskie,Poland,POL,ECA,CZE007,Vychodocesky,Czech Republic,CZE,ECA,True,248.14,False,False
POL001,Dolnoslaskie,Poland,POL,ECA,DEU013,Sachsen,Germany,DEU,Other,True,73.0164,False,False
POL001,Dolnoslaskie,Poland,POL,ECA,POL005,Lubuskie,Poland,POL,ECA,False,207.8087,False,False
POL001,Dolnoslaskie,Poland,POL,ECA,POL008,Opolskie,Poland,POL,ECA,False,181.9512,False,False
POL001,Dolnoslaskie,Poland,POL,ECA,POL015,Wielkopolskie,Poland,POL,ECA,False,189.9015,False,False
POL002,Kujawsko-Pomorskie,Poland,POL,ECA,POL003,Lodzkie,Poland,POL,ECA,False,27.7244,False,False
POL002,Kujawsko-Pomorskie,Poland,POL,ECA,POL007,Mazowieckie,Poland,POL,ECA,False,179.0512,False,False
POL002,Kujawsko-Pomorskie,Poland,POL,ECA,POL011,Pomorskie,Poland,POL,ECA,False,218.4936,False,False
POL002,Kujawsko-Pomorskie,Poland,POL,ECA,POL014,Warminsko-Mazurskie,Poland,POL,ECA,False,100.4219,False,False
POL002,Kujawsko-Pomorskie,Poland,POL,ECA,POL015,Wielkopolskie,Poland,POL,ECA,False,366.6465,False,False
POL003,Lodzkie,Poland,POL,ECA,POL007,Mazowieckie,Poland,POL,ECA,False,279.3062,False,False
POL003,Lodzkie,Poland,POL,ECA,POL008,Opolskie,Poland,POL,ECA,False,53.0748,False,False
POL003,Lodzkie,Poland,POL,ECA,POL012,Slaskie,Poland,POL,ECA,False,119.7041,False,False
POL003,Lodzkie,Poland,POL,ECA,POL013,Swietokrzyskie,Poland,POL,ECA,False,139.6357,False,False
POL003,Lodzkie,Poland,POL,ECA,POL015,Wielkopolskie,Poland,POL,ECA,False,252.5945,False,False
POL004,Lubeiskie,Poland,POL,ECA,POL007,Mazowieckie,Poland,POL,ECA,False,326.9513,False,False
POL004,Lubeiskie,Poland,POL,ECA,POL009,Podkarpackie,Poland,POL,ECA,False,267.8068,False,False
POL004,Lubeiskie,Poland,POL,ECA,POL010,Podlaskie,Poland,POL,ECA,False,5.552,False,False
POL004,Lubeiskie,Poland,POL,ECA,POL013,Swietokrzyskie,Poland,POL,ECA,False,32.8049,False,False
POL004,Lubeiskie,Poland,POL,ECA,UKR013,L'vivs'ka,Ukraine,UKR,ECA,True,64.609,False,False
POL004,Lubeiskie,Poland,POL,ECA,UKR022,Volyns'ka,Ukraine,UKR,ECA,True,188.5937,False,False
POL005,Lubuskie,Poland,POL,ECA,POL016,Zachodnio-Pomorskie,Poland,POL,ECA,False,176.6245,False,False
POL006,Malopolske,Poland,POL,ECA,POL009,Podkarpackie,Poland,POL,ECA,False,164.0312,False,False
POL006,Malopolske,Poland,POL,ECA,POL012,Slaskie,Poland,POL,ECA,False,224.4474,False,False
POL006,Malopolske,Poland,POL,ECA,POL013,Swietokrzyskie,Poland,POL,ECA,False,132.5296,False,False
POL006,Malopolske,Poland,POL,ECA,SVK005,Presov,Slovak Republic,SVK,ECA,True,209.638,False,False
POL006,Malopolske,Poland,POL,ECA,SVK008,Zilna,Slovak Republic,SVK,ECA,True,84.2217,False,False
POL007,Mazowieckie,Poland,POL,ECA,POL010,Podlaskie,Poland,POL,ECA,False,307.6584,False,False
POL007,Mazowieckie,Poland,POL,ECA,POL013,Swietokrzyskie,Poland,POL,ECA,False,190.7011,False,False
POL007,Mazowieckie,Poland,POL,ECA,POL014,Warminsko-Mazurskie,Poland,POL,ECA,False,187.412,False,False
POL008,Opolskie,Poland,POL,ECA,POL012,Slaskie,Poland,POL,ECA,False,207.2375,False,False
POL008,Opolskie,Poland,POL,ECA,POL015,Wielkopolskie,Poland,POL,ECA,False,46.2604,False,False
POL009,Podkarpackie,Poland,POL,ECA,POL013,Swietokrzyskie,Poland,POL,ECA,False,81.7961,False,False
POL009,Podkarpackie,Poland,POL,ECA,SVK005,Presov,Slovak Republic,SVK,ECA,True,130.5948,False,False
POL009,Podkarpackie,Poland,POL,ECA,UKR013,L'vivs'ka,Ukraine,UKR,ECA,True,196.4235,False,False
POL009,Podkarpackie,Poland,POL,ECA,UKR023,Zakarpats'ka,Ukraine,UKR,ECA,True,32.8603,False,False
POL010,Podlaskie,Poland,POL,ECA,POL014,Warminsko-Mazurskie,Poland,POL,ECA,False,202.7294,False,False
POL010,Podlaskie,Poland,POL,ECA,RUS023,Kaliningradskaya Oblast,Russian Federation,RUS,ECA,True,0.1944,True,True
POL011,Pomorskie,Poland,POL,ECA,POL014,Warminsko-Mazurskie,Poland,POL,ECA,False,142.1632,False,False
POL011,Pomorskie,Poland,POL,ECA,POL015,Wielkopolskie,Poland,POL,ECA,False,56.8143,False,False
POL011,Pomorskie,Poland,POL,ECA,POL016,Zachodnio-Pomorskie,Poland,POL,ECA,False,158.3442,False,False
POL012,Slaskie,Poland,POL,ECA,SVK008,Zilna,Slovak Republic,SVK,ECA,True,85.4286,False,False
POL013,Swietokrzyskie,Poland,POL,ECA,POL012,Slaskie,Poland,POL,ECA,False,87.3036,False,False
POL014,Warminsko-Mazurskie,Poland,POL,ECA,RUS023,Kaliningradskaya Oblast,Russian Federation,RUS,ECA,True,198.4232,False,False
POL015,Wielkopolskie,Poland,POL,ECA,POL005,Lubuskie,Poland,POL,ECA,False,238.0361,False,False
POL015,Wielkopolskie,Poland,POL,ECA,POL016,Zachodnio-Pomorskie,Poland,POL,ECA,False,169.2828,False,False
PRI001,Aguadilla,Puerto Rico (U.S.),PRI,Other,PRI006,Mayaguez,Puerto Rico (U.S.),PRI,Other,False,60.2671,False,False
PRI001,Aguadilla,Puerto Rico (U.S.),PRI,Other,PRI007,Ponce,Puerto Rico (U.S.),PRI,Other,False,8.9423,False,False
PRI002,Arecibo,Puerto Rico (U.S.),PRI,Other,PRI001,Aguadilla,Puerto Rico (U.S.),PRI,Other,False,34.3983,False,False
PRI002,Arecibo,Puerto Rico (U.S.),PRI,Other,PRI007,Ponce,Puerto Rico (U.S.),PRI,Other,False,102.1554,False,False
PRI003,Bayamon,Puerto Rico (U.S.),PRI,Other,PRI002,Arecibo,Puerto Rico (U.S.),PRI,Other,False,36.9316,False,False
PRI003,Bayamon,Puerto Rico (U.S.),PRI,Other,PRI004,Guayama,Puerto Rico (U.S.),PRI,Other,False,37.6451,False,False
PRI003,Bayamon,Puerto Rico (U.S.),PRI,Other,PRI005,Humacao,Puerto Rico (U.S.),PRI,Other,False,59.4073,False,False
PRI003,Bayamon,Puerto Rico (U.S.),PRI,Other,PRI007,Ponce,Puerto Rico (U.S.),PRI,Other,False,7.601,False,False
PRI003,Bayamon,Puerto Rico (U.S.),PRI,Other,PRI008,San Juan,Puerto Rico (U.S.),PRI,Other,False,40.8812,False,False
PRI004,Guayama,Puerto Rico (U.S.),PRI,Other,PRI005,Humacao,Puerto Rico (U.S.),PRI,Other,False,68.8011,False,False
PRI004,Guayama,Puerto Rico (U.S.),PRI,Other,PRI007,Ponce,Puerto Rico (U.S.),PRI,Other,False,46.6726,False,False
PRI004,Guayama,Puerto Rico (U.S.),PRI,Other,PRI008,San Juan,Puerto Rico (U.S.),PRI,Other,False,6.1958,False,False
PRI006,Mayaguez,Puerto Rico (U.S.),PRI,Other,PRI007,Ponce,Puerto Rico (U.S.),PRI,Other,False,38.7902,False,False
PRK001,Chagang-do,D. P. R. of Korea,PRK,Other,PRK003,Hamgyong-namdo,D. P. R. of Korea,PRK,Other,False,108.6593,False,False
PRK001,Chagang-do,D. P. R. of Korea,PRK,Other,PRK008,P'yongan-bukto,D. P. R. of Korea,PRK,Other,False,128.1335,False,False
PRK001,Chagang-do,D. P. R. of Korea,PRK,Other,PRK009,P'yongan-namdo,D. P. R. of Korea,PRK,Other,False,68.2346,False,False
PRK001,Chagang-do,D. P. R. of Korea,PRK,Other,PRK011,Yanggang-do,D. P. R. of Korea,PRK,Other,False,123.2328,False,False
PRK002,Hamgyong-bukto,D. P. R. of Korea,PRK,Other,PRK003,Hamgyong-namdo,D. P. R. of Korea,PRK,Other,False,71.6281,False,False
PRK002,Hamgyong-bukto,D. P. R. of Korea,PRK,Other,PRK011,Yanggang-do,D. P. R. of Korea,PRK,Other,False,153.9065,False,False
PRK002,Hamgyong-bukto,D. P. R. of Korea,PRK,Other,RUS060,Primorskiy Kray,Russian Federation,RUS,ECA,True,0.4652,True,True
PRK003,Hamgyong-namdo,D. P. R. of Korea,PRK,Other,PRK007,Kangwon-do,D. P. R. of Korea,PRK,Other,False,53.8876,False,False
PRK003,Hamgyong-namdo,D. P. R. of Korea,PRK,Other,PRK009,P'yongan-namdo,D. P. R. of Korea,PRK,Other,False,218.8283,False,False
PRK003,Hamgyong-namdo,D. P. R. of Korea,PRK,Other,PRK011,Yanggang-do,D. P. R. of Korea,PRK,Other,False,294.6956,False,False
PRK004,Hwanghae-bukto,D. P. R. of Korea,PRK,Other,PRK005,Hwanghae-namdo,D. P. R. of Korea,PRK,Other,False,169.3534,False,False
PRK006,Kaesong-si,D. P. R. of Korea,PRK,Other,PRK004,Hwanghae-bukto,D. P. R. of Korea,PRK,Other,False,66.0652,False,False
PRK006,Kaesong-si,D. P. R. of Korea,PRK,Other,PRK005,Hwanghae-namdo,D. P. R. of Korea,PRK,Other,False,4.8496,True,False
PRK006,Kaesong-si,D. P. R. of Korea,PRK,Other,PRK007,Kangwon-do,D. P. R. of Korea,PRK,Other,False,11.5276,False,False
PRK007,Kangwon-do,D. P. R. of Korea,PRK,Other,PRK004,Hwanghae-bukto,D. P. R. of Korea,PRK,Other,False,125.884,False,False
PRK007,Kangwon-do,D. P. R. of Korea,PRK,Other,PRK009,P'yongan-namdo,D. P. R. of Korea,PRK,Other,False,20.0305,False,False
PRK008,P'yongan-bukto,D. P. R. of Korea,PRK,Other,PRK009,P'yongan-namdo,D. P. R. of Korea,PRK,Other,False,108.9385,False,False
PRK009,P'yongan-namdo,D. P. R. of Korea,PRK,Other,PRK004,Hwanghae-bukto,D. P. R. of Korea,PRK,Other,False,101.5684,False,False
PRK009,P'yongan-namdo,D. P. R. of Korea,PRK,Other,PRK005,Hwanghae-namdo,D. P. R. of Korea,PRK,Other,False,58.4922,False,False
PRK009,P'yongan-namdo,D. P. R. of Korea,PRK,Other,PRK010,P'yongyang-si,D. P. R. of Korea,PRK,Other,False,131.0124,False,False
PRK010,P'yongyang-si,D. P. R. of Korea,PRK,Other,PRK004,Hwanghae-bukto,D. P. R. of Korea,PRK,Other,False,125.9501,False,False
PRK010,P'yongyang-si,D. P. R. of Korea,PRK,Other,PRK005,Hwanghae-namdo,D. P. R. of Korea,PRK,Other,False,32.1175,False,False
PRT001,Aveiro,Portugal,PRT,Other,PRT007,Coimbra,Portugal,PRT,Other,False,91.8903,False,False
PRT001,Aveiro,Portugal,PRT,Other,PRT015,Porto,Portugal,PRT,Other,False,61.176,False,False
PRT001,Aveiro,Portugal,PRT,Other,PRT020,Viseu,Portugal,PRT,Other,False,141.0215,False,False
PRT003,Beja,Portugal,PRT,Other,PRT008,Evora,Portugal,PRT,Other,False,132.4237,False,False
PRT003,Beja,Portugal,PRT,Other,PRT009,Faro,Portugal,PRT,Other,False,185.0575,False,False
PRT003,Beja,Portugal,PRT,Other,PRT017,Setubal,Portugal,PRT,Other,False,140.108,False,False
PRT004,Braga,Portugal,PRT,Other,PRT015,Porto,Portugal,PRT,Other,False,116.1617,False,False
PRT004,Braga,Portugal,PRT,Other,PRT018,Viana Do Castelo,Portugal,PRT,Other,False,85.6226,False,False
PRT004,Braga,Portugal,PRT,Other,PRT019,Vila Real,Portugal,PRT,Other,False,97.483,False,False
PRT005,Braganca,Portugal,PRT,Other,PRT010,Guarda,Portugal,PRT,Other,False,53.583,False,False
PRT005,Braganca,Portugal,PRT,Other,PRT019,Vila Real,Portugal,PRT,Other,False,103.0612,False,False
PRT005,Braganca,Portugal,PRT,Other,PRT020,Viseu,Portugal,PRT,Other,False,14.8125,False,False
PRT006,Castelo Branco,Portugal,PRT,Other,PRT007,Coimbra,Portugal,PRT,Other,False,94.8605,False,False
PRT006,Castelo Branco,Portugal,PRT,Other,PRT010,Guarda,Portugal,PRT,Other,False,126.2387,False,False
PRT006,Castelo Branco,Portugal,PRT,Other,PRT011,Leiria,Portugal,PRT,Other,False,28.4952,False,False
PRT006,Castelo Branco,Portugal,PRT,Other,PRT014,Portalegre,Portugal,PRT,Other,False,34.6144,False,False
PRT006,Castelo Branco,Portugal,PRT,Other,PRT016,Santarem,Portugal,PRT,Other,False,106.3476,False,False
PRT007,Coimbra,Portugal,PRT,Other,PRT010,Guarda,Portugal,PRT,Other,False,45.9614,False,False
PRT007,Coimbra,Portugal,PRT,Other,PRT011,Leiria,Portugal,PRT,Other,False,150.9904,False,False
PRT007,Coimbra,Portugal,PRT,Other,PRT020,Viseu,Portugal,PRT,Other,False,60.9301,False,False
PRT008,Evora,Portugal,PRT,Other,PRT014,Portalegre,Portugal,PRT,Other,False,191.1172,False,False
PRT008,Evora,Portugal,PRT,Other,PRT016,Santarem,Portugal,PRT,Other,False,100.05,False,False
PRT008,Evora,Portugal,PRT,Other,PRT017,Setubal,Portugal,PRT,Other,False,117.1788,False,False
PRT010,Guarda,Portugal,PRT,Other,PRT020,Viseu,Portugal,PRT,Other,False,151.8992,False,False
PRT011,Leiria,Portugal,PRT,Other,PRT012,Lisboa,Portugal,PRT,Other,False,50.6981,False,False
PRT011,Leiria,Portugal,PRT,Other,PRT016,Santarem,Portugal,PRT,Other,False,146.7961,False,False
PRT012,Lisboa,Portugal,PRT,Other,PRT016,Santarem,Portugal,PRT,Other,False,101.0627,False,False
PRT012,Lisboa,Portugal,PRT,Other,PRT017,Setubal,Portugal,PRT,Other,False,22.407,False,False
PRT014,Portalegre,Portugal,PRT,Other,PRT016,Santarem,Portugal,PRT,Other,False,118.4854,False,False
PRT015,Porto,Portugal,PRT,Other,PRT019,Vila Real,Portugal,PRT,Other,False,37.5112,False,False
PRT015,Porto,Portugal,PRT,Other,PRT020,Viseu,Portugal,PRT,Other,False,32.7576,False,False
PRT016,Santarem,Portugal,PRT,Other,PRT017,Setubal,Portugal,PRT,Other,False,70.4885,False,False
PRT020,Viseu,Portugal,PRT,Other,PRT019,Vila Real,Portugal,PRT,Other,False,49.6845,False,False
PRY001,Alto Paraguay,Paraguay,PRY,LCR,PRY004,Boqueron,Paraguay,PRY,LCR,False,464.1871,False,False
PRY001,Alto Paraguay,Paraguay,PRY,LCR,PRY009,Concepcion,Paraguay,PRY,LCR,False,49.0866,False,False
PRY001,Alto Paraguay,Paraguay,PRY,LCR,PRY016,Presidente Hayes,Paraguay,PRY,LCR,False,163.5218,False,False
PRY002,Alto Parana,Paraguay,PRY,LCR,PRY005,Caaguazu,Paraguay,PRY,LCR,False,224.4714,False,False
PRY002,Alto Parana,Paraguay,PRY,LCR,PRY006,Caazapa,Paraguay,PRY,LCR,False,122.2491,False,False
PRY002,Alto Parana,Paraguay,PRY,LCR,PRY007,Canindeyu,Paraguay,PRY,LCR,False,111.2992,False,False
PRY002,Alto Parana,Paraguay,PRY,LCR,PRY012,Itapua,Paraguay,PRY,LCR,False,136.6472,False,False
PRY003,Amambay,Paraguay,PRY,LCR,PRY007,Canindeyu,Paraguay,PRY,LCR,False,69.7195,False,False
PRY003,Amambay,Paraguay,PRY,LCR,PRY009,Concepcion,Paraguay,PRY,LCR,False,255.3701,False,False
PRY003,Amambay,Paraguay,PRY,LCR,PRY017,San Pedro,Paraguay,PRY,LCR,False,94.7559,False,False
PRY004,Boqueron,Paraguay,PRY,LCR,ARG017,Salta,Argentina,ARG,LCR,True,55.6858,False,False
PRY004,Boqueron,Paraguay,PRY,LCR,PRY016,Presidente Hayes,Paraguay,PRY,LCR,False,307.1905,False,False
PRY005,Caaguazu,Paraguay,PRY,LCR,PRY006,Caazapa,Paraguay,PRY,LCR,False,31.7478,False,False
PRY005,Caaguazu,Paraguay,PRY,LCR,PRY007,Canindeyu,Paraguay,PRY,LCR,False,108.3983,False,False
PRY005,Caaguazu,Paraguay,PRY,LCR,PRY010,Cordillera,Paraguay,PRY,LCR,False,115.09,False,False
PRY005,Caaguazu,Paraguay,PRY,LCR,PRY011,Guaira,Paraguay,PRY,LCR,False,120.6387,False,False
PRY005,Caaguazu,Paraguay,PRY,LCR,PRY015,Paraguari,Paraguay,PRY,LCR,False,7.8598,False,False
PRY005,Caaguazu,Paraguay,PRY,LCR,PRY017,San Pedro,Paraguay,PRY,LCR,False,123.1068,False,False
PRY006,Caazapa,Paraguay,PRY,LCR,PRY011,Guaira,Paraguay,PRY,LCR,False,182.8037,False,False
PRY006,Caazapa,Paraguay,PRY,LCR,PRY012,Itapua,Paraguay,PRY,LCR,False,212.7561,False,False
PRY006,Caazapa,Paraguay,PRY,LCR,PRY013,Misiones,Paraguay,PRY,LCR,False,49.7544,False,False
PRY006,Caazapa,Paraguay,PRY,LCR,PRY015,Paraguari,Paraguay,PRY,LCR,False,57.938,False,False
PRY007,Canindeyu,Paraguay,PRY,LCR,PRY017,San Pedro,Paraguay,PRY,LCR,False,141.4696,False,False
PRY008,Central,Paraguay,PRY,LCR,PRY010,Cordillera,Paraguay,PRY,LCR,False,53.9877,False,False
PRY008,Central,Paraguay,PRY,LCR,PRY014,Neembucu,Paraguay,PRY,LCR,False,80.6629,False,False
PRY008,Central,Paraguay,PRY,LCR,PRY015,Paraguari,Paraguay,PRY,LCR,False,94.3581,False,False
PRY008,Central,Paraguay,PRY,LCR,PRY016,Presidente Hayes,Paraguay,PRY,LCR,False,41.3369,False,False
PRY009,Concepcion,Paraguay,PRY,LCR,PRY016,Presidente Hayes,Paraguay,PRY,LCR,False,187.7086,False,False
PRY009,Concepcion,Paraguay,PRY,LCR,PRY017,San Pedro,Paraguay,PRY,LCR,False,135.1348,False,False
PRY010,Cordillera,Paraguay,PRY,LCR,PRY015,Paraguari,Paraguay,PRY,LCR,False,87.8685,False,False
PRY010,Cordillera,Paraguay,PRY,LCR,PRY016,Presidente Hayes,Paraguay,PRY,LCR,False,37.2094,False,False
PRY010,Cordillera,Paraguay,PRY,LCR,PRY017,San Pedro,Paraguay,PRY,LCR,False,134.5036,False,False
PRY011,Guaira,Paraguay,PRY,LCR,PRY015,Paraguari,Paraguay,PRY,LCR,False,101.7303,False,False
PRY012,Itapua,Paraguay,PRY,LCR,PRY013,Misiones,Paraguay,PRY,LCR,False,105.8431,False,False
PRY013,Misiones,Paraguay,PRY,LCR,PRY014,Neembucu,Paraguay,PRY,LCR,False,177.1532,False,False
PRY015,Paraguari,Paraguay,PRY,LCR,PRY013,Misiones,Paraguay,PRY,LCR,False,209.4905,False,False
PRY015,Paraguari,Paraguay,PRY,LCR,PRY014,Neembucu,Paraguay,PRY,LCR,False,83.2075,False,False
PRY016,Presidente Hayes,Paraguay,PRY,LCR,PRY017,San Pedro,Paraguay,PRY,LCR,False,308.1276,False,False
PSE001,Al Khalil (Hebron),West Bank and Gaza,PSE,MENA,PSE004,Bethlehem,West Bank and Gaza,PSE,MENA,False,58.5661,False,False
PSE002,Al Quds (Jerusalem),West Bank and Gaza,PSE,MENA,PSE003,Ariha (Jericho),West Bank and Gaza,PSE,MENA,False,23.8913,False,False
PSE002,Al Quds (Jerusalem),West Bank and Gaza,PSE,MENA,PSE004,Bethlehem,West Bank and Gaza,PSE,MENA,False,42.8381,False,False
PSE002,Al Quds (Jerusalem),West Bank and Gaza,PSE,MENA,PSE013,Ramallah,West Bank and Gaza,PSE,MENA,False,41.2518,False,False
PSE003,Ariha (Jericho),West Bank and Gaza,PSE,MENA,PSE010,Nablus,West Bank and Gaza,PSE,MENA,False,32.9156,False,False
PSE003,Ariha (Jericho),West Bank and Gaza,PSE,MENA,PSE013,Ramallah,West Bank and Gaza,PSE,MENA,False,33.5524,False,False
PSE003,Ariha (Jericho),West Bank and Gaza,PSE,MENA,PSE015,Tubas,West Bank and Gaza,PSE,MENA,False,16.3323,False,False
PSE005,Deir al Balah,West Bank and Gaza,PSE,MENA,PSE006,Gaza,West Bank and Gaza,PSE,MENA,False,8.9834,False,False
PSE005,Deir al Balah,West Bank and Gaza,PSE,MENA,PSE009,Khan Yunis,West Bank and Gaza,PSE,MENA,False,8.0902,False,False
PSE006,Gaza,West Bank and Gaza,PSE,MENA,PSE007,Jabalya,West Bank and Gaza,PSE,MENA,False,10.3333,False,False
PSE008,Jenin,West Bank and Gaza,PSE,MENA,PSE010,Nablus,West Bank and Gaza,PSE,MENA,False,18.262,False,False
PSE008,Jenin,West Bank and Gaza,PSE,MENA,PSE015,Tubas,West Bank and Gaza,PSE,MENA,False,24.6154,False,False
PSE008,Jenin,West Bank and Gaza,PSE,MENA,PSE016,Tulkarm,West Bank and Gaza,PSE,MENA,False,33.0208,False,False
PSE009,Khan Yunis,West Bank and Gaza,PSE,MENA,PSE012,Rafah,West Bank and Gaza,PSE,MENA,False,13.4875,False,False
PSE010,Nablus,West Bank and Gaza,PSE,MENA,PSE011,Qalqiliya,West Bank and Gaza,PSE,MENA,False,12.1226,False,False
PSE010,Nablus,West Bank and Gaza,PSE,MENA,PSE013,Ramallah,West Bank and Gaza,PSE,MENA,False,29.6879,False,False
PSE010,Nablus,West Bank and Gaza,PSE,MENA,PSE014,Salfit,West Bank and Gaza,PSE,MENA,False,22.3021,False,False
PSE010,Nablus,West Bank and Gaza,PSE,MENA,PSE015,Tubas,West Bank and Gaza,PSE,MENA,False,17.5243,False,False
PSE010,Nablus,West Bank and Gaza,PSE,MENA,PSE016,Tulkarm,West Bank and Gaza,PSE,MENA,False,16.203,False,False
PSE011,Qalqiliya,West Bank and Gaza,PSE,MENA,PSE014,Salfit,West Bank and Gaza,PSE,MENA,False,22.0455,False,False
PSE011,Qalqiliya,West Bank and Gaza,PSE,MENA,PSE016,Tulkarm,West Bank and Gaza,PSE,MENA,False,19.2361,False,False
PSE013,Ramallah,West Bank and Gaza,PSE,MENA,PSE014,Salfit,West Bank and Gaza,PSE,MENA,False,24.7267,False,False
QAT001,Ad Dawhah,Qatar,QAT,MENA,QAT005,Al-wakrah,Qatar,QAT,MENA,False,6.7929,False,False
QAT001,Ad Dawhah,Qatar,QAT,MENA,QAT006,Ar Rayyan,Qatar,QAT,MENA,False,19.459,False,False
QAT001,Ad Dawhah,Qatar,QAT,MENA,QAT009,Umm Salal,Qatar,QAT,MENA,False,8.4279,False,False
QAT002,Al Ghuwayriyah,Qatar,QAT,MENA,QAT003,Al Jumayliyah,Qatar,QAT,MENA,False,37.7748,False,False
QAT002,Al Ghuwayriyah,Qatar,QAT,MENA,QAT004,Al Khawr,Qatar,QAT,MENA,False,17.8292,False,False
QAT002,Al Ghuwayriyah,Qatar,QAT,MENA,QAT007,Ash Shamal,Qatar,QAT,MENA,False,49.1007,False,False
QAT003,Al Jumayliyah,Qatar,QAT,MENA,QAT004,Al Khawr,Qatar,QAT,MENA,False,15.9682,False,False
QAT003,Al Jumayliyah,Qatar,QAT,MENA,QAT006,Ar Rayyan,Qatar,QAT,MENA,False,30.9484,False,False
QAT003,Al Jumayliyah,Qatar,QAT,MENA,QAT008,Jarayan Al Batnah,Qatar,QAT,MENA,False,57.4564,False,False
QAT003,Al Jumayliyah,Qatar,QAT,MENA,QAT009,Umm Salal,Qatar,QAT,MENA,False,8.9712,False,False
QAT004,Al Khawr,Qatar,QAT,MENA,QAT007,Ash Shamal,Qatar,QAT,MENA,False,21.5159,False,False
QAT004,Al Khawr,Qatar,QAT,MENA,QAT009,Umm Salal,Qatar,QAT,MENA,False,21.1654,False,False
QAT006,Ar Rayyan,Qatar,QAT,MENA,QAT005,Al-wakrah,Qatar,QAT,MENA,False,36.7304,False,False
QAT006,Ar Rayyan,Qatar,QAT,MENA,QAT009,Umm Salal,Qatar,QAT,MENA,False,26.7178,False,False
QAT008,Jarayan Al Batnah,Qatar,QAT,MENA,QAT005,Al-wakrah,Qatar,QAT,MENA,False,50.0351,False,False
QAT008,Jarayan Al Batnah,Qatar,QAT,MENA,QAT006,Ar Rayyan,Qatar,QAT,MENA,False,50.571,False,False
QAT008,Jarayan Al Batnah,Qatar,QAT,MENA,SAU008,Ash Sharqīyah,Saudi Arabia,SAU,MENA,True,85.9005,False,False
ROU001,Alba,Romania,ROU,ECA,ROU002,Arad,Romania,ROU,ECA,False,9.8579,False,False
ROU001,Alba,Romania,ROU,ECA,ROU005,Bihor,Romania,ROU,ECA,False,34.8093,False,False
ROU001,Alba,Romania,ROU,ECA,ROU014,Cluj,Romania,ROU,ECA,False,151.4737,False,False
ROU001,Alba,Romania,ROU,ECA,ROU023,Hunedoara,Romania,ROU,ECA,False,177.9254,False,False
ROU001,Alba,Romania,ROU,ECA,ROU029,Mureş,Romania,ROU,ECA,False,50.1851,False,False
ROU001,Alba,Romania,ROU,ECA,ROU035,Sibiu,Romania,ROU,ECA,False,178.8468,False,False
ROU001,Alba,Romania,ROU,ECA,ROU040,Vâlcea,Romania,ROU,ECA,False,13.1023,False,False
ROU002,Arad,Romania,ROU,ECA,ROU005,Bihor,Romania,ROU,ECA,False,160.4782,False,False
ROU002,Arad,Romania,ROU,ECA,ROU038,Timiş,Romania,ROU,ECA,False,221.7504,False,False
ROU003,Argeş,Romania,ROU,ECA,ROU009,Braşov,Romania,ROU,ECA,False,76.4484,False,False
ROU003,Argeş,Romania,ROU,ECA,ROU017,Dâmboviţa,Romania,ROU,ECA,False,184.3183,False,False
ROU003,Argeş,Romania,ROU,ECA,ROU031,Olt,Romania,ROU,ECA,False,115.4201,False,False
ROU003,Argeş,Romania,ROU,ECA,ROU035,Sibiu,Romania,ROU,ECA,False,15.8528,False,False
ROU003,Argeş,Romania,ROU,ECA,ROU037,Teleorman,Romania,ROU,ECA,False,39.8712,False,False
ROU003,Argeş,Romania,ROU,ECA,ROU040,Vâlcea,Romania,ROU,ECA,False,125.3445,False,False
ROU004,Bacău,Romania,ROU,ECA,ROU016,Covasna,Romania,ROU,ECA,False,39.0636,False,False
ROU004,Bacău,Romania,ROU,ECA,ROU022,Harghita,Romania,ROU,ECA,False,100.9554,False,False
ROU004,Bacău,Romania,ROU,ECA,ROU030,Neamţ,Romania,ROU,ECA,False,176.0285,False,False
ROU004,Bacău,Romania,ROU,ECA,ROU041,Vaslui,Romania,ROU,ECA,False,97.1447,False,False
ROU004,Bacău,Romania,ROU,ECA,ROU042,Vrancea,Romania,ROU,ECA,False,136.7583,False,False
ROU006,Bistriţa-Năsaud,Romania,ROU,ECA,ROU014,Cluj,Romania,ROU,ECA,False,118.9298,False,False
ROU006,Bistriţa-Năsaud,Romania,ROU,ECA,ROU027,Maramureş,Romania,ROU,ECA,False,109.7846,False,False
ROU006,Bistriţa-Năsaud,Romania,ROU,ECA,ROU029,Mureş,Romania,ROU,ECA,False,129.3635,False,False
ROU006,Bistriţa-Năsaud,Romania,ROU,ECA,ROU036,Suceava,Romania,ROU,ECA,False,84.0488,False,False
ROU007,Botoşani,Romania,ROU,ECA,ROU025,Iaşi,Romania,ROU,ECA,False,96.0297,False,False
ROU007,Botoşani,Romania,ROU,ECA,ROU036,Suceava,Romania,ROU,ECA,False,127.9322,False,False
ROU007,Botoşani,Romania,ROU,ECA,UKR003,Chernivets'ka,Ukraine,UKR,ECA,True,71.6199,False,False
ROU008,Brăila,Romania,ROU,ECA,ROU011,Buzău,Romania,ROU,ECA,False,144.5963,False,False
ROU008,Brăila,Romania,ROU,ECA,ROU015,Constanţa,Romania,ROU,ECA,False,19.7002,False,False
ROU008,Brăila,Romania,ROU,ECA,ROU019,Galaţi,Romania,ROU,ECA,False,65.4101,False,False
ROU008,Brăila,Romania,ROU,ECA,ROU024,Ialomiţa,Romania,ROU,ECA,False,82.677,False,False
ROU008,Brăila,Romania,ROU,ECA,ROU042,Vrancea,Romania,ROU,ECA,False,15.2966,False,False
ROU009,Braşov,Romania,ROU,ECA,ROU011,Buzău,Romania,ROU,ECA,False,2.1892,True,False
ROU009,Braşov,Romania,ROU,ECA,ROU016,Covasna,Romania,ROU,ECA,False,155.3481,False,False
ROU009,Braşov,Romania,ROU,ECA,ROU017,Dâmboviţa,Romania,ROU,ECA,False,15.4677,False,False
ROU009,Braşov,Romania,ROU,ECA,ROU022,Harghita,Romania,ROU,ECA,False,38.7709,False,False
ROU009,Braşov,Romania,ROU,ECA,ROU029,Mureş,Romania,ROU,ECA,False,25.9944,False,False
ROU009,Braşov,Romania,ROU,ECA,ROU032,Prahova,Romania,ROU,ECA,False,76.1377,False,False
ROU009,Braşov,Romania,ROU,ECA,ROU035,Sibiu,Romania,ROU,ECA,False,92.3537,False,False
ROU010,Bucureşti,Romania,ROU,ECA,ROU026,Ilfov,Romania,ROU,ECA,False,95.8155,False,False
ROU011,Buzău,Romania,ROU,ECA,ROU016,Covasna,Romania,ROU,ECA,False,60.3567,False,False
ROU011,Buzău,Romania,ROU,ECA,ROU024,Ialomiţa,Romania,ROU,ECA,False,77.7085,False,False
ROU011,Buzău,Romania,ROU,ECA,ROU032,Prahova,Romania,ROU,ECA,False,139.6673,False,False
ROU011,Buzău,Romania,ROU,ECA,ROU042,Vrancea,Romania,ROU,ECA,False,153.6902,False,False
ROU012,Călăraşi,Romania,ROU,ECA,ROU015,Constanţa,Romania,ROU,ECA,False,70.8138,False,False
ROU012,Călăraşi,Romania,ROU,ECA,ROU020,Giurgiu,Romania,ROU,ECA,False,45.7975,False,False
ROU012,Călăraşi,Romania,ROU,ECA,ROU024,Ialomiţa,Romania,ROU,ECA,False,235.0898,False,False
ROU012,Călăraşi,Romania,ROU,ECA,ROU026,Ilfov,Romania,ROU,ECA,False,71.1181,False,False
ROU013,Caraş-Severin,Romania,ROU,ECA,ROU028,Mehedinţi,Romania,ROU,ECA,False,124.8438,False,False
ROU013,Caraş-Severin,Romania,ROU,ECA,ROU038,Timiş,Romania,ROU,ECA,False,183.078,False,False
ROU013,Caraş-Severin,Romania,ROU,ECA,SRB002,Branicevski,Serbia,SRB,ECA,True,69.1182,False,False
ROU013,Caraş-Severin,Romania,ROU,ECA,SRB006,Juzno-banatski,Serbia,SRB,ECA,True,81.8386,False,False
ROU014,Cluj,Romania,ROU,ECA,ROU005,Bihor,Romania,ROU,ECA,False,75.4887,False,False
ROU014,Cluj,Romania,ROU,ECA,ROU027,Maramureş,Romania,ROU,ECA,False,22.0055,False,False
ROU014,Cluj,Romania,ROU,ECA,ROU029,Mureş,Romania,ROU,ECA,False,76.2007,False,False
ROU014,Cluj,Romania,ROU,ECA,ROU033,Sălaj,Romania,ROU,ECA,False,211.087,False,False
ROU015,Constanţa,Romania,ROU,ECA,ROU024,Ialomiţa,Romania,ROU,ECA,False,59.6446,False,False
ROU016,Covasna,Romania,ROU,ECA,ROU022,Harghita,Romania,ROU,ECA,False,104.1272,False,False
ROU016,Covasna,Romania,ROU,ECA,ROU042,Vrancea,Romania,ROU,ECA,False,31.0212,False,False
ROU017,Dâmboviţa,Romania,ROU,ECA,ROU020,Giurgiu,Romania,ROU,ECA,False,61.2849,False,False
ROU017,Dâmboviţa,Romania,ROU,ECA,ROU026,Ilfov,Romania,ROU,ECA,False,38.0087,False,False
ROU017,Dâmboviţa,Romania,ROU,ECA,ROU032,Prahova,Romania,ROU,ECA,False,143.0915,False,False
ROU017,Dâmboviţa,Romania,ROU,ECA,ROU037,Teleorman,Romania,ROU,ECA,False,37.2471,False,False
ROU018,Dolj,Romania,ROU,ECA,ROU021,Gori,Romania,ROU,ECA,False,53.5669,False,False
ROU018,Dolj,Romania,ROU,ECA,ROU028,Mehedinţi,Romania,ROU,ECA,False,109.6487,False,False
ROU018,Dolj,Romania,ROU,ECA,ROU031,Olt,Romania,ROU,ECA,False,157.7204,False,False
ROU018,Dolj,Romania,ROU,ECA,ROU040,Vâlcea,Romania,ROU,ECA,False,33.9071,False,False
ROU019,Galaţi,Romania,ROU,ECA,ROU041,Vaslui,Romania,ROU,ECA,False,118.8784,False,False
ROU019,Galaţi,Romania,ROU,ECA,ROU042,Vrancea,Romania,ROU,ECA,False,127.1396,False,False
ROU020,Giurgiu,Romania,ROU,ECA,ROU026,Ilfov,Romania,ROU,ECA,False,99.7155,False,False
ROU020,Giurgiu,Romania,ROU,ECA,ROU037,Teleorman,Romania,ROU,ECA,False,168.2071,False,False
ROU021,Gori,Romania,ROU,ECA,ROU013,Caraş-Severin,Romania,ROU,ECA,False,28.4444,False,False
ROU021,Gori,Romania,ROU,ECA,ROU023,Hunedoara,Romania,ROU,ECA,False,106.8326,False,False
ROU021,Gori,Romania,ROU,ECA,ROU028,Mehedinţi,Romania,ROU,ECA,False,134.1219,False,False
ROU021,Gori,Romania,ROU,ECA,ROU040,Vâlcea,Romania,ROU,ECA,False,109.2892,False,False
ROU022,Harghita,Romania,ROU,ECA,ROU029,Mureş,Romania,ROU,ECA,False,187.8811,False,False
ROU022,Harghita,Romania,ROU,ECA,ROU030,Neamţ,Romania,ROU,ECA,False,95.8642,False,False
ROU022,Harghita,Romania,ROU,ECA,ROU036,Suceava,Romania,ROU,ECA,False,47.9772,False,False
ROU023,Hunedoara,Romania,ROU,ECA,ROU002,Arad,Romania,ROU,ECA,False,85.0042,False,False
ROU023,Hunedoara,Romania,ROU,ECA,ROU013,Caraş-Severin,Romania,ROU,ECA,False,73.2085,False,False
ROU023,Hunedoara,Romania,ROU,ECA,ROU038,Timiş,Romania,ROU,ECA,False,59.3234,False,False
ROU023,Hunedoara,Romania,ROU,ECA,ROU040,Vâlcea,Romania,ROU,ECA,False,16.1767,False,False
ROU024,Ialomiţa,Romania,ROU,ECA,ROU026,Ilfov,Romania,ROU,ECA,False,47.9518,False,False
ROU024,Ialomiţa,Romania,ROU,ECA,ROU032,Prahova,Romania,ROU,ECA,False,40.3891,False,False
ROU025,Iaşi,Romania,ROU,ECA,ROU030,Neamţ,Romania,ROU,ECA,False,135.9189,False,False
ROU025,Iaşi,Romania,ROU,ECA,ROU036,Suceava,Romania,ROU,ECA,False,68.1601,False,False
ROU025,Iaşi,Romania,ROU,ECA,ROU041,Vaslui,Romania,ROU,ECA,False,172.4188,False,False
ROU026,Ilfov,Romania,ROU,ECA,ROU032,Prahova,Romania,ROU,ECA,False,50.3014,False,False
ROU027,Maramureş,Romania,ROU,ECA,ROU033,Sălaj,Romania,ROU,ECA,False,81.6557,False,False
ROU027,Maramureş,Romania,ROU,ECA,ROU034,Satu Mare,Romania,ROU,ECA,False,175.1662,False,False
ROU027,Maramureş,Romania,ROU,ECA,ROU036,Suceava,Romania,ROU,ECA,False,25.0011,False,False
ROU027,Maramureş,Romania,ROU,ECA,UKR003,Chernivets'ka,Ukraine,UKR,ECA,True,1.4323,True,False
ROU027,Maramureş,Romania,ROU,ECA,UKR007,Ivano-frankivs'ka,Ukraine,UKR,ECA,True,50.0508,False,False
ROU027,Maramureş,Romania,ROU,ECA,UKR023,Zakarpats'ka,Ukraine,UKR,ECA,True,110.1005,False,False
ROU028,Mehedinţi,Romania,ROU,ECA,SRB001,Borski,Serbia,SRB,ECA,True,152.9784,False,False
ROU028,Mehedinţi,Romania,ROU,ECA,SRB002,Branicevski,Serbia,SRB,ECA,True,10.6216,False,False
ROU029,Mureş,Romania,ROU,ECA,ROU035,Sibiu,Romania,ROU,ECA,False,107.4325,False,False
ROU029,Mureş,Romania,ROU,ECA,ROU036,Suceava,Romania,ROU,ECA,False,17.8901,False,False
ROU030,Neamţ,Romania,ROU,ECA,ROU036,Suceava,Romania,ROU,ECA,False,108.5907,False,False
ROU030,Neamţ,Romania,ROU,ECA,ROU041,Vaslui,Romania,ROU,ECA,False,20.5986,False,False
ROU031,Olt,Romania,ROU,ECA,ROU037,Teleorman,Romania,ROU,ECA,False,138.9548,False,False
ROU031,Olt,Romania,ROU,ECA,ROU040,Vâlcea,Romania,ROU,ECA,False,116.477,False,False
ROU033,Sălaj,Romania,ROU,ECA,ROU005,Bihor,Romania,ROU,ECA,False,71.0502,False,False
ROU033,Sălaj,Romania,ROU,ECA,ROU034,Satu Mare,Romania,ROU,ECA,False,70.0726,False,False
ROU034,Satu Mare,Romania,ROU,ECA,HUN016,Szabolcs-szatmar-bereg,Hungary,HUN,ECA,True,95.6916,False,False
ROU034,Satu Mare,Romania,ROU,ECA,ROU005,Bihor,Romania,ROU,ECA,False,62.6132,False,False
ROU034,Satu Mare,Romania,ROU,ECA,UKR023,Zakarpats'ka,Ukraine,UKR,ECA,True,86.6014,False,False
ROU035,Sibiu,Romania,ROU,ECA,ROU040,Vâlcea,Romania,ROU,ECA,False,77.39,False,False
ROU036,Suceava,Romania,ROU,ECA,UKR003,Chernivets'ka,Ukraine,UKR,ECA,True,107.7201,False,False
ROU038,Timiş,Romania,ROU,ECA,SRB006,Juzno-banatski,Serbia,SRB,ECA,True,51.3856,False,False
ROU038,Timiş,Romania,ROU,ECA,SRB018,Severno-banatski,Serbia,SRB,ECA,True,61.6349,False,False
ROU038,Timiş,Romania,ROU,ECA,SRB019,Srednje-banatski,Serbia,SRB,ECA,True,100.7748,False,False
ROU039,Tulcea,Romania,ROU,ECA,ROU008,Brăila,Romania,ROU,ECA,False,76.5212,False,False
ROU039,Tulcea,Romania,ROU,ECA,ROU015,Constanţa,Romania,ROU,ECA,False,126.0601,False,False
ROU041,Vaslui,Romania,ROU,ECA,ROU042,Vrancea,Romania,ROU,ECA,False,3.5065,True,False
RUS001,Adygeya Rep.,Russian Federation,RUS,ECA,RUS038,Krasnodarskiy Kray,Russian Federation,RUS,ECA,False,887.0616,False,False
RUS002,Aginskiy Buryatskiy A. Okrug,Russian Federation,RUS,ECA,RUS014,Chitinskaya Oblast,Russian Federation,RUS,ECA,False,920.8754,False,False
RUS003,Altay Rep.,Russian Federation,RUS,ECA,RUS029,Kemerovskaya Oblast,Russian Federation,RUS,ECA,False,147.1359,False,False
RUS003,Altay Rep.,Russian Federation,RUS,ECA,RUS031,Khakasiya Rep.,Russian Federation,RUS,ECA,False,226.4785,False,False
RUS003,Altay Rep.,Russian Federation,RUS,ECA,RUS080,Tyva Rep.,Russian Federation,RUS,ECA,False,293.5566,False,False
RUS004,Altayskiy Kray,Russian Federation,RUS,ECA,RUS003,Altay Rep.,Russian Federation,RUS,ECA,False,526.6028,False,False
RUS004,Altayskiy Kray,Russian Federation,RUS,ECA,RUS029,Kemerovskaya Oblast,Russian Federation,RUS,ECA,False,361.6179,False,False
RUS004,Altayskiy Kray,Russian Federation,RUS,ECA,RUS054,Novosibirskaya Oblast,Russian Federation,RUS,ECA,False,858.5949,False,False
RUS005,Amurskaya Oblast,Russian Federation,RUS,ECA,RUS014,Chitinskaya Oblast,Russian Federation,RUS,ECA,False,768.3483,False,False
RUS005,Amurskaya Oblast,Russian Federation,RUS,ECA,RUS030,Khabarovskiy Kray,Russian Federation,RUS,ECA,False,1963.8494,False,False
RUS005,Amurskaya Oblast,Russian Federation,RUS,ECA,RUS064,Sakha Rep.,Russian Federation,RUS,ECA,False,963.9065,False,False
RUS005,Amurskaya Oblast,Russian Federation,RUS,ECA,RUS090,Yevreyskaya A. Oblast,Russian Federation,RUS,ECA,False,88.1517,False,False
RUS006,Arkhangelskaya Oblast,Russian Federation,RUS,ECA,RUS028,Karelya Rep.,Russian Federation,RUS,ECA,False,388.1941,False,False
RUS006,Arkhangelskaya Oblast,Russian Federation,RUS,ECA,RUS033,Kirovskaya Oblast,Russian Federation,RUS,ECA,False,109.352,False,False
RUS006,Arkhangelskaya Oblast,Russian Federation,RUS,ECA,RUS034,Komi Rep.,Russian Federation,RUS,ECA,False,1313.4276,False,False
RUS006,Arkhangelskaya Oblast,Russian Federation,RUS,ECA,RUS051,Nenetskiy Okrug,Russian Federation,RUS,ECA,False,264.6776,False,False
RUS006,Arkhangelskaya Oblast,Russian Federation,RUS,ECA,RUS086,Vologodskaya Oblast,Russian Federation,RUS,ECA,False,833.6393,False,False
RUS007,Astrakhanskaya Oblast,Russian Federation,RUS,ECA,RUS024,Kalmykiya Rep.,Russian Federation,RUS,ECA,False,618.2365,False,False
RUS007,Astrakhanskaya Oblast,Russian Federation,RUS,ECA,RUS085,Volgogradskaya Oblast,Russian Federation,RUS,ECA,False,247.2416,False,False
RUS008,Bashkortostan Rep.,Russian Federation,RUS,ECA,RUS013,Chelyabinskaya Oblast,Russian Federation,RUS,ECA,False,1249.8912,False,False
RUS008,Bashkortostan Rep.,Russian Federation,RUS,ECA,RUS056,Orenburgskaya Oblast,Russian Federation,RUS,ECA,False,985.0793,False,False
RUS008,Bashkortostan Rep.,Russian Federation,RUS,ECA,RUS059,Permskaya Oblast,Russian Federation,RUS,ECA,False,318.9965,False,False
RUS008,Bashkortostan Rep.,Russian Federation,RUS,ECA,RUS072,Sverdlovskaya Oblast,Russian Federation,RUS,ECA,False,165.3709,False,False
RUS008,Bashkortostan Rep.,Russian Federation,RUS,ECA,RUS074,Tatarstan Rep.,Russian Federation,RUS,ECA,False,342.0712,False,False
RUS008,Bashkortostan Rep.,Russian Federation,RUS,ECA,RUS081,Udmurtiya Rep.,Russian Federation,RUS,ECA,False,83.4562,False,False
RUS009,Belgorodskaya Oblast,Russian Federation,RUS,ECA,RUS041,Kurskaya Oblast,Russian Federation,RUS,ECA,False,312.6931,False,False
RUS009,Belgorodskaya Oblast,Russian Federation,RUS,ECA,RUS087,Voronezhskaya Oblast,Russian Federation,RUS,ECA,False,292.7859,False,False
RUS009,Belgorodskaya Oblast,Russian Federation,RUS,ECA,UKR008,Kharkivs'ka,Ukraine,UKR,ECA,True,275.1579,False,False
RUS009,Belgorodskaya Oblast,Russian Federation,RUS,ECA,UKR014,Luhans'ka,Ukraine,UKR,ECA,True,154.6313,False,False
RUS009,Belgorodskaya Oblast,Russian Federation,RUS,ECA,UKR019,Sums'ka,Ukraine,UKR,ECA,True,114.7983,False,False
RUS010,Bryanskaya Oblast,Russian Federation,RUS,ECA,RUS025,Kaluzhskaya Oblast,Russian Federation,RUS,ECA,False,188.2081,False,False
RUS010,Bryanskaya Oblast,Russian Federation,RUS,ECA,RUS041,Kurskaya Oblast,Russian Federation,RUS,ECA,False,114.0337,False,False
RUS010,Bryanskaya Oblast,Russian Federation,RUS,ECA,RUS057,Orlovskaya Oblast,Russian Federation,RUS,ECA,False,194.7719,False,False
RUS010,Bryanskaya Oblast,Russian Federation,RUS,ECA,RUS070,Smolenskaya Oblast,Russian Federation,RUS,ECA,False,124.471,False,False
RUS010,Bryanskaya Oblast,Russian Federation,RUS,ECA,UKR002,Chernihivs'ka,Ukraine,UKR,ECA,True,208.6587,False,False
RUS010,Bryanskaya Oblast,Russian Federation,RUS,ECA,UKR019,Sums'ka,Ukraine,UKR,ECA,True,150.2606,False,False
RUS011,Buryatiya Rep.,Russian Federation,RUS,ECA,RUS020,Irkutskaya Oblast,Russian Federation,RUS,ECA,False,1727.1991,False,False
RUS011,Buryatiya Rep.,Russian Federation,RUS,ECA,RUS080,Tyva Rep.,Russian Federation,RUS,ECA,False,179.0222,False,False
RUS012,Chechnya Rep.,Russian Federation,RUS,ECA,RUS017,Dagestan Rep.,Russian Federation,RUS,ECA,False,404.2209,False,False
RUS012,Chechnya Rep.,Russian Federation,RUS,ECA,RUS019,Ingushetiya Rep.,Russian Federation,RUS,ECA,False,119.7647,False,False
RUS012,Chechnya Rep.,Russian Federation,RUS,ECA,RUS069,Severnaya Osetiya-alaniya Rep.,Russian Federation,RUS,ECA,False,8.5803,False,False
RUS012,Chechnya Rep.,Russian Federation,RUS,ECA,RUS071,Stavropolskiy Kray,Russian Federation,RUS,ECA,False,106.8071,False,False
RUS013,Chelyabinskaya Oblast,Russian Federation,RUS,ECA,RUS056,Orenburgskaya Oblast,Russian Federation,RUS,ECA,False,202.8011,False,False
RUS013,Chelyabinskaya Oblast,Russian Federation,RUS,ECA,RUS072,Sverdlovskaya Oblast,Russian Federation,RUS,ECA,False,286.1561,False,False
RUS014,Chitinskaya Oblast,Russian Federation,RUS,ECA,RUS011,Buryatiya Rep.,Russian Federation,RUS,ECA,False,1640.1509,False,False
RUS014,Chitinskaya Oblast,Russian Federation,RUS,ECA,RUS020,Irkutskaya Oblast,Russian Federation,RUS,ECA,False,569.0366,False,False
RUS014,Chitinskaya Oblast,Russian Federation,RUS,ECA,RUS064,Sakha Rep.,Russian Federation,RUS,ECA,False,218.5579,False,False
RUS016,Chuvashiya Rep.,Russian Federation,RUS,ECA,RUS045,Mariy-el Rep.,Russian Federation,RUS,ECA,False,184.2466,False,False
RUS016,Chuvashiya Rep.,Russian Federation,RUS,ECA,RUS046,Mordoviya Rep.,Russian Federation,RUS,ECA,False,67.3708,False,False
RUS016,Chuvashiya Rep.,Russian Federation,RUS,ECA,RUS052,Nizhegorodskaya Oblast,Russian Federation,RUS,ECA,False,161.5722,False,False
RUS016,Chuvashiya Rep.,Russian Federation,RUS,ECA,RUS074,Tatarstan Rep.,Russian Federation,RUS,ECA,False,340.0206,False,False
RUS016,Chuvashiya Rep.,Russian Federation,RUS,ECA,RUS082,Ulyanovskaya Oblast,Russian Federation,RUS,ECA,False,62.5373,False,False
RUS017,Dagestan Rep.,Russian Federation,RUS,ECA,AZE010,Balakan,Azerbaijan,AZE,ECA,True,37.1571,False,False
RUS017,Dagestan Rep.,Russian Federation,RUS,ECA,AZE016,Gabala,Azerbaijan,AZE,ECA,True,14.1137,False,False
RUS017,Dagestan Rep.,Russian Federation,RUS,ECA,AZE018,Gakh,Azerbaijan,AZE,ECA,True,27.1553,False,False
RUS017,Dagestan Rep.,Russian Federation,RUS,ECA,AZE050,Oghuz,Azerbaijan,AZE,ECA,True,40.0196,False,False
RUS017,Dagestan Rep.,Russian Federation,RUS,ECA,AZE059,Shaki,Azerbaijan,AZE,ECA,True,39.6706,False,False
RUS017,Dagestan Rep.,Russian Federation,RUS,ECA,AZE072,Zagatala,Azerbaijan,AZE,ECA,True,63.5575,False,False
RUS017,Dagestan Rep.,Russian Federation,RUS,ECA,RUS024,Kalmykiya Rep.,Russian Federation,RUS,ECA,False,106.2404,False,False
RUS017,Dagestan Rep.,Russian Federation,RUS,ECA,RUS071,Stavropolskiy Kray,Russian Federation,RUS,ECA,False,199.2265,False,False
RUS018,Evenkiyskiy Okrug,Russian Federation,RUS,ECA,RUS020,Irkutskaya Oblast,Russian Federation,RUS,ECA,False,1336.8846,False,False
RUS018,Evenkiyskiy Okrug,Russian Federation,RUS,ECA,RUS039,Krasnoyarskiy Kray,Russian Federation,RUS,ECA,False,2434.3963,False,False
RUS018,Evenkiyskiy Okrug,Russian Federation,RUS,ECA,RUS064,Sakha Rep.,Russian Federation,RUS,ECA,False,951.8912,False,False
RUS018,Evenkiyskiy Okrug,Russian Federation,RUS,ECA,RUS075,Taymyrskiy Okrug,Russian Federation,RUS,ECA,False,935.4694,False,False
RUS019,Ingushetiya Rep.,Russian Federation,RUS,ECA,RUS069,Severnaya Osetiya-alaniya Rep.,Russian Federation,RUS,ECA,False,207.533,False,False
RUS020,Irkutskaya Oblast,Russian Federation,RUS,ECA,RUS039,Krasnoyarskiy Kray,Russian Federation,RUS,ECA,False,1295.9277,False,False
RUS020,Irkutskaya Oblast,Russian Federation,RUS,ECA,RUS064,Sakha Rep.,Russian Federation,RUS,ECA,False,2046.0105,False,False
RUS020,Irkutskaya Oblast,Russian Federation,RUS,ECA,RUS080,Tyva Rep.,Russian Federation,RUS,ECA,False,262.2255,False,False
RUS021,Ivanovskaya Oblast,Russian Federation,RUS,ECA,RUS037,Kostromskaya Oblast,Russian Federation,RUS,ECA,False,293.755,False,False
RUS021,Ivanovskaya Oblast,Russian Federation,RUS,ECA,RUS084,Vladimirskaya Oblast,Russian Federation,RUS,ECA,False,305.7253,False,False
RUS021,Ivanovskaya Oblast,Russian Federation,RUS,ECA,RUS089,Yaroslavskaya Oblast,Russian Federation,RUS,ECA,False,125.6941,False,False
RUS022,Kabardino-balkariya Rep.,Russian Federation,RUS,ECA,RUS027,Karatchayevo-cherkesiya Rep.,Russian Federation,RUS,ECA,False,77.2513,False,False
RUS022,Kabardino-balkariya Rep.,Russian Federation,RUS,ECA,RUS069,Severnaya Osetiya-alaniya Rep.,Russian Federation,RUS,ECA,False,220.6842,False,False
RUS022,Kabardino-balkariya Rep.,Russian Federation,RUS,ECA,RUS071,Stavropolskiy Kray,Russian Federation,RUS,ECA,False,208.2957,False,False
RUS024,Kalmykiya Rep.,Russian Federation,RUS,ECA,RUS062,Rostovskaya Oblast,Russian Federation,RUS,ECA,False,388.6623,False,False
RUS024,Kalmykiya Rep.,Russian Federation,RUS,ECA,RUS071,Stavropolskiy Kray,Russian Federation,RUS,ECA,False,282.9274,False,False
RUS024,Kalmykiya Rep.,Russian Federation,RUS,ECA,RUS085,Volgogradskaya Oblast,Russian Federation,RUS,ECA,False,264.3172,False,False
RUS025,Kaluzhskaya Oblast,Russian Federation,RUS,ECA,RUS047,Moskovskaya Oblast,Russian Federation,RUS,ECA,False,195.8153,False,False
RUS025,Kaluzhskaya Oblast,Russian Federation,RUS,ECA,RUS057,Orlovskaya Oblast,Russian Federation,RUS,ECA,False,108.2946,False,False
RUS025,Kaluzhskaya Oblast,Russian Federation,RUS,ECA,RUS070,Smolenskaya Oblast,Russian Federation,RUS,ECA,False,303.9911,False,False
RUS025,Kaluzhskaya Oblast,Russian Federation,RUS,ECA,RUS077,Tulskaya Oblast,Russian Federation,RUS,ECA,False,300.0572,False,False
RUS027,Karatchayevo-cherkesiya Rep.,Russian Federation,RUS,ECA,RUS038,Krasnodarskiy Kray,Russian Federation,RUS,ECA,False,233.6066,False,False
RUS027,Karatchayevo-cherkesiya Rep.,Russian Federation,RUS,ECA,RUS071,Stavropolskiy Kray,Russian Federation,RUS,ECA,False,207.1365,False,False
RUS028,Karelya Rep.,Russian Federation,RUS,ECA,FIN002,Lapland,Finland,FIN,Other,True,23.6577,False,False
RUS028,Karelya Rep.,Russian Federation,RUS,ECA,FIN003,Oulu,Finland,FIN,Other,True,406.8017,False,False
RUS028,Karelya Rep.,Russian Federation,RUS,ECA,FIN004,Southern Finland,Finland,FIN,Other,True,69.7289,False,False
RUS028,Karelya Rep.,Russian Federation,RUS,ECA,RUS042,Leningradskaya Oblast,Russian Federation,RUS,ECA,False,331.9903,False,False
RUS028,Karelya Rep.,Russian Federation,RUS,ECA,RUS049,Murmanskaya Oblast,Russian Federation,RUS,ECA,False,185.1389,False,False
RUS028,Karelya Rep.,Russian Federation,RUS,ECA,RUS086,Vologodskaya Oblast,Russian Federation,RUS,ECA,False,91.5566,False,False
RUS029,Kemerovskaya Oblast,Russian Federation,RUS,ECA,RUS031,Khakasiya Rep.,Russian Federation,RUS,ECA,False,635.2334,False,False
RUS029,Kemerovskaya Oblast,Russian Federation,RUS,ECA,RUS039,Krasnoyarskiy Kray,Russian Federation,RUS,ECA,False,254.6119,False,False
RUS029,Kemerovskaya Oblast,Russian Federation,RUS,ECA,RUS054,Novosibirskaya Oblast,Russian Federation,RUS,ECA,False,264.3834,False,False
RUS029,Kemerovskaya Oblast,Russian Federation,RUS,ECA,RUS076,Tomskaya Oblast,Russian Federation,RUS,ECA,False,387.0551,False,False
RUS030,Khabarovskiy Kray,Russian Federation,RUS,ECA,RUS044,Magadanskaya Oblast,Russian Federation,RUS,ECA,False,606.3395,False,False
RUS030,Khabarovskiy Kray,Russian Federation,RUS,ECA,RUS060,Primorskiy Kray,Russian Federation,RUS,ECA,False,1009.001,False,False
RUS030,Khabarovskiy Kray,Russian Federation,RUS,ECA,RUS064,Sakha Rep.,Russian Federation,RUS,ECA,False,2100.6113,False,False
RUS030,Khabarovskiy Kray,Russian Federation,RUS,ECA,RUS090,Yevreyskaya A. Oblast,Russian Federation,RUS,ECA,False,460.9053,False,False
RUS031,Khakasiya Rep.,Russian Federation,RUS,ECA,RUS039,Krasnoyarskiy Kray,Russian Federation,RUS,ECA,False,496.6376,False,False
RUS031,Khakasiya Rep.,Russian Federation,RUS,ECA,RUS080,Tyva Rep.,Russian Federation,RUS,ECA,False,205.2079,False,False
RUS032,Khanty-mansyiskiy Okrug,Russian Federation,RUS,ECA,RUS034,Komi Rep.,Russian Federation,RUS,ECA,False,572.2567,False,False
RUS032,Khanty-mansyiskiy Okrug,Russian Federation,RUS,ECA,RUS039,Krasnoyarskiy Kray,Russian Federation,RUS,ECA,False,263.2556,False,False
RUS032,Khanty-mansyiskiy Okrug,Russian Federation,RUS,ECA,RUS072,Sverdlovskaya Oblast,Russian Federation,RUS,ECA,False,612.7182,False,False
RUS032,Khanty-mansyiskiy Okrug,Russian Federation,RUS,ECA,RUS076,Tomskaya Oblast,Russian Federation,RUS,ECA,False,819.6041,False,False
RUS032,Khanty-mansyiskiy Okrug,Russian Federation,RUS,ECA,RUS079,Tyumenskaya Oblast,Russian Federation,RUS,ECA,False,763.0655,False,False
RUS032,Khanty-mansyiskiy Okrug,Russian Federation,RUS,ECA,RUS088,Yamalo-nenetskiy Okrug,Russian Federation,RUS,ECA,False,1808.6171,False,False
RUS033,Kirovskaya Oblast,Russian Federation,RUS,ECA,RUS059,Permskaya Oblast,Russian Federation,RUS,ECA,False,40.6719,False,False
RUS033,Kirovskaya Oblast,Russian Federation,RUS,ECA,RUS074,Tatarstan Rep.,Russian Federation,RUS,ECA,False,190.4975,False,False
RUS033,Kirovskaya Oblast,Russian Federation,RUS,ECA,RUS081,Udmurtiya Rep.,Russian Federation,RUS,ECA,False,525.7698,False,False
RUS034,Komi Rep.,Russian Federation,RUS,ECA,RUS033,Kirovskaya Oblast,Russian Federation,RUS,ECA,False,537.9996,False,False
RUS034,Komi Rep.,Russian Federation,RUS,ECA,RUS051,Nenetskiy Okrug,Russian Federation,RUS,ECA,False,900.2952,False,False
RUS034,Komi Rep.,Russian Federation,RUS,ECA,RUS059,Permskaya Oblast,Russian Federation,RUS,ECA,False,313.8409,False,False
RUS034,Komi Rep.,Russian Federation,RUS,ECA,RUS072,Sverdlovskaya Oblast,Russian Federation,RUS,ECA,False,38.5525,False,False
RUS035,Komi-permyatskiy Okrug,Russian Federation,RUS,ECA,RUS033,Kirovskaya Oblast,Russian Federation,RUS,ECA,False,301.5451,False,False
RUS035,Komi-permyatskiy Okrug,Russian Federation,RUS,ECA,RUS034,Komi Rep.,Russian Federation,RUS,ECA,False,329.8807,False,False
RUS035,Komi-permyatskiy Okrug,Russian Federation,RUS,ECA,RUS059,Permskaya Oblast,Russian Federation,RUS,ECA,False,498.5535,False,False
RUS036,Koryakskiy Okrug,Russian Federation,RUS,ECA,RUS015,Chukotskiy Okrug,Russian Federation,RUS,ECA,False,1174.3555,False,False
RUS036,Koryakskiy Okrug,Russian Federation,RUS,ECA,RUS026,Kamchatskaya Oblast,Russian Federation,RUS,ECA,False,774.6347,False,False
RUS036,Koryakskiy Okrug,Russian Federation,RUS,ECA,RUS044,Magadanskaya Oblast,Russian Federation,RUS,ECA,False,532.1748,False,False
RUS037,Kostromskaya Oblast,Russian Federation,RUS,ECA,RUS033,Kirovskaya Oblast,Russian Federation,RUS,ECA,False,280.9056,False,False
RUS037,Kostromskaya Oblast,Russian Federation,RUS,ECA,RUS086,Vologodskaya Oblast,Russian Federation,RUS,ECA,False,618.8612,False,False
RUS037,Kostromskaya Oblast,Russian Federation,RUS,ECA,RUS089,Yaroslavskaya Oblast,Russian Federation,RUS,ECA,False,192.2741,False,False
RUS038,Krasnodarskiy Kray,Russian Federation,RUS,ECA,RUS062,Rostovskaya Oblast,Russian Federation,RUS,ECA,False,373.8782,False,False
RUS038,Krasnodarskiy Kray,Russian Federation,RUS,ECA,RUS071,Stavropolskiy Kray,Russian Federation,RUS,ECA,False,298.5576,False,False
RUS039,Krasnoyarskiy Kray,Russian Federation,RUS,ECA,RUS076,Tomskaya Oblast,Russian Federation,RUS,ECA,False,805.081,False,False
RUS039,Krasnoyarskiy Kray,Russian Federation,RUS,ECA,RUS080,Tyva Rep.,Russian Federation,RUS,ECA,False,665.7458,False,False
RUS039,Krasnoyarskiy Kray,Russian Federation,RUS,ECA,RUS088,Yamalo-nenetskiy Okrug,Russian Federation,RUS,ECA,False,1079.5429,False,False
RUS040,Kurganskaya Oblast,Russian Federation,RUS,ECA,RUS013,Chelyabinskaya Oblast,Russian Federation,RUS,ECA,False,532.6771,False,False
RUS040,Kurganskaya Oblast,Russian Federation,RUS,ECA,RUS072,Sverdlovskaya Oblast,Russian Federation,RUS,ECA,False,326.0438,False,False
RUS041,Kurskaya Oblast,Russian Federation,RUS,ECA,RUS043,Lipetskaya Oblast,Russian Federation,RUS,ECA,False,59.3288,False,False
RUS041,Kurskaya Oblast,Russian Federation,RUS,ECA,RUS057,Orlovskaya Oblast,Russian Federation,RUS,ECA,False,274.6561,False,False
RUS041,Kurskaya Oblast,Russian Federation,RUS,ECA,RUS087,Voronezhskaya Oblast,Russian Federation,RUS,ECA,False,136.5221,False,False
RUS041,Kurskaya Oblast,Russian Federation,RUS,ECA,UKR019,Sums'ka,Ukraine,UKR,ECA,True,289.8938,False,False
RUS042,Leningradskaya Oblast,Russian Federation,RUS,ECA,EST004,Ida-Viru maakond,Estonia,EST,ECA,True,38.608,False,False
RUS042,Leningradskaya Oblast,Russian Federation,RUS,ECA,FIN004,Southern Finland,Finland,FIN,Other,True,126.9189,False,False
RUS042,Leningradskaya Oblast,Russian Federation,RUS,ECA,RUS053,Novgorodskaya Oblast,Russian Federation,RUS,ECA,False,505.6072,False,False
RUS042,Leningradskaya Oblast,Russian Federation,RUS,ECA,RUS061,Pskovskaya Oblast,Russian Federation,RUS,ECA,False,185.6278,False,False
RUS042,Leningradskaya Oblast,Russian Federation,RUS,ECA,RUS067,Sankt-peterburg,Russian Federation,RUS,ECA,False,169.6166,False,False
RUS042,Leningradskaya Oblast,Russian Federation,RUS,ECA,RUS086,Vologodskaya Oblast,Russian Federation,RUS,ECA,False,353.1229,False,False
RUS043,Lipetskaya Oblast,Russian Federation,RUS,ECA,RUS057,Orlovskaya Oblast,Russian Federation,RUS,ECA,False,170.4548,False,False
RUS043,Lipetskaya Oblast,Russian Federation,RUS,ECA,RUS063,Ryazanskaya Oblast,Russian Federation,RUS,ECA,False,132.2586,False,False
RUS043,Lipetskaya Oblast,Russian Federation,RUS,ECA,RUS073,Tambovskaya Oblast,Russian Federation,RUS,ECA,False,219.3282,False,False
RUS043,Lipetskaya Oblast,Russian Federation,RUS,ECA,RUS077,Tulskaya Oblast,Russian Federation,RUS,ECA,False,159.8368,False,False
RUS043,Lipetskaya Oblast,Russian Federation,RUS,ECA,RUS087,Voronezhskaya Oblast,Russian Federation,RUS,ECA,False,210.2853,False,False
RUS044,Magadanskaya Oblast,Russian Federation,RUS,ECA,RUS015,Chukotskiy Okrug,Russian Federation,RUS,ECA,False,369.663,False,False
RUS044,Magadanskaya Oblast,Russian Federation,RUS,ECA,RUS064,Sakha Rep.,Russian Federation,RUS,ECA,False,1482.1994,False,False
RUS045,Mariy-el Rep.,Russian Federation,RUS,ECA,RUS033,Kirovskaya Oblast,Russian Federation,RUS,ECA,False,435.3403,False,False
RUS045,Mariy-el Rep.,Russian Federation,RUS,ECA,RUS052,Nizhegorodskaya Oblast,Russian Federation,RUS,ECA,False,207.6342,False,False
RUS045,Mariy-el Rep.,Russian Federation,RUS,ECA,RUS074,Tatarstan Rep.,Russian Federation,RUS,ECA,False,271.8366,False,False
RUS046,Mordoviya Rep.,Russian Federation,RUS,ECA,RUS052,Nizhegorodskaya Oblast,Russian Federation,RUS,ECA,False,449.0399,False,False
RUS046,Mordoviya Rep.,Russian Federation,RUS,ECA,RUS058,Penzenskaya Oblast,Russian Federation,RUS,ECA,False,418.3762,False,False
RUS046,Mordoviya Rep.,Russian Federation,RUS,ECA,RUS063,Ryazanskaya Oblast,Russian Federation,RUS,ECA,False,269.1345,False,False
RUS046,Mordoviya Rep.,Russian Federation,RUS,ECA,RUS082,Ulyanovskaya Oblast,Russian Federation,RUS,ECA,False,172.8722,False,False
RUS047,Moskovskaya Oblast,Russian Federation,RUS,ECA,RUS048,Moskva,Russian Federation,RUS,ECA,False,139.8776,False,False
RUS047,Moskovskaya Oblast,Russian Federation,RUS,ECA,RUS063,Ryazanskaya Oblast,Russian Federation,RUS,ECA,False,229.8519,False,False
RUS047,Moskovskaya Oblast,Russian Federation,RUS,ECA,RUS070,Smolenskaya Oblast,Russian Federation,RUS,ECA,False,105.2729,False,False
RUS047,Moskovskaya Oblast,Russian Federation,RUS,ECA,RUS077,Tulskaya Oblast,Russian Federation,RUS,ECA,False,176.0789,False,False
RUS047,Moskovskaya Oblast,Russian Federation,RUS,ECA,RUS078,Tverskaya Oblast,Russian Federation,RUS,ECA,False,357.9291,False,False
RUS047,Moskovskaya Oblast,Russian Federation,RUS,ECA,RUS084,Vladimirskaya Oblast,Russian Federation,RUS,ECA,False,287.2333,False,False
RUS047,Moskovskaya Oblast,Russian Federation,RUS,ECA,RUS089,Yaroslavskaya Oblast,Russian Federation,RUS,ECA,False,12.2251,False,False
RUS049,Murmanskaya Oblast,Russian Federation,RUS,ECA,FIN002,Lapland,Finland,FIN,Other,True,347.9076,False,False
RUS050,Name Unknown,Russian Federation,RUS,ECA,RUS024,Kalmykiya Rep.,Russian Federation,RUS,ECA,False,19.7613,False,False
RUS050,Name Unknown,Russian Federation,RUS,ECA,RUS062,Rostovskaya Oblast,Russian Federation,RUS,ECA,False,187.3026,False,False
RUS050,Name Unknown,Russian Federation,RUS,ECA,RUS071,Stavropolskiy Kray,Russian Federation,RUS,ECA,False,143.6479,False,False
RUS052,Nizhegorodskaya Oblast,Russian Federation,RUS,ECA,RUS021,Ivanovskaya Oblast,Russian Federation,RUS,ECA,False,228.7289,False,False
RUS052,Nizhegorodskaya Oblast,Russian Federation,RUS,ECA,RUS033,Kirovskaya Oblast,Russian Federation,RUS,ECA,False,299.1357,False,False
RUS052,Nizhegorodskaya Oblast,Russian Federation,RUS,ECA,RUS037,Kostromskaya Oblast,Russian Federation,RUS,ECA,False,232.6539,False,False
RUS052,Nizhegorodskaya Oblast,Russian Federation,RUS,ECA,RUS063,Ryazanskaya Oblast,Russian Federation,RUS,ECA,False,88.7505,False,False
RUS052,Nizhegorodskaya Oblast,Russian Federation,RUS,ECA,RUS084,Vladimirskaya Oblast,Russian Federation,RUS,ECA,False,228.7155,False,False
RUS053,Novgorodskaya Oblast,Russian Federation,RUS,ECA,RUS061,Pskovskaya Oblast,Russian Federation,RUS,ECA,False,298.9629,False,False
RUS053,Novgorodskaya Oblast,Russian Federation,RUS,ECA,RUS078,Tverskaya Oblast,Russian Federation,RUS,ECA,False,540.3623,False,False
RUS053,Novgorodskaya Oblast,Russian Federation,RUS,ECA,RUS086,Vologodskaya Oblast,Russian Federation,RUS,ECA,False,188.7948,False,False
RUS054,Novosibirskaya Oblast,Russian Federation,RUS,ECA,RUS055,Omskaya Oblast,Russian Federation,RUS,ECA,False,577.9468,False,False
RUS054,Novosibirskaya Oblast,Russian Federation,RUS,ECA,RUS076,Tomskaya Oblast,Russian Federation,RUS,ECA,False,787.5972,False,False
RUS055,Omskaya Oblast,Russian Federation,RUS,ECA,RUS076,Tomskaya Oblast,Russian Federation,RUS,ECA,False,205.3752,False,False
RUS055,Omskaya Oblast,Russian Federation,RUS,ECA,RUS079,Tyumenskaya Oblast,Russian Federation,RUS,ECA,False,992.9565,False,False
RUS056,Orenburgskaya Oblast,Russian Federation,RUS,ECA,RUS066,Samarskaya Oblast,Russian Federation,RUS,ECA,False,448.9339,False,False
RUS056,Orenburgskaya Oblast,Russian Federation,RUS,ECA,RUS074,Tatarstan Rep.,Russian Federation,RUS,ECA,False,150.0395,False,False
RUS057,Orlovskaya Oblast,Russian Federation,RUS,ECA,RUS077,Tulskaya Oblast,Russian Federation,RUS,ECA,False,189.7454,False,False
RUS058,Penzenskaya Oblast,Russian Federation,RUS,ECA,RUS063,Ryazanskaya Oblast,Russian Federation,RUS,ECA,False,12.7868,False,False
RUS058,Penzenskaya Oblast,Russian Federation,RUS,ECA,RUS068,Saratovskaya Oblast,Russian Federation,RUS,ECA,False,394.9319,False,False
RUS058,Penzenskaya Oblast,Russian Federation,RUS,ECA,RUS073,Tambovskaya Oblast,Russian Federation,RUS,ECA,False,232.3418,False,False
RUS058,Penzenskaya Oblast,Russian Federation,RUS,ECA,RUS082,Ulyanovskaya Oblast,Russian Federation,RUS,ECA,False,248.2618,False,False
RUS059,Permskaya Oblast,Russian Federation,RUS,ECA,RUS072,Sverdlovskaya Oblast,Russian Federation,RUS,ECA,False,949.6641,False,False
RUS059,Permskaya Oblast,Russian Federation,RUS,ECA,RUS081,Udmurtiya Rep.,Russian Federation,RUS,ECA,False,363.9284,False,False
RUS061,Pskovskaya Oblast,Russian Federation,RUS,ECA,EST004,Ida-Viru maakond,Estonia,EST,ECA,True,0.7224,True,True
RUS061,Pskovskaya Oblast,Russian Federation,RUS,ECA,EST010,Põlva maakond,Estonia,EST,ECA,True,59.1705,False,False
RUS061,Pskovskaya Oblast,Russian Federation,RUS,ECA,EST016,Võru maakond,Estonia,EST,ECA,True,64.1103,False,False
RUS061,Pskovskaya Oblast,Russian Federation,RUS,ECA,LVA008,Alūksnes novads,Latvia,LVA,ECA,True,43.971,False,False
RUS061,Pskovskaya Oblast,Russian Federation,RUS,ECA,LVA014,Baltinavas novads,Latvia,LVA,ECA,True,27.2428,False,False
RUS061,Pskovskaya Oblast,Russian Federation,RUS,ECA,LVA048,Kārsavas novads,Latvia,LVA,ECA,True,51.5346,False,False
RUS061,Pskovskaya Oblast,Russian Federation,RUS,ECA,LVA117,Viļakas novads,Latvia,LVA,ECA,True,63.5869,False,False
RUS061,Pskovskaya Oblast,Russian Federation,RUS,ECA,RUS078,Tverskaya Oblast,Russian Federation,RUS,ECA,False,206.0102,False,False
RUS062,Rostovskaya Oblast,Russian Federation,RUS,ECA,RUS071,Stavropolskiy Kray,Russian Federation,RUS,ECA,False,48.7682,False,False
RUS062,Rostovskaya Oblast,Russian Federation,RUS,ECA,RUS085,Volgogradskaya Oblast,Russian Federation,RUS,ECA,False,543.4672,False,False
RUS062,Rostovskaya Oblast,Russian Federation,RUS,ECA,RUS087,Voronezhskaya Oblast,Russian Federation,RUS,ECA,False,152.5462,False,False
RUS062,Rostovskaya Oblast,Russian Federation,RUS,ECA,UKR006,Donets'ka,Ukraine,UKR,ECA,True,170.564,False,False
RUS062,Rostovskaya Oblast,Russian Federation,RUS,ECA,UKR014,Luhans'ka,Ukraine,UKR,ECA,True,491.6977,False,False
RUS063,Ryazanskaya Oblast,Russian Federation,RUS,ECA,RUS073,Tambovskaya Oblast,Russian Federation,RUS,ECA,False,219.5539,False,False
RUS063,Ryazanskaya Oblast,Russian Federation,RUS,ECA,RUS077,Tulskaya Oblast,Russian Federation,RUS,ECA,False,111.7372,False,False
RUS063,Ryazanskaya Oblast,Russian Federation,RUS,ECA,RUS084,Vladimirskaya Oblast,Russian Federation,RUS,ECA,False,160.1907,False,False
RUS064,Sakha Rep.,Russian Federation,RUS,ECA,RUS015,Chukotskiy Okrug,Russian Federation,RUS,ECA,False,672.4083,False,False
RUS066,Samarskaya Oblast,Russian Federation,RUS,ECA,RUS074,Tatarstan Rep.,Russian Federation,RUS,ECA,False,295.2162,False,False
RUS068,Saratovskaya Oblast,Russian Federation,RUS,ECA,RUS066,Samarskaya Oblast,Russian Federation,RUS,ECA,False,300.8813,False,False
RUS068,Saratovskaya Oblast,Russian Federation,RUS,ECA,RUS073,Tambovskaya Oblast,Russian Federation,RUS,ECA,False,117.6289,False,False
RUS068,Saratovskaya Oblast,Russian Federation,RUS,ECA,RUS082,Ulyanovskaya Oblast,Russian Federation,RUS,ECA,False,156.2386,False,False
RUS068,Saratovskaya Oblast,Russian Federation,RUS,ECA,RUS085,Volgogradskaya Oblast,Russian Federation,RUS,ECA,False,529.0595,False,False
RUS068,Saratovskaya Oblast,Russian Federation,RUS,ECA,RUS087,Voronezhskaya Oblast,Russian Federation,RUS,ECA,False,57.655,False,False
RUS069,Severnaya Osetiya-alaniya Rep.,Russian Federation,RUS,ECA,RUS071,Stavropolskiy Kray,Russian Federation,RUS,ECA,False,63.0877,False,False
RUS070,Smolenskaya Oblast,Russian Federation,RUS,ECA,RUS061,Pskovskaya Oblast,Russian Federation,RUS,ECA,False,56.4857,False,False
RUS070,Smolenskaya Oblast,Russian Federation,RUS,ECA,RUS078,Tverskaya Oblast,Russian Federation,RUS,ECA,False,348.8435,False,False
RUS073,Tambovskaya Oblast,Russian Federation,RUS,ECA,RUS087,Voronezhskaya Oblast,Russian Federation,RUS,ECA,False,216.8422,False,False
RUS074,Tatarstan Rep.,Russian Federation,RUS,ECA,RUS081,Udmurtiya Rep.,Russian Federation,RUS,ECA,False,528.404,False,False
RUS075,Taymyrskiy Okrug,Russian Federation,RUS,ECA,RUS039,Krasnoyarskiy Kray,Russian Federation,RUS,ECA,False,715.974,False,False
RUS075,Taymyrskiy Okrug,Russian Federation,RUS,ECA,RUS064,Sakha Rep.,Russian Federation,RUS,ECA,False,857.6891,False,False
RUS075,Taymyrskiy Okrug,Russian Federation,RUS,ECA,RUS088,Yamalo-nenetskiy Okrug,Russian Federation,RUS,ECA,False,922.0269,False,False
RUS076,Tomskaya Oblast,Russian Federation,RUS,ECA,RUS079,Tyumenskaya Oblast,Russian Federation,RUS,ECA,False,9.2417,False,False
RUS078,Tverskaya Oblast,Russian Federation,RUS,ECA,RUS086,Vologodskaya Oblast,Russian Federation,RUS,ECA,False,103.4827,False,False
RUS078,Tverskaya Oblast,Russian Federation,RUS,ECA,RUS089,Yaroslavskaya Oblast,Russian Federation,RUS,ECA,False,340.2987,False,False
RUS079,Tyumenskaya Oblast,Russian Federation,RUS,ECA,RUS040,Kurganskaya Oblast,Russian Federation,RUS,ECA,False,394.9236,False,False
RUS079,Tyumenskaya Oblast,Russian Federation,RUS,ECA,RUS072,Sverdlovskaya Oblast,Russian Federation,RUS,ECA,False,334.6108,False,False
RUS082,Ulyanovskaya Oblast,Russian Federation,RUS,ECA,RUS066,Samarskaya Oblast,Russian Federation,RUS,ECA,False,408.5543,False,False
RUS082,Ulyanovskaya Oblast,Russian Federation,RUS,ECA,RUS074,Tatarstan Rep.,Russian Federation,RUS,ECA,False,269.4301,False,False
RUS083,Ustordynskiy Buryatskiy Okrug,Russian Federation,RUS,ECA,RUS020,Irkutskaya Oblast,Russian Federation,RUS,ECA,False,1138.4242,False,False
RUS084,Vladimirskaya Oblast,Russian Federation,RUS,ECA,RUS089,Yaroslavskaya Oblast,Russian Federation,RUS,ECA,False,118.0345,False,False
RUS085,Volgogradskaya Oblast,Russian Federation,RUS,ECA,RUS087,Voronezhskaya Oblast,Russian Federation,RUS,ECA,False,239.059,False,False
RUS086,Vologodskaya Oblast,Russian Federation,RUS,ECA,RUS033,Kirovskaya Oblast,Russian Federation,RUS,ECA,False,246.2948,False,False
RUS086,Vologodskaya Oblast,Russian Federation,RUS,ECA,RUS089,Yaroslavskaya Oblast,Russian Federation,RUS,ECA,False,249.9992,False,False
RUS087,Voronezhskaya Oblast,Russian Federation,RUS,ECA,UKR014,Luhans'ka,Ukraine,UKR,ECA,True,84.3684,False,False
RUS088,Yamalo-nenetskiy Okrug,Russian Federation,RUS,ECA,RUS034,Komi Rep.,Russian Federation,RUS,ECA,False,526.3853,False,False
RUS088,Yamalo-nenetskiy Okrug,Russian Federation,RUS,ECA,RUS051,Nenetskiy Okrug,Russian Federation,RUS,ECA,False,130.4323,False,False
RWA001,East/Iburasirazuba,Rwanda,RWA,AFR,RWA002,Kigali City/Umujyi wa Kigali,Rwanda,RWA,AFR,False,70.8565,False,False
RWA001,East/Iburasirazuba,Rwanda,RWA,AFR,RWA003,North/Amajyaruguru,Rwanda,RWA,AFR,False,73.6773,False,False
RWA001,East/Iburasirazuba,Rwanda,RWA,AFR,RWA004,South/Amajyepfo,Rwanda,RWA,AFR,False,34.0142,False,False
RWA001,East/Iburasirazuba,Rwanda,RWA,AFR,TZA006,Kagera,Tanzania,TZA,AFR,True,221.781,False,False
RWA001,East/Iburasirazuba,Rwanda,RWA,AFR,UGA037,Kabale,Uganda,UGA,AFR,True,49.9761,False,False
RWA001,East/Iburasirazuba,Rwanda,RWA,AFR,UGA094,Ntungamo,Uganda,UGA,AFR,True,32.5307,False,False
RWA002,Kigali City/Umujyi wa Kigali,Rwanda,RWA,AFR,RWA003,North/Amajyaruguru,Rwanda,RWA,AFR,False,49.9764,False,False
RWA002,Kigali City/Umujyi wa Kigali,Rwanda,RWA,AFR,RWA004,South/Amajyepfo,Rwanda,RWA,AFR,False,30.5577,False,False
RWA003,North/Amajyaruguru,Rwanda,RWA,AFR,RWA004,South/Amajyepfo,Rwanda,RWA,AFR,False,55.2526,False,False
RWA003,North/Amajyaruguru,Rwanda,RWA,AFR,RWA005,West/Iburengerazuba,Rwanda,RWA,AFR,False,46.4833,False,False
RWA003,North/Amajyaruguru,Rwanda,RWA,AFR,UGA037,Kabale,Uganda,UGA,AFR,True,52.4091,False,False
RWA003,North/Amajyaruguru,Rwanda,RWA,AFR,UGA055,Kisoro,Uganda,UGA,AFR,True,34.8455,False,False
RWA004,South/Amajyepfo,Rwanda,RWA,AFR,BDI006,Cibitoke,Burundi,BDI,AFR,True,34.0728,False,False
RWA004,South/Amajyepfo,Rwanda,RWA,AFR,RWA005,West/Iburengerazuba,Rwanda,RWA,AFR,False,176.667,False,False
SAU001,`Asīr,Saudi Arabia,SAU,MENA,SAU002,Al Bāhah,Saudi Arabia,SAU,MENA,False,109.6431,False,False
SAU001,`Asīr,Saudi Arabia,SAU,MENA,SAU007,Ar Riyāḍ,Saudi Arabia,SAU,MENA,False,208.8239,False,False
SAU001,`Asīr,Saudi Arabia,SAU,MENA,SAU010,Jīzan,Saudi Arabia,SAU,MENA,False,284.8851,False,False
SAU001,`Asīr,Saudi Arabia,SAU,MENA,SAU011,Makkah,Saudi Arabia,SAU,MENA,False,523.0331,False,False
SAU001,`Asīr,Saudi Arabia,SAU,MENA,SAU012,Najrān,Saudi Arabia,SAU,MENA,False,390.6023,False,False
SAU001,`Asīr,Saudi Arabia,SAU,MENA,YEM017,Sa`dah,Republic of Yemen,YEM,MENA,True,68.1894,False,False
SAU002,Al Bāhah,Saudi Arabia,SAU,MENA,SAU011,Makkah,Saudi Arabia,SAU,MENA,False,502.1822,False,False
SAU003,Al Ḥudūd ash Shamāliyah,Saudi Arabia,SAU,MENA,SAU004,Al Jawf,Saudi Arabia,SAU,MENA,False,986.5119,False,False
SAU003,Al Ḥudūd ash Shamāliyah,Saudi Arabia,SAU,MENA,SAU008,Ash Sharqīyah,Saudi Arabia,SAU,MENA,False,240.3323,False,False
SAU004,Al Jawf,Saudi Arabia,SAU,MENA,SAU013,Tabūk,Saudi Arabia,SAU,MENA,False,413.4798,False,False
SAU005,Al Madīnah,Saudi Arabia,SAU,MENA,SAU011,Makkah,Saudi Arabia,SAU,MENA,False,607.6118,False,False
SAU006,Al Qaṣīm,Saudi Arabia,SAU,MENA,SAU005,Al Madīnah,Saudi Arabia,SAU,MENA,False,139.6668,False,False
SAU006,Al Qaṣīm,Saudi Arabia,SAU,MENA,SAU007,Ar Riyāḍ,Saudi Arabia,SAU,MENA,False,720.1279,False,False
SAU006,Al Qaṣīm,Saudi Arabia,SAU,MENA,SAU008,Ash Sharqīyah,Saudi Arabia,SAU,MENA,False,91.0764,False,False
SAU007,Ar Riyāḍ,Saudi Arabia,SAU,MENA,SAU005,Al Madīnah,Saudi Arabia,SAU,MENA,False,183.5633,False,False
SAU007,Ar Riyāḍ,Saudi Arabia,SAU,MENA,SAU008,Ash Sharqīyah,Saudi Arabia,SAU,MENA,False,1346.8042,False,False
SAU007,Ar Riyāḍ,Saudi Arabia,SAU,MENA,SAU011,Makkah,Saudi Arabia,SAU,MENA,False,542.446,False,False
SAU008,Ash Sharqīyah,Saudi Arabia,SAU,MENA,YEM011,Hadramawt,Republic of Yemen,YEM,MENA,True,0.1039,True,True
SAU009,Ḥā'il,Saudi Arabia,SAU,MENA,SAU003,Al Ḥudūd ash Shamāliyah,Saudi Arabia,SAU,MENA,False,371.6186,False,False
SAU009,Ḥā'il,Saudi Arabia,SAU,MENA,SAU004,Al Jawf,Saudi Arabia,SAU,MENA,False,234.9624,False,False
SAU009,Ḥā'il,Saudi Arabia,SAU,MENA,SAU005,Al Madīnah,Saudi Arabia,SAU,MENA,False,407.827,False,False
SAU009,Ḥā'il,Saudi Arabia,SAU,MENA,SAU006,Al Qaṣīm,Saudi Arabia,SAU,MENA,False,520.7467,False,False
SAU009,Ḥā'il,Saudi Arabia,SAU,MENA,SAU013,Tabūk,Saudi Arabia,SAU,MENA,False,363.1844,False,False
SAU010,Jīzan,Saudi Arabia,SAU,MENA,YEM012,Hajjah,Republic of Yemen,YEM,MENA,True,81.6436,False,False
SAU010,Jīzan,Saudi Arabia,SAU,MENA,YEM017,Sa`dah,Republic of Yemen,YEM,MENA,True,157.5169,False,False
SAU012,Najrān,Saudi Arabia,SAU,MENA,SAU007,Ar Riyāḍ,Saudi Arabia,SAU,MENA,False,355.371,False,False
SAU012,Najrān,Saudi Arabia,SAU,MENA,SAU008,Ash Sharqīyah,Saudi Arabia,SAU,MENA,False,507.3031,False,False
SAU012,Najrān,Saudi Arabia,SAU,MENA,YEM006,Al Jawf,Republic of Yemen,YEM,MENA,True,247.2934,False,False
SAU012,Najrān,Saudi Arabia,SAU,MENA,YEM011,Hadramawt,Republic of Yemen,YEM,MENA,True,612.4935,False,False
SAU012,Najrān,Saudi Arabia,SAU,MENA,YEM017,Sa`dah,Republic of Yemen,YEM,MENA,True,141.8075,False,False
SAU013,Tabūk,Saudi Arabia,SAU,MENA,SAU005,Al Madīnah,Saudi Arabia,SAU,MENA,False,983.6808,False,False
SDN002,Blue Nile,Sudan,SDN,AFR,SDN011,Sennar,Sudan,SDN,AFR,False,301.9564,False,False
SDN002,Blue Nile,Sudan,SDN,AFR,SSD009,Upper Nile,South Sudan,SSD,AFR,True,320.2908,False,False
SDN003,Gadaref,Sudan,SDN,AFR,SDN001,Al Jazeera,Sudan,SDN,AFR,False,232.6297,False,False
SDN003,Gadaref,Sudan,SDN,AFR,SDN004,Kassala,Sudan,SDN,AFR,False,437.847,False,False
SDN003,Gadaref,Sudan,SDN,AFR,SDN005,Khartoum,Sudan,SDN,AFR,False,88.8131,False,False
SDN003,Gadaref,Sudan,SDN,AFR,SDN011,Sennar,Sudan,SDN,AFR,False,375.9211,False,False
SDN004,Kassala,Sudan,SDN,AFR,SDN005,Khartoum,Sudan,SDN,AFR,False,64.8894,False,False
SDN004,Kassala,Sudan,SDN,AFR,SDN006,Nile,Sudan,SDN,AFR,False,257.9798,False,False
SDN004,Kassala,Sudan,SDN,AFR,SDN010,Red Sea,Sudan,SDN,AFR,False,148.0811,False,False
SDN005,Khartoum,Sudan,SDN,AFR,SDN001,Al Jazeera,Sudan,SDN,AFR,False,105.6759,False,False
SDN005,Khartoum,Sudan,SDN,AFR,SDN006,Nile,Sudan,SDN,AFR,False,274.4408,False,False
SDN005,Khartoum,Sudan,SDN,AFR,SDN007,Northern,Sudan,SDN,AFR,False,28.4603,False,False
SDN005,Khartoum,Sudan,SDN,AFR,SDN009,Northern Kordofan,Sudan,SDN,AFR,False,172.5961,False,False
SDN005,Khartoum,Sudan,SDN,AFR,SDN015,White Nile,Sudan,SDN,AFR,False,38.2784,False,False
SDN006,Nile,Sudan,SDN,AFR,EGY003,Aswan,Arab Republic of Egypt,EGY,MENA,True,112.9067,False,False
SDN006,Nile,Sudan,SDN,AFR,SDN010,Red Sea,Sudan,SDN,AFR,False,666.3631,False,False
SDN007,Northern,Sudan,SDN,AFR,EGY003,Aswan,Arab Republic of Egypt,EGY,MENA,True,181.8928,False,False
SDN007,Northern,Sudan,SDN,AFR,EGY019,New Valley,Arab Republic of Egypt,EGY,MENA,True,619.4681,False,False
SDN007,Northern,Sudan,SDN,AFR,LBY007,Al Kufrah,Libya,LBY,MENA,True,221.4334,False,False
SDN007,Northern,Sudan,SDN,AFR,SDN006,Nile,Sudan,SDN,AFR,False,639.9557,False,False
SDN007,Northern,Sudan,SDN,AFR,SDN008,Northern Darfur,Sudan,SDN,AFR,False,638.2728,False,False
SDN008,Northern Darfur,Sudan,SDN,AFR,SDN012,Southern Darfur,Sudan,SDN,AFR,False,441.8461,False,False
SDN008,Northern Darfur,Sudan,SDN,AFR,SDN014,Western Darfur,Sudan,SDN,AFR,False,497.9723,False,False
SDN008,Northern Darfur,Sudan,SDN,AFR,TCD005,Ennedi Est,Chad,TCD,AFR,True,557.8841,False,False
SDN008,Northern Darfur,Sudan,SDN,AFR,TCD023,Wadi Fira,Chad,TCD,AFR,True,81.9151,False,False
SDN009,Northern Kordofan,Sudan,SDN,AFR,SDN007,Northern,Sudan,SDN,AFR,False,439.8772,False,False
SDN009,Northern Kordofan,Sudan,SDN,AFR,SDN008,Northern Darfur,Sudan,SDN,AFR,False,635.9591,False,False
SDN009,Northern Kordofan,Sudan,SDN,AFR,SDN012,Southern Darfur,Sudan,SDN,AFR,False,35.8928,False,False
SDN009,Northern Kordofan,Sudan,SDN,AFR,SDN013,Southern Kordofan,Sudan,SDN,AFR,False,728.4308,False,False
SDN009,Northern Kordofan,Sudan,SDN,AFR,SDN015,White Nile,Sudan,SDN,AFR,False,390.6594,False,False
SDN011,Sennar,Sudan,SDN,AFR,SDN001,Al Jazeera,Sudan,SDN,AFR,False,235.4702,False,False
SDN011,Sennar,Sudan,SDN,AFR,SDN015,White Nile,Sudan,SDN,AFR,False,185.4769,False,False
SDN011,Sennar,Sudan,SDN,AFR,SSD009,Upper Nile,South Sudan,SSD,AFR,True,61.0198,False,False
SDN012,Southern Darfur,Sudan,SDN,AFR,SDN014,Western Darfur,Sudan,SDN,AFR,False,404.7552,False,False
SDN012,Southern Darfur,Sudan,SDN,AFR,SSD005,Northern Bahr el Ghazal,South Sudan,SSD,AFR,True,212.888,False,False
SDN012,Southern Darfur,Sudan,SDN,AFR,SSD011,Western Bahr el Ghazal,South Sudan,SSD,AFR,True,551.9014,False,False
SDN013,Southern Kordofan,Sudan,SDN,AFR,SDN012,Southern Darfur,Sudan,SDN,AFR,False,189.2069,False,False
SDN013,Southern Kordofan,Sudan,SDN,AFR,SDN015,White Nile,Sudan,SDN,AFR,False,78.6857,False,False
SDN013,Southern Kordofan,Sudan,SDN,AFR,SSD007,Ruweng Administrative Area,South Sudan,SSD,AFR,True,273.2226,False,False
SDN013,Southern Kordofan,Sudan,SDN,AFR,SSD009,Upper Nile,South Sudan,SSD,AFR,True,367.4681,False,False
SDN014,Western Darfur,Sudan,SDN,AFR,TCD017,Ouaddaï,Chad,TCD,AFR,True,175.3104,False,False
SDN014,Western Darfur,Sudan,SDN,AFR,TCD019,Sila,Chad,TCD,AFR,True,377.6423,False,False
SDN014,Western Darfur,Sudan,SDN,AFR,TCD023,Wadi Fira,Chad,TCD,AFR,True,201.6236,False,False
SDN015,White Nile,Sudan,SDN,AFR,SDN001,Al Jazeera,Sudan,SDN,AFR,False,537.8077,False,False
SDN015,White Nile,Sudan,SDN,AFR,SSD009,Upper Nile,South Sudan,SSD,AFR,True,159.9709,False,False
SEN001,Dakar,Senegal,SEN,AFR,SEN009,Thiès,Senegal,SEN,AFR,False,34.8833,False,False
SEN011,Diourbel,Senegal,SEN,AFR,SEN009,Thiès,Senegal,SEN,AFR,False,109.7837,False,False
SEN011,Diourbel,Senegal,SEN,AFR,SEN013,Louga,Senegal,SEN,AFR,False,102.9661,False,False
SEN011,Diourbel,Senegal,SEN,AFR,SEN016,Fatick,Senegal,SEN,AFR,False,145.2959,False,False
SEN011,Diourbel,Senegal,SEN,AFR,SEN017,Kaffrine,Senegal,SEN,AFR,False,10.502,False,False
SEN013,Louga,Senegal,SEN,AFR,SEN009,Thiès,Senegal,SEN,AFR,False,129.0828,False,False
SEN013,Louga,Senegal,SEN,AFR,SEN014,Matam,Senegal,SEN,AFR,False,204.6012,False,False
SEN013,Louga,Senegal,SEN,AFR,SEN015,Saint Louis,Senegal,SEN,AFR,False,12.0329,False,False
SEN014,Matam,Senegal,SEN,AFR,SEN015,Saint Louis,Senegal,SEN,AFR,False,4.6102,True,False
SEN014,Matam,Senegal,SEN,AFR,SEN022,Tambacounda,Senegal,SEN,AFR,False,289.2272,False,False
SEN016,Fatick,Senegal,SEN,AFR,SEN009,Thiès,Senegal,SEN,AFR,False,71.6758,False,False
SEN016,Fatick,Senegal,SEN,AFR,SEN017,Kaffrine,Senegal,SEN,AFR,False,37.9651,False,False
SEN016,Fatick,Senegal,SEN,AFR,SEN018,Kaolack,Senegal,SEN,AFR,False,164.8724,False,False
SEN017,Kaffrine,Senegal,SEN,AFR,SEN013,Louga,Senegal,SEN,AFR,False,74.7583,False,False
SEN017,Kaffrine,Senegal,SEN,AFR,SEN014,Matam,Senegal,SEN,AFR,False,29.3605,False,False
SEN017,Kaffrine,Senegal,SEN,AFR,SEN018,Kaolack,Senegal,SEN,AFR,False,139.7911,False,False
SEN017,Kaffrine,Senegal,SEN,AFR,SEN022,Tambacounda,Senegal,SEN,AFR,False,102.0761,False,False
SEN019,Kédougou,Senegal,SEN,AFR,SEN022,Tambacounda,Senegal,SEN,AFR,False,326.285,False,False
SEN020,Kolda,Senegal,SEN,AFR,SEN021,Sédhiou,Senegal,SEN,AFR,False,94.7634,False,False
SEN020,Kolda,Senegal,SEN,AFR,SEN022,Tambacounda,Senegal,SEN,AFR,False,242.7917,False,False
SEN021,Sédhiou,Senegal,SEN,AFR,SEN010,Ziguinchor,Senegal,SEN,AFR,False,70.2754,False,False
SGP001,Ang Mo Kio-cheng San,Singapore,SGP,Other,SGP003,Central Singapore,Singapore,SGP,Other,False,3.5581,True,False
SGP001,Ang Mo Kio-cheng San,Singapore,SGP,Other,SGP004,Hougang,Singapore,SGP,Other,False,5.05,False,False
SGP001,Ang Mo Kio-cheng San,Singapore,SGP,Other,SGP005,Marine Parade,Singapore,SGP,Other,False,3.9632,True,False
SGP001,Ang Mo Kio-cheng San,Singapore,SGP,Other,SGP006,Northeast,Singapore,SGP,Other,False,6.5116,False,False
SGP001,Ang Mo Kio-cheng San,Singapore,SGP,Other,SGP008,Sembawang-hong Kah,Singapore,SGP,Other,False,15.4445,False,False
SGP002,Bukit Timah,Singapore,SGP,Other,SGP003,Central Singapore,Singapore,SGP,Other,False,4.7675,True,False
SGP002,Bukit Timah,Singapore,SGP,Other,SGP008,Sembawang-hong Kah,Singapore,SGP,Other,False,35.0807,False,False
SGP002,Bukit Timah,Singapore,SGP,Other,SGP009,Tanjong Pagar,Singapore,SGP,Other,False,7.8545,False,False
SGP003,Central Singapore,Singapore,SGP,Other,SGP005,Marine Parade,Singapore,SGP,Other,False,4.5359,True,False
SGP003,Central Singapore,Singapore,SGP,Other,SGP007,Potong Pasir,Singapore,SGP,Other,False,5.5992,False,False
SGP003,Central Singapore,Singapore,SGP,Other,SGP008,Sembawang-hong Kah,Singapore,SGP,Other,False,6.8341,False,False
SGP003,Central Singapore,Singapore,SGP,Other,SGP009,Tanjong Pagar,Singapore,SGP,Other,False,8.3589,False,False
SGP004,Hougang,Singapore,SGP,Other,SGP006,Northeast,Singapore,SGP,Other,False,6.7623,False,False
SGP005,Marine Parade,Singapore,SGP,Other,SGP006,Northeast,Singapore,SGP,Other,False,24.6115,False,False
SGP007,Potong Pasir,Singapore,SGP,Other,SGP005,Marine Parade,Singapore,SGP,Other,False,4.1223,True,False
SLE001,Eastern,Sierra Leone,SLE,AFR,SLE003,Northern,Sierra Leone,SLE,AFR,False,207.6872,False,False
SLE001,Eastern,Sierra Leone,SLE,AFR,SLE004,Southern,Sierra Leone,SLE,AFR,False,260.0024,False,False
SLE002,North West,Sierra Leone,SLE,AFR,SLE004,Southern,Sierra Leone,SLE,AFR,False,27.755,False,False
SLE002,North West,Sierra Leone,SLE,AFR,SLE005,Western Area,Sierra Leone,SLE,AFR,False,15.2476,False,False
SLE003,Northern,Sierra Leone,SLE,AFR,SLE002,North West,Sierra Leone,SLE,AFR,False,377.646,False,False
SLE003,Northern,Sierra Leone,SLE,AFR,SLE004,Southern,Sierra Leone,SLE,AFR,False,181.7397,False,False
SLV001,Ahuachapan,El Salvador,SLV,LCR,SLV012,Santa Ana,El Salvador,SLV,LCR,False,19.2115,False,False
SLV001,Ahuachapan,El Salvador,SLV,LCR,SLV013,Sonsonate,El Salvador,SLV,LCR,False,53.4073,False,False
SLV002,Cabanas,El Salvador,SLV,LCR,SLV004,Cuscatlan,El Salvador,SLV,LCR,False,33.9556,False,False
SLV002,Cabanas,El Salvador,SLV,LCR,SLV011,San Vicente,El Salvador,SLV,LCR,False,49.0851,False,False
SLV003,Chalatenango,El Salvador,SLV,LCR,SLV002,Cabanas,El Salvador,SLV,LCR,False,28.9763,False,False
SLV003,Chalatenango,El Salvador,SLV,LCR,SLV004,Cuscatlan,El Salvador,SLV,LCR,False,1.9298,True,False
SLV003,Chalatenango,El Salvador,SLV,LCR,SLV005,La Libertad,El Salvador,SLV,LCR,False,19.1873,False,False
SLV003,Chalatenango,El Salvador,SLV,LCR,SLV010,San Salvador,El Salvador,SLV,LCR,False,16.7175,False,False
SLV003,Chalatenango,El Salvador,SLV,LCR,SLV012,Santa Ana,El Salvador,SLV,LCR,False,73.1077,False,False
SLV004,Cuscatlan,El Salvador,SLV,LCR,SLV006,La Paz,El Salvador,SLV,LCR,False,18.6963,False,False
SLV004,Cuscatlan,El Salvador,SLV,LCR,SLV011,San Vicente,El Salvador,SLV,LCR,False,14.8612,False,False
SLV005,La Libertad,El Salvador,SLV,LCR,SLV006,La Paz,El Salvador,SLV,LCR,False,11.7679,False,False
SLV005,La Libertad,El Salvador,SLV,LCR,SLV010,San Salvador,El Salvador,SLV,LCR,False,98.6893,False,False
SLV005,La Libertad,El Salvador,SLV,LCR,SLV012,Santa Ana,El Salvador,SLV,LCR,False,35.6544,False,False
SLV005,La Libertad,El Salvador,SLV,LCR,SLV013,Sonsonate,El Salvador,SLV,LCR,False,49.4172,False,False
SLV006,La Paz,El Salvador,SLV,LCR,SLV011,San Vicente,El Salvador,SLV,LCR,False,54.3162,False,False
SLV008,Morazan,El Salvador,SLV,LCR,HND009,Intibuca,Honduras,HND,LCR,True,17.6509,False,False
SLV008,Morazan,El Salvador,SLV,LCR,SLV007,La Union,El Salvador,SLV,LCR,False,55.1191,False,False
SLV008,Morazan,El Salvador,SLV,LCR,SLV009,San Miguel,El Salvador,SLV,LCR,False,78.4562,False,False
SLV009,San Miguel,El Salvador,SLV,LCR,HND009,Intibuca,Honduras,HND,LCR,True,35.7189,False,False
SLV009,San Miguel,El Salvador,SLV,LCR,SLV002,Cabanas,El Salvador,SLV,LCR,False,15.6017,False,False
SLV009,San Miguel,El Salvador,SLV,LCR,SLV007,La Union,El Salvador,SLV,LCR,False,55.5601,False,False
SLV009,San Miguel,El Salvador,SLV,LCR,SLV011,San Vicente,El Salvador,SLV,LCR,False,6.7796,False,False
SLV009,San Miguel,El Salvador,SLV,LCR,SLV014,Usulutan,El Salvador,SLV,LCR,False,132.5357,False,False
SLV010,San Salvador,El Salvador,SLV,LCR,SLV004,Cuscatlan,El Salvador,SLV,LCR,False,59.6114,False,False
SLV010,San Salvador,El Salvador,SLV,LCR,SLV006,La Paz,El Salvador,SLV,LCR,False,33.1105,False,False
SLV012,Santa Ana,El Salvador,SLV,LCR,SLV013,Sonsonate,El Salvador,SLV,LCR,False,43.0674,False,False
SLV014,Usulutan,El Salvador,SLV,LCR,SLV011,San Vicente,El Salvador,SLV,LCR,False,22.5977,False,False
SOM001,Awdal,Somalia,SOM,AFR,DJI001,Ali Sabeh,Djibouti,DJI,MENA,True,52.2046,False,False
SOM001,Awdal,Somalia,SOM,AFR,DJI006,Arta,Djibouti,DJI,MENA,True,8.1485,False,False
SOM001,Awdal,Somalia,SOM,AFR,SOM018,Woqooyi Galbeed,Somalia,SOM,AFR,False,179.128,False,False
SOM002,Bakool,Somalia,SOM,AFR,SOM005,Bay,Somalia,SOM,AFR,False,242.9199,False,False
SOM002,Bakool,Somalia,SOM,AFR,SOM007,Gedo,Somalia,SOM,AFR,False,92.8799,False,False
SOM002,Bakool,Somalia,SOM,AFR,SOM008,Hiraan,Somalia,SOM,AFR,False,186.2747,False,False
SOM002,Bakool,Somalia,SOM,AFR,SOM015,Shabelle Hoose,Somalia,SOM,AFR,False,13.5192,False,False
SOM003,Banadir,Somalia,SOM,AFR,SOM014,Shabelle Dhexe,Somalia,SOM,AFR,False,24.3058,False,False
SOM003,Banadir,Somalia,SOM,AFR,SOM015,Shabelle Hoose,Somalia,SOM,AFR,False,22.3664,False,False
SOM004,Bari,Somalia,SOM,AFR,SOM012,Nugaal,Somalia,SOM,AFR,False,178.779,False,False
SOM004,Bari,Somalia,SOM,AFR,SOM013,Sanaag,Somalia,SOM,AFR,False,186.1818,False,False
SOM004,Bari,Somalia,SOM,AFR,SOM016,Sool,Somalia,SOM,AFR,False,62.7455,False,False
SOM005,Bay,Somalia,SOM,AFR,SOM009,Juba Dhexe,Somalia,SOM,AFR,False,84.6055,False,False
SOM006,Galgaduud,Somalia,SOM,AFR,SOM008,Hiraan,Somalia,SOM,AFR,False,341.8757,False,False
SOM006,Galgaduud,Somalia,SOM,AFR,SOM011,Mudug,Somalia,SOM,AFR,False,520.5353,False,False
SOM006,Galgaduud,Somalia,SOM,AFR,SOM014,Shabelle Dhexe,Somalia,SOM,AFR,False,85.3891,False,False
SOM007,Gedo,Somalia,SOM,AFR,SOM005,Bay,Somalia,SOM,AFR,False,249.1747,False,False
SOM007,Gedo,Somalia,SOM,AFR,SOM009,Juba Dhexe,Somalia,SOM,AFR,False,163.6336,False,False
SOM007,Gedo,Somalia,SOM,AFR,SOM010,Juba Hoose,Somalia,SOM,AFR,False,119.4773,False,False
SOM008,Hiraan,Somalia,SOM,AFR,SOM014,Shabelle Dhexe,Somalia,SOM,AFR,False,187.9371,False,False
SOM008,Hiraan,Somalia,SOM,AFR,SOM015,Shabelle Hoose,Somalia,SOM,AFR,False,32.307,False,False
SOM009,Juba Dhexe,Somalia,SOM,AFR,SOM010,Juba Hoose,Somalia,SOM,AFR,False,280.4878,False,False
SOM011,Mudug,Somalia,SOM,AFR,SOM012,Nugaal,Somalia,SOM,AFR,False,251.7395,False,False
SOM012,Nugaal,Somalia,SOM,AFR,SOM016,Sool,Somalia,SOM,AFR,False,155.8758,False,False
SOM013,Sanaag,Somalia,SOM,AFR,SOM016,Sool,Somalia,SOM,AFR,False,348.9601,False,False
SOM013,Sanaag,Somalia,SOM,AFR,SOM017,Togdheer,Somalia,SOM,AFR,False,5.4012,False,False
SOM013,Sanaag,Somalia,SOM,AFR,SOM018,Woqooyi Galbeed,Somalia,SOM,AFR,False,76.5121,False,False
SOM014,Shabelle Dhexe,Somalia,SOM,AFR,SOM015,Shabelle Hoose,Somalia,SOM,AFR,False,134.5061,False,False
SOM015,Shabelle Hoose,Somalia,SOM,AFR,SOM005,Bay,Somalia,SOM,AFR,False,319.616,False,False
SOM015,Shabelle Hoose,Somalia,SOM,AFR,SOM009,Juba Dhexe,Somalia,SOM,AFR,False,105.429,False,False
SOM016,Sool,Somalia,SOM,AFR,SOM017,Togdheer,Somalia,SOM,AFR,False,315.8298,False,False
SOM017,Togdheer,Somalia,SOM,AFR,SOM018,Woqooyi Galbeed,Somalia,SOM,AFR,False,267.6744,False,False
SRB001,Borski,Serbia,SRB,ECA,SRB002,Branicevski,Serbia,SRB,ECA,False,95.7269,False,False
SRB001,Borski,Serbia,SRB,ECA,SRB014,Pomoravski,Serbia,SRB,ECA,False,5.8018,False,False
SRB001,Borski,Serbia,SRB,ECA,SRB023,Zajecarski,Serbia,SRB,ECA,False,107.594,False,False
SRB002,Branicevski,Serbia,SRB,ECA,SRB006,Juzno-banatski,Serbia,SRB,ECA,False,30.9303,False,False
SRB002,Branicevski,Serbia,SRB,ECA,SRB013,Podunavski,Serbia,SRB,ECA,False,68.8982,False,False
SRB002,Branicevski,Serbia,SRB,ECA,SRB014,Pomoravski,Serbia,SRB,ECA,False,77.2367,False,False
SRB003,Grad Beograd,Serbia,SRB,ECA,SRB006,Juzno-banatski,Serbia,SRB,ECA,False,68.7503,False,False
SRB003,Grad Beograd,Serbia,SRB,ECA,SRB007,Kolubarski,Serbia,SRB,ECA,False,75.581,False,False
SRB003,Grad Beograd,Serbia,SRB,ECA,SRB008,Macvanski,Serbia,SRB,ECA,False,5.4177,False,False
SRB003,Grad Beograd,Serbia,SRB,ECA,SRB013,Podunavski,Serbia,SRB,ECA,False,51.4187,False,False
SRB003,Grad Beograd,Serbia,SRB,ECA,SRB019,Srednje-banatski,Serbia,SRB,ECA,False,9.4177,False,False
SRB003,Grad Beograd,Serbia,SRB,ECA,SRB020,Sremski,Serbia,SRB,ECA,False,72.5954,False,False
SRB003,Grad Beograd,Serbia,SRB,ECA,SRB021,Sumadijski,Serbia,SRB,ECA,False,52.8862,False,False
SRB004,Jablanicki,Serbia,SRB,ECA,SRB010,Nisavski,Serbia,SRB,ECA,False,46.9889,False,False
SRB004,Jablanicki,Serbia,SRB,ECA,SRB011,Pcinjski,Serbia,SRB,ECA,False,76.8394,False,False
SRB004,Jablanicki,Serbia,SRB,ECA,SRB012,Pirotski,Serbia,SRB,ECA,False,45.8577,False,False
SRB004,Jablanicki,Serbia,SRB,ECA,SRB022,Toplicki,Serbia,SRB,ECA,False,52.8334,False,False
SRB004,Jablanicki,Serbia,SRB,ECA,XKX003,Gjilan,Kosovo,XKX,ECA,True,32.9825,False,False
SRB004,Jablanicki,Serbia,SRB,ECA,XKX006,Prishtinë,Kosovo,XKX,ECA,True,28.6525,False,False
SRB005,Juzno-backi,Serbia,SRB,ECA,SRB017,Severno-backi,Serbia,SRB,ECA,False,32.1941,False,False
SRB005,Juzno-backi,Serbia,SRB,ECA,SRB024,Zapadno-backi,Serbia,SRB,ECA,False,74.1151,False,False
SRB006,Juzno-banatski,Serbia,SRB,ECA,SRB013,Podunavski,Serbia,SRB,ECA,False,18.8431,False,False
SRB006,Juzno-banatski,Serbia,SRB,ECA,SRB019,Srednje-banatski,Serbia,SRB,ECA,False,74.0867,False,False
SRB007,Kolubarski,Serbia,SRB,ECA,SRB008,Macvanski,Serbia,SRB,ECA,False,110.158,False,False
SRB007,Kolubarski,Serbia,SRB,ECA,SRB009,Moravicki,Serbia,SRB,ECA,False,41.4598,False,False
SRB007,Kolubarski,Serbia,SRB,ECA,SRB021,Sumadijski,Serbia,SRB,ECA,False,6.7223,False,False
SRB007,Kolubarski,Serbia,SRB,ECA,SRB025,Zlatiborski,Serbia,SRB,ECA,False,64.3361,False,False
SRB008,Macvanski,Serbia,SRB,ECA,SRB020,Sremski,Serbia,SRB,ECA,False,103.7467,False,False
SRB008,Macvanski,Serbia,SRB,ECA,SRB025,Zlatiborski,Serbia,SRB,ECA,False,13.4632,False,False
SRB009,Moravicki,Serbia,SRB,ECA,SRB016,Raski,Serbia,SRB,ECA,False,97.8908,False,False
SRB009,Moravicki,Serbia,SRB,ECA,SRB021,Sumadijski,Serbia,SRB,ECA,False,61.2875,False,False
SRB009,Moravicki,Serbia,SRB,ECA,SRB025,Zlatiborski,Serbia,SRB,ECA,False,154.8889,False,False
SRB010,Nisavski,Serbia,SRB,ECA,SRB012,Pirotski,Serbia,SRB,ECA,False,66.1936,False,False
SRB010,Nisavski,Serbia,SRB,ECA,SRB014,Pomoravski,Serbia,SRB,ECA,False,16.4196,False,False
SRB010,Nisavski,Serbia,SRB,ECA,SRB015,Rasinski,Serbia,SRB,ECA,False,54.8391,False,False
SRB010,Nisavski,Serbia,SRB,ECA,SRB022,Toplicki,Serbia,SRB,ECA,False,54.1169,False,False
SRB010,Nisavski,Serbia,SRB,ECA,SRB023,Zajecarski,Serbia,SRB,ECA,False,117.6007,False,False
SRB011,Pcinjski,Serbia,SRB,ECA,XKX003,Gjilan,Kosovo,XKX,ECA,True,80.3264,False,False
SRB012,Pirotski,Serbia,SRB,ECA,SRB023,Zajecarski,Serbia,SRB,ECA,False,38.0312,False,False
SRB013,Podunavski,Serbia,SRB,ECA,SRB014,Pomoravski,Serbia,SRB,ECA,False,17.1353,False,False
SRB013,Podunavski,Serbia,SRB,ECA,SRB021,Sumadijski,Serbia,SRB,ECA,False,39.9529,False,False
SRB014,Pomoravski,Serbia,SRB,ECA,SRB015,Rasinski,Serbia,SRB,ECA,False,71.2122,False,False
SRB014,Pomoravski,Serbia,SRB,ECA,SRB016,Raski,Serbia,SRB,ECA,False,10.658,False,False
SRB014,Pomoravski,Serbia,SRB,ECA,SRB021,Sumadijski,Serbia,SRB,ECA,False,65.3668,False,False
SRB014,Pomoravski,Serbia,SRB,ECA,SRB023,Zajecarski,Serbia,SRB,ECA,False,29.4598,False,False
SRB015,Rasinski,Serbia,SRB,ECA,SRB016,Raski,Serbia,SRB,ECA,False,81.5548,False,False
SRB015,Rasinski,Serbia,SRB,ECA,SRB022,Toplicki,Serbia,SRB,ECA,False,67.7066,False,False
SRB015,Rasinski,Serbia,SRB,ECA,XKX004,Mitrovicë,Kosovo,XKX,ECA,True,29.7308,False,False
SRB016,Raski,Serbia,SRB,ECA,SRB021,Sumadijski,Serbia,SRB,ECA,False,33.5949,False,False
SRB016,Raski,Serbia,SRB,ECA,SRB025,Zlatiborski,Serbia,SRB,ECA,False,47.2378,False,False
SRB016,Raski,Serbia,SRB,ECA,XKX004,Mitrovicë,Kosovo,XKX,ECA,True,87.7052,False,False
SRB016,Raski,Serbia,SRB,ECA,XKX005,Pejë,Kosovo,XKX,ECA,True,18.4897,False,False
SRB017,Severno-backi,Serbia,SRB,ECA,SRB024,Zapadno-backi,Serbia,SRB,ECA,False,59.6039,False,False
SRB018,Severno-banatski,Serbia,SRB,ECA,SRB005,Juzno-backi,Serbia,SRB,ECA,False,23.2461,False,False
SRB018,Severno-banatski,Serbia,SRB,ECA,SRB017,Severno-backi,Serbia,SRB,ECA,False,49.2016,False,False
SRB019,Srednje-banatski,Serbia,SRB,ECA,SRB005,Juzno-backi,Serbia,SRB,ECA,False,94.8362,False,False
SRB019,Srednje-banatski,Serbia,SRB,ECA,SRB018,Severno-banatski,Serbia,SRB,ECA,False,106.7171,False,False
SRB019,Srednje-banatski,Serbia,SRB,ECA,SRB020,Sremski,Serbia,SRB,ECA,False,5.8761,False,False
SRB020,Sremski,Serbia,SRB,ECA,HRV019,Vukovar-srijem,Croatia,HRV,ECA,True,109.004,False,False
SRB020,Sremski,Serbia,SRB,ECA,SRB005,Juzno-backi,Serbia,SRB,ECA,False,72.8517,False,False
SRB022,Toplicki,Serbia,SRB,ECA,XKX004,Mitrovicë,Kosovo,XKX,ECA,True,4.7594,True,False
SRB022,Toplicki,Serbia,SRB,ECA,XKX006,Prishtinë,Kosovo,XKX,ECA,True,75.4867,False,False
SSD001,Central Equatoria,South Sudan,SSD,AFR,SSD003,Jonglei,South Sudan,SSD,AFR,False,46.2586,False,False
SSD001,Central Equatoria,South Sudan,SSD,AFR,SSD004,Lakes,South Sudan,SSD,AFR,False,178.4761,False,False
SSD001,Central Equatoria,South Sudan,SSD,AFR,SSD012,Western Equatoria,South Sudan,SSD,AFR,False,326.5841,False,False
SSD001,Central Equatoria,South Sudan,SSD,AFR,UGA057,Koboko,Uganda,UGA,AFR,True,51.1808,False,False
SSD001,Central Equatoria,South Sudan,SSD,AFR,UGA081,Moyo,Uganda,UGA,AFR,True,41.1498,False,False
SSD001,Central Equatoria,South Sudan,SSD,AFR,UGA110,Yumbe,Uganda,UGA,AFR,True,57.1614,False,False
SSD002,Eastern Equatoria,South Sudan,SSD,AFR,SSD001,Central Equatoria,South Sudan,SSD,AFR,False,270.9957,False,False
SSD002,Eastern Equatoria,South Sudan,SSD,AFR,SSD003,Jonglei,South Sudan,SSD,AFR,False,44.8594,False,False
SSD002,Eastern Equatoria,South Sudan,SSD,AFR,SSD006,Pibor Administrative Area,South Sudan,SSD,AFR,False,281.7665,False,False
SSD002,Eastern Equatoria,South Sudan,SSD,AFR,UGA002,Adjumani,Uganda,UGA,AFR,True,7.2129,False,False
SSD002,Eastern Equatoria,South Sudan,SSD,AFR,UGA008,Amuru,Uganda,UGA,AFR,True,23.5675,False,False
SSD002,Eastern Equatoria,South Sudan,SSD,AFR,UGA036,Kaabong,Uganda,UGA,AFR,True,73.8323,False,False
SSD002,Eastern Equatoria,South Sudan,SSD,AFR,UGA056,Kitgum,Uganda,UGA,AFR,True,0.8859,True,True
SSD002,Eastern Equatoria,South Sudan,SSD,AFR,UGA065,Lamwo,Uganda,UGA,AFR,True,171.0193,False,False
SSD002,Eastern Equatoria,South Sudan,SSD,AFR,UGA081,Moyo,Uganda,UGA,AFR,True,43.7184,False,False
SSD003,Jonglei,South Sudan,SSD,AFR,SSD004,Lakes,South Sudan,SSD,AFR,False,231.5647,False,False
SSD003,Jonglei,South Sudan,SSD,AFR,SSD006,Pibor Administrative Area,South Sudan,SSD,AFR,False,352.9789,False,False
SSD003,Jonglei,South Sudan,SSD,AFR,SSD008,Unity,South Sudan,SSD,AFR,False,384.38,False,False
SSD004,Lakes,South Sudan,SSD,AFR,SSD008,Unity,South Sudan,SSD,AFR,False,171.787,False,False
SSD004,Lakes,South Sudan,SSD,AFR,SSD010,Warrap,South Sudan,SSD,AFR,False,256.0661,False,False
SSD004,Lakes,South Sudan,SSD,AFR,SSD012,Western Equatoria,South Sudan,SSD,AFR,False,356.442,False,False
SSD005,Northern Bahr el Ghazal,South Sudan,SSD,AFR,SSD010,Warrap,South Sudan,SSD,AFR,False,111.9593,False,False
SSD005,Northern Bahr el Ghazal,South Sudan,SSD,AFR,SSD011,Western Bahr el Ghazal,South Sudan,SSD,AFR,False,399.9373,False,False
SSD007,Ruweng Administrative Area,South Sudan,SSD,AFR,SSD003,Jonglei,South Sudan,SSD,AFR,False,52.3071,False,False
SSD007,Ruweng Administrative Area,South Sudan,SSD,AFR,SSD008,Unity,South Sudan,SSD,AFR,False,189.4251,False,False
SSD007,Ruweng Administrative Area,South Sudan,SSD,AFR,SSD009,Upper Nile,South Sudan,SSD,AFR,False,32.5278,False,False
SSD007,Ruweng Administrative Area,South Sudan,SSD,AFR,SSD010,Warrap,South Sudan,SSD,AFR,False,11.6332,False,False
SSD008,Unity,South Sudan,SSD,AFR,SSD010,Warrap,South Sudan,SSD,AFR,False,238.813,False,False
SSD009,Upper Nile,South Sudan,SSD,AFR,SSD003,Jonglei,South Sudan,SSD,AFR,False,469.5579,False,False
SSD010,Warrap,South Sudan,SSD,AFR,SSD011,Western Bahr el Ghazal,South Sudan,SSD,AFR,False,237.7243,False,False
SSD012,Western Equatoria,South Sudan,SSD,AFR,CAF004,Haut-Oubangui,Central African Republic,CAF,AFR,True,344.1049,False,False
SSD012,Western Equatoria,South Sudan,SSD,AFR,SSD010,Warrap,South Sudan,SSD,AFR,False,29.1054,False,False
SSD012,Western Equatoria,South Sudan,SSD,AFR,SSD011,Western Bahr el Ghazal,South Sudan,SSD,AFR,False,232.5655,False,False
SUR001,Brokopondo,Suriname,SUR,LCR,SUR006,Para,Suriname,SUR,LCR,False,150.0946,False,False
SUR001,Brokopondo,Suriname,SUR,LCR,SUR009,Sipaliwini,Suriname,SUR,LCR,False,333.5484,False,False
SUR002,Commewijne,Suriname,SUR,LCR,SUR004,Marowijne,Suriname,SUR,LCR,False,67.2789,False,False
SUR002,Commewijne,Suriname,SUR,LCR,SUR006,Para,Suriname,SUR,LCR,False,83.6383,False,False
SUR002,Commewijne,Suriname,SUR,LCR,SUR007,Paramaribo,Suriname,SUR,LCR,False,10.4425,False,False
SUR002,Commewijne,Suriname,SUR,LCR,SUR010,Wanica,Suriname,SUR,LCR,False,13.6068,False,False
SUR003,Coronie,Suriname,SUR,LCR,SUR005,Nickerie,Suriname,SUR,LCR,False,111.6417,False,False
SUR003,Coronie,Suriname,SUR,LCR,SUR008,Saramacca,Suriname,SUR,LCR,False,35.884,False,False
SUR003,Coronie,Suriname,SUR,LCR,SUR009,Sipaliwini,Suriname,SUR,LCR,False,86.3195,False,False
SUR004,Marowijne,Suriname,SUR,LCR,SUR006,Para,Suriname,SUR,LCR,False,22.343,False,False
SUR004,Marowijne,Suriname,SUR,LCR,SUR009,Sipaliwini,Suriname,SUR,LCR,False,44.0588,False,False
SUR005,Nickerie,Suriname,SUR,LCR,SUR009,Sipaliwini,Suriname,SUR,LCR,False,88.0257,False,False
SUR006,Para,Suriname,SUR,LCR,SUR008,Saramacca,Suriname,SUR,LCR,False,145.9037,False,False
SUR006,Para,Suriname,SUR,LCR,SUR009,Sipaliwini,Suriname,SUR,LCR,False,192.4151,False,False
SUR006,Para,Suriname,SUR,LCR,SUR010,Wanica,Suriname,SUR,LCR,False,38.4935,False,False
SUR007,Paramaribo,Suriname,SUR,LCR,SUR010,Wanica,Suriname,SUR,LCR,False,28.6891,False,False
SUR008,Saramacca,Suriname,SUR,LCR,SUR009,Sipaliwini,Suriname,SUR,LCR,False,2.4406,True,False
SUR008,Saramacca,Suriname,SUR,LCR,SUR010,Wanica,Suriname,SUR,LCR,False,35.1262,False,False
SVK001,Banska Bystrica,Slovak Republic,SVK,ECA,HUN013,Nograd,Hungary,HUN,ECA,True,130.67,False,False
SVK001,Banska Bystrica,Slovak Republic,SVK,ECA,SVK003,Kosice,Slovak Republic,SVK,ECA,False,72.8303,False,False
SVK001,Banska Bystrica,Slovak Republic,SVK,ECA,SVK004,Nitra,Slovak Republic,SVK,ECA,False,138.1247,False,False
SVK001,Banska Bystrica,Slovak Republic,SVK,ECA,SVK006,Trencin,Slovak Republic,SVK,ECA,False,40.385,False,False
SVK001,Banska Bystrica,Slovak Republic,SVK,ECA,SVK008,Zilna,Slovak Republic,SVK,ECA,False,116.4389,False,False
SVK002,Bratislava,Slovak Republic,SVK,ECA,SVK007,Trnava,Slovak Republic,SVK,ECA,False,166.6117,False,False
SVK004,Nitra,Slovak Republic,SVK,ECA,SVK006,Trencin,Slovak Republic,SVK,ECA,False,74.0381,False,False
SVK004,Nitra,Slovak Republic,SVK,ECA,SVK007,Trnava,Slovak Republic,SVK,ECA,False,145.7581,False,False
SVK005,Presov,Slovak Republic,SVK,ECA,SVK001,Banska Bystrica,Slovak Republic,SVK,ECA,False,22.7483,False,False
SVK005,Presov,Slovak Republic,SVK,ECA,SVK003,Kosice,Slovak Republic,SVK,ECA,False,265.1632,False,False
SVK005,Presov,Slovak Republic,SVK,ECA,SVK008,Zilna,Slovak Republic,SVK,ECA,False,56.6613,False,False
SVK005,Presov,Slovak Republic,SVK,ECA,UKR023,Zakarpats'ka,Ukraine,UKR,ECA,True,33.1855,False,False
SVK007,Trnava,Slovak Republic,SVK,ECA,SVK006,Trencin,Slovak Republic,SVK,ECA,False,81.3594,False,False
SVK008,Zilna,Slovak Republic,SVK,ECA,SVK006,Trencin,Slovak Republic,SVK,ECA,False,107.5924,False,False
SVN001,Gorenjska,Slovenia,SVN,ECA,AUT002,Karnten,Austria,AUT,Other,True,85.4566,False,False
SVN001,Gorenjska,Slovenia,SVN,ECA,SVN002,Goriska,Slovenia,SVN,ECA,False,103.4284,False,False
SVN001,Gorenjska,Slovenia,SVN,ECA,SVN007,Osrednjeslovenska,Slovenia,SVN,ECA,False,81.1153,False,False
SVN001,Gorenjska,Slovenia,SVN,ECA,SVN010,Savinjska,Slovenia,SVN,ECA,False,0.7098,True,True
SVN003,Jugovzodna Slovenija,Slovenia,SVN,ECA,SVN011,Spodnjeposavska,Slovenia,SVN,ECA,False,62.6262,False,False
SVN004,Koroska,Slovenia,SVN,ECA,SVN008,Podravska,Slovenia,SVN,ECA,False,34.4903,False,False
SVN004,Koroska,Slovenia,SVN,ECA,SVN010,Savinjska,Slovenia,SVN,ECA,False,76.0044,False,False
SVN005,Notranjsko-kraska,Slovenia,SVN,ECA,HRV012,Primorje-gorski Kota,Croatia,HRV,ECA,True,47.471,False,False
SVN005,Notranjsko-kraska,Slovenia,SVN,ECA,SVN002,Goriska,Slovenia,SVN,ECA,False,19.7113,False,False
SVN005,Notranjsko-kraska,Slovenia,SVN,ECA,SVN003,Jugovzodna Slovenija,Slovenia,SVN,ECA,False,36.3145,False,False
SVN006,Obalno-kraska,Slovenia,SVN,ECA,HRV004,Istra,Croatia,HRV,ECA,True,65.1241,False,False
SVN006,Obalno-kraska,Slovenia,SVN,ECA,HRV012,Primorje-gorski Kota,Croatia,HRV,ECA,True,10.0609,False,False
SVN006,Obalno-kraska,Slovenia,SVN,ECA,SVN002,Goriska,Slovenia,SVN,ECA,False,48.3521,False,False
SVN006,Obalno-kraska,Slovenia,SVN,ECA,SVN005,Notranjsko-kraska,Slovenia,SVN,ECA,False,56.0659,False,False
SVN007,Osrednjeslovenska,Slovenia,SVN,ECA,SVN002,Goriska,Slovenia,SVN,ECA,False,20.7947,False,False
SVN007,Osrednjeslovenska,Slovenia,SVN,ECA,SVN003,Jugovzodna Slovenija,Slovenia,SVN,ECA,False,106.0657,False,False
SVN007,Osrednjeslovenska,Slovenia,SVN,ECA,SVN005,Notranjsko-kraska,Slovenia,SVN,ECA,False,42.7462,False,False
SVN007,Osrednjeslovenska,Slovenia,SVN,ECA,SVN010,Savinjska,Slovenia,SVN,ECA,False,49.354,False,False
SVN007,Osrednjeslovenska,Slovenia,SVN,ECA,SVN011,Spodnjeposavska,Slovenia,SVN,ECA,False,4.5522,True,False
SVN007,Osrednjeslovenska,Slovenia,SVN,ECA,SVN012,Zasavska,Slovenia,SVN,ECA,False,53.9577,False,False
SVN008,Podravska,Slovenia,SVN,ECA,SVN009,Pomurska,Slovenia,SVN,ECA,False,66.9982,False,False
SVN008,Podravska,Slovenia,SVN,ECA,SVN010,Savinjska,Slovenia,SVN,ECA,False,69.4917,False,False
SVN010,Savinjska,Slovenia,SVN,ECA,SVN012,Zasavska,Slovenia,SVN,ECA,False,50.372,False,False
SVN011,Spodnjeposavska,Slovenia,SVN,ECA,SVN010,Savinjska,Slovenia,SVN,ECA,False,83.2744,False,False
SWE001,Blekinge Laen,Sweden,SWE,Other,SWE008,Kalmar Laen,Sweden,SWE,Other,False,60.1564,False,False
SWE001,Blekinge Laen,Sweden,SWE,Other,SWE009,Kronobergs Laen,Sweden,SWE,Other,False,66.8313,False,False
SWE001,Blekinge Laen,Sweden,SWE,Other,SWE013,Skaane Laen,Sweden,SWE,Other,False,56.5882,False,False
SWE002,Dalarnas Laen,Sweden,SWE,Other,SWE003,Gaevleborgs Laen,Sweden,SWE,Other,False,267.672,False,False
SWE002,Dalarnas Laen,Sweden,SWE,Other,SWE011,Oerebro Laen,Sweden,SWE,Other,False,81.4975,False,False
SWE002,Dalarnas Laen,Sweden,SWE,Other,SWE017,Vaermlands Laen,Sweden,SWE,Other,False,181.3645,False,False
SWE002,Dalarnas Laen,Sweden,SWE,Other,SWE020,Vaestmanlands Laen,Sweden,SWE,Other,False,119.47,False,False
SWE003,Gaevleborgs Laen,Sweden,SWE,Other,SWE016,Uppsala Laen,Sweden,SWE,Other,False,32.1599,False,False
SWE003,Gaevleborgs Laen,Sweden,SWE,Other,SWE019,Vaesternorrlands Laen,Sweden,SWE,Other,False,120.8483,False,False
SWE003,Gaevleborgs Laen,Sweden,SWE,Other,SWE020,Vaestmanlands Laen,Sweden,SWE,Other,False,21.9023,False,False
SWE005,Hallands Laen,Sweden,SWE,Other,SWE013,Skaane Laen,Sweden,SWE,Other,False,50.7942,False,False
SWE006,Jaemtlands Laen,Sweden,SWE,Other,NOR009,Nordland,Norway,NOR,Other,True,1.4187,True,False
SWE006,Jaemtlands Laen,Sweden,SWE,Other,SWE002,Dalarnas Laen,Sweden,SWE,Other,False,181.1659,False,False
SWE006,Jaemtlands Laen,Sweden,SWE,Other,SWE003,Gaevleborgs Laen,Sweden,SWE,Other,False,163.2732,False,False
SWE006,Jaemtlands Laen,Sweden,SWE,Other,SWE018,Vaesterbottens Laen,Sweden,SWE,Other,False,211.9998,False,False
SWE006,Jaemtlands Laen,Sweden,SWE,Other,SWE019,Vaesternorrlands Laen,Sweden,SWE,Other,False,389.4428,False,False
SWE007,Joenkoepings Laen,Sweden,SWE,Other,SWE005,Hallands Laen,Sweden,SWE,Other,False,60.3965,False,False
SWE007,Joenkoepings Laen,Sweden,SWE,Other,SWE008,Kalmar Laen,Sweden,SWE,Other,False,84.4878,False,False
SWE007,Joenkoepings Laen,Sweden,SWE,Other,SWE009,Kronobergs Laen,Sweden,SWE,Other,False,183.4177,False,False
SWE007,Joenkoepings Laen,Sweden,SWE,Other,SWE012,Oestergoetlands Laen,Sweden,SWE,Other,False,104.315,False,False
SWE007,Joenkoepings Laen,Sweden,SWE,Other,SWE021,Vaestra Goetalands Laen,Sweden,SWE,Other,False,136.9999,False,False
SWE008,Kalmar Laen,Sweden,SWE,Other,SWE009,Kronobergs Laen,Sweden,SWE,Other,False,124.6849,False,False
SWE008,Kalmar Laen,Sweden,SWE,Other,SWE012,Oestergoetlands Laen,Sweden,SWE,Other,False,149.3978,False,False
SWE009,Kronobergs Laen,Sweden,SWE,Other,SWE005,Hallands Laen,Sweden,SWE,Other,False,73.4672,False,False
SWE009,Kronobergs Laen,Sweden,SWE,Other,SWE013,Skaane Laen,Sweden,SWE,Other,False,76.4915,False,False
SWE010,Norrbottens Laen,Sweden,SWE,Other,SWE018,Vaesterbottens Laen,Sweden,SWE,Other,False,366.624,False,False
SWE011,Oerebro Laen,Sweden,SWE,Other,SWE014,Soedermanlands Laen,Sweden,SWE,Other,False,28.0813,False,False
SWE011,Oerebro Laen,Sweden,SWE,Other,SWE017,Vaermlands Laen,Sweden,SWE,Other,False,123.341,False,False
SWE011,Oerebro Laen,Sweden,SWE,Other,SWE020,Vaestmanlands Laen,Sweden,SWE,Other,False,85.7795,False,False
SWE011,Oerebro Laen,Sweden,SWE,Other,SWE021,Vaestra Goetalands Laen,Sweden,SWE,Other,False,63.1987,False,False
SWE012,Oestergoetlands Laen,Sweden,SWE,Other,SWE011,Oerebro Laen,Sweden,SWE,Other,False,84.0126,False,False
SWE012,Oestergoetlands Laen,Sweden,SWE,Other,SWE014,Soedermanlands Laen,Sweden,SWE,Other,False,96.2075,False,False
SWE014,Soedermanlands Laen,Sweden,SWE,Other,SWE015,Stockholms Laen,Sweden,SWE,Other,False,48.9465,False,False
SWE014,Soedermanlands Laen,Sweden,SWE,Other,SWE020,Vaestmanlands Laen,Sweden,SWE,Other,False,47.1397,False,False
SWE015,Stockholms Laen,Sweden,SWE,Other,SWE016,Uppsala Laen,Sweden,SWE,Other,False,107.5722,False,False
SWE016,Uppsala Laen,Sweden,SWE,Other,SWE020,Vaestmanlands Laen,Sweden,SWE,Other,False,124.348,False,False
SWE018,Vaesterbottens Laen,Sweden,SWE,Other,SWE019,Vaesternorrlands Laen,Sweden,SWE,Other,False,180.0546,False,False
SWE021,Vaestra Goetalands Laen,Sweden,SWE,Other,SWE005,Hallands Laen,Sweden,SWE,Other,False,139.1092,False,False
SWE021,Vaestra Goetalands Laen,Sweden,SWE,Other,SWE017,Vaermlands Laen,Sweden,SWE,Other,False,96.7436,False,False
SWZ001,Hhohho,Eswatini,SWZ,AFR,SWZ002,Lubombo,Eswatini,SWZ,AFR,False,38.987,False,False
SWZ001,Hhohho,Eswatini,SWZ,AFR,SWZ003,Manzini,Eswatini,SWZ,AFR,False,151.4591,False,False
SWZ001,Hhohho,Eswatini,SWZ,AFR,ZAF006,Mpumalanga,South Africa,ZAF,AFR,True,129.613,False,False
SWZ002,Lubombo,Eswatini,SWZ,AFR,SWZ003,Manzini,Eswatini,SWZ,AFR,False,86.6396,False,False
SWZ002,Lubombo,Eswatini,SWZ,AFR,SWZ004,Shiselweni,Eswatini,SWZ,AFR,False,145.0796,False,False
SWZ002,Lubombo,Eswatini,SWZ,AFR,ZAF004,Kwa-Zulu Natal,South Africa,ZAF,AFR,True,41.7626,False,False
SWZ002,Lubombo,Eswatini,SWZ,AFR,ZAF006,Mpumalanga,South Africa,ZAF,AFR,True,25.0441,False,False
SWZ003,Manzini,Eswatini,SWZ,AFR,SWZ004,Shiselweni,Eswatini,SWZ,AFR,False,107.0697,False,False
SWZ003,Manzini,Eswatini,SWZ,AFR,ZAF006,Mpumalanga,South Africa,ZAF,AFR,True,73.5027,False,False
SWZ004,Shiselweni,Eswatini,SWZ,AFR,ZAF004,Kwa-Zulu Natal,South Africa,ZAF,AFR,True,101.7169,False,False
SWZ004,Shiselweni,Eswatini,SWZ,AFR,ZAF006,Mpumalanga,South Africa,ZAF,AFR,True,70.6201,False,False
SYC004,Anse Boileau,Seychelles,SYC,AFR,SYC006,Anse Royale,Seychelles,SYC,AFR,False,2.4045,True,False
SYC004,Anse Boileau,Seychelles,SYC,AFR,SYC010,Au Cap,Seychelles,SYC,AFR,False,3.087,True,False
SYC004,Anse Boileau,Seychelles,SYC,AFR,SYC011,Baie Lazare,Seychelles,SYC,AFR,False,1.3631,True,False
SYC004,Anse Boileau,Seychelles,SYC,AFR,SYC017,Cascade,Seychelles,SYC,AFR,False,2.0187,True,False
SYC004,Anse Boileau,Seychelles,SYC,AFR,SYC034,Grand Anse Mahe,Seychelles,SYC,AFR,False,2.9686,True,False
SYC005,Anse Etoile,Seychelles,SYC,AFR,SYC029,English River,Seychelles,SYC,AFR,False,2.2678,True,False
SYC005,Anse Etoile,Seychelles,SYC,AFR,SYC033,Glacis,Seychelles,SYC,AFR,False,4.1569,True,False
SYC006,Anse Royale,Seychelles,SYC,AFR,SYC059,Takamaka,Seychelles,SYC,AFR,False,1.4536,True,False
SYC010,Au Cap,Seychelles,SYC,AFR,SYC003,Anse Aux Pins,Seychelles,SYC,AFR,False,2.5568,True,False
SYC010,Au Cap,Seychelles,SYC,AFR,SYC006,Anse Royale,Seychelles,SYC,AFR,False,3.6861,True,False
SYC011,Baie Lazare,Seychelles,SYC,AFR,SYC006,Anse Royale,Seychelles,SYC,AFR,False,3.1966,True,False
SYC011,Baie Lazare,Seychelles,SYC,AFR,SYC059,Takamaka,Seychelles,SYC,AFR,False,3.7684,True,False
SYC012,Beau Vallon,Seychelles,SYC,AFR,SYC005,Anse Etoile,Seychelles,SYC,AFR,False,2.3115,True,False
SYC012,Beau Vallon,Seychelles,SYC,AFR,SYC033,Glacis,Seychelles,SYC,AFR,False,1.0214,True,False
SYC012,Beau Vallon,Seychelles,SYC,AFR,SYC040,Mont Buxton,Seychelles,SYC,AFR,False,1.5623,True,False
SYC012,Beau Vallon,Seychelles,SYC,AFR,SYC048,Port Glaud,Seychelles,SYC,AFR,False,0.1123,True,True
SYC012,Beau Vallon,Seychelles,SYC,AFR,SYC054,St Louis,Seychelles,SYC,AFR,False,1.7363,True,False
SYC013,Bel Air,Seychelles,SYC,AFR,SYC041,Mont Fleuri,Seychelles,SYC,AFR,False,3.9968,True,False
SYC013,Bel Air,Seychelles,SYC,AFR,SYC044,Plaisance,Seychelles,SYC,AFR,False,1.7613,True,False
SYC013,Bel Air,Seychelles,SYC,AFR,SYC048,Port Glaud,Seychelles,SYC,AFR,False,3.7842,True,False
SYC013,Bel Air,Seychelles,SYC,AFR,SYC054,St Louis,Seychelles,SYC,AFR,False,2.4803,True,False
SYC014,Belombre,Seychelles,SYC,AFR,SYC012,Beau Vallon,Seychelles,SYC,AFR,False,2.3251,True,False
SYC014,Belombre,Seychelles,SYC,AFR,SYC048,Port Glaud,Seychelles,SYC,AFR,False,8.2947,False,False
SYC017,Cascade,Seychelles,SYC,AFR,SYC003,Anse Aux Pins,Seychelles,SYC,AFR,False,0.5367,True,True
SYC017,Cascade,Seychelles,SYC,AFR,SYC010,Au Cap,Seychelles,SYC,AFR,False,0.5017,True,True
SYC017,Cascade,Seychelles,SYC,AFR,SYC034,Grand Anse Mahe,Seychelles,SYC,AFR,False,3.5547,True,False
SYC017,Cascade,Seychelles,SYC,AFR,SYC038,Les Mamelles,Seychelles,SYC,AFR,False,1.2114,True,False
SYC017,Cascade,Seychelles,SYC,AFR,SYC052,Roche Caiman,Seychelles,SYC,AFR,False,2.0331,True,False
SYC029,English River,Seychelles,SYC,AFR,SYC054,St Louis,Seychelles,SYC,AFR,False,0.9885,True,True
SYC034,Grand Anse Mahe,Seychelles,SYC,AFR,SYC038,Les Mamelles,Seychelles,SYC,AFR,False,0.3927,True,True
SYC034,Grand Anse Mahe,Seychelles,SYC,AFR,SYC044,Plaisance,Seychelles,SYC,AFR,False,3.367,True,False
SYC034,Grand Anse Mahe,Seychelles,SYC,AFR,SYC048,Port Glaud,Seychelles,SYC,AFR,False,3.5354,True,False
SYC038,Les Mamelles,Seychelles,SYC,AFR,SYC044,Plaisance,Seychelles,SYC,AFR,False,2.1346,True,False
SYC038,Les Mamelles,Seychelles,SYC,AFR,SYC052,Roche Caiman,Seychelles,SYC,AFR,False,1.9803,True,False
SYC040,Mont Buxton,Seychelles,SYC,AFR,SYC029,English River,Seychelles,SYC,AFR,False,1.9089,True,False
SYC040,Mont Buxton,Seychelles,SYC,AFR,SYC054,St Louis,Seychelles,SYC,AFR,False,1.5043,True,False
SYC041,Mont Fleuri,Seychelles,SYC,AFR,SYC044,Plaisance,Seychelles,SYC,AFR,False,1.5687,True,False
SYC044,Plaisance,Seychelles,SYC,AFR,SYC052,Roche Caiman,Seychelles,SYC,AFR,False,1.0528,True,False
SYC046,Pointe Larue,Seychelles,SYC,AFR,SYC003,Anse Aux Pins,Seychelles,SYC,AFR,False,2.873,True,False
SYC046,Pointe Larue,Seychelles,SYC,AFR,SYC017,Cascade,Seychelles,SYC,AFR,False,2.4569,True,False
SYC048,Port Glaud,Seychelles,SYC,AFR,SYC054,St Louis,Seychelles,SYC,AFR,False,0.8007,True,True
SYR001,Al Ḥasakah,Syrian Arab Republic,SYR,MENA,SYR003,Ar Raqqah,Syrian Arab Republic,SYR,MENA,False,56.9139,False,False
SYR001,Al Ḥasakah,Syrian Arab Republic,SYR,MENA,TUR057,Mardin,Türkiye,TUR,ECA,True,149.9449,False,False
SYR001,Al Ḥasakah,Syrian Arab Republic,SYR,MENA,TUR067,Sanliurfa,Türkiye,TUR,ECA,True,68.4648,False,False
SYR001,Al Ḥasakah,Syrian Arab Republic,SYR,MENA,TUR070,Sirnak,Türkiye,TUR,ECA,True,96.1655,False,False
SYR002,Aleppo,Syrian Arab Republic,SYR,MENA,SYR003,Ar Raqqah,Syrian Arab Republic,SYR,MENA,False,265.3036,False,False
SYR002,Aleppo,Syrian Arab Republic,SYR,MENA,SYR008,Hama,Syrian Arab Republic,SYR,MENA,False,126.5478,False,False
SYR002,Aleppo,Syrian Arab Republic,SYR,MENA,SYR010,Idlib,Syrian Arab Republic,SYR,MENA,False,177.927,False,False
SYR002,Aleppo,Syrian Arab Republic,SYR,MENA,TUR032,Gaziantep,Türkiye,TUR,ECA,True,54.3945,False,False
SYR002,Aleppo,Syrian Arab Republic,SYR,MENA,TUR036,Hatay,Türkiye,TUR,ECA,True,79.6584,False,False
SYR002,Aleppo,Syrian Arab Republic,SYR,MENA,TUR048,Kilis,Türkiye,TUR,ECA,True,104.6552,False,False
SYR002,Aleppo,Syrian Arab Republic,SYR,MENA,TUR067,Sanliurfa,Türkiye,TUR,ECA,True,66.5074,False,False
SYR003,Ar Raqqah,Syrian Arab Republic,SYR,MENA,TUR067,Sanliurfa,Türkiye,TUR,ECA,True,81.4221,False,False
SYR005,Damascus,Syrian Arab Republic,SYR,MENA,SYR013,Rif Dimashq,Syrian Arab Republic,SYR,MENA,False,56.7254,False,False
SYR006,Dar`ā,Syrian Arab Republic,SYR,MENA,SYR004,As Suwaydā',Syrian Arab Republic,SYR,MENA,False,137.8413,False,False
SYR006,Dar`ā,Syrian Arab Republic,SYR,MENA,SYR012,Quneitra,Syrian Arab Republic,SYR,MENA,False,60.5775,False,False
SYR006,Dar`ā,Syrian Arab Republic,SYR,MENA,SYR013,Rif Dimashq,Syrian Arab Republic,SYR,MENA,False,86.7141,False,False
SYR007,Dayr az Zawr,Syrian Arab Republic,SYR,MENA,SYR001,Al Ḥasakah,Syrian Arab Republic,SYR,MENA,False,167.2973,False,False
SYR007,Dayr az Zawr,Syrian Arab Republic,SYR,MENA,SYR003,Ar Raqqah,Syrian Arab Republic,SYR,MENA,False,143.9502,False,False
SYR007,Dayr az Zawr,Syrian Arab Republic,SYR,MENA,SYR009,Ḥimṣ,Syrian Arab Republic,SYR,MENA,False,158.782,False,False
SYR008,Hama,Syrian Arab Republic,SYR,MENA,SYR003,Ar Raqqah,Syrian Arab Republic,SYR,MENA,False,11.4279,False,False
SYR008,Hama,Syrian Arab Republic,SYR,MENA,SYR010,Idlib,Syrian Arab Republic,SYR,MENA,False,161.0437,False,False
SYR008,Hama,Syrian Arab Republic,SYR,MENA,SYR011,Latakia,Syrian Arab Republic,SYR,MENA,False,72.3645,False,False
SYR008,Hama,Syrian Arab Republic,SYR,MENA,SYR014,Ţarţūs,Syrian Arab Republic,SYR,MENA,False,60.4541,False,False
SYR009,Ḥimṣ,Syrian Arab Republic,SYR,MENA,SYR003,Ar Raqqah,Syrian Arab Republic,SYR,MENA,False,76.8424,False,False
SYR009,Ḥimṣ,Syrian Arab Republic,SYR,MENA,SYR008,Hama,Syrian Arab Republic,SYR,MENA,False,326.2633,False,False
SYR009,Ḥimṣ,Syrian Arab Republic,SYR,MENA,SYR013,Rif Dimashq,Syrian Arab Republic,SYR,MENA,False,287.1772,False,False
SYR009,Ḥimṣ,Syrian Arab Republic,SYR,MENA,SYR014,Ţarţūs,Syrian Arab Republic,SYR,MENA,False,49.565,False,False
SYR010,Idlib,Syrian Arab Republic,SYR,MENA,SYR011,Latakia,Syrian Arab Republic,SYR,MENA,False,11.6959,False,False
SYR010,Idlib,Syrian Arab Republic,SYR,MENA,TUR036,Hatay,Türkiye,TUR,ECA,True,145.372,False,False
SYR011,Latakia,Syrian Arab Republic,SYR,MENA,SYR014,Ţarţūs,Syrian Arab Republic,SYR,MENA,False,32.9941,False,False
SYR011,Latakia,Syrian Arab Republic,SYR,MENA,TUR036,Hatay,Türkiye,TUR,ECA,True,34.5779,False,False
SYR012,Quneitra,Syrian Arab Republic,SYR,MENA,SYR013,Rif Dimashq,Syrian Arab Republic,SYR,MENA,False,37.8611,False,False
SYR013,Rif Dimashq,Syrian Arab Republic,SYR,MENA,SYR004,As Suwaydā',Syrian Arab Republic,SYR,MENA,False,116.572,False,False
TCA003,North Caicos,Turks and Caicos Islands (U.K.),TCA,Other,TCA004,Providenciales and West Caicos,Turks and Caicos Islands (U.K.),TCA,Other,False,0.1787,True,True
TCD001,Barh el Ghazel,Chad,TCD,AFR,TCD003,Borkou,Chad,TCD,AFR,False,109.0866,False,False
TCD001,Barh el Ghazel,Chad,TCD,AFR,TCD008,Hadjer-Lamis,Chad,TCD,AFR,False,150.845,False,False
TCD001,Barh el Ghazel,Chad,TCD,AFR,TCD009,Kanem,Chad,TCD,AFR,False,409.7349,False,False
TCD002,Batha,Chad,TCD,AFR,TCD001,Barh el Ghazel,Chad,TCD,AFR,False,299.6398,False,False
TCD002,Batha,Chad,TCD,AFR,TCD003,Borkou,Chad,TCD,AFR,False,295.6733,False,False
TCD002,Batha,Chad,TCD,AFR,TCD007,Guéra,Chad,TCD,AFR,False,308.2841,False,False
TCD002,Batha,Chad,TCD,AFR,TCD008,Hadjer-Lamis,Chad,TCD,AFR,False,152.2276,False,False
TCD002,Batha,Chad,TCD,AFR,TCD017,Ouaddaï,Chad,TCD,AFR,False,129.489,False,False
TCD002,Batha,Chad,TCD,AFR,TCD019,Sila,Chad,TCD,AFR,False,39.711,False,False
TCD002,Batha,Chad,TCD,AFR,TCD023,Wadi Fira,Chad,TCD,AFR,False,183.6435,False,False
TCD003,Borkou,Chad,TCD,AFR,TCD006,Ennedi Ouest,Chad,TCD,AFR,False,453.4965,False,False
TCD003,Borkou,Chad,TCD,AFR,TCD009,Kanem,Chad,TCD,AFR,False,194.5406,False,False
TCD003,Borkou,Chad,TCD,AFR,TCD021,Tibesti,Chad,TCD,AFR,False,516.4866,False,False
TCD004,Chari-Baguirmi,Chad,TCD,AFR,TCD007,Guéra,Chad,TCD,AFR,False,128.2941,False,False
TCD004,Chari-Baguirmi,Chad,TCD,AFR,TCD008,Hadjer-Lamis,Chad,TCD,AFR,False,322.3967,False,False
TCD004,Chari-Baguirmi,Chad,TCD,AFR,TCD014,Mayo-Kebbi Est,Chad,TCD,AFR,False,204.4127,False,False
TCD004,Chari-Baguirmi,Chad,TCD,AFR,TCD016,Moyen-Chari,Chad,TCD,AFR,False,103.1592,False,False
TCD004,Chari-Baguirmi,Chad,TCD,AFR,TCD020,Tandjilé,Chad,TCD,AFR,False,188.772,False,False
TCD004,Chari-Baguirmi,Chad,TCD,AFR,TCD022,Ville de N'Djamena,Chad,TCD,AFR,False,37.2507,False,False
TCD005,Ennedi Est,Chad,TCD,AFR,TCD006,Ennedi Ouest,Chad,TCD,AFR,False,504.4611,False,False
TCD006,Ennedi Ouest,Chad,TCD,AFR,TCD021,Tibesti,Chad,TCD,AFR,False,413.1965,False,False
TCD007,Guéra,Chad,TCD,AFR,TCD008,Hadjer-Lamis,Chad,TCD,AFR,False,101.5223,False,False
TCD007,Guéra,Chad,TCD,AFR,TCD016,Moyen-Chari,Chad,TCD,AFR,False,319.3335,False,False
TCD007,Guéra,Chad,TCD,AFR,TCD018,Salamat,Chad,TCD,AFR,False,340.8882,False,False
TCD007,Guéra,Chad,TCD,AFR,TCD019,Sila,Chad,TCD,AFR,False,127.2688,False,False
TCD008,Hadjer-Lamis,Chad,TCD,AFR,TCD009,Kanem,Chad,TCD,AFR,False,41.8956,False,False
TCD008,Hadjer-Lamis,Chad,TCD,AFR,TCD010,Lac,Chad,TCD,AFR,False,145.8719,False,False
TCD008,Hadjer-Lamis,Chad,TCD,AFR,TCD022,Ville de N'Djamena,Chad,TCD,AFR,False,14.8877,False,False
TCD009,Kanem,Chad,TCD,AFR,TCD010,Lac,Chad,TCD,AFR,False,308.7547,False,False
TCD011,Logone Occidental,Chad,TCD,AFR,TCD012,Logone Oriental,Chad,TCD,AFR,False,224.9563,False,False
TCD011,Logone Occidental,Chad,TCD,AFR,TCD015,Mayo-Kebbi Ouest,Chad,TCD,AFR,False,75.3915,False,False
TCD011,Logone Occidental,Chad,TCD,AFR,TCD020,Tandjilé,Chad,TCD,AFR,False,132.8314,False,False
TCD012,Logone Oriental,Chad,TCD,AFR,CAF007,Yadé,Central African Republic,CAF,AFR,True,338.8262,False,False
TCD012,Logone Oriental,Chad,TCD,AFR,TCD013,Mandoul,Chad,TCD,AFR,False,169.2807,False,False
TCD012,Logone Oriental,Chad,TCD,AFR,TCD015,Mayo-Kebbi Ouest,Chad,TCD,AFR,False,2.7361,True,False
TCD012,Logone Oriental,Chad,TCD,AFR,TCD020,Tandjilé,Chad,TCD,AFR,False,81.4716,False,False
TCD013,Mandoul,Chad,TCD,AFR,CAF007,Yadé,Central African Republic,CAF,AFR,True,139.1194,False,False
TCD013,Mandoul,Chad,TCD,AFR,TCD016,Moyen-Chari,Chad,TCD,AFR,False,239.2556,False,False
TCD013,Mandoul,Chad,TCD,AFR,TCD020,Tandjilé,Chad,TCD,AFR,False,120.1989,False,False
TCD014,Mayo-Kebbi Est,Chad,TCD,AFR,TCD015,Mayo-Kebbi Ouest,Chad,TCD,AFR,False,142.4605,False,False
TCD014,Mayo-Kebbi Est,Chad,TCD,AFR,TCD020,Tandjilé,Chad,TCD,AFR,False,172.1816,False,False
TCD015,Mayo-Kebbi Ouest,Chad,TCD,AFR,TCD020,Tandjilé,Chad,TCD,AFR,False,16.8754,False,False
TCD016,Moyen-Chari,Chad,TCD,AFR,CAF007,Yadé,Central African Republic,CAF,AFR,True,154.3395,False,False
TCD016,Moyen-Chari,Chad,TCD,AFR,TCD018,Salamat,Chad,TCD,AFR,False,180.7987,False,False
TCD016,Moyen-Chari,Chad,TCD,AFR,TCD020,Tandjilé,Chad,TCD,AFR,False,9.4695,False,False
TCD017,Ouaddaï,Chad,TCD,AFR,TCD019,Sila,Chad,TCD,AFR,False,202.414,False,False
TCD018,Salamat,Chad,TCD,AFR,TCD019,Sila,Chad,TCD,AFR,False,360.3308,False,False
TCD023,Wadi Fira,Chad,TCD,AFR,TCD003,Borkou,Chad,TCD,AFR,False,58.7367,False,False
TCD023,Wadi Fira,Chad,TCD,AFR,TCD005,Ennedi Est,Chad,TCD,AFR,False,115.6395,False,False
TCD023,Wadi Fira,Chad,TCD,AFR,TCD006,Ennedi Ouest,Chad,TCD,AFR,False,177.8752,False,False
TCD023,Wadi Fira,Chad,TCD,AFR,TCD017,Ouaddaï,Chad,TCD,AFR,False,266.6311,False,False
TGO001,Centrale,Togo,TGO,AFR,TGO002,Kara,Togo,TGO,AFR,False,162.9959,False,False
TGO001,Centrale,Togo,TGO,AFR,TGO004,Plateaux,Togo,TGO,AFR,False,166.5959,False,False
TGO002,Kara,Togo,TGO,AFR,TGO005,Savanes,Togo,TGO,AFR,False,115.6305,False,False
TGO003,Maritime,Togo,TGO,AFR,TGO004,Plateaux,Togo,TGO,AFR,False,137.1964,False,False
THA001,Amnat Charoen,Thailand,THA,EAP,THA024,Mukdahan,Thailand,THA,EAP,False,30.2205,False,False
THA001,Amnat Charoen,Thailand,THA,EAP,THA071,Ubon Ratchathani,Thailand,THA,EAP,False,162.6842,False,False
THA001,Amnat Charoen,Thailand,THA,EAP,THA076,Yasothon,Thailand,THA,EAP,False,133.0267,False,False
THA002,Ang Thong,Thailand,THA,EAP,THA021,Lopburi,Thailand,THA,EAP,False,8.2114,False,False
THA002,Ang Thong,Thailand,THA,EAP,THA046,Phra Nakhon Si Ayudhya,Thailand,THA,EAP,False,62.6823,False,False
THA002,Ang Thong,Thailand,THA,EAP,THA062,Singburi,Thailand,THA,EAP,False,36.7617,False,False
THA002,Ang Thong,Thailand,THA,EAP,THA065,Suphanburi,Thailand,THA,EAP,False,44.5454,False,False
THA003,Bangkok,Thailand,THA,EAP,THA005,Chachoengsao,Thailand,THA,EAP,False,33.543,False,False
THA003,Bangkok,Thailand,THA,EAP,THA026,Nakhon Pathom,Thailand,THA,EAP,False,7.7237,False,False
THA003,Bangkok,Thailand,THA,EAP,THA035,Nonthaburi,Thailand,THA,EAP,False,38.7816,False,False
THA003,Bangkok,Thailand,THA,EAP,THA036,Pathum Thani,Thailand,THA,EAP,False,42.6402,False,False
THA003,Bangkok,Thailand,THA,EAP,THA056,Samut Prakarn,Thailand,THA,EAP,False,77.6295,False,False
THA003,Bangkok,Thailand,THA,EAP,THA057,Samut Sakhon,Thailand,THA,EAP,False,32.0062,False,False
THA004,Buriram,Thailand,THA,EAP,THA016,Khon Kaen,Thailand,THA,EAP,False,30.0671,False,False
THA004,Buriram,Thailand,THA,EAP,THA023,Maha Sarakham,Thailand,THA,EAP,False,53.525,False,False
THA004,Buriram,Thailand,THA,EAP,THA028,Nakhon Ratchasima,Thailand,THA,EAP,False,312.6355,False,False
THA004,Buriram,Thailand,THA,EAP,THA054,Sa Kaeo,Thailand,THA,EAP,False,70.3037,False,False
THA004,Buriram,Thailand,THA,EAP,THA067,Surin,Thailand,THA,EAP,False,258.1976,False,False
THA005,Chachoengsao,Thailand,THA,EAP,THA008,Chanthaburi,Thailand,THA,EAP,False,46.0296,False,False
THA005,Chachoengsao,Thailand,THA,EAP,THA025,Nakhon Nayok,Thailand,THA,EAP,False,24.4502,False,False
THA005,Chachoengsao,Thailand,THA,EAP,THA036,Pathum Thani,Thailand,THA,EAP,False,1.3565,True,False
THA005,Chachoengsao,Thailand,THA,EAP,THA038,Phachinburi,Thailand,THA,EAP,False,130.8234,False,False
THA005,Chachoengsao,Thailand,THA,EAP,THA054,Sa Kaeo,Thailand,THA,EAP,False,39.3229,False,False
THA005,Chachoengsao,Thailand,THA,EAP,THA056,Samut Prakarn,Thailand,THA,EAP,False,39.8053,False,False
THA006,Chainat,Thailand,THA,EAP,THA029,Nakhon Sawan,Thailand,THA,EAP,False,48.0733,False,False
THA006,Chainat,Thailand,THA,EAP,THA062,Singburi,Thailand,THA,EAP,False,36.4543,False,False
THA006,Chainat,Thailand,THA,EAP,THA065,Suphanburi,Thailand,THA,EAP,False,65.8047,False,False
THA006,Chainat,Thailand,THA,EAP,THA073,Uthai Thani,Thailand,THA,EAP,False,110.9159,False,False
THA007,Chaiyaphum,Thailand,THA,EAP,THA016,Khon Kaen,Thailand,THA,EAP,False,199.8566,False,False
THA007,Chaiyaphum,Thailand,THA,EAP,THA021,Lopburi,Thailand,THA,EAP,False,28.2354,False,False
THA007,Chaiyaphum,Thailand,THA,EAP,THA028,Nakhon Ratchasima,Thailand,THA,EAP,False,157.0669,False,False
THA007,Chaiyaphum,Thailand,THA,EAP,THA042,Phetchabun,Thailand,THA,EAP,False,210.1848,False,False
THA008,Chanthaburi,Thailand,THA,EAP,THA052,Rayong,Thailand,THA,EAP,False,66.5619,False,False
THA008,Chanthaburi,Thailand,THA,EAP,THA054,Sa Kaeo,Thailand,THA,EAP,False,70.5872,False,False
THA008,Chanthaburi,Thailand,THA,EAP,THA069,Trad,Thailand,THA,EAP,False,74.7036,False,False
THA009,Chiang Mai,Thailand,THA,EAP,THA010,Chiang Rai,Thailand,THA,EAP,False,183.5511,False,False
THA009,Chiang Mai,Thailand,THA,EAP,THA018,Lampang,Thailand,THA,EAP,False,66.169,False,False
THA009,Chiang Mai,Thailand,THA,EAP,THA019,Lamphun,Thailand,THA,EAP,False,223.8273,False,False
THA009,Chiang Mai,Thailand,THA,EAP,THA022,Mae Hong Son,Thailand,THA,EAP,False,426.3232,False,False
THA009,Chiang Mai,Thailand,THA,EAP,THA068,Tak,Thailand,THA,EAP,False,207.2,False,False
THA010,Chiang Rai,Thailand,THA,EAP,THA018,Lampang,Thailand,THA,EAP,False,76.2936,False,False
THA010,Chiang Rai,Thailand,THA,EAP,THA041,Phayao,Thailand,THA,EAP,False,114.5851,False,False
THA011,Chonburi,Thailand,THA,EAP,THA005,Chachoengsao,Thailand,THA,EAP,False,122.2428,False,False
THA011,Chonburi,Thailand,THA,EAP,THA008,Chanthaburi,Thailand,THA,EAP,False,5.0063,False,False
THA011,Chonburi,Thailand,THA,EAP,THA052,Rayong,Thailand,THA,EAP,False,140.0758,False,False
THA012,Chumphon,Thailand,THA,EAP,THA049,Prachuap Khilikhan,Thailand,THA,EAP,False,44.0967,False,False
THA012,Chumphon,Thailand,THA,EAP,THA050,Ranong,Thailand,THA,EAP,False,183.6317,False,False
THA013,Kalasin,Thailand,THA,EAP,THA023,Maha Sarakham,Thailand,THA,EAP,False,97.0304,False,False
THA013,Kalasin,Thailand,THA,EAP,THA024,Mukdahan,Thailand,THA,EAP,False,56.342,False,False
THA013,Kalasin,Thailand,THA,EAP,THA053,Roi Et,Thailand,THA,EAP,False,145.5337,False,False
THA013,Kalasin,Thailand,THA,EAP,THA055,Sakon Nakhon,Thailand,THA,EAP,False,76.5376,False,False
THA013,Kalasin,Thailand,THA,EAP,THA072,Udon Thani,Thailand,THA,EAP,False,115.7821,False,False
THA014,Kampaeng Phet,Thailand,THA,EAP,THA029,Nakhon Sawan,Thailand,THA,EAP,False,154.7728,False,False
THA014,Kampaeng Phet,Thailand,THA,EAP,THA044,Phichit,Thailand,THA,EAP,False,50.0244,False,False
THA014,Kampaeng Phet,Thailand,THA,EAP,THA045,Phitsanulok,Thailand,THA,EAP,False,31.3397,False,False
THA014,Kampaeng Phet,Thailand,THA,EAP,THA064,Sukhothai,Thailand,THA,EAP,False,64.8659,False,False
THA014,Kampaeng Phet,Thailand,THA,EAP,THA068,Tak,Thailand,THA,EAP,False,182.4309,False,False
THA015,Kanchanaburi,Thailand,THA,EAP,THA026,Nakhon Pathom,Thailand,THA,EAP,False,16.9342,False,False
THA015,Kanchanaburi,Thailand,THA,EAP,THA051,Ratchaburi,Thailand,THA,EAP,False,102.1379,False,False
THA015,Kanchanaburi,Thailand,THA,EAP,THA065,Suphanburi,Thailand,THA,EAP,False,206.3011,False,False
THA015,Kanchanaburi,Thailand,THA,EAP,THA068,Tak,Thailand,THA,EAP,False,87.2921,False,False
THA015,Kanchanaburi,Thailand,THA,EAP,THA073,Uthai Thani,Thailand,THA,EAP,False,51.1428,False,False
THA016,Khon Kaen,Thailand,THA,EAP,THA013,Kalasin,Thailand,THA,EAP,False,53.5167,False,False
THA016,Khon Kaen,Thailand,THA,EAP,THA020,Loei,Thailand,THA,EAP,False,42.8471,False,False
THA016,Khon Kaen,Thailand,THA,EAP,THA023,Maha Sarakham,Thailand,THA,EAP,False,127.1931,False,False
THA016,Khon Kaen,Thailand,THA,EAP,THA028,Nakhon Ratchasima,Thailand,THA,EAP,False,66.4523,False,False
THA016,Khon Kaen,Thailand,THA,EAP,THA033,Nong Bua Lamphu,Thailand,THA,EAP,False,81.0711,False,False
THA016,Khon Kaen,Thailand,THA,EAP,THA042,Phetchabun,Thailand,THA,EAP,False,13.78,False,False
THA016,Khon Kaen,Thailand,THA,EAP,THA072,Udon Thani,Thailand,THA,EAP,False,81.1594,False,False
THA017,Krabi,Thailand,THA,EAP,THA030,Nakhon Si Thammarat,Thailand,THA,EAP,False,56.8902,False,False
THA017,Krabi,Thailand,THA,EAP,THA039,Phangnga,Thailand,THA,EAP,False,24.7926,False,False
THA017,Krabi,Thailand,THA,EAP,THA066,Surat Thani,Thailand,THA,EAP,False,117.8582,False,False
THA017,Krabi,Thailand,THA,EAP,THA070,Trang,Thailand,THA,EAP,False,43.5767,False,False
THA018,Lampang,Thailand,THA,EAP,THA019,Lamphun,Thailand,THA,EAP,False,185.6828,False,False
THA018,Lampang,Thailand,THA,EAP,THA041,Phayao,Thailand,THA,EAP,False,95.1005,False,False
THA018,Lampang,Thailand,THA,EAP,THA047,Phrae,Thailand,THA,EAP,False,186.7722,False,False
THA018,Lampang,Thailand,THA,EAP,THA064,Sukhothai,Thailand,THA,EAP,False,94.4415,False,False
THA018,Lampang,Thailand,THA,EAP,THA068,Tak,Thailand,THA,EAP,False,74.8329,False,False
THA019,Lamphun,Thailand,THA,EAP,THA068,Tak,Thailand,THA,EAP,False,79.1145,False,False
THA020,Loei,Thailand,THA,EAP,THA033,Nong Bua Lamphu,Thailand,THA,EAP,False,149.8456,False,False
THA020,Loei,Thailand,THA,EAP,THA034,Nong Khai,Thailand,THA,EAP,False,20.2498,False,False
THA020,Loei,Thailand,THA,EAP,THA042,Phetchabun,Thailand,THA,EAP,False,157.3016,False,False
THA020,Loei,Thailand,THA,EAP,THA045,Phitsanulok,Thailand,THA,EAP,False,124.6324,False,False
THA020,Loei,Thailand,THA,EAP,THA072,Udon Thani,Thailand,THA,EAP,False,60.2776,False,False
THA021,Lopburi,Thailand,THA,EAP,THA028,Nakhon Ratchasima,Thailand,THA,EAP,False,39.2155,False,False
THA021,Lopburi,Thailand,THA,EAP,THA029,Nakhon Sawan,Thailand,THA,EAP,False,69.6637,False,False
THA021,Lopburi,Thailand,THA,EAP,THA042,Phetchabun,Thailand,THA,EAP,False,104.373,False,False
THA021,Lopburi,Thailand,THA,EAP,THA046,Phra Nakhon Si Ayudhya,Thailand,THA,EAP,False,10.609,False,False
THA021,Lopburi,Thailand,THA,EAP,THA059,Saraburi,Thailand,THA,EAP,False,132.359,False,False
THA021,Lopburi,Thailand,THA,EAP,THA062,Singburi,Thailand,THA,EAP,False,47.5586,False,False
THA022,Mae Hong Son,Thailand,THA,EAP,THA068,Tak,Thailand,THA,EAP,False,67.0293,False,False
THA023,Maha Sarakham,Thailand,THA,EAP,THA053,Roi Et,Thailand,THA,EAP,False,125.8861,False,False
THA023,Maha Sarakham,Thailand,THA,EAP,THA067,Surin,Thailand,THA,EAP,False,34.5324,False,False
THA024,Mukdahan,Thailand,THA,EAP,THA027,Nakhon Phanom,Thailand,THA,EAP,False,63.5984,False,False
THA024,Mukdahan,Thailand,THA,EAP,THA053,Roi Et,Thailand,THA,EAP,False,29.5591,False,False
THA024,Mukdahan,Thailand,THA,EAP,THA055,Sakon Nakhon,Thailand,THA,EAP,False,28.4194,False,False
THA024,Mukdahan,Thailand,THA,EAP,THA076,Yasothon,Thailand,THA,EAP,False,57.842,False,False
THA025,Nakhon Nayok,Thailand,THA,EAP,THA028,Nakhon Ratchasima,Thailand,THA,EAP,False,31.2364,False,False
THA025,Nakhon Nayok,Thailand,THA,EAP,THA036,Pathum Thani,Thailand,THA,EAP,False,36.3446,False,False
THA025,Nakhon Nayok,Thailand,THA,EAP,THA038,Phachinburi,Thailand,THA,EAP,False,90.0056,False,False
THA025,Nakhon Nayok,Thailand,THA,EAP,THA059,Saraburi,Thailand,THA,EAP,False,64.6031,False,False
THA026,Nakhon Pathom,Thailand,THA,EAP,THA046,Phra Nakhon Si Ayudhya,Thailand,THA,EAP,False,13.2002,False,False
THA026,Nakhon Pathom,Thailand,THA,EAP,THA051,Ratchaburi,Thailand,THA,EAP,False,65.0126,False,False
THA026,Nakhon Pathom,Thailand,THA,EAP,THA057,Samut Sakhon,Thailand,THA,EAP,False,36.7002,False,False
THA026,Nakhon Pathom,Thailand,THA,EAP,THA065,Suphanburi,Thailand,THA,EAP,False,48.8736,False,False
THA027,Nakhon Phanom,Thailand,THA,EAP,THA034,Nong Khai,Thailand,THA,EAP,False,49.8414,False,False
THA027,Nakhon Phanom,Thailand,THA,EAP,THA055,Sakon Nakhon,Thailand,THA,EAP,False,210.3326,False,False
THA028,Nakhon Ratchasima,Thailand,THA,EAP,THA038,Phachinburi,Thailand,THA,EAP,False,120.053,False,False
THA028,Nakhon Ratchasima,Thailand,THA,EAP,THA054,Sa Kaeo,Thailand,THA,EAP,False,52.5968,False,False
THA028,Nakhon Ratchasima,Thailand,THA,EAP,THA059,Saraburi,Thailand,THA,EAP,False,95.4203,False,False
THA029,Nakhon Sawan,Thailand,THA,EAP,THA042,Phetchabun,Thailand,THA,EAP,False,81.9055,False,False
THA029,Nakhon Sawan,Thailand,THA,EAP,THA044,Phichit,Thailand,THA,EAP,False,126.6906,False,False
THA029,Nakhon Sawan,Thailand,THA,EAP,THA062,Singburi,Thailand,THA,EAP,False,10.6769,False,False
THA029,Nakhon Sawan,Thailand,THA,EAP,THA068,Tak,Thailand,THA,EAP,False,13.1074,False,False
THA029,Nakhon Sawan,Thailand,THA,EAP,THA073,Uthai Thani,Thailand,THA,EAP,False,160.6583,False,False
THA030,Nakhon Si Thammarat,Thailand,THA,EAP,THA040,Phatthalung,Thailand,THA,EAP,False,49.4573,False,False
THA030,Nakhon Si Thammarat,Thailand,THA,EAP,THA063,Songkhla,Thailand,THA,EAP,False,25.0225,False,False
THA030,Nakhon Si Thammarat,Thailand,THA,EAP,THA066,Surat Thani,Thailand,THA,EAP,False,180.8828,False,False
THA030,Nakhon Si Thammarat,Thailand,THA,EAP,THA070,Trang,Thailand,THA,EAP,False,74.9072,False,False
THA031,Nan,Thailand,THA,EAP,THA041,Phayao,Thailand,THA,EAP,False,158.5422,False,False
THA031,Nan,Thailand,THA,EAP,THA047,Phrae,Thailand,THA,EAP,False,129.0509,False,False
THA031,Nan,Thailand,THA,EAP,THA074,Uttaradit,Thailand,THA,EAP,False,91.6961,False,False
THA032,Narathiwat,Thailand,THA,EAP,MYS009,Perak,Malaysia,MYS,EAP,True,45.4752,False,False
THA032,Narathiwat,Thailand,THA,EAP,THA037,Pattani,Thailand,THA,EAP,False,33.7883,False,False
THA032,Narathiwat,Thailand,THA,EAP,THA075,Yala,Thailand,THA,EAP,False,98.948,False,False
THA033,Nong Bua Lamphu,Thailand,THA,EAP,THA072,Udon Thani,Thailand,THA,EAP,False,144.2332,False,False
THA034,Nong Khai,Thailand,THA,EAP,THA055,Sakon Nakhon,Thailand,THA,EAP,False,174.8928,False,False
THA034,Nong Khai,Thailand,THA,EAP,THA072,Udon Thani,Thailand,THA,EAP,False,257.0318,False,False
THA035,Nonthaburi,Thailand,THA,EAP,THA026,Nakhon Pathom,Thailand,THA,EAP,False,40.0733,False,False
THA035,Nonthaburi,Thailand,THA,EAP,THA036,Pathum Thani,Thailand,THA,EAP,False,39.5856,False,False
THA035,Nonthaburi,Thailand,THA,EAP,THA046,Phra Nakhon Si Ayudhya,Thailand,THA,EAP,False,8.8249,False,False
THA036,Pathum Thani,Thailand,THA,EAP,THA059,Saraburi,Thailand,THA,EAP,False,18.4836,False,False
THA037,Pattani,Thailand,THA,EAP,THA063,Songkhla,Thailand,THA,EAP,False,27.7488,False,False
THA037,Pattani,Thailand,THA,EAP,THA075,Yala,Thailand,THA,EAP,False,82.4768,False,False
THA038,Phachinburi,Thailand,THA,EAP,THA054,Sa Kaeo,Thailand,THA,EAP,False,81.1651,False,False
THA039,Phangnga,Thailand,THA,EAP,THA048,Phuket,Thailand,THA,EAP,False,0.069,True,True
THA039,Phangnga,Thailand,THA,EAP,THA050,Ranong,Thailand,THA,EAP,False,18.5339,False,False
THA039,Phangnga,Thailand,THA,EAP,THA066,Surat Thani,Thailand,THA,EAP,False,119.7465,False,False
THA040,Phatthalung,Thailand,THA,EAP,THA060,Satun,Thailand,THA,EAP,False,8.1086,False,False
THA040,Phatthalung,Thailand,THA,EAP,THA063,Songkhla,Thailand,THA,EAP,False,161.5835,False,False
THA040,Phatthalung,Thailand,THA,EAP,THA070,Trang,Thailand,THA,EAP,False,100.6375,False,False
THA042,Phetchabun,Thailand,THA,EAP,THA045,Phitsanulok,Thailand,THA,EAP,False,107.8269,False,False
THA043,Phetchaburi,Thailand,THA,EAP,THA049,Prachuap Khilikhan,Thailand,THA,EAP,False,67.9444,False,False
THA043,Phetchaburi,Thailand,THA,EAP,THA051,Ratchaburi,Thailand,THA,EAP,False,101.8878,False,False
THA043,Phetchaburi,Thailand,THA,EAP,THA058,Samut Songkham,Thailand,THA,EAP,False,23.6375,False,False
THA044,Phichit,Thailand,THA,EAP,THA042,Phetchabun,Thailand,THA,EAP,False,56.6773,False,False
THA044,Phichit,Thailand,THA,EAP,THA045,Phitsanulok,Thailand,THA,EAP,False,129.5136,False,False
THA045,Phitsanulok,Thailand,THA,EAP,THA064,Sukhothai,Thailand,THA,EAP,False,99.4631,False,False
THA045,Phitsanulok,Thailand,THA,EAP,THA074,Uttaradit,Thailand,THA,EAP,False,159.2802,False,False
THA046,Phra Nakhon Si Ayudhya,Thailand,THA,EAP,THA036,Pathum Thani,Thailand,THA,EAP,False,57.2216,False,False
THA046,Phra Nakhon Si Ayudhya,Thailand,THA,EAP,THA059,Saraburi,Thailand,THA,EAP,False,84.0728,False,False
THA046,Phra Nakhon Si Ayudhya,Thailand,THA,EAP,THA065,Suphanburi,Thailand,THA,EAP,False,33.3842,False,False
THA047,Phrae,Thailand,THA,EAP,THA041,Phayao,Thailand,THA,EAP,False,27.7982,False,False
THA047,Phrae,Thailand,THA,EAP,THA064,Sukhothai,Thailand,THA,EAP,False,62.9108,False,False
THA047,Phrae,Thailand,THA,EAP,THA074,Uttaradit,Thailand,THA,EAP,False,84.6555,False,False
THA051,Ratchaburi,Thailand,THA,EAP,THA057,Samut Sakhon,Thailand,THA,EAP,False,19.208,False,False
THA051,Ratchaburi,Thailand,THA,EAP,THA058,Samut Songkham,Thailand,THA,EAP,False,38.583,False,False
THA053,Roi Et,Thailand,THA,EAP,THA061,Si Saket,Thailand,THA,EAP,False,28.5345,False,False
THA053,Roi Et,Thailand,THA,EAP,THA067,Surin,Thailand,THA,EAP,False,86.739,False,False
THA053,Roi Et,Thailand,THA,EAP,THA076,Yasothon,Thailand,THA,EAP,False,174.3973,False,False
THA055,Sakon Nakhon,Thailand,THA,EAP,THA072,Udon Thani,Thailand,THA,EAP,False,160.1956,False,False
THA058,Samut Songkham,Thailand,THA,EAP,THA057,Samut Sakhon,Thailand,THA,EAP,False,10.4579,False,False
THA061,Si Saket,Thailand,THA,EAP,THA067,Surin,Thailand,THA,EAP,False,189.9576,False,False
THA061,Si Saket,Thailand,THA,EAP,THA071,Ubon Ratchathani,Thailand,THA,EAP,False,198.7431,False,False
THA061,Si Saket,Thailand,THA,EAP,THA076,Yasothon,Thailand,THA,EAP,False,50.8309,False,False
THA062,Singburi,Thailand,THA,EAP,THA065,Suphanburi,Thailand,THA,EAP,False,28.5739,False,False
THA063,Songkhla,Thailand,THA,EAP,MYS002,Kedah,Malaysia,MYS,EAP,True,92.8033,False,False
THA063,Songkhla,Thailand,THA,EAP,MYS010,Perlis,Malaysia,MYS,EAP,True,46.6824,False,False
THA063,Songkhla,Thailand,THA,EAP,THA060,Satun,Thailand,THA,EAP,False,56.1054,False,False
THA063,Songkhla,Thailand,THA,EAP,THA075,Yala,Thailand,THA,EAP,False,62.2414,False,False
THA064,Sukhothai,Thailand,THA,EAP,THA068,Tak,Thailand,THA,EAP,False,59.2703,False,False
THA064,Sukhothai,Thailand,THA,EAP,THA074,Uttaradit,Thailand,THA,EAP,False,97.6973,False,False
THA065,Suphanburi,Thailand,THA,EAP,THA073,Uthai Thani,Thailand,THA,EAP,False,74.6807,False,False
THA066,Surat Thani,Thailand,THA,EAP,THA012,Chumphon,Thailand,THA,EAP,False,74.7036,False,False
THA066,Surat Thani,Thailand,THA,EAP,THA050,Ranong,Thailand,THA,EAP,False,64.9531,False,False
THA068,Tak,Thailand,THA,EAP,THA073,Uthai Thani,Thailand,THA,EAP,False,80.4937,False,False
THA070,Trang,Thailand,THA,EAP,THA060,Satun,Thailand,THA,EAP,False,29.1424,False,False
THA071,Ubon Ratchathani,Thailand,THA,EAP,THA076,Yasothon,Thailand,THA,EAP,False,45.6372,False,False
TJK001,Badakhshan Autonomous Mountainous Region,Tajikistan,TJK,ECA,TJK002,Cities and districts of the republican subordination,Tajikistan,TJK,ECA,False,289.4929,False,False
TJK001,Badakhshan Autonomous Mountainous Region,Tajikistan,TJK,ECA,TJK004,Khatlon Province,Tajikistan,TJK,ECA,False,71.8333,False,False
TJK002,Cities and districts of the republican subordination,Tajikistan,TJK,ECA,UZB012,Surkhandarya,Uzbekistan,UZB,ECA,True,183.6177,False,False
TJK003,Dushanbe,Tajikistan,TJK,ECA,TJK002,Cities and districts of the republican subordination,Tajikistan,TJK,ECA,False,75.0202,False,False
TJK004,Khatlon Province,Tajikistan,TJK,ECA,TJK002,Cities and districts of the republican subordination,Tajikistan,TJK,ECA,False,333.1169,False,False
TJK004,Khatlon Province,Tajikistan,TJK,ECA,UZB012,Surkhandarya,Uzbekistan,UZB,ECA,True,113.6573,False,False
TJK005,Sughd Province,Tajikistan,TJK,ECA,TJK002,Cities and districts of the republican subordination,Tajikistan,TJK,ECA,False,313.2275,False,False
TJK005,Sughd Province,Tajikistan,TJK,ECA,UZB003,Fergana,Uzbekistan,UZB,ECA,True,134.7603,False,False
TJK005,Sughd Province,Tajikistan,TJK,ECA,UZB004,Jizzakh,Uzbekistan,UZB,ECA,True,293.9039,False,False
TJK005,Sughd Province,Tajikistan,TJK,ECA,UZB006,Kashkadarya,Uzbekistan,UZB,ECA,True,61.956,False,False
TJK005,Sughd Province,Tajikistan,TJK,ECA,UZB008,Namangan,Uzbekistan,UZB,ECA,True,85.8151,False,False
TJK005,Sughd Province,Tajikistan,TJK,ECA,UZB010,Samarkand,Uzbekistan,UZB,ECA,True,62.6795,False,False
TJK005,Sughd Province,Tajikistan,TJK,ECA,UZB011,Sirdarya,Uzbekistan,UZB,ECA,True,52.8345,False,False
TJK005,Sughd Province,Tajikistan,TJK,ECA,UZB012,Surkhandarya,Uzbekistan,UZB,ECA,True,59.179,False,False
TJK005,Sughd Province,Tajikistan,TJK,ECA,UZB013,Tashkent,Uzbekistan,UZB,ECA,True,267.6094,False,False
TKM001,Ahal,Turkmenistan,TKM,ECA,TKM002,Balkan,Turkmenistan,TKM,ECA,False,261.7,False,False
TKM001,Ahal,Turkmenistan,TKM,ECA,TKM003,Chardzhou,Turkmenistan,TKM,ECA,False,43.9949,False,False
TKM001,Ahal,Turkmenistan,TKM,ECA,TKM004,Mary,Turkmenistan,TKM,ECA,False,614.3662,False,False
TKM001,Ahal,Turkmenistan,TKM,ECA,TKM005,Tashauz,Turkmenistan,TKM,ECA,False,352.7086,False,False
TKM002,Balkan,Turkmenistan,TKM,ECA,IRN010,Golestan,Islamic Republic of Iran,IRN,MENA,True,290.0979,False,False
TKM002,Balkan,Turkmenistan,TKM,ECA,TKM005,Tashauz,Turkmenistan,TKM,ECA,False,154.086,False,False
TKM002,Balkan,Turkmenistan,TKM,ECA,UZB005,Karakalpakstan,Uzbekistan,UZB,ECA,True,36.2823,False,False
TKM003,Chardzhou,Turkmenistan,TKM,ECA,TKM004,Mary,Turkmenistan,TKM,ECA,False,532.5478,False,False
TKM003,Chardzhou,Turkmenistan,TKM,ECA,UZB002,Bukhara,Uzbekistan,UZB,ECA,True,299.3753,False,False
TKM003,Chardzhou,Turkmenistan,TKM,ECA,UZB006,Kashkadarya,Uzbekistan,UZB,ECA,True,256.0394,False,False
TKM003,Chardzhou,Turkmenistan,TKM,ECA,UZB007,Khorezm,Uzbekistan,UZB,ECA,True,171.663,False,False
TKM003,Chardzhou,Turkmenistan,TKM,ECA,UZB012,Surkhandarya,Uzbekistan,UZB,ECA,True,88.7523,False,False
TKM005,Tashauz,Turkmenistan,TKM,ECA,TKM003,Chardzhou,Turkmenistan,TKM,ECA,False,275.7916,False,False
TKM005,Tashauz,Turkmenistan,TKM,ECA,UZB005,Karakalpakstan,Uzbekistan,UZB,ECA,True,681.3021,False,False
TKM005,Tashauz,Turkmenistan,TKM,ECA,UZB007,Khorezm,Uzbekistan,UZB,ECA,True,204.9058,False,False
TLS001,Aileu,Timor-Leste,TLS,EAP,TLS002,Ainaro,Timor-Leste,TLS,EAP,False,37.6698,False,False
TLS001,Aileu,Timor-Leste,TLS,EAP,TLS010,Manatuto,Timor-Leste,TLS,EAP,False,24.8357,False,False
TLS001,Aileu,Timor-Leste,TLS,EAP,TLS011,Manufahi,Timor-Leste,TLS,EAP,False,14.3807,False,False
TLS002,Ainaro,Timor-Leste,TLS,EAP,TLS004,Bobonaro,Timor-Leste,TLS,EAP,False,2.8458,True,False
TLS002,Ainaro,Timor-Leste,TLS,EAP,TLS005,Covalima,Timor-Leste,TLS,EAP,False,34.5438,False,False
TLS002,Ainaro,Timor-Leste,TLS,EAP,TLS011,Manufahi,Timor-Leste,TLS,EAP,False,73.4655,False,False
TLS003,Baucau,Timor-Leste,TLS,EAP,TLS008,Lautem,Timor-Leste,TLS,EAP,False,46.6325,False,False
TLS003,Baucau,Timor-Leste,TLS,EAP,TLS010,Manatuto,Timor-Leste,TLS,EAP,False,25.2477,False,False
TLS003,Baucau,Timor-Leste,TLS,EAP,TLS013,Viqueque,Timor-Leste,TLS,EAP,False,115.1998,False,False
TLS004,Bobonaro,Timor-Leste,TLS,EAP,TLS005,Covalima,Timor-Leste,TLS,EAP,False,61.527,False,False
TLS006,Dili,Timor-Leste,TLS,EAP,TLS001,Aileu,Timor-Leste,TLS,EAP,False,37.2672,False,False
TLS006,Dili,Timor-Leste,TLS,EAP,TLS009,Liquica,Timor-Leste,TLS,EAP,False,9.2069,False,False
TLS006,Dili,Timor-Leste,TLS,EAP,TLS010,Manatuto,Timor-Leste,TLS,EAP,False,20.9909,False,False
TLS007,Ermera,Timor-Leste,TLS,EAP,TLS001,Aileu,Timor-Leste,TLS,EAP,False,41.1435,False,False
TLS007,Ermera,Timor-Leste,TLS,EAP,TLS002,Ainaro,Timor-Leste,TLS,EAP,False,22.5828,False,False
TLS007,Ermera,Timor-Leste,TLS,EAP,TLS004,Bobonaro,Timor-Leste,TLS,EAP,False,48.1588,False,False
TLS007,Ermera,Timor-Leste,TLS,EAP,TLS009,Liquica,Timor-Leste,TLS,EAP,False,46.1522,False,False
TLS008,Lautem,Timor-Leste,TLS,EAP,TLS013,Viqueque,Timor-Leste,TLS,EAP,False,9.2742,False,False
TLS009,Liquica,Timor-Leste,TLS,EAP,TLS001,Aileu,Timor-Leste,TLS,EAP,False,4.5197,True,False
TLS009,Liquica,Timor-Leste,TLS,EAP,TLS004,Bobonaro,Timor-Leste,TLS,EAP,False,12.0038,False,False
TLS010,Manatuto,Timor-Leste,TLS,EAP,TLS013,Viqueque,Timor-Leste,TLS,EAP,False,53.6139,False,False
TLS011,Manufahi,Timor-Leste,TLS,EAP,TLS010,Manatuto,Timor-Leste,TLS,EAP,False,58.9524,False,False
TTO001,Arima,Trinidad and Tobago,TTO,LCR,TTO015,Tunapuna/Piarco,Trinidad and Tobago,TTO,LCR,False,20.8705,False,False
TTO002,Chaguanas,Trinidad and Tobago,TTO,LCR,TTO003,Couva/Tabaquite/Talparo,Trinidad and Tobago,TTO,LCR,False,22.8186,False,False
TTO002,Chaguanas,Trinidad and Tobago,TTO,LCR,TTO011,San Juan/Laventille,Trinidad and Tobago,TTO,LCR,False,1.1894,True,False
TTO002,Chaguanas,Trinidad and Tobago,TTO,LCR,TTO015,Tunapuna/Piarco,Trinidad and Tobago,TTO,LCR,False,5.5411,False,False
TTO003,Couva/Tabaquite/Talparo,Trinidad and Tobago,TTO,LCR,TTO008,Princes Town,Trinidad and Tobago,TTO,LCR,False,23.2563,False,False
TTO003,Couva/Tabaquite/Talparo,Trinidad and Tobago,TTO,LCR,TTO009,Rio Claro/Mayaro,Trinidad and Tobago,TTO,LCR,False,19.4526,False,False
TTO003,Couva/Tabaquite/Talparo,Trinidad and Tobago,TTO,LCR,TTO010,San Fernando,Trinidad and Tobago,TTO,LCR,False,5.2779,False,False
TTO003,Couva/Tabaquite/Talparo,Trinidad and Tobago,TTO,LCR,TTO012,Sangre Grande,Trinidad and Tobago,TTO,LCR,False,20.7818,False,False
TTO003,Couva/Tabaquite/Talparo,Trinidad and Tobago,TTO,LCR,TTO015,Tunapuna/Piarco,Trinidad and Tobago,TTO,LCR,False,17.4532,False,False
TTO004,Diego Martin,Trinidad and Tobago,TTO,LCR,TTO007,Port Of Spain,Trinidad and Tobago,TTO,LCR,False,4.737,True,False
TTO004,Diego Martin,Trinidad and Tobago,TTO,LCR,TTO011,San Juan/Laventille,Trinidad and Tobago,TTO,LCR,False,9.5126,False,False
TTO005,Penal/Debe,Trinidad and Tobago,TTO,LCR,TTO008,Princes Town,Trinidad and Tobago,TTO,LCR,False,28.4218,False,False
TTO005,Penal/Debe,Trinidad and Tobago,TTO,LCR,TTO010,San Fernando,Trinidad and Tobago,TTO,LCR,False,7.7997,False,False
TTO005,Penal/Debe,Trinidad and Tobago,TTO,LCR,TTO013,Siparia,Trinidad and Tobago,TTO,LCR,False,18.0209,False,False
TTO006,Point Fortin,Trinidad and Tobago,TTO,LCR,TTO013,Siparia,Trinidad and Tobago,TTO,LCR,False,17.2228,False,False
TTO007,Port Of Spain,Trinidad and Tobago,TTO,LCR,TTO011,San Juan/Laventille,Trinidad and Tobago,TTO,LCR,False,6.3914,False,False
TTO008,Princes Town,Trinidad and Tobago,TTO,LCR,TTO010,San Fernando,Trinidad and Tobago,TTO,LCR,False,5.9997,False,False
TTO009,Rio Claro/Mayaro,Trinidad and Tobago,TTO,LCR,TTO008,Princes Town,Trinidad and Tobago,TTO,LCR,False,32.4503,False,False
TTO009,Rio Claro/Mayaro,Trinidad and Tobago,TTO,LCR,TTO012,Sangre Grande,Trinidad and Tobago,TTO,LCR,False,17.1926,False,False
TTO011,San Juan/Laventille,Trinidad and Tobago,TTO,LCR,TTO015,Tunapuna/Piarco,Trinidad and Tobago,TTO,LCR,False,36.3754,False,False
TTO012,Sangre Grande,Trinidad and Tobago,TTO,LCR,TTO015,Tunapuna/Piarco,Trinidad and Tobago,TTO,LCR,False,41.6656,False,False
TUN002,Beja,Tunisia,TUN,MENA,TUN004,Bizerte,Tunisia,TUN,MENA,False,104.8455,False,False
TUN002,Beja,Tunisia,TUN,MENA,TUN007,Jendouba,Tunisia,TUN,MENA,False,95.2151,False,False
TUN002,Beja,Tunisia,TUN,MENA,TUN018,Siliana,Tunisia,TUN,MENA,False,95.5205,False,False
TUN002,Beja,Tunisia,TUN,MENA,TUN023,Zaghouan,Tunisia,TUN,MENA,False,23.7992,False,False
TUN002,Beja,Tunisia,TUN,MENA,TUN025,Manouba,Tunisia,TUN,MENA,False,53.2758,False,False
TUN003,Ben arous,Tunisia,TUN,MENA,TUN015,Nabeul,Tunisia,TUN,MENA,False,38.569,False,False
TUN003,Ben arous,Tunisia,TUN,MENA,TUN022,Tunis,Tunisia,TUN,MENA,False,30.6853,False,False
TUN003,Ben arous,Tunisia,TUN,MENA,TUN023,Zaghouan,Tunisia,TUN,MENA,False,53.7145,False,False
TUN003,Ben arous,Tunisia,TUN,MENA,TUN025,Manouba,Tunisia,TUN,MENA,False,9.4058,False,False
TUN004,Bizerte,Tunisia,TUN,MENA,TUN025,Manouba,Tunisia,TUN,MENA,False,56.4906,False,False
TUN005,Gabes,Tunisia,TUN,MENA,TUN006,Gafsa,Tunisia,TUN,MENA,False,35.3165,False,False
TUN005,Gabes,Tunisia,TUN,MENA,TUN010,Kebili,Tunisia,TUN,MENA,False,154.1406,False,False
TUN005,Gabes,Tunisia,TUN,MENA,TUN013,Mednine,Tunisia,TUN,MENA,False,96.408,False,False
TUN005,Gabes,Tunisia,TUN,MENA,TUN016,Sfax,Tunisia,TUN,MENA,False,44.5944,False,False
TUN005,Gabes,Tunisia,TUN,MENA,TUN017,Sidi bouzid,Tunisia,TUN,MENA,False,15.1254,False,False
TUN006,Gafsa,Tunisia,TUN,MENA,TUN009,Kasserine,Tunisia,TUN,MENA,False,65.8278,False,False
TUN006,Gafsa,Tunisia,TUN,MENA,TUN010,Kebili,Tunisia,TUN,MENA,False,63.3217,False,False
TUN006,Gafsa,Tunisia,TUN,MENA,TUN017,Sidi bouzid,Tunisia,TUN,MENA,False,133.5753,False,False
TUN006,Gafsa,Tunisia,TUN,MENA,TUN021,Tozeur,Tunisia,TUN,MENA,False,103.0371,False,False
TUN007,Jendouba,Tunisia,TUN,MENA,DZA040,Souk-Ahras,Algeria,DZA,MENA,True,38.3067,False,False
TUN007,Jendouba,Tunisia,TUN,MENA,TUN011,Le kef,Tunisia,TUN,MENA,False,61.8104,False,False
TUN007,Jendouba,Tunisia,TUN,MENA,TUN018,Siliana,Tunisia,TUN,MENA,False,7.7612,False,False
TUN008,Kairouan,Tunisia,TUN,MENA,TUN016,Sfax,Tunisia,TUN,MENA,False,25.129,False,False
TUN008,Kairouan,Tunisia,TUN,MENA,TUN017,Sidi bouzid,Tunisia,TUN,MENA,False,110.3039,False,False
TUN008,Kairouan,Tunisia,TUN,MENA,TUN018,Siliana,Tunisia,TUN,MENA,False,131.5764,False,False
TUN009,Kasserine,Tunisia,TUN,MENA,TUN011,Le kef,Tunisia,TUN,MENA,False,92.1914,False,False
TUN009,Kasserine,Tunisia,TUN,MENA,TUN017,Sidi bouzid,Tunisia,TUN,MENA,False,127.5609,False,False
TUN009,Kasserine,Tunisia,TUN,MENA,TUN018,Siliana,Tunisia,TUN,MENA,False,67.4381,False,False
TUN010,Kebili,Tunisia,TUN,MENA,TUN013,Mednine,Tunisia,TUN,MENA,False,38.4722,False,False
TUN010,Kebili,Tunisia,TUN,MENA,TUN020,Tataouine,Tunisia,TUN,MENA,False,243.6924,False,False
TUN010,Kebili,Tunisia,TUN,MENA,TUN021,Tozeur,Tunisia,TUN,MENA,False,111.627,False,False
TUN011,Le kef,Tunisia,TUN,MENA,TUN018,Siliana,Tunisia,TUN,MENA,False,136.8828,False,False
TUN012,Mahdia,Tunisia,TUN,MENA,TUN008,Kairouan,Tunisia,TUN,MENA,False,63.5919,False,False
TUN012,Mahdia,Tunisia,TUN,MENA,TUN014,Monastir,Tunisia,TUN,MENA,False,87.9922,False,False
TUN012,Mahdia,Tunisia,TUN,MENA,TUN016,Sfax,Tunisia,TUN,MENA,False,120.4627,False,False
TUN012,Mahdia,Tunisia,TUN,MENA,TUN019,Sousse,Tunisia,TUN,MENA,False,32.9218,False,False
TUN013,Mednine,Tunisia,TUN,MENA,TUN020,Tataouine,Tunisia,TUN,MENA,False,267.6276,False,False
TUN014,Monastir,Tunisia,TUN,MENA,TUN019,Sousse,Tunisia,TUN,MENA,False,46.4147,False,False
TUN015,Nabeul,Tunisia,TUN,MENA,TUN019,Sousse,Tunisia,TUN,MENA,False,21.5017,False,False
TUN015,Nabeul,Tunisia,TUN,MENA,TUN023,Zaghouan,Tunisia,TUN,MENA,False,16.0566,False,False
TUN016,Sfax,Tunisia,TUN,MENA,TUN017,Sidi bouzid,Tunisia,TUN,MENA,False,141.3646,False,False
TUN017,Sidi bouzid,Tunisia,TUN,MENA,TUN018,Siliana,Tunisia,TUN,MENA,False,12.8357,False,False
TUN019,Sousse,Tunisia,TUN,MENA,TUN008,Kairouan,Tunisia,TUN,MENA,False,78.9424,False,False
TUN019,Sousse,Tunisia,TUN,MENA,TUN023,Zaghouan,Tunisia,TUN,MENA,False,52.0145,False,False
TUN023,Zaghouan,Tunisia,TUN,MENA,TUN008,Kairouan,Tunisia,TUN,MENA,False,73.0171,False,False
TUN023,Zaghouan,Tunisia,TUN,MENA,TUN018,Siliana,Tunisia,TUN,MENA,False,67.5546,False,False
TUN024,Ariana,Tunisia,TUN,MENA,TUN004,Bizerte,Tunisia,TUN,MENA,False,42.7677,False,False
TUN024,Ariana,Tunisia,TUN,MENA,TUN022,Tunis,Tunisia,TUN,MENA,False,35.1233,False,False
TUN024,Ariana,Tunisia,TUN,MENA,TUN025,Manouba,Tunisia,TUN,MENA,False,32.1565,False,False
TUN025,Manouba,Tunisia,TUN,MENA,TUN022,Tunis,Tunisia,TUN,MENA,False,32.7613,False,False
TUN025,Manouba,Tunisia,TUN,MENA,TUN023,Zaghouan,Tunisia,TUN,MENA,False,30.2472,False,False
TUR001,Adana,Türkiye,TUR,ECA,TUR036,Hatay,Türkiye,TUR,ECA,False,17.0121,False,False
TUR001,Adana,Türkiye,TUR,ECA,TUR037,Icel,Türkiye,TUR,ECA,False,137.4169,False,False
TUR001,Adana,Türkiye,TUR,ECA,TUR042,K.maras,Türkiye,TUR,ECA,False,70.3546,False,False
TUR001,Adana,Türkiye,TUR,ECA,TUR047,Kayseri,Türkiye,TUR,ECA,False,165.7885,False,False
TUR001,Adana,Türkiye,TUR,ECA,TUR061,Nigde,Türkiye,TUR,ECA,False,63.0744,False,False
TUR001,Adana,Türkiye,TUR,ECA,TUR063,Osmaniye,Türkiye,TUR,ECA,False,113.6599,False,False
TUR002,Adiyaman,Türkiye,TUR,ECA,TUR026,Diyarbakir,Türkiye,TUR,ECA,False,35.4582,False,False
TUR002,Adiyaman,Türkiye,TUR,ECA,TUR032,Gaziantep,Türkiye,TUR,ECA,False,37.4861,False,False
TUR002,Adiyaman,Türkiye,TUR,ECA,TUR042,K.maras,Türkiye,TUR,ECA,False,75.8179,False,False
TUR002,Adiyaman,Türkiye,TUR,ECA,TUR055,Malatya,Türkiye,TUR,ECA,False,178.4386,False,False
TUR002,Adiyaman,Türkiye,TUR,ECA,TUR067,Sanliurfa,Türkiye,TUR,ECA,False,68.0114,False,False
TUR003,Afyon,Türkiye,TUR,ECA,TUR025,Denizli,Türkiye,TUR,ECA,False,127.8629,False,False
TUR003,Afyon,Türkiye,TUR,ECA,TUR031,Eskisehir,Türkiye,TUR,ECA,False,162.4225,False,False
TUR003,Afyon,Türkiye,TUR,ECA,TUR076,Usak,Türkiye,TUR,ECA,False,45.9984,False,False
TUR004,Agri,Türkiye,TUR,ECA,TUR018,Bitlis,Türkiye,TUR,ECA,False,26.6479,False,False
TUR004,Agri,Türkiye,TUR,ECA,TUR030,Erzurum,Türkiye,TUR,ECA,False,96.6792,False,False
TUR004,Agri,Türkiye,TUR,ECA,TUR038,Igdir,Türkiye,TUR,ECA,False,145.8456,False,False
TUR004,Agri,Türkiye,TUR,ECA,TUR045,Kars,Türkiye,TUR,ECA,False,63.574,False,False
TUR004,Agri,Türkiye,TUR,ECA,TUR059,Mus,Türkiye,TUR,ECA,False,75.5493,False,False
TUR004,Agri,Türkiye,TUR,ECA,TUR077,Van,Türkiye,TUR,ECA,False,143.704,False,False
TUR005,Aksaray,Türkiye,TUR,ECA,TUR007,Ankara,Türkiye,TUR,ECA,False,55.8455,False,False
TUR005,Aksaray,Türkiye,TUR,ECA,TUR051,Kirsehir,Türkiye,TUR,ECA,False,42.2998,False,False
TUR005,Aksaray,Türkiye,TUR,ECA,TUR053,Konya,Türkiye,TUR,ECA,False,143.8058,False,False
TUR005,Aksaray,Türkiye,TUR,ECA,TUR060,Nevsehir,Türkiye,TUR,ECA,False,62.6975,False,False
TUR005,Aksaray,Türkiye,TUR,ECA,TUR061,Nigde,Türkiye,TUR,ECA,False,61.5998,False,False
TUR006,Amasya,Türkiye,TUR,ECA,TUR024,Corum,Türkiye,TUR,ECA,False,143.5815,False,False
TUR006,Amasya,Türkiye,TUR,ECA,TUR066,Samsun,Türkiye,TUR,ECA,False,155.939,False,False
TUR006,Amasya,Türkiye,TUR,ECA,TUR073,Tokat,Türkiye,TUR,ECA,False,158.166,False,False
TUR006,Amasya,Türkiye,TUR,ECA,TUR079,Yozgat,Türkiye,TUR,ECA,False,8.8651,False,False
TUR007,Ankara,Türkiye,TUR,ECA,TUR019,Bolu,Türkiye,TUR,ECA,False,202.0963,False,False
TUR007,Ankara,Türkiye,TUR,ECA,TUR023,Cankiri,Türkiye,TUR,ECA,False,126.1559,False,False
TUR007,Ankara,Türkiye,TUR,ECA,TUR031,Eskisehir,Türkiye,TUR,ECA,False,236.4422,False,False
TUR007,Ankara,Türkiye,TUR,ECA,TUR049,Kirikkale,Türkiye,TUR,ECA,False,134.0376,False,False
TUR008,Antalya,Türkiye,TUR,ECA,TUR020,Burdur,Türkiye,TUR,ECA,False,141.6567,False,False
TUR008,Antalya,Türkiye,TUR,ECA,TUR037,Icel,Türkiye,TUR,ECA,False,33.822,False,False
TUR008,Antalya,Türkiye,TUR,ECA,TUR039,Isparta,Türkiye,TUR,ECA,False,49.6047,False,False
TUR008,Antalya,Türkiye,TUR,ECA,TUR044,Karaman,Türkiye,TUR,ECA,False,46.9624,False,False
TUR008,Antalya,Türkiye,TUR,ECA,TUR053,Konya,Türkiye,TUR,ECA,False,134.5724,False,False
TUR008,Antalya,Türkiye,TUR,ECA,TUR058,Mugla,Türkiye,TUR,ECA,False,95.3948,False,False
TUR009,Ardahan,Türkiye,TUR,ECA,TUR030,Erzurum,Türkiye,TUR,ECA,False,39.1544,False,False
TUR009,Ardahan,Türkiye,TUR,ECA,TUR045,Kars,Türkiye,TUR,ECA,False,104.4964,False,False
TUR010,Artvin,Türkiye,TUR,ECA,TUR009,Ardahan,Türkiye,TUR,ECA,False,67.7867,False,False
TUR010,Artvin,Türkiye,TUR,ECA,TUR030,Erzurum,Türkiye,TUR,ECA,False,155.43,False,False
TUR010,Artvin,Türkiye,TUR,ECA,TUR064,Rize,Türkiye,TUR,ECA,False,71.6138,False,False
TUR011,Aydin,Türkiye,TUR,ECA,TUR025,Denizli,Türkiye,TUR,ECA,False,111.2509,False,False
TUR011,Aydin,Türkiye,TUR,ECA,TUR041,Izmir,Türkiye,TUR,ECA,False,128.8099,False,False
TUR011,Aydin,Türkiye,TUR,ECA,TUR058,Mugla,Türkiye,TUR,ECA,False,137.5663,False,False
TUR012,Balikesir,Türkiye,TUR,ECA,TUR022,Canakkale,Türkiye,TUR,ECA,False,161.0358,False,False
TUR013,Bartin,Türkiye,TUR,ECA,TUR043,Karabuk,Türkiye,TUR,ECA,False,67.1063,False,False
TUR013,Bartin,Türkiye,TUR,ECA,TUR046,Kastamonu,Türkiye,TUR,ECA,False,36.1264,False,False
TUR013,Bartin,Türkiye,TUR,ECA,TUR080,Zonguldak,Türkiye,TUR,ECA,False,53.7132,False,False
TUR014,Batman,Türkiye,TUR,ECA,TUR018,Bitlis,Türkiye,TUR,ECA,False,44.1765,False,False
TUR014,Batman,Türkiye,TUR,ECA,TUR026,Diyarbakir,Türkiye,TUR,ECA,False,108.5122,False,False
TUR014,Batman,Türkiye,TUR,ECA,TUR057,Mardin,Türkiye,TUR,ECA,False,93.0254,False,False
TUR014,Batman,Türkiye,TUR,ECA,TUR059,Mus,Türkiye,TUR,ECA,False,16.5415,False,False
TUR014,Batman,Türkiye,TUR,ECA,TUR068,Siirt,Türkiye,TUR,ECA,False,112.4738,False,False
TUR015,Bayburt,Türkiye,TUR,ECA,TUR029,Erzincan,Türkiye,TUR,ECA,False,50.1247,False,False
TUR015,Bayburt,Türkiye,TUR,ECA,TUR030,Erzurum,Türkiye,TUR,ECA,False,114.3985,False,False
TUR015,Bayburt,Türkiye,TUR,ECA,TUR034,Gumushane,Türkiye,TUR,ECA,False,105.0987,False,False
TUR015,Bayburt,Türkiye,TUR,ECA,TUR064,Rize,Türkiye,TUR,ECA,False,10.6592,False,False
TUR015,Bayburt,Türkiye,TUR,ECA,TUR074,Trabzon,Türkiye,TUR,ECA,False,30.5062,False,False
TUR016,Bilecik,Türkiye,TUR,ECA,TUR019,Bolu,Türkiye,TUR,ECA,False,24.3337,False,False
TUR016,Bilecik,Türkiye,TUR,ECA,TUR031,Eskisehir,Türkiye,TUR,ECA,False,95.7414,False,False
TUR017,Bingol,Türkiye,TUR,ECA,TUR026,Diyarbakir,Türkiye,TUR,ECA,False,103.4426,False,False
TUR017,Bingol,Türkiye,TUR,ECA,TUR028,Elazig,Türkiye,TUR,ECA,False,136.6311,False,False
TUR017,Bingol,Türkiye,TUR,ECA,TUR029,Erzincan,Türkiye,TUR,ECA,False,30.9831,False,False
TUR017,Bingol,Türkiye,TUR,ECA,TUR030,Erzurum,Türkiye,TUR,ECA,False,44.7791,False,False
TUR017,Bingol,Türkiye,TUR,ECA,TUR059,Mus,Türkiye,TUR,ECA,False,89.183,False,False
TUR017,Bingol,Türkiye,TUR,ECA,TUR075,Tunceli,Türkiye,TUR,ECA,False,83.1064,False,False
TUR018,Bitlis,Türkiye,TUR,ECA,TUR059,Mus,Türkiye,TUR,ECA,False,146.0373,False,False
TUR018,Bitlis,Türkiye,TUR,ECA,TUR068,Siirt,Türkiye,TUR,ECA,False,105.7098,False,False
TUR018,Bitlis,Türkiye,TUR,ECA,TUR077,Van,Türkiye,TUR,ECA,False,80.552,False,False
TUR019,Bolu,Türkiye,TUR,ECA,TUR023,Cankiri,Türkiye,TUR,ECA,False,15.6036,False,False
TUR019,Bolu,Türkiye,TUR,ECA,TUR031,Eskisehir,Türkiye,TUR,ECA,False,17.8159,False,False
TUR019,Bolu,Türkiye,TUR,ECA,TUR043,Karabuk,Türkiye,TUR,ECA,False,54.9149,False,False
TUR020,Burdur,Türkiye,TUR,ECA,TUR003,Afyon,Türkiye,TUR,ECA,False,15.4217,False,False
TUR020,Burdur,Türkiye,TUR,ECA,TUR025,Denizli,Türkiye,TUR,ECA,False,115.4885,False,False
TUR020,Burdur,Türkiye,TUR,ECA,TUR039,Isparta,Türkiye,TUR,ECA,False,119.8641,False,False
TUR020,Burdur,Türkiye,TUR,ECA,TUR058,Mugla,Türkiye,TUR,ECA,False,62.4626,False,False
TUR021,Bursa,Türkiye,TUR,ECA,TUR012,Balikesir,Türkiye,TUR,ECA,False,149.4395,False,False
TUR021,Bursa,Türkiye,TUR,ECA,TUR016,Bilecik,Türkiye,TUR,ECA,False,89.4786,False,False
TUR021,Bursa,Türkiye,TUR,ECA,TUR052,Kocaeli,Türkiye,TUR,ECA,False,46.1501,False,False
TUR021,Bursa,Türkiye,TUR,ECA,TUR054,Kutahya,Türkiye,TUR,ECA,False,78.1621,False,False
TUR021,Bursa,Türkiye,TUR,ECA,TUR065,Sakarya,Türkiye,TUR,ECA,False,4.9363,True,False
TUR021,Bursa,Türkiye,TUR,ECA,TUR078,Yalova,Türkiye,TUR,ECA,False,50.7002,False,False
TUR022,Canakkale,Türkiye,TUR,ECA,TUR027,Edirne,Türkiye,TUR,ECA,False,9.8643,False,False
TUR022,Canakkale,Türkiye,TUR,ECA,TUR072,Tekirdag,Türkiye,TUR,ECA,False,37.3699,False,False
TUR023,Cankiri,Türkiye,TUR,ECA,TUR043,Karabuk,Türkiye,TUR,ECA,False,59.1779,False,False
TUR023,Cankiri,Türkiye,TUR,ECA,TUR049,Kirikkale,Türkiye,TUR,ECA,False,29.0448,False,False
TUR024,Corum,Türkiye,TUR,ECA,TUR023,Cankiri,Türkiye,TUR,ECA,False,89.5654,False,False
TUR024,Corum,Türkiye,TUR,ECA,TUR049,Kirikkale,Türkiye,TUR,ECA,False,47.4853,False,False
TUR024,Corum,Türkiye,TUR,ECA,TUR066,Samsun,Türkiye,TUR,ECA,False,24.4331,False,False
TUR024,Corum,Türkiye,TUR,ECA,TUR069,Sinop,Türkiye,TUR,ECA,False,37.779,False,False
TUR024,Corum,Türkiye,TUR,ECA,TUR079,Yozgat,Türkiye,TUR,ECA,False,144.2263,False,False
TUR025,Denizli,Türkiye,TUR,ECA,TUR058,Mugla,Türkiye,TUR,ECA,False,122.8188,False,False
TUR025,Denizli,Türkiye,TUR,ECA,TUR076,Usak,Türkiye,TUR,ECA,False,105.4997,False,False
TUR026,Diyarbakir,Türkiye,TUR,ECA,TUR028,Elazig,Türkiye,TUR,ECA,False,110.931,False,False
TUR026,Diyarbakir,Türkiye,TUR,ECA,TUR055,Malatya,Türkiye,TUR,ECA,False,15.7317,False,False
TUR026,Diyarbakir,Türkiye,TUR,ECA,TUR057,Mardin,Türkiye,TUR,ECA,False,120.4572,False,False
TUR026,Diyarbakir,Türkiye,TUR,ECA,TUR059,Mus,Türkiye,TUR,ECA,False,39.4811,False,False
TUR026,Diyarbakir,Türkiye,TUR,ECA,TUR067,Sanliurfa,Türkiye,TUR,ECA,False,105.1703,False,False
TUR027,Edirne,Türkiye,TUR,ECA,TUR050,Kirklareli,Türkiye,TUR,ECA,False,92.4691,False,False
TUR027,Edirne,Türkiye,TUR,ECA,TUR072,Tekirdag,Türkiye,TUR,ECA,False,92.6218,False,False
TUR028,Elazig,Türkiye,TUR,ECA,TUR029,Erzincan,Türkiye,TUR,ECA,False,3.8393,True,False
TUR028,Elazig,Türkiye,TUR,ECA,TUR055,Malatya,Türkiye,TUR,ECA,False,72.8756,False,False
TUR028,Elazig,Türkiye,TUR,ECA,TUR075,Tunceli,Türkiye,TUR,ECA,False,60.8596,False,False
TUR029,Erzincan,Türkiye,TUR,ECA,TUR033,Giresun,Türkiye,TUR,ECA,False,20.5674,False,False
TUR029,Erzincan,Türkiye,TUR,ECA,TUR034,Gumushane,Türkiye,TUR,ECA,False,89.2928,False,False
TUR029,Erzincan,Türkiye,TUR,ECA,TUR055,Malatya,Türkiye,TUR,ECA,False,39.3649,False,False
TUR029,Erzincan,Türkiye,TUR,ECA,TUR071,Sivas,Türkiye,TUR,ECA,False,157.1525,False,False
TUR029,Erzincan,Türkiye,TUR,ECA,TUR075,Tunceli,Türkiye,TUR,ECA,False,239.5887,False,False
TUR030,Erzurum,Türkiye,TUR,ECA,TUR029,Erzincan,Türkiye,TUR,ECA,False,92.1185,False,False
TUR030,Erzurum,Türkiye,TUR,ECA,TUR045,Kars,Türkiye,TUR,ECA,False,116.9009,False,False
TUR030,Erzurum,Türkiye,TUR,ECA,TUR059,Mus,Türkiye,TUR,ECA,False,132.9758,False,False
TUR030,Erzurum,Türkiye,TUR,ECA,TUR064,Rize,Türkiye,TUR,ECA,False,67.0575,False,False
TUR032,Gaziantep,Türkiye,TUR,ECA,TUR036,Hatay,Türkiye,TUR,ECA,False,22.4942,False,False
TUR032,Gaziantep,Türkiye,TUR,ECA,TUR042,K.maras,Türkiye,TUR,ECA,False,122.1422,False,False
TUR032,Gaziantep,Türkiye,TUR,ECA,TUR048,Kilis,Türkiye,TUR,ECA,False,125.7528,False,False
TUR032,Gaziantep,Türkiye,TUR,ECA,TUR063,Osmaniye,Türkiye,TUR,ECA,False,39.843,False,False
TUR032,Gaziantep,Türkiye,TUR,ECA,TUR067,Sanliurfa,Türkiye,TUR,ECA,False,97.5573,False,False
TUR033,Giresun,Türkiye,TUR,ECA,TUR034,Gumushane,Türkiye,TUR,ECA,False,136.791,False,False
TUR033,Giresun,Türkiye,TUR,ECA,TUR062,Ordu,Türkiye,TUR,ECA,False,78.6874,False,False
TUR033,Giresun,Türkiye,TUR,ECA,TUR071,Sivas,Türkiye,TUR,ECA,False,95.6432,False,False
TUR033,Giresun,Türkiye,TUR,ECA,TUR074,Trabzon,Türkiye,TUR,ECA,False,31.3392,False,False
TUR034,Gumushane,Türkiye,TUR,ECA,TUR074,Trabzon,Türkiye,TUR,ECA,False,140.0814,False,False
TUR035,Hakkari,Türkiye,TUR,ECA,TUR070,Sirnak,Türkiye,TUR,ECA,False,55.2377,False,False
TUR035,Hakkari,Türkiye,TUR,ECA,TUR077,Van,Türkiye,TUR,ECA,False,93.6947,False,False
TUR036,Hatay,Türkiye,TUR,ECA,TUR063,Osmaniye,Türkiye,TUR,ECA,False,47.0872,False,False
TUR037,Icel,Türkiye,TUR,ECA,TUR044,Karaman,Türkiye,TUR,ECA,False,258.7004,False,False
TUR037,Icel,Türkiye,TUR,ECA,TUR053,Konya,Türkiye,TUR,ECA,False,22.6489,False,False
TUR037,Icel,Türkiye,TUR,ECA,TUR061,Nigde,Türkiye,TUR,ECA,False,33.8356,False,False
TUR038,Igdir,Türkiye,TUR,ECA,TUR045,Kars,Türkiye,TUR,ECA,False,61.0987,False,False
TUR039,Isparta,Türkiye,TUR,ECA,TUR003,Afyon,Türkiye,TUR,ECA,False,150.8101,False,False
TUR039,Isparta,Türkiye,TUR,ECA,TUR053,Konya,Türkiye,TUR,ECA,False,117.2579,False,False
TUR040,Istanbul,Türkiye,TUR,ECA,TUR050,Kirklareli,Türkiye,TUR,ECA,False,6.3364,False,False
TUR040,Istanbul,Türkiye,TUR,ECA,TUR052,Kocaeli,Türkiye,TUR,ECA,False,92.5429,False,False
TUR040,Istanbul,Türkiye,TUR,ECA,TUR072,Tekirdag,Türkiye,TUR,ECA,False,64.5076,False,False
TUR041,Izmir,Türkiye,TUR,ECA,TUR012,Balikesir,Türkiye,TUR,ECA,False,65.0427,False,False
TUR042,K.maras,Türkiye,TUR,ECA,TUR047,Kayseri,Türkiye,TUR,ECA,False,57.428,False,False
TUR042,K.maras,Türkiye,TUR,ECA,TUR055,Malatya,Türkiye,TUR,ECA,False,106.245,False,False
TUR042,K.maras,Türkiye,TUR,ECA,TUR063,Osmaniye,Türkiye,TUR,ECA,False,104.4198,False,False
TUR042,K.maras,Türkiye,TUR,ECA,TUR071,Sivas,Türkiye,TUR,ECA,False,49.7306,False,False
TUR046,Kastamonu,Türkiye,TUR,ECA,TUR023,Cankiri,Türkiye,TUR,ECA,False,109.6687,False,False
TUR046,Kastamonu,Türkiye,TUR,ECA,TUR024,Corum,Türkiye,TUR,ECA,False,98.5436,False,False
TUR046,Kastamonu,Türkiye,TUR,ECA,TUR043,Karabuk,Türkiye,TUR,ECA,False,102.8171,False,False
TUR046,Kastamonu,Türkiye,TUR,ECA,TUR069,Sinop,Türkiye,TUR,ECA,False,106.4239,False,False
TUR047,Kayseri,Türkiye,TUR,ECA,TUR060,Nevsehir,Türkiye,TUR,ECA,False,89.6382,False,False
TUR047,Kayseri,Türkiye,TUR,ECA,TUR061,Nigde,Türkiye,TUR,ECA,False,98.1833,False,False
TUR047,Kayseri,Türkiye,TUR,ECA,TUR071,Sivas,Türkiye,TUR,ECA,False,193.3487,False,False
TUR047,Kayseri,Türkiye,TUR,ECA,TUR079,Yozgat,Türkiye,TUR,ECA,False,93.379,False,False
TUR050,Kirklareli,Türkiye,TUR,ECA,TUR072,Tekirdag,Türkiye,TUR,ECA,False,127.1397,False,False
TUR051,Kirsehir,Türkiye,TUR,ECA,TUR007,Ankara,Türkiye,TUR,ECA,False,71.0368,False,False
TUR051,Kirsehir,Türkiye,TUR,ECA,TUR049,Kirikkale,Türkiye,TUR,ECA,False,94.1843,False,False
TUR051,Kirsehir,Türkiye,TUR,ECA,TUR060,Nevsehir,Türkiye,TUR,ECA,False,125.361,False,False
TUR051,Kirsehir,Türkiye,TUR,ECA,TUR079,Yozgat,Türkiye,TUR,ECA,False,67.5574,False,False
TUR052,Kocaeli,Türkiye,TUR,ECA,TUR065,Sakarya,Türkiye,TUR,ECA,False,92.0272,False,False
TUR052,Kocaeli,Türkiye,TUR,ECA,TUR078,Yalova,Türkiye,TUR,ECA,False,23.7917,False,False
TUR053,Konya,Türkiye,TUR,ECA,TUR003,Afyon,Türkiye,TUR,ECA,False,111.7004,False,False
TUR053,Konya,Türkiye,TUR,ECA,TUR007,Ankara,Türkiye,TUR,ECA,False,183.6698,False,False
TUR053,Konya,Türkiye,TUR,ECA,TUR031,Eskisehir,Türkiye,TUR,ECA,False,24.9067,False,False
TUR053,Konya,Türkiye,TUR,ECA,TUR044,Karaman,Türkiye,TUR,ECA,False,302.6643,False,False
TUR053,Konya,Türkiye,TUR,ECA,TUR061,Nigde,Türkiye,TUR,ECA,False,98.2219,False,False
TUR054,Kutahya,Türkiye,TUR,ECA,TUR003,Afyon,Türkiye,TUR,ECA,False,63.5868,False,False
TUR054,Kutahya,Türkiye,TUR,ECA,TUR012,Balikesir,Türkiye,TUR,ECA,False,71.6959,False,False
TUR054,Kutahya,Türkiye,TUR,ECA,TUR016,Bilecik,Türkiye,TUR,ECA,False,46.1634,False,False
TUR054,Kutahya,Türkiye,TUR,ECA,TUR031,Eskisehir,Türkiye,TUR,ECA,False,77.324,False,False
TUR054,Kutahya,Türkiye,TUR,ECA,TUR056,Manisa,Türkiye,TUR,ECA,False,60.1005,False,False
TUR054,Kutahya,Türkiye,TUR,ECA,TUR076,Usak,Türkiye,TUR,ECA,False,111.7031,False,False
TUR055,Malatya,Türkiye,TUR,ECA,TUR071,Sivas,Türkiye,TUR,ECA,False,149.4533,False,False
TUR056,Manisa,Türkiye,TUR,ECA,TUR011,Aydin,Türkiye,TUR,ECA,False,16.0358,False,False
TUR056,Manisa,Türkiye,TUR,ECA,TUR012,Balikesir,Türkiye,TUR,ECA,False,143.3874,False,False
TUR056,Manisa,Türkiye,TUR,ECA,TUR025,Denizli,Türkiye,TUR,ECA,False,26.3686,False,False
TUR056,Manisa,Türkiye,TUR,ECA,TUR041,Izmir,Türkiye,TUR,ECA,False,290.5421,False,False
TUR056,Manisa,Türkiye,TUR,ECA,TUR076,Usak,Türkiye,TUR,ECA,False,81.7982,False,False
TUR057,Mardin,Türkiye,TUR,ECA,TUR067,Sanliurfa,Türkiye,TUR,ECA,False,77.1198,False,False
TUR057,Mardin,Türkiye,TUR,ECA,TUR068,Siirt,Türkiye,TUR,ECA,False,8.6552,False,False
TUR057,Mardin,Türkiye,TUR,ECA,TUR070,Sirnak,Türkiye,TUR,ECA,False,108.4383,False,False
TUR060,Nevsehir,Türkiye,TUR,ECA,TUR079,Yozgat,Türkiye,TUR,ECA,False,70.7124,False,False
TUR061,Nigde,Türkiye,TUR,ECA,TUR060,Nevsehir,Türkiye,TUR,ECA,False,48.3689,False,False
TUR062,Ordu,Türkiye,TUR,ECA,TUR066,Samsun,Türkiye,TUR,ECA,False,57.0203,False,False
TUR062,Ordu,Türkiye,TUR,ECA,TUR071,Sivas,Türkiye,TUR,ECA,False,73.2103,False,False
TUR062,Ordu,Türkiye,TUR,ECA,TUR073,Tokat,Türkiye,TUR,ECA,False,118.9728,False,False
TUR064,Rize,Türkiye,TUR,ECA,TUR074,Trabzon,Türkiye,TUR,ECA,False,60.0074,False,False
TUR065,Sakarya,Türkiye,TUR,ECA,TUR016,Bilecik,Türkiye,TUR,ECA,False,63.3033,False,False
TUR065,Sakarya,Türkiye,TUR,ECA,TUR019,Bolu,Türkiye,TUR,ECA,False,132.1823,False,False
TUR066,Samsun,Türkiye,TUR,ECA,TUR073,Tokat,Türkiye,TUR,ECA,False,28.2969,False,False
TUR068,Siirt,Türkiye,TUR,ECA,TUR070,Sirnak,Türkiye,TUR,ECA,False,112.0906,False,False
TUR068,Siirt,Türkiye,TUR,ECA,TUR077,Van,Türkiye,TUR,ECA,False,39.2459,False,False
TUR069,Sinop,Türkiye,TUR,ECA,TUR066,Samsun,Türkiye,TUR,ECA,False,131.2112,False,False
TUR070,Sirnak,Türkiye,TUR,ECA,TUR077,Van,Türkiye,TUR,ECA,False,54.2788,False,False
TUR071,Sivas,Türkiye,TUR,ECA,TUR073,Tokat,Türkiye,TUR,ECA,False,193.2408,False,False
TUR071,Sivas,Türkiye,TUR,ECA,TUR079,Yozgat,Türkiye,TUR,ECA,False,99.1457,False,False
TUR073,Tokat,Türkiye,TUR,ECA,TUR079,Yozgat,Türkiye,TUR,ECA,False,69.485,False,False
TUR079,Yozgat,Türkiye,TUR,ECA,TUR049,Kirikkale,Türkiye,TUR,ECA,False,18.7494,False,False
TUR080,Zonguldak,Türkiye,TUR,ECA,TUR019,Bolu,Türkiye,TUR,ECA,False,75.2586,False,False
TUR080,Zonguldak,Türkiye,TUR,ECA,TUR043,Karabuk,Türkiye,TUR,ECA,False,43.9542,False,False
TZA001,Arusha,Tanzania,TZA,AFR,TZA011,Kilimanjaro,Tanzania,TZA,AFR,False,202.7329,False,False
TZA001,Arusha,Tanzania,TZA,AFR,TZA015,Manyara,Tanzania,TZA,AFR,False,402.5612,False,False
TZA001,Arusha,Tanzania,TZA,AFR,TZA016,Mara,Tanzania,TZA,AFR,False,251.6028,False,False
TZA001,Arusha,Tanzania,TZA,AFR,TZA027,Simiyu,Tanzania,TZA,AFR,False,183.2231,False,False
TZA001,Arusha,Tanzania,TZA,AFR,TZA028,Singida,Tanzania,TZA,AFR,False,31.1,False,False
TZA002,Dar-es-salaam,Tanzania,TZA,AFR,TZA023,Pwani,Tanzania,TZA,AFR,False,180.8693,False,False
TZA003,Dodoma,Tanzania,TZA,AFR,TZA005,Iringa,Tanzania,TZA,AFR,False,204.0104,False,False
TZA003,Dodoma,Tanzania,TZA,AFR,TZA015,Manyara,Tanzania,TZA,AFR,False,400.6554,False,False
TZA003,Dodoma,Tanzania,TZA,AFR,TZA019,Morogoro,Tanzania,TZA,AFR,False,202.783,False,False
TZA003,Dodoma,Tanzania,TZA,AFR,TZA028,Singida,Tanzania,TZA,AFR,False,300.0909,False,False
TZA004,Geita,Tanzania,TZA,AFR,TZA006,Kagera,Tanzania,TZA,AFR,False,255.0715,False,False
TZA004,Geita,Tanzania,TZA,AFR,TZA010,Kigoma,Tanzania,TZA,AFR,False,161.7677,False,False
TZA004,Geita,Tanzania,TZA,AFR,TZA021,Mwanza,Tanzania,TZA,AFR,False,162.0748,False,False
TZA004,Geita,Tanzania,TZA,AFR,TZA026,Shinyanga,Tanzania,TZA,AFR,False,297.9079,False,False
TZA004,Geita,Tanzania,TZA,AFR,TZA029,Tabora,Tanzania,TZA,AFR,False,74.0797,False,False
TZA005,Iringa,Tanzania,TZA,AFR,TZA017,Mbeya,Tanzania,TZA,AFR,False,213.8875,False,False
TZA005,Iringa,Tanzania,TZA,AFR,TZA019,Morogoro,Tanzania,TZA,AFR,False,378.5981,False,False
TZA005,Iringa,Tanzania,TZA,AFR,TZA022,Njombe,Tanzania,TZA,AFR,False,131.7234,False,False
TZA005,Iringa,Tanzania,TZA,AFR,TZA028,Singida,Tanzania,TZA,AFR,False,134.3584,False,False
TZA006,Kagera,Tanzania,TZA,AFR,TZA010,Kigoma,Tanzania,TZA,AFR,False,115.2658,False,False
TZA006,Kagera,Tanzania,TZA,AFR,UGA034,Isingiro,Uganda,UGA,AFR,True,94.816,False,False
TZA006,Kagera,Tanzania,TZA,AFR,UGA094,Ntungamo,Uganda,UGA,AFR,True,0.4019,True,True
TZA006,Kagera,Tanzania,TZA,AFR,UGA100,Rakai,Uganda,UGA,AFR,True,58.6119,False,False
TZA007,Kaskazini Pemba,Tanzania,TZA,AFR,TZA012,Kusini Pemba,Tanzania,TZA,AFR,False,17.7568,False,False
TZA008,Kaskazini Unguja,Tanzania,TZA,AFR,TZA013,Kusini Unguja,Tanzania,TZA,AFR,False,13.9667,False,False
TZA008,Kaskazini Unguja,Tanzania,TZA,AFR,TZA018,Mjini Magharibi,Tanzania,TZA,AFR,False,8.9096,False,False
TZA009,Katavi,Tanzania,TZA,AFR,TZA010,Kigoma,Tanzania,TZA,AFR,False,384.9464,False,False
TZA009,Katavi,Tanzania,TZA,AFR,TZA017,Mbeya,Tanzania,TZA,AFR,False,133.1964,False,False
TZA009,Katavi,Tanzania,TZA,AFR,TZA024,Rukwa,Tanzania,TZA,AFR,False,219.3226,False,False
TZA009,Katavi,Tanzania,TZA,AFR,TZA029,Tabora,Tanzania,TZA,AFR,False,429.1592,False,False
TZA010,Kigoma,Tanzania,TZA,AFR,TZA029,Tabora,Tanzania,TZA,AFR,False,130.1474,False,False
TZA011,Kilimanjaro,Tanzania,TZA,AFR,TZA015,Manyara,Tanzania,TZA,AFR,False,223.5309,False,False
TZA011,Kilimanjaro,Tanzania,TZA,AFR,TZA030,Tanga,Tanzania,TZA,AFR,False,79.9908,False,False
TZA013,Kusini Unguja,Tanzania,TZA,AFR,TZA018,Mjini Magharibi,Tanzania,TZA,AFR,False,26.1669,False,False
TZA014,Lindi,Tanzania,TZA,AFR,TZA019,Morogoro,Tanzania,TZA,AFR,False,225.3204,False,False
TZA014,Lindi,Tanzania,TZA,AFR,TZA020,Mtwara,Tanzania,TZA,AFR,False,314.5056,False,False
TZA014,Lindi,Tanzania,TZA,AFR,TZA023,Pwani,Tanzania,TZA,AFR,False,203.4949,False,False
TZA014,Lindi,Tanzania,TZA,AFR,TZA025,Ruvuma,Tanzania,TZA,AFR,False,230.8396,False,False
TZA015,Manyara,Tanzania,TZA,AFR,TZA028,Singida,Tanzania,TZA,AFR,False,150.8076,False,False
TZA015,Manyara,Tanzania,TZA,AFR,TZA030,Tanga,Tanzania,TZA,AFR,False,244.6789,False,False
TZA016,Mara,Tanzania,TZA,AFR,TZA027,Simiyu,Tanzania,TZA,AFR,False,183.3307,False,False
TZA017,Mbeya,Tanzania,TZA,AFR,TZA022,Njombe,Tanzania,TZA,AFR,False,224.7048,False,False
TZA017,Mbeya,Tanzania,TZA,AFR,TZA024,Rukwa,Tanzania,TZA,AFR,False,183.5144,False,False
TZA017,Mbeya,Tanzania,TZA,AFR,TZA028,Singida,Tanzania,TZA,AFR,False,145.8905,False,False
TZA017,Mbeya,Tanzania,TZA,AFR,TZA029,Tabora,Tanzania,TZA,AFR,False,100.507,False,False
TZA017,Mbeya,Tanzania,TZA,AFR,ZMB106,Muchiga,Zambia,ZMB,AFR,True,111.6193,False,False
TZA017,Mbeya,Tanzania,TZA,AFR,ZMB107,Northern,Zambia,ZMB,AFR,True,4.5742,True,False
TZA019,Morogoro,Tanzania,TZA,AFR,TZA015,Manyara,Tanzania,TZA,AFR,False,8.1244,False,False
TZA019,Morogoro,Tanzania,TZA,AFR,TZA022,Njombe,Tanzania,TZA,AFR,False,64.0755,False,False
TZA019,Morogoro,Tanzania,TZA,AFR,TZA023,Pwani,Tanzania,TZA,AFR,False,430.438,False,False
TZA019,Morogoro,Tanzania,TZA,AFR,TZA025,Ruvuma,Tanzania,TZA,AFR,False,387.9196,False,False
TZA019,Morogoro,Tanzania,TZA,AFR,TZA030,Tanga,Tanzania,TZA,AFR,False,139.5647,False,False
TZA020,Mtwara,Tanzania,TZA,AFR,TZA025,Ruvuma,Tanzania,TZA,AFR,False,78.3871,False,False
TZA021,Mwanza,Tanzania,TZA,AFR,TZA026,Shinyanga,Tanzania,TZA,AFR,False,96.2531,False,False
TZA021,Mwanza,Tanzania,TZA,AFR,TZA027,Simiyu,Tanzania,TZA,AFR,False,173.4326,False,False
TZA022,Njombe,Tanzania,TZA,AFR,TZA025,Ruvuma,Tanzania,TZA,AFR,False,243.1928,False,False
TZA023,Pwani,Tanzania,TZA,AFR,TZA030,Tanga,Tanzania,TZA,AFR,False,166.4344,False,False
TZA024,Rukwa,Tanzania,TZA,AFR,ZMB107,Northern,Zambia,ZMB,AFR,True,166.3582,False,False
TZA026,Shinyanga,Tanzania,TZA,AFR,TZA029,Tabora,Tanzania,TZA,AFR,False,410.0568,False,False
TZA027,Simiyu,Tanzania,TZA,AFR,TZA026,Shinyanga,Tanzania,TZA,AFR,False,174.3822,False,False
TZA028,Singida,Tanzania,TZA,AFR,TZA026,Shinyanga,Tanzania,TZA,AFR,False,3.1841,True,False
TZA028,Singida,Tanzania,TZA,AFR,TZA027,Simiyu,Tanzania,TZA,AFR,False,88.01,False,False
TZA028,Singida,Tanzania,TZA,AFR,TZA029,Tabora,Tanzania,TZA,AFR,False,413.7808,False,False
UGA001,Abim,Uganda,UGA,AFR,UGA059,Kotido,Uganda,UGA,AFR,False,102.1425,False,False
UGA001,Abim,Uganda,UGA,AFR,UGA090,Napak,Uganda,UGA,AFR,False,62.7594,False,False
UGA001,Abim,Uganda,UGA,AFR,UGA096,Otuke,Uganda,UGA,AFR,False,22.9519,False,False
UGA002,Adjumani,Uganda,UGA,AFR,UGA008,Amuru,Uganda,UGA,AFR,False,148.8671,False,False
UGA002,Adjumani,Uganda,UGA,AFR,UGA010,Arua,Uganda,UGA,AFR,False,31.1439,False,False
UGA002,Adjumani,Uganda,UGA,AFR,UGA081,Moyo,Uganda,UGA,AFR,False,89.7385,False,False
UGA003,Agago,Uganda,UGA,AFR,UGA001,Abim,Uganda,UGA,AFR,False,69.8934,False,False
UGA003,Agago,Uganda,UGA,AFR,UGA056,Kitgum,Uganda,UGA,AFR,False,76.6444,False,False
UGA003,Agago,Uganda,UGA,AFR,UGA059,Kotido,Uganda,UGA,AFR,False,14.7026,False,False
UGA003,Agago,Uganda,UGA,AFR,UGA096,Otuke,Uganda,UGA,AFR,False,62.2507,False,False
UGA003,Agago,Uganda,UGA,AFR,UGA098,Pader,Uganda,UGA,AFR,False,99.0784,False,False
UGA004,Alebtong,Uganda,UGA,AFR,UGA007,Amuria,Uganda,UGA,AFR,False,63.3081,False,False
UGA004,Alebtong,Uganda,UGA,AFR,UGA028,Dokolo,Uganda,UGA,AFR,False,21.6813,False,False
UGA004,Alebtong,Uganda,UGA,AFR,UGA039,Kaberamaido,Uganda,UGA,AFR,False,9.9751,False,False
UGA004,Alebtong,Uganda,UGA,AFR,UGA066,Lira,Uganda,UGA,AFR,False,76.8106,False,False
UGA004,Alebtong,Uganda,UGA,AFR,UGA096,Otuke,Uganda,UGA,AFR,False,122.4865,False,False
UGA005,Amolatar,Uganda,UGA,AFR,UGA028,Dokolo,Uganda,UGA,AFR,False,1.8153,True,False
UGA005,Amolatar,Uganda,UGA,AFR,UGA039,Kaberamaido,Uganda,UGA,AFR,False,21.0492,False,False
UGA005,Amolatar,Uganda,UGA,AFR,UGA050,Kayunga,Uganda,UGA,AFR,False,1.4527,True,False
UGA005,Amolatar,Uganda,UGA,AFR,UGA087,Nakasongola,Uganda,UGA,AFR,False,12.4773,False,False
UGA006,Amudat,Uganda,UGA,AFR,UGA018,Bukwo,Uganda,UGA,AFR,False,7.9418,False,False
UGA006,Amudat,Uganda,UGA,AFR,UGA061,Kween,Uganda,UGA,AFR,False,30.4064,False,False
UGA006,Amudat,Uganda,UGA,AFR,UGA080,Moroto,Uganda,UGA,AFR,False,30.9965,False,False
UGA006,Amudat,Uganda,UGA,AFR,UGA085,Nakapiripirit,Uganda,UGA,AFR,False,91.2606,False,False
UGA007,Amuria,Uganda,UGA,AFR,UGA039,Kaberamaido,Uganda,UGA,AFR,False,17.9028,False,False
UGA007,Amuria,Uganda,UGA,AFR,UGA049,Katakwi,Uganda,UGA,AFR,False,101.5541,False,False
UGA007,Amuria,Uganda,UGA,AFR,UGA090,Napak,Uganda,UGA,AFR,False,41.4365,False,False
UGA007,Amuria,Uganda,UGA,AFR,UGA096,Otuke,Uganda,UGA,AFR,False,12.4354,False,False
UGA007,Amuria,Uganda,UGA,AFR,UGA106,Soroti,Uganda,UGA,AFR,False,73.6965,False,False
UGA008,Amuru,Uganda,UGA,AFR,UGA030,Gulu,Uganda,UGA,AFR,False,86.9959,False,False
UGA008,Amuru,Uganda,UGA,AFR,UGA065,Lamwo,Uganda,UGA,AFR,False,34.3209,False,False
UGA008,Amuru,Uganda,UGA,AFR,UGA091,Nebbi,Uganda,UGA,AFR,False,16.333,False,False
UGA008,Amuru,Uganda,UGA,AFR,UGA095,Nwoya,Uganda,UGA,AFR,False,126.9095,False,False
UGA009,Apac,Uganda,UGA,AFR,UGA005,Amolatar,Uganda,UGA,AFR,False,9.6966,False,False
UGA009,Apac,Uganda,UGA,AFR,UGA028,Dokolo,Uganda,UGA,AFR,False,32.8205,False,False
UGA009,Apac,Uganda,UGA,AFR,UGA054,Kiryandongo,Uganda,UGA,AFR,False,72.0551,False,False
UGA009,Apac,Uganda,UGA,AFR,UGA058,Kole,Uganda,UGA,AFR,False,54.6904,False,False
UGA009,Apac,Uganda,UGA,AFR,UGA066,Lira,Uganda,UGA,AFR,False,2.9183,True,False
UGA009,Apac,Uganda,UGA,AFR,UGA087,Nakasongola,Uganda,UGA,AFR,False,22.6285,False,False
UGA009,Apac,Uganda,UGA,AFR,UGA097,Oyam,Uganda,UGA,AFR,False,34.2743,False,False
UGA010,Arua,Uganda,UGA,AFR,UGA008,Amuru,Uganda,UGA,AFR,False,23.9362,False,False
UGA010,Arua,Uganda,UGA,AFR,UGA072,Maracha,Uganda,UGA,AFR,False,49.0206,False,False
UGA010,Arua,Uganda,UGA,AFR,UGA081,Moyo,Uganda,UGA,AFR,False,8.2762,False,False
UGA010,Arua,Uganda,UGA,AFR,UGA091,Nebbi,Uganda,UGA,AFR,False,66.588,False,False
UGA010,Arua,Uganda,UGA,AFR,UGA110,Yumbe,Uganda,UGA,AFR,False,67.6679,False,False
UGA010,Arua,Uganda,UGA,AFR,UGA111,Zombo,Uganda,UGA,AFR,False,45.4819,False,False
UGA011,Budaka,Uganda,UGA,AFR,UGA024,Butaleja,Uganda,UGA,AFR,False,28.7848,False,False
UGA011,Budaka,Uganda,UGA,AFR,UGA052,Kibuku,Uganda,UGA,AFR,False,33.8922,False,False
UGA011,Budaka,Uganda,UGA,AFR,UGA076,Mbale,Uganda,UGA,AFR,False,6.9398,False,False
UGA011,Budaka,Uganda,UGA,AFR,UGA099,Pallisa,Uganda,UGA,AFR,False,32.9946,False,False
UGA012,Bududa,Uganda,UGA,AFR,UGA061,Kween,Uganda,UGA,AFR,False,2.6752,True,False
UGA012,Bududa,Uganda,UGA,AFR,UGA071,Manafwa,Uganda,UGA,AFR,False,35.3542,False,False
UGA012,Bududa,Uganda,UGA,AFR,UGA076,Mbale,Uganda,UGA,AFR,False,18.4755,False,False
UGA012,Bududa,Uganda,UGA,AFR,UGA105,Sironko,Uganda,UGA,AFR,False,25.4643,False,False
UGA013,Bugiri,Uganda,UGA,AFR,UGA023,Busia,Uganda,UGA,AFR,False,16.5128,False,False
UGA013,Bugiri,Uganda,UGA,AFR,UGA024,Butaleja,Uganda,UGA,AFR,False,3.2422,True,False
UGA013,Bugiri,Uganda,UGA,AFR,UGA033,Iganga,Uganda,UGA,AFR,False,38.0663,False,False
UGA013,Bugiri,Uganda,UGA,AFR,UGA075,Mayuge,Uganda,UGA,AFR,False,25.6109,False,False
UGA013,Bugiri,Uganda,UGA,AFR,UGA088,Namayingo,Uganda,UGA,AFR,False,28.5327,False,False
UGA013,Bugiri,Uganda,UGA,AFR,UGA089,Namutumba,Uganda,UGA,AFR,False,27.3039,False,False
UGA013,Bugiri,Uganda,UGA,AFR,UGA108,Tororo,Uganda,UGA,AFR,False,21.3756,False,False
UGA014,Buhweju,Uganda,UGA,AFR,UGA032,Ibanda,Uganda,UGA,AFR,False,37.5242,False,False
UGA014,Buhweju,Uganda,UGA,AFR,UGA077,Mbarara,Uganda,UGA,AFR,False,22.9496,False,False
UGA014,Buhweju,Uganda,UGA,AFR,UGA101,Rubirizi,Uganda,UGA,AFR,False,16.9289,False,False
UGA014,Buhweju,Uganda,UGA,AFR,UGA104,Sheema,Uganda,UGA,AFR,False,22.3878,False,False
UGA015,Buikwe,Uganda,UGA,AFR,UGA035,Jinja,Uganda,UGA,AFR,False,20.4488,False,False
UGA015,Buikwe,Uganda,UGA,AFR,UGA050,Kayunga,Uganda,UGA,AFR,False,16.9496,False,False
UGA015,Buikwe,Uganda,UGA,AFR,UGA084,Mukono,Uganda,UGA,AFR,False,58.9609,False,False
UGA016,Bukedea,Uganda,UGA,AFR,UGA060,Kumi,Uganda,UGA,AFR,False,61.2671,False,False
UGA016,Bukedea,Uganda,UGA,AFR,UGA076,Mbale,Uganda,UGA,AFR,False,6.4998,False,False
UGA016,Bukedea,Uganda,UGA,AFR,UGA085,Nakapiripirit,Uganda,UGA,AFR,False,1.9677,True,False
UGA016,Bukedea,Uganda,UGA,AFR,UGA099,Pallisa,Uganda,UGA,AFR,False,26.303,False,False
UGA016,Bukedea,Uganda,UGA,AFR,UGA105,Sironko,Uganda,UGA,AFR,False,19.3741,False,False
UGA017,Bukomansimbi,Uganda,UGA,AFR,UGA029,Gomba,Uganda,UGA,AFR,False,5.3282,False,False
UGA017,Bukomansimbi,Uganda,UGA,AFR,UGA042,Kalungu,Uganda,UGA,AFR,False,36.2901,False,False
UGA017,Bukomansimbi,Uganda,UGA,AFR,UGA069,Lwengo,Uganda,UGA,AFR,False,14.4428,False,False
UGA017,Bukomansimbi,Uganda,UGA,AFR,UGA073,Masaka,Uganda,UGA,AFR,False,5.9268,False,False
UGA017,Bukomansimbi,Uganda,UGA,AFR,UGA107,Ssembabule,Uganda,UGA,AFR,False,44.3313,False,False
UGA018,Bukwo,Uganda,UGA,AFR,UGA061,Kween,Uganda,UGA,AFR,False,56.1106,False,False
UGA019,Bulambuli,Uganda,UGA,AFR,UGA016,Bukedea,Uganda,UGA,AFR,False,36.063,False,False
UGA019,Bulambuli,Uganda,UGA,AFR,UGA047,Kapchorwa,Uganda,UGA,AFR,False,66.2226,False,False
UGA019,Bulambuli,Uganda,UGA,AFR,UGA061,Kween,Uganda,UGA,AFR,False,18.6548,False,False
UGA019,Bulambuli,Uganda,UGA,AFR,UGA085,Nakapiripirit,Uganda,UGA,AFR,False,21.3434,False,False
UGA019,Bulambuli,Uganda,UGA,AFR,UGA105,Sironko,Uganda,UGA,AFR,False,49.9615,False,False
UGA020,Buliisa,Uganda,UGA,AFR,UGA031,Hoima,Uganda,UGA,AFR,False,18.4991,False,False
UGA020,Buliisa,Uganda,UGA,AFR,UGA074,Masindi,Uganda,UGA,AFR,False,108.3412,False,False
UGA020,Buliisa,Uganda,UGA,AFR,UGA095,Nwoya,Uganda,UGA,AFR,False,22.8109,False,False
UGA021,Bundibugyo,Uganda,UGA,AFR,UGA048,Kasese,Uganda,UGA,AFR,False,15.7326,False,False
UGA021,Bundibugyo,Uganda,UGA,AFR,UGA093,Ntoroko,Uganda,UGA,AFR,False,25.2768,False,False
UGA022,Bushenyi,Uganda,UGA,AFR,UGA014,Buhweju,Uganda,UGA,AFR,False,35.1543,False,False
UGA022,Bushenyi,Uganda,UGA,AFR,UGA078,Mitooma,Uganda,UGA,AFR,False,52.2949,False,False
UGA022,Bushenyi,Uganda,UGA,AFR,UGA101,Rubirizi,Uganda,UGA,AFR,False,46.1064,False,False
UGA022,Bushenyi,Uganda,UGA,AFR,UGA102,Rukungiri,Uganda,UGA,AFR,False,5.3954,False,False
UGA022,Bushenyi,Uganda,UGA,AFR,UGA104,Sheema,Uganda,UGA,AFR,False,44.219,False,False
UGA023,Busia,Uganda,UGA,AFR,UGA088,Namayingo,Uganda,UGA,AFR,False,35.8755,False,False
UGA023,Busia,Uganda,UGA,AFR,UGA108,Tororo,Uganda,UGA,AFR,False,22.2839,False,False
UGA024,Butaleja,Uganda,UGA,AFR,UGA052,Kibuku,Uganda,UGA,AFR,False,12.2263,False,False
UGA024,Butaleja,Uganda,UGA,AFR,UGA076,Mbale,Uganda,UGA,AFR,False,19.8211,False,False
UGA024,Butaleja,Uganda,UGA,AFR,UGA089,Namutumba,Uganda,UGA,AFR,False,34.3961,False,False
UGA024,Butaleja,Uganda,UGA,AFR,UGA108,Tororo,Uganda,UGA,AFR,False,41.6062,False,False
UGA025,Butambala,Uganda,UGA,AFR,UGA029,Gomba,Uganda,UGA,AFR,False,56.3504,False,False
UGA025,Butambala,Uganda,UGA,AFR,UGA042,Kalungu,Uganda,UGA,AFR,False,7.8991,False,False
UGA025,Butambala,Uganda,UGA,AFR,UGA079,Mityana,Uganda,UGA,AFR,False,21.3089,False,False
UGA025,Butambala,Uganda,UGA,AFR,UGA082,Mpigi,Uganda,UGA,AFR,False,88.2261,False,False
UGA027,Buyende,Uganda,UGA,AFR,UGA041,Kaliro,Uganda,UGA,AFR,False,27.6849,False,False
UGA027,Buyende,Uganda,UGA,AFR,UGA044,Kamuli,Uganda,UGA,AFR,False,59.5852,False,False
UGA027,Buyende,Uganda,UGA,AFR,UGA050,Kayunga,Uganda,UGA,AFR,False,26.7569,False,False
UGA027,Buyende,Uganda,UGA,AFR,UGA067,Luuka,Uganda,UGA,AFR,False,13.4421,False,False
UGA027,Buyende,Uganda,UGA,AFR,UGA099,Pallisa,Uganda,UGA,AFR,False,8.3421,False,False
UGA027,Buyende,Uganda,UGA,AFR,UGA103,Serere,Uganda,UGA,AFR,False,10.8325,False,False
UGA028,Dokolo,Uganda,UGA,AFR,UGA039,Kaberamaido,Uganda,UGA,AFR,False,59.2945,False,False
UGA028,Dokolo,Uganda,UGA,AFR,UGA066,Lira,Uganda,UGA,AFR,False,37.1846,False,False
UGA029,Gomba,Uganda,UGA,AFR,UGA042,Kalungu,Uganda,UGA,AFR,False,21.0344,False,False
UGA029,Gomba,Uganda,UGA,AFR,UGA079,Mityana,Uganda,UGA,AFR,False,56.8554,False,False
UGA029,Gomba,Uganda,UGA,AFR,UGA083,Mubende,Uganda,UGA,AFR,False,79.0128,False,False
UGA029,Gomba,Uganda,UGA,AFR,UGA107,Ssembabule,Uganda,UGA,AFR,False,41.216,False,False
UGA030,Gulu,Uganda,UGA,AFR,UGA065,Lamwo,Uganda,UGA,AFR,False,26.3125,False,False
UGA030,Gulu,Uganda,UGA,AFR,UGA066,Lira,Uganda,UGA,AFR,False,11.0042,False,False
UGA030,Gulu,Uganda,UGA,AFR,UGA095,Nwoya,Uganda,UGA,AFR,False,55.8399,False,False
UGA030,Gulu,Uganda,UGA,AFR,UGA097,Oyam,Uganda,UGA,AFR,False,64.5825,False,False
UGA030,Gulu,Uganda,UGA,AFR,UGA098,Pader,Uganda,UGA,AFR,False,89.5689,False,False
UGA031,Hoima,Uganda,UGA,AFR,UGA051,Kibaale,Uganda,UGA,AFR,False,92.819,False,False
UGA031,Hoima,Uganda,UGA,AFR,UGA062,Kyankwanzi,Uganda,UGA,AFR,False,41.1848,False,False
UGA031,Hoima,Uganda,UGA,AFR,UGA074,Masindi,Uganda,UGA,AFR,False,62.8831,False,False
UGA032,Ibanda,Uganda,UGA,AFR,UGA045,Kamwenge,Uganda,UGA,AFR,False,90.6757,False,False
UGA032,Ibanda,Uganda,UGA,AFR,UGA053,Kiruhura,Uganda,UGA,AFR,False,58.7475,False,False
UGA032,Ibanda,Uganda,UGA,AFR,UGA077,Mbarara,Uganda,UGA,AFR,False,14.7229,False,False
UGA032,Ibanda,Uganda,UGA,AFR,UGA101,Rubirizi,Uganda,UGA,AFR,False,12.2202,False,False
UGA033,Iganga,Uganda,UGA,AFR,UGA041,Kaliro,Uganda,UGA,AFR,False,19.3469,False,False
UGA033,Iganga,Uganda,UGA,AFR,UGA067,Luuka,Uganda,UGA,AFR,False,44.1777,False,False
UGA033,Iganga,Uganda,UGA,AFR,UGA075,Mayuge,Uganda,UGA,AFR,False,40.0056,False,False
UGA034,Isingiro,Uganda,UGA,AFR,UGA077,Mbarara,Uganda,UGA,AFR,False,50.5194,False,False
UGA034,Isingiro,Uganda,UGA,AFR,UGA094,Ntungamo,Uganda,UGA,AFR,False,35.0379,False,False
UGA034,Isingiro,Uganda,UGA,AFR,UGA100,Rakai,Uganda,UGA,AFR,False,50.0967,False,False
UGA035,Jinja,Uganda,UGA,AFR,UGA044,Kamuli,Uganda,UGA,AFR,False,26.2797,False,False
UGA035,Jinja,Uganda,UGA,AFR,UGA050,Kayunga,Uganda,UGA,AFR,False,15.421,False,False
UGA035,Jinja,Uganda,UGA,AFR,UGA067,Luuka,Uganda,UGA,AFR,False,23.2718,False,False
UGA035,Jinja,Uganda,UGA,AFR,UGA075,Mayuge,Uganda,UGA,AFR,False,26.0614,False,False
UGA036,Kaabong,Uganda,UGA,AFR,UGA056,Kitgum,Uganda,UGA,AFR,False,53.6885,False,False
UGA036,Kaabong,Uganda,UGA,AFR,UGA059,Kotido,Uganda,UGA,AFR,False,92.427,False,False
UGA037,Kabale,Uganda,UGA,AFR,UGA046,Kanungu,Uganda,UGA,AFR,False,37.0106,False,False
UGA037,Kabale,Uganda,UGA,AFR,UGA055,Kisoro,Uganda,UGA,AFR,False,39.5623,False,False
UGA037,Kabale,Uganda,UGA,AFR,UGA094,Ntungamo,Uganda,UGA,AFR,False,42.4921,False,False
UGA037,Kabale,Uganda,UGA,AFR,UGA102,Rukungiri,Uganda,UGA,AFR,False,25.2337,False,False
UGA038,Kabarole,Uganda,UGA,AFR,UGA021,Bundibugyo,Uganda,UGA,AFR,False,44.9818,False,False
UGA038,Kabarole,Uganda,UGA,AFR,UGA045,Kamwenge,Uganda,UGA,AFR,False,59.1082,False,False
UGA038,Kabarole,Uganda,UGA,AFR,UGA048,Kasese,Uganda,UGA,AFR,False,57.6904,False,False
UGA038,Kabarole,Uganda,UGA,AFR,UGA051,Kibaale,Uganda,UGA,AFR,False,5.5471,False,False
UGA038,Kabarole,Uganda,UGA,AFR,UGA064,Kyenjojo,Uganda,UGA,AFR,False,60.8283,False,False
UGA038,Kabarole,Uganda,UGA,AFR,UGA093,Ntoroko,Uganda,UGA,AFR,False,65.4588,False,False
UGA039,Kaberamaido,Uganda,UGA,AFR,UGA103,Serere,Uganda,UGA,AFR,False,2.1935,True,False
UGA039,Kaberamaido,Uganda,UGA,AFR,UGA106,Soroti,Uganda,UGA,AFR,False,20.9353,False,False
UGA043,Kampala,Uganda,UGA,AFR,UGA084,Mukono,Uganda,UGA,AFR,False,0.2318,True,True
UGA043,Kampala,Uganda,UGA,AFR,UGA109,Wakiso,Uganda,UGA,AFR,False,57.4657,False,False
UGA045,Kamwenge,Uganda,UGA,AFR,UGA048,Kasese,Uganda,UGA,AFR,False,41.4172,False,False
UGA045,Kamwenge,Uganda,UGA,AFR,UGA053,Kiruhura,Uganda,UGA,AFR,False,23.7979,False,False
UGA045,Kamwenge,Uganda,UGA,AFR,UGA063,Kyegegwa,Uganda,UGA,AFR,False,24.7548,False,False
UGA045,Kamwenge,Uganda,UGA,AFR,UGA064,Kyenjojo,Uganda,UGA,AFR,False,85.2053,False,False
UGA045,Kamwenge,Uganda,UGA,AFR,UGA101,Rubirizi,Uganda,UGA,AFR,False,8.0324,False,False
UGA046,Kanungu,Uganda,UGA,AFR,UGA055,Kisoro,Uganda,UGA,AFR,False,25.9085,False,False
UGA047,Kapchorwa,Uganda,UGA,AFR,UGA061,Kween,Uganda,UGA,AFR,False,41.7147,False,False
UGA048,Kasese,Uganda,UGA,AFR,UGA101,Rubirizi,Uganda,UGA,AFR,False,48.4685,False,False
UGA049,Katakwi,Uganda,UGA,AFR,UGA060,Kumi,Uganda,UGA,AFR,False,36.6178,False,False
UGA049,Katakwi,Uganda,UGA,AFR,UGA085,Nakapiripirit,Uganda,UGA,AFR,False,26.5184,False,False
UGA049,Katakwi,Uganda,UGA,AFR,UGA090,Napak,Uganda,UGA,AFR,False,66.0266,False,False
UGA049,Katakwi,Uganda,UGA,AFR,UGA092,Ngora,Uganda,UGA,AFR,False,10.5895,False,False
UGA049,Katakwi,Uganda,UGA,AFR,UGA106,Soroti,Uganda,UGA,AFR,False,7.7606,False,False
UGA050,Kayunga,Uganda,UGA,AFR,UGA044,Kamuli,Uganda,UGA,AFR,False,72.6693,False,False
UGA050,Kayunga,Uganda,UGA,AFR,UGA068,Luwero,Uganda,UGA,AFR,False,24.6446,False,False
UGA050,Kayunga,Uganda,UGA,AFR,UGA084,Mukono,Uganda,UGA,AFR,False,41.9562,False,False
UGA050,Kayunga,Uganda,UGA,AFR,UGA087,Nakasongola,Uganda,UGA,AFR,False,31.4688,False,False
UGA051,Kibaale,Uganda,UGA,AFR,UGA062,Kyankwanzi,Uganda,UGA,AFR,False,63.5664,False,False
UGA051,Kibaale,Uganda,UGA,AFR,UGA063,Kyegegwa,Uganda,UGA,AFR,False,45.0159,False,False
UGA051,Kibaale,Uganda,UGA,AFR,UGA064,Kyenjojo,Uganda,UGA,AFR,False,53.2645,False,False
UGA051,Kibaale,Uganda,UGA,AFR,UGA083,Mubende,Uganda,UGA,AFR,False,50.5313,False,False
UGA051,Kibaale,Uganda,UGA,AFR,UGA093,Ntoroko,Uganda,UGA,AFR,False,8.7067,False,False
UGA052,Kibuku,Uganda,UGA,AFR,UGA041,Kaliro,Uganda,UGA,AFR,False,2.0393,True,False
UGA053,Kiruhura,Uganda,UGA,AFR,UGA034,Isingiro,Uganda,UGA,AFR,False,43.8858,False,False
UGA053,Kiruhura,Uganda,UGA,AFR,UGA063,Kyegegwa,Uganda,UGA,AFR,False,28.285,False,False
UGA053,Kiruhura,Uganda,UGA,AFR,UGA070,Lyantonde,Uganda,UGA,AFR,False,53.5983,False,False
UGA053,Kiruhura,Uganda,UGA,AFR,UGA077,Mbarara,Uganda,UGA,AFR,False,68.2772,False,False
UGA053,Kiruhura,Uganda,UGA,AFR,UGA100,Rakai,Uganda,UGA,AFR,False,22.2392,False,False
UGA053,Kiruhura,Uganda,UGA,AFR,UGA107,Ssembabule,Uganda,UGA,AFR,False,41.6798,False,False
UGA057,Koboko,Uganda,UGA,AFR,UGA110,Yumbe,Uganda,UGA,AFR,False,49.7127,False,False
UGA059,Kotido,Uganda,UGA,AFR,UGA056,Kitgum,Uganda,UGA,AFR,False,34.8606,False,False
UGA059,Kotido,Uganda,UGA,AFR,UGA090,Napak,Uganda,UGA,AFR,False,61.7179,False,False
UGA061,Kween,Uganda,UGA,AFR,UGA105,Sironko,Uganda,UGA,AFR,False,1.1773,True,False
UGA062,Kyankwanzi,Uganda,UGA,AFR,UGA079,Mityana,Uganda,UGA,AFR,False,40.6372,False,False
UGA063,Kyegegwa,Uganda,UGA,AFR,UGA064,Kyenjojo,Uganda,UGA,AFR,False,53.8562,False,False
UGA063,Kyegegwa,Uganda,UGA,AFR,UGA107,Ssembabule,Uganda,UGA,AFR,False,0.654,True,True
UGA065,Lamwo,Uganda,UGA,AFR,UGA056,Kitgum,Uganda,UGA,AFR,False,173.387,False,False
UGA065,Lamwo,Uganda,UGA,AFR,UGA098,Pader,Uganda,UGA,AFR,False,31.132,False,False
UGA066,Lira,Uganda,UGA,AFR,UGA058,Kole,Uganda,UGA,AFR,False,81.6751,False,False
UGA066,Lira,Uganda,UGA,AFR,UGA096,Otuke,Uganda,UGA,AFR,False,5.7767,False,False
UGA066,Lira,Uganda,UGA,AFR,UGA097,Oyam,Uganda,UGA,AFR,False,9.0509,False,False
UGA066,Lira,Uganda,UGA,AFR,UGA098,Pader,Uganda,UGA,AFR,False,53.6831,False,False
UGA067,Luuka,Uganda,UGA,AFR,UGA041,Kaliro,Uganda,UGA,AFR,False,26.8807,False,False
UGA067,Luuka,Uganda,UGA,AFR,UGA044,Kamuli,Uganda,UGA,AFR,False,42.5035,False,False
UGA067,Luuka,Uganda,UGA,AFR,UGA075,Mayuge,Uganda,UGA,AFR,False,9.8873,False,False
UGA068,Luwero,Uganda,UGA,AFR,UGA084,Mukono,Uganda,UGA,AFR,False,38.2254,False,False
UGA068,Luwero,Uganda,UGA,AFR,UGA086,Nakaseke,Uganda,UGA,AFR,False,89.875,False,False
UGA068,Luwero,Uganda,UGA,AFR,UGA087,Nakasongola,Uganda,UGA,AFR,False,83.313,False,False
UGA068,Luwero,Uganda,UGA,AFR,UGA109,Wakiso,Uganda,UGA,AFR,False,45.4237,False,False
UGA069,Lwengo,Uganda,UGA,AFR,UGA070,Lyantonde,Uganda,UGA,AFR,False,29.5154,False,False
UGA069,Lwengo,Uganda,UGA,AFR,UGA073,Masaka,Uganda,UGA,AFR,False,32.5458,False,False
UGA069,Lwengo,Uganda,UGA,AFR,UGA100,Rakai,Uganda,UGA,AFR,False,60.2251,False,False
UGA069,Lwengo,Uganda,UGA,AFR,UGA107,Ssembabule,Uganda,UGA,AFR,False,46.1636,False,False
UGA070,Lyantonde,Uganda,UGA,AFR,UGA100,Rakai,Uganda,UGA,AFR,False,9.1694,False,False
UGA070,Lyantonde,Uganda,UGA,AFR,UGA107,Ssembabule,Uganda,UGA,AFR,False,60.6864,False,False
UGA071,Manafwa,Uganda,UGA,AFR,UGA108,Tororo,Uganda,UGA,AFR,False,18.6167,False,False
UGA072,Maracha,Uganda,UGA,AFR,UGA057,Koboko,Uganda,UGA,AFR,False,22.0225,False,False
UGA072,Maracha,Uganda,UGA,AFR,UGA110,Yumbe,Uganda,UGA,AFR,False,6.5704,False,False
UGA073,Masaka,Uganda,UGA,AFR,UGA042,Kalungu,Uganda,UGA,AFR,False,37.3727,False,False
UGA073,Masaka,Uganda,UGA,AFR,UGA100,Rakai,Uganda,UGA,AFR,False,49.8355,False,False
UGA074,Masindi,Uganda,UGA,AFR,UGA054,Kiryandongo,Uganda,UGA,AFR,False,111.3705,False,False
UGA074,Masindi,Uganda,UGA,AFR,UGA062,Kyankwanzi,Uganda,UGA,AFR,False,30.497,False,False
UGA074,Masindi,Uganda,UGA,AFR,UGA086,Nakaseke,Uganda,UGA,AFR,False,26.6994,False,False
UGA074,Masindi,Uganda,UGA,AFR,UGA087,Nakasongola,Uganda,UGA,AFR,False,35.3505,False,False
UGA074,Masindi,Uganda,UGA,AFR,UGA095,Nwoya,Uganda,UGA,AFR,False,27.8684,False,False
UGA075,Mayuge,Uganda,UGA,AFR,UGA088,Namayingo,Uganda,UGA,AFR,False,0.8258,True,True
UGA076,Mbale,Uganda,UGA,AFR,UGA071,Manafwa,Uganda,UGA,AFR,False,21.6716,False,False
UGA076,Mbale,Uganda,UGA,AFR,UGA099,Pallisa,Uganda,UGA,AFR,False,12.6575,False,False
UGA076,Mbale,Uganda,UGA,AFR,UGA105,Sironko,Uganda,UGA,AFR,False,27.7356,False,False
UGA076,Mbale,Uganda,UGA,AFR,UGA108,Tororo,Uganda,UGA,AFR,False,13.0937,False,False
UGA077,Mbarara,Uganda,UGA,AFR,UGA104,Sheema,Uganda,UGA,AFR,False,43.8902,False,False
UGA078,Mitooma,Uganda,UGA,AFR,UGA094,Ntungamo,Uganda,UGA,AFR,False,17.8284,False,False
UGA078,Mitooma,Uganda,UGA,AFR,UGA102,Rukungiri,Uganda,UGA,AFR,False,50.5562,False,False
UGA078,Mitooma,Uganda,UGA,AFR,UGA104,Sheema,Uganda,UGA,AFR,False,15.3593,False,False
UGA079,Mityana,Uganda,UGA,AFR,UGA109,Wakiso,Uganda,UGA,AFR,False,24.4288,False,False
UGA080,Moroto,Uganda,UGA,AFR,UGA036,Kaabong,Uganda,UGA,AFR,False,20.9245,False,False
UGA080,Moroto,Uganda,UGA,AFR,UGA059,Kotido,Uganda,UGA,AFR,False,24.0646,False,False
UGA080,Moroto,Uganda,UGA,AFR,UGA085,Nakapiripirit,Uganda,UGA,AFR,False,49.1926,False,False
UGA080,Moroto,Uganda,UGA,AFR,UGA090,Napak,Uganda,UGA,AFR,False,66.4542,False,False
UGA081,Moyo,Uganda,UGA,AFR,UGA110,Yumbe,Uganda,UGA,AFR,False,60.6014,False,False
UGA082,Mpigi,Uganda,UGA,AFR,UGA042,Kalungu,Uganda,UGA,AFR,False,19.6326,False,False
UGA082,Mpigi,Uganda,UGA,AFR,UGA079,Mityana,Uganda,UGA,AFR,False,10.4046,False,False
UGA082,Mpigi,Uganda,UGA,AFR,UGA109,Wakiso,Uganda,UGA,AFR,False,74.1571,False,False
UGA083,Mubende,Uganda,UGA,AFR,UGA062,Kyankwanzi,Uganda,UGA,AFR,False,76.6496,False,False
UGA083,Mubende,Uganda,UGA,AFR,UGA063,Kyegegwa,Uganda,UGA,AFR,False,72.1743,False,False
UGA083,Mubende,Uganda,UGA,AFR,UGA079,Mityana,Uganda,UGA,AFR,False,58.9589,False,False
UGA083,Mubende,Uganda,UGA,AFR,UGA107,Ssembabule,Uganda,UGA,AFR,False,38.601,False,False
UGA084,Mukono,Uganda,UGA,AFR,UGA109,Wakiso,Uganda,UGA,AFR,False,35.1987,False,False
UGA085,Nakapiripirit,Uganda,UGA,AFR,UGA060,Kumi,Uganda,UGA,AFR,False,7.4735,False,False
UGA085,Nakapiripirit,Uganda,UGA,AFR,UGA061,Kween,Uganda,UGA,AFR,False,32.5773,False,False
UGA085,Nakapiripirit,Uganda,UGA,AFR,UGA090,Napak,Uganda,UGA,AFR,False,77.8977,False,False
UGA086,Nakaseke,Uganda,UGA,AFR,UGA062,Kyankwanzi,Uganda,UGA,AFR,False,101.2411,False,False
UGA086,Nakaseke,Uganda,UGA,AFR,UGA079,Mityana,Uganda,UGA,AFR,False,15.2576,False,False
UGA086,Nakaseke,Uganda,UGA,AFR,UGA109,Wakiso,Uganda,UGA,AFR,False,14.4189,False,False
UGA087,Nakasongola,Uganda,UGA,AFR,UGA054,Kiryandongo,Uganda,UGA,AFR,False,2.423,True,False
UGA087,Nakasongola,Uganda,UGA,AFR,UGA086,Nakaseke,Uganda,UGA,AFR,False,64.2445,False,False
UGA089,Namutumba,Uganda,UGA,AFR,UGA033,Iganga,Uganda,UGA,AFR,False,24.8153,False,False
UGA089,Namutumba,Uganda,UGA,AFR,UGA041,Kaliro,Uganda,UGA,AFR,False,25.6035,False,False
UGA089,Namutumba,Uganda,UGA,AFR,UGA052,Kibuku,Uganda,UGA,AFR,False,22.0137,False,False
UGA090,Napak,Uganda,UGA,AFR,UGA096,Otuke,Uganda,UGA,AFR,False,14.4102,False,False
UGA091,Nebbi,Uganda,UGA,AFR,UGA095,Nwoya,Uganda,UGA,AFR,False,43.1638,False,False
UGA091,Nebbi,Uganda,UGA,AFR,UGA111,Zombo,Uganda,UGA,AFR,False,30.9,False,False
UGA092,Ngora,Uganda,UGA,AFR,UGA060,Kumi,Uganda,UGA,AFR,False,46.9608,False,False
UGA092,Ngora,Uganda,UGA,AFR,UGA099,Pallisa,Uganda,UGA,AFR,False,22.8739,False,False
UGA092,Ngora,Uganda,UGA,AFR,UGA103,Serere,Uganda,UGA,AFR,False,35.7233,False,False
UGA092,Ngora,Uganda,UGA,AFR,UGA106,Soroti,Uganda,UGA,AFR,False,22.0057,False,False
UGA094,Ntungamo,Uganda,UGA,AFR,UGA077,Mbarara,Uganda,UGA,AFR,False,51.4817,False,False
UGA094,Ntungamo,Uganda,UGA,AFR,UGA102,Rukungiri,Uganda,UGA,AFR,False,43.174,False,False
UGA094,Ntungamo,Uganda,UGA,AFR,UGA104,Sheema,Uganda,UGA,AFR,False,21.7158,False,False
UGA095,Nwoya,Uganda,UGA,AFR,UGA054,Kiryandongo,Uganda,UGA,AFR,False,74.3979,False,False
UGA095,Nwoya,Uganda,UGA,AFR,UGA097,Oyam,Uganda,UGA,AFR,False,40.4165,False,False
UGA096,Otuke,Uganda,UGA,AFR,UGA098,Pader,Uganda,UGA,AFR,False,13.6034,False,False
UGA097,Oyam,Uganda,UGA,AFR,UGA054,Kiryandongo,Uganda,UGA,AFR,False,25.0236,False,False
UGA097,Oyam,Uganda,UGA,AFR,UGA058,Kole,Uganda,UGA,AFR,False,62.0081,False,False
UGA098,Pader,Uganda,UGA,AFR,UGA056,Kitgum,Uganda,UGA,AFR,False,66.8188,False,False
UGA099,Pallisa,Uganda,UGA,AFR,UGA041,Kaliro,Uganda,UGA,AFR,False,31.3202,False,False
UGA099,Pallisa,Uganda,UGA,AFR,UGA052,Kibuku,Uganda,UGA,AFR,False,43.0816,False,False
UGA099,Pallisa,Uganda,UGA,AFR,UGA060,Kumi,Uganda,UGA,AFR,False,25.688,False,False
UGA099,Pallisa,Uganda,UGA,AFR,UGA103,Serere,Uganda,UGA,AFR,False,22.3689,False,False
UGA102,Rukungiri,Uganda,UGA,AFR,UGA046,Kanungu,Uganda,UGA,AFR,False,97.0063,False,False
UGA102,Rukungiri,Uganda,UGA,AFR,UGA101,Rubirizi,Uganda,UGA,AFR,False,20.2894,False,False
UGA106,Soroti,Uganda,UGA,AFR,UGA103,Serere,Uganda,UGA,AFR,False,29.7242,False,False
UKR001,Cherkas'ka,Ukraine,UKR,ECA,UKR011,Kirovohrads'ka,Ukraine,UKR,ECA,False,327.3245,False,False
UKR001,Cherkas'ka,Ukraine,UKR,ECA,UKR012,Kyyivs'ka,Ukraine,UKR,ECA,False,312.7069,False,False
UKR001,Cherkas'ka,Ukraine,UKR,ECA,UKR017,Poltavs'ka,Ukraine,UKR,ECA,False,122.8088,False,False
UKR001,Cherkas'ka,Ukraine,UKR,ECA,UKR021,Vinnyts'ka,Ukraine,UKR,ECA,False,135.3183,False,False
UKR002,Chernihivs'ka,Ukraine,UKR,ECA,UKR012,Kyyivs'ka,Ukraine,UKR,ECA,False,222.0814,False,False
UKR002,Chernihivs'ka,Ukraine,UKR,ECA,UKR017,Poltavs'ka,Ukraine,UKR,ECA,False,87.2157,False,False
UKR002,Chernihivs'ka,Ukraine,UKR,ECA,UKR019,Sums'ka,Ukraine,UKR,ECA,False,310.9086,False,False
UKR003,Chernivets'ka,Ukraine,UKR,ECA,UKR007,Ivano-frankivs'ka,Ukraine,UKR,ECA,False,142.0851,False,False
UKR003,Chernivets'ka,Ukraine,UKR,ECA,UKR020,Ternopil's'ka,Ukraine,UKR,ECA,False,103.0755,False,False
UKR005,Dnipropetrovs'ka,Ukraine,UKR,ECA,UKR006,Donets'ka,Ukraine,UKR,ECA,False,186.5836,False,False
UKR005,Dnipropetrovs'ka,Ukraine,UKR,ECA,UKR008,Kharkivs'ka,Ukraine,UKR,ECA,False,212.3782,False,False
UKR005,Dnipropetrovs'ka,Ukraine,UKR,ECA,UKR009,Khersons'ka,Ukraine,UKR,ECA,False,82.4854,False,False
UKR005,Dnipropetrovs'ka,Ukraine,UKR,ECA,UKR011,Kirovohrads'ka,Ukraine,UKR,ECA,False,222.2989,False,False
UKR005,Dnipropetrovs'ka,Ukraine,UKR,ECA,UKR015,Mykolayivs'ka,Ukraine,UKR,ECA,False,63.7704,False,False
UKR005,Dnipropetrovs'ka,Ukraine,UKR,ECA,UKR017,Poltavs'ka,Ukraine,UKR,ECA,False,102.923,False,False
UKR005,Dnipropetrovs'ka,Ukraine,UKR,ECA,UKR024,Zaporiz'ka,Ukraine,UKR,ECA,False,280.4264,False,False
UKR006,Donets'ka,Ukraine,UKR,ECA,UKR008,Kharkivs'ka,Ukraine,UKR,ECA,False,209.2533,False,False
UKR006,Donets'ka,Ukraine,UKR,ECA,UKR014,Luhans'ka,Ukraine,UKR,ECA,False,257.5076,False,False
UKR006,Donets'ka,Ukraine,UKR,ECA,UKR024,Zaporiz'ka,Ukraine,UKR,ECA,False,255.0328,False,False
UKR007,Ivano-frankivs'ka,Ukraine,UKR,ECA,UKR013,L'vivs'ka,Ukraine,UKR,ECA,False,189.0424,False,False
UKR007,Ivano-frankivs'ka,Ukraine,UKR,ECA,UKR020,Ternopil's'ka,Ukraine,UKR,ECA,False,210.1256,False,False
UKR007,Ivano-frankivs'ka,Ukraine,UKR,ECA,UKR023,Zakarpats'ka,Ukraine,UKR,ECA,False,160.1115,False,False
UKR008,Kharkivs'ka,Ukraine,UKR,ECA,UKR014,Luhans'ka,Ukraine,UKR,ECA,False,132.3123,False,False
UKR008,Kharkivs'ka,Ukraine,UKR,ECA,UKR017,Poltavs'ka,Ukraine,UKR,ECA,False,197.4697,False,False
UKR008,Kharkivs'ka,Ukraine,UKR,ECA,UKR019,Sums'ka,Ukraine,UKR,ECA,False,91.4387,False,False
UKR009,Khersons'ka,Ukraine,UKR,ECA,UKR004,Crimea,Ukraine,UKR,ECA,False,16.0763,False,False
UKR009,Khersons'ka,Ukraine,UKR,ECA,UKR015,Mykolayivs'ka,Ukraine,UKR,ECA,False,261.2035,False,False
UKR009,Khersons'ka,Ukraine,UKR,ECA,UKR024,Zaporiz'ka,Ukraine,UKR,ECA,False,206.8964,False,False
UKR010,Khmel'nyts'ka,Ukraine,UKR,ECA,UKR003,Chernivets'ka,Ukraine,UKR,ECA,False,146.1821,False,False
UKR010,Khmel'nyts'ka,Ukraine,UKR,ECA,UKR018,Rivnens'ka,Ukraine,UKR,ECA,False,102.39,False,False
UKR010,Khmel'nyts'ka,Ukraine,UKR,ECA,UKR020,Ternopil's'ka,Ukraine,UKR,ECA,False,240.2387,False,False
UKR010,Khmel'nyts'ka,Ukraine,UKR,ECA,UKR021,Vinnyts'ka,Ukraine,UKR,ECA,False,200.9439,False,False
UKR010,Khmel'nyts'ka,Ukraine,UKR,ECA,UKR025,Zhytomyrs'ka,Ukraine,UKR,ECA,False,155.6893,False,False
UKR011,Kirovohrads'ka,Ukraine,UKR,ECA,UKR015,Mykolayivs'ka,Ukraine,UKR,ECA,False,338.7076,False,False
UKR011,Kirovohrads'ka,Ukraine,UKR,ECA,UKR016,Odes'ka,Ukraine,UKR,ECA,False,51.2121,False,False
UKR011,Kirovohrads'ka,Ukraine,UKR,ECA,UKR017,Poltavs'ka,Ukraine,UKR,ECA,False,72.3346,False,False
UKR011,Kirovohrads'ka,Ukraine,UKR,ECA,UKR021,Vinnyts'ka,Ukraine,UKR,ECA,False,58.1292,False,False
UKR012,Kyyivs'ka,Ukraine,UKR,ECA,UKR017,Poltavs'ka,Ukraine,UKR,ECA,False,14.5981,False,False
UKR012,Kyyivs'ka,Ukraine,UKR,ECA,UKR021,Vinnyts'ka,Ukraine,UKR,ECA,False,67.7162,False,False
UKR012,Kyyivs'ka,Ukraine,UKR,ECA,UKR025,Zhytomyrs'ka,Ukraine,UKR,ECA,False,292.5584,False,False
UKR013,L'vivs'ka,Ukraine,UKR,ECA,UKR018,Rivnens'ka,Ukraine,UKR,ECA,False,50.8009,False,False
UKR013,L'vivs'ka,Ukraine,UKR,ECA,UKR020,Ternopil's'ka,Ukraine,UKR,ECA,False,99.5802,False,False
UKR013,L'vivs'ka,Ukraine,UKR,ECA,UKR022,Volyns'ka,Ukraine,UKR,ECA,False,126.0158,False,False
UKR013,L'vivs'ka,Ukraine,UKR,ECA,UKR023,Zakarpats'ka,Ukraine,UKR,ECA,False,76.8729,False,False
UKR015,Mykolayivs'ka,Ukraine,UKR,ECA,UKR016,Odes'ka,Ukraine,UKR,ECA,False,290.4295,False,False
UKR016,Odes'ka,Ukraine,UKR,ECA,MDA006,Cahul,Moldova,MDA,ECA,True,26.7719,False,False
UKR016,Odes'ka,Ukraine,UKR,ECA,MDA011,Cimislia,Moldova,MDA,ECA,True,8.5462,False,False
UKR016,Odes'ka,Ukraine,UKR,ECA,MDA033,Taraclia,Moldova,MDA,ECA,True,75.8689,False,False
UKR016,Odes'ka,Ukraine,UKR,ECA,MDA037,Unitate Teritoriala Autonoma Gagauzia,Moldova,MDA,ECA,True,67.7957,False,False
UKR016,Odes'ka,Ukraine,UKR,ECA,UKR021,Vinnyts'ka,Ukraine,UKR,ECA,False,94.4218,False,False
UKR017,Poltavs'ka,Ukraine,UKR,ECA,UKR019,Sums'ka,Ukraine,UKR,ECA,False,214.6354,False,False
UKR018,Rivnens'ka,Ukraine,UKR,ECA,UKR020,Ternopil's'ka,Ukraine,UKR,ECA,False,107.5664,False,False
UKR018,Rivnens'ka,Ukraine,UKR,ECA,UKR022,Volyns'ka,Ukraine,UKR,ECA,False,361.4206,False,False
UKR021,Vinnyts'ka,Ukraine,UKR,ECA,UKR003,Chernivets'ka,Ukraine,UKR,ECA,False,23.4018,False,False
UKR021,Vinnyts'ka,Ukraine,UKR,ECA,UKR025,Zhytomyrs'ka,Ukraine,UKR,ECA,False,165.5473,False,False
UKR023,Zakarpats'ka,Ukraine,UKR,ECA,HUN016,Szabolcs-szatmar-bereg,Hungary,HUN,ECA,True,126.264,False,False
UKR023,Zakarpats'ka,Ukraine,UKR,ECA,SVK003,Kosice,Slovak Republic,SVK,ECA,True,63.6319,False,False
UKR025,Zhytomyrs'ka,Ukraine,UKR,ECA,UKR018,Rivnens'ka,Ukraine,UKR,ECA,False,151.8527,False,False
URY001,Artigas,Uruguay,URY,LCR,URY015,Salto,Uruguay,URY,LCR,False,206.4691,False,False
URY002,Canelones,Uruguay,URY,LCR,URY007,Florida,Uruguay,URY,LCR,False,94.2396,False,False
URY002,Canelones,Uruguay,URY,LCR,URY008,Lavalleja,Uruguay,URY,LCR,False,55.607,False,False
URY002,Canelones,Uruguay,URY,LCR,URY009,Maldonado,Uruguay,URY,LCR,False,26.0447,False,False
URY002,Canelones,Uruguay,URY,LCR,URY010,Montevideo,Uruguay,URY,LCR,False,65.5549,False,False
URY002,Canelones,Uruguay,URY,LCR,URY016,San Jose,Uruguay,URY,LCR,False,54.4167,False,False
URY003,Cerro Largo,Uruguay,URY,LCR,URY005,Durazno,Uruguay,URY,LCR,False,95.6284,False,False
URY003,Cerro Largo,Uruguay,URY,LCR,URY013,Rivera,Uruguay,URY,LCR,False,69.7314,False,False
URY003,Cerro Largo,Uruguay,URY,LCR,URY018,Tacuarembo,Uruguay,URY,LCR,False,105.4055,False,False
URY003,Cerro Largo,Uruguay,URY,LCR,URY019,Treinta Y Tres,Uruguay,URY,LCR,False,210.9002,False,False
URY004,Colonia,Uruguay,URY,LCR,URY016,San Jose,Uruguay,URY,LCR,False,72.1212,False,False
URY004,Colonia,Uruguay,URY,LCR,URY017,Soriano,Uruguay,URY,LCR,False,143.1795,False,False
URY005,Durazno,Uruguay,URY,LCR,URY006,Flores,Uruguay,URY,LCR,False,95.3881,False,False
URY005,Durazno,Uruguay,URY,LCR,URY007,Florida,Uruguay,URY,LCR,False,190.3237,False,False
URY005,Durazno,Uruguay,URY,LCR,URY012,Rio Negro,Uruguay,URY,LCR,False,94.3841,False,False
URY005,Durazno,Uruguay,URY,LCR,URY018,Tacuarembo,Uruguay,URY,LCR,False,128.9857,False,False
URY005,Durazno,Uruguay,URY,LCR,URY019,Treinta Y Tres,Uruguay,URY,LCR,False,17.2986,False,False
URY006,Flores,Uruguay,URY,LCR,URY016,San Jose,Uruguay,URY,LCR,False,70.4632,False,False
URY006,Flores,Uruguay,URY,LCR,URY017,Soriano,Uruguay,URY,LCR,False,125.5661,False,False
URY007,Florida,Uruguay,URY,LCR,URY006,Flores,Uruguay,URY,LCR,False,55.8855,False,False
URY007,Florida,Uruguay,URY,LCR,URY008,Lavalleja,Uruguay,URY,LCR,False,114.5332,False,False
URY007,Florida,Uruguay,URY,LCR,URY016,San Jose,Uruguay,URY,LCR,False,75.9837,False,False
URY007,Florida,Uruguay,URY,LCR,URY019,Treinta Y Tres,Uruguay,URY,LCR,False,44.3014,False,False
URY008,Lavalleja,Uruguay,URY,LCR,URY009,Maldonado,Uruguay,URY,LCR,False,147.2475,False,False
URY008,Lavalleja,Uruguay,URY,LCR,URY014,Rocha,Uruguay,URY,LCR,False,75.098,False,False
URY008,Lavalleja,Uruguay,URY,LCR,URY019,Treinta Y Tres,Uruguay,URY,LCR,False,132.9669,False,False
URY009,Maldonado,Uruguay,URY,LCR,URY014,Rocha,Uruguay,URY,LCR,False,117.8606,False,False
URY010,Montevideo,Uruguay,URY,LCR,URY016,San Jose,Uruguay,URY,LCR,False,2.3686,True,False
URY011,Paysandu,Uruguay,URY,LCR,URY012,Rio Negro,Uruguay,URY,LCR,False,204.6154,False,False
URY011,Paysandu,Uruguay,URY,LCR,URY015,Salto,Uruguay,URY,LCR,False,213.014,False,False
URY011,Paysandu,Uruguay,URY,LCR,URY018,Tacuarembo,Uruguay,URY,LCR,False,98.7858,False,False
URY012,Rio Negro,Uruguay,URY,LCR,URY017,Soriano,Uruguay,URY,LCR,False,181.1772,False,False
URY012,Rio Negro,Uruguay,URY,LCR,URY018,Tacuarembo,Uruguay,URY,LCR,False,32.5312,False,False
URY013,Rivera,Uruguay,URY,LCR,URY015,Salto,Uruguay,URY,LCR,False,28.7619,False,False
URY013,Rivera,Uruguay,URY,LCR,URY018,Tacuarembo,Uruguay,URY,LCR,False,219.4934,False,False
URY014,Rocha,Uruguay,URY,LCR,URY019,Treinta Y Tres,Uruguay,URY,LCR,False,72.8647,False,False
URY015,Salto,Uruguay,URY,LCR,URY018,Tacuarembo,Uruguay,URY,LCR,False,65.6136,False,False
URY016,San Jose,Uruguay,URY,LCR,URY017,Soriano,Uruguay,URY,LCR,False,1.0656,True,False
USA001,Alabama,United States of America,USA,Other,USA010,Florida,United States of America,USA,Other,False,371.5625,False,False
USA001,Alabama,United States of America,USA,Other,USA025,Mississippi,United States of America,USA,Other,False,517.2523,False,False
USA002,Alaska,United States of America,USA,Other,CAN002,British Columbia / Colombie-Britannique,Canada,CAN,Other,True,970.5785,False,False
USA002,Alaska,United States of America,USA,Other,CAN013,Yukon,Canada,CAN,Other,True,1211.1611,False,False
USA003,Arizona,United States of America,USA,Other,MEX002,Baja California,Mexico,MEX,LCR,True,36.8601,False,False
USA003,Arizona,United States of America,USA,Other,USA005,California,United States of America,USA,Other,False,372.8438,False,False
USA003,Arizona,United States of America,USA,Other,USA029,Nevada,United States of America,USA,Other,False,213.3209,False,False
USA003,Arizona,United States of America,USA,Other,USA032,New Mexico,United States of America,USA,Other,False,628.5839,False,False
USA003,Arizona,United States of America,USA,Other,USA045,Utah,United States of America,USA,Other,False,432.6387,False,False
USA004,Arkansas,United States of America,USA,Other,USA019,Louisiana,United States of America,USA,Other,False,268.837,False,False
USA004,Arkansas,United States of America,USA,Other,USA025,Mississippi,United States of America,USA,Other,False,604.3327,False,False
USA004,Arkansas,United States of America,USA,Other,USA037,Oklahoma,United States of America,USA,Other,False,318.8607,False,False
USA004,Arkansas,United States of America,USA,Other,USA044,Texas,United States of America,USA,Other,False,161.7512,False,False
USA005,California,United States of America,USA,Other,MEX002,Baja California,Mexico,MEX,LCR,True,226.5719,False,False
USA005,California,United States of America,USA,Other,USA029,Nevada,United States of America,USA,Other,False,952.8219,False,False
USA005,California,United States of America,USA,Other,USA038,Oregon,United States of America,USA,Other,False,335.1746,False,False
USA006,Colorado,United States of America,USA,Other,USA028,Nebraska,United States of America,USA,Other,False,279.4059,False,False
USA006,Colorado,United States of America,USA,Other,USA032,New Mexico,United States of America,USA,Other,False,538.3987,False,False
USA006,Colorado,United States of America,USA,Other,USA045,Utah,United States of America,USA,Other,False,444.415,False,False
USA006,Colorado,United States of America,USA,Other,USA051,Wyoming,United States of America,USA,Other,False,420.4538,False,False
USA007,Connecticut,United States of America,USA,Other,USA022,Massachusetts,United States of America,USA,Other,False,151.4366,False,False
USA007,Connecticut,United States of America,USA,Other,USA033,New York,United States of America,USA,Other,False,133.0431,False,False
USA007,Connecticut,United States of America,USA,Other,USA040,Rhode Island,United States of America,USA,Other,False,75.5895,False,False
USA008,Delaware,United States of America,USA,Other,USA021,Maryland,United States of America,USA,Other,False,196.6797,False,False
USA008,Delaware,United States of America,USA,Other,USA031,New Jersey,United States of America,USA,Other,False,4.4913,True,False
USA008,Delaware,United States of America,USA,Other,USA039,Pennsylvania,United States of America,USA,Other,False,37.8873,False,False
USA009,District of Columbia,United States of America,USA,Other,USA021,Maryland,United States of America,USA,Other,False,41.7118,False,False
USA009,District of Columbia,United States of America,USA,Other,USA047,Virginia,United States of America,USA,Other,False,22.0061,False,False
USA011,Georgia,United States of America,USA,Other,USA001,Alabama,United States of America,USA,Other,False,469.099,False,False
USA011,Georgia,United States of America,USA,Other,USA010,Florida,United States of America,USA,Other,False,428.829,False,False
USA011,Georgia,United States of America,USA,Other,USA034,North Carolina,United States of America,USA,Other,False,111.3991,False,False
USA011,Georgia,United States of America,USA,Other,USA041,South Carolina,United States of America,USA,Other,False,505.7122,False,False
USA011,Georgia,United States of America,USA,Other,USA043,Tennessee,United States of America,USA,Other,False,117.1902,False,False
USA013,Idaho,United States of America,USA,Other,USA029,Nevada,United States of America,USA,Other,False,247.3561,False,False
USA013,Idaho,United States of America,USA,Other,USA038,Oregon,United States of America,USA,Other,False,547.6197,False,False
USA013,Idaho,United States of America,USA,Other,USA048,Washington,United States of America,USA,Other,False,345.3387,False,False
USA014,Illinois,United States of America,USA,Other,USA015,Indiana,United States of America,USA,Other,False,602.0748,False,False
USA014,Illinois,United States of America,USA,Other,USA018,Kentucky,United States of America,USA,Other,False,215.7953,False,False
USA014,Illinois,United States of America,USA,Other,USA026,Missouri,United States of America,USA,Other,False,596.6255,False,False
USA014,Illinois,United States of America,USA,Other,USA050,Wisconsin,United States of America,USA,Other,False,233.3692,False,False
USA015,Indiana,United States of America,USA,Other,USA018,Kentucky,United States of America,USA,Other,False,567.1251,False,False
USA015,Indiana,United States of America,USA,Other,USA023,Michigan,United States of America,USA,Other,False,176.388,False,False
USA015,Indiana,United States of America,USA,Other,USA036,Ohio,United States of America,USA,Other,False,287.6994,False,False
USA016,Iowa,United States of America,USA,Other,USA014,Illinois,United States of America,USA,Other,False,351.4388,False,False
USA016,Iowa,United States of America,USA,Other,USA024,Minnesota,United States of America,USA,Other,False,423.4823,False,False
USA016,Iowa,United States of America,USA,Other,USA026,Missouri,United States of America,USA,Other,False,390.8865,False,False
USA016,Iowa,United States of America,USA,Other,USA028,Nebraska,United States of America,USA,Other,False,317.3094,False,False
USA016,Iowa,United States of America,USA,Other,USA042,South Dakota,United States of America,USA,Other,False,212.3013,False,False
USA016,Iowa,United States of America,USA,Other,USA050,Wisconsin,United States of America,USA,Other,False,149.7481,False,False
USA017,Kansas,United States of America,USA,Other,USA006,Colorado,United States of America,USA,Other,False,334.1621,False,False
USA017,Kansas,United States of America,USA,Other,USA028,Nebraska,United States of America,USA,Other,False,575.8974,False,False
USA017,Kansas,United States of America,USA,Other,USA037,Oklahoma,United States of America,USA,Other,False,660.9425,False,False
USA018,Kentucky,United States of America,USA,Other,USA026,Missouri,United States of America,USA,Other,False,121.6896,False,False
USA018,Kentucky,United States of America,USA,Other,USA036,Ohio,United States of America,USA,Other,False,279.7919,False,False
USA018,Kentucky,United States of America,USA,Other,USA043,Tennessee,United States of America,USA,Other,False,522.807,False,False
USA018,Kentucky,United States of America,USA,Other,USA047,Virginia,United States of America,USA,Other,False,219.3223,False,False
USA018,Kentucky,United States of America,USA,Other,USA049,West Virginia,United States of America,USA,Other,False,193.3463,False,False
USA019,Louisiana,United States of America,USA,Other,USA025,Mississippi,United States of America,USA,Other,False,913.6966,False,False
USA019,Louisiana,United States of America,USA,Other,USA044,Texas,United States of America,USA,Other,False,387.3601,False,False
USA020,Maine,United States of America,USA,Other,USA030,New Hampshire,United States of America,USA,Other,False,268.7803,False,False
USA021,Maryland,United States of America,USA,Other,USA039,Pennsylvania,United States of America,USA,Other,False,316.2421,False,False
USA021,Maryland,United States of America,USA,Other,USA047,Virginia,United States of America,USA,Other,False,213.7095,False,False
USA021,Maryland,United States of America,USA,Other,USA049,West Virginia,United States of America,USA,Other,False,401.1412,False,False
USA022,Massachusetts,United States of America,USA,Other,USA030,New Hampshire,United States of America,USA,Other,False,150.846,False,False
USA022,Massachusetts,United States of America,USA,Other,USA033,New York,United States of America,USA,Other,False,80.9338,False,False
USA022,Massachusetts,United States of America,USA,Other,USA040,Rhode Island,United States of America,USA,Other,False,107.4704,False,False
USA022,Massachusetts,United States of America,USA,Other,USA046,Vermont,United States of America,USA,Other,False,66.07,False,False
USA023,Michigan,United States of America,USA,Other,USA036,Ohio,United States of America,USA,Other,False,111.6846,False,False
USA023,Michigan,United States of America,USA,Other,USA050,Wisconsin,United States of America,USA,Other,False,420.7328,False,False
USA024,Minnesota,United States of America,USA,Other,USA035,North Dakota,United States of America,USA,Other,False,615.1598,False,False
USA024,Minnesota,United States of America,USA,Other,USA042,South Dakota,United States of America,USA,Other,False,268.902,False,False
USA024,Minnesota,United States of America,USA,Other,USA050,Wisconsin,United States of America,USA,Other,False,524.0046,False,False
USA026,Missouri,United States of America,USA,Other,USA004,Arkansas,United States of America,USA,Other,False,549.3899,False,False
USA026,Missouri,United States of America,USA,Other,USA017,Kansas,United States of America,USA,Other,False,437.8304,False,False
USA026,Missouri,United States of America,USA,Other,USA028,Nebraska,United States of America,USA,Other,False,113.1914,False,False
USA026,Missouri,United States of America,USA,Other,USA037,Oklahoma,United States of America,USA,Other,False,55.4308,False,False
USA026,Missouri,United States of America,USA,Other,USA043,Tennessee,United States of America,USA,Other,False,110.67,False,False
USA027,Montana,United States of America,USA,Other,CAN002,British Columbia / Colombie-Britannique,Canada,CAN,Other,True,144.9478,False,False
USA027,Montana,United States of America,USA,Other,USA013,Idaho,United States of America,USA,Other,False,1189.8856,False,False
USA027,Montana,United States of America,USA,Other,USA042,South Dakota,United States of America,USA,Other,False,106.7184,False,False
USA027,Montana,United States of America,USA,Other,USA051,Wyoming,United States of America,USA,Other,False,610.3414,False,False
USA028,Nebraska,United States of America,USA,Other,USA042,South Dakota,United States of America,USA,Other,False,676.1793,False,False
USA028,Nebraska,United States of America,USA,Other,USA051,Wyoming,United States of America,USA,Other,False,222.0683,False,False
USA029,Nevada,United States of America,USA,Other,USA038,Oregon,United States of America,USA,Other,False,246.3984,False,False
USA030,New Hampshire,United States of America,USA,Other,USA046,Vermont,United States of America,USA,Other,False,381.4427,False,False
USA031,New Jersey,United States of America,USA,Other,USA033,New York,United States of America,USA,Other,False,95.7372,False,False
USA031,New Jersey,United States of America,USA,Other,USA039,Pennsylvania,United States of America,USA,Other,False,275.6347,False,False
USA033,New York,United States of America,USA,Other,USA039,Pennsylvania,United States of America,USA,Other,False,531.1706,False,False
USA033,New York,United States of America,USA,Other,USA046,Vermont,United States of America,USA,Other,False,147.8063,False,False
USA034,North Carolina,United States of America,USA,Other,USA041,South Carolina,United States of America,USA,Other,False,532.7168,False,False
USA034,North Carolina,United States of America,USA,Other,USA043,Tennessee,United States of America,USA,Other,False,437.3458,False,False
USA034,North Carolina,United States of America,USA,Other,USA047,Virginia,United States of America,USA,Other,False,505.979,False,False
USA035,North Dakota,United States of America,USA,Other,CAN012,Saskatchewan,Canada,CAN,Other,True,196.5949,False,False
USA035,North Dakota,United States of America,USA,Other,USA027,Montana,United States of America,USA,Other,False,339.6227,False,False
USA035,North Dakota,United States of America,USA,Other,USA042,South Dakota,United States of America,USA,Other,False,572.0455,False,False
USA036,Ohio,United States of America,USA,Other,USA039,Pennsylvania,United States of America,USA,Other,False,149.4794,False,False
USA036,Ohio,United States of America,USA,Other,USA049,West Virginia,United States of America,USA,Other,False,446.8025,False,False
USA037,Oklahoma,United States of America,USA,Other,USA006,Colorado,United States of America,USA,Other,False,85.5074,False,False
USA037,Oklahoma,United States of America,USA,Other,USA032,New Mexico,United States of America,USA,Other,False,55.4424,False,False
USA037,Oklahoma,United States of America,USA,Other,USA044,Texas,United States of America,USA,Other,False,1434.7131,False,False
USA038,Oregon,United States of America,USA,Other,USA048,Washington,United States of America,USA,Other,False,636.1433,False,False
USA039,Pennsylvania,United States of America,USA,Other,USA049,West Virginia,United States of America,USA,Other,False,191.2797,False,False
USA042,South Dakota,United States of America,USA,Other,USA051,Wyoming,United States of America,USA,Other,False,221.8975,False,False
USA043,Tennessee,United States of America,USA,Other,USA001,Alabama,United States of America,USA,Other,False,238.6042,False,False
USA043,Tennessee,United States of America,USA,Other,USA004,Arkansas,United States of America,USA,Other,False,280.9929,False,False
USA043,Tennessee,United States of America,USA,Other,USA025,Mississippi,United States of America,USA,Other,False,192.4892,False,False
USA043,Tennessee,United States of America,USA,Other,USA047,Virginia,United States of America,USA,Other,False,187.0478,False,False
USA044,Texas,United States of America,USA,Other,MEX005,Coahuila de Zaragoza,Mexico,MEX,LCR,True,682.4169,False,False
USA044,Texas,United States of America,USA,Other,MEX008,Chihuahua,Mexico,MEX,LCR,True,616.3668,False,False
USA044,Texas,United States of America,USA,Other,MEX019,Nuevo León,Mexico,MEX,LCR,True,18.9002,False,False
USA044,Texas,United States of America,USA,Other,MEX028,Tamaulipas,Mexico,MEX,LCR,True,541.8637,False,False
USA044,Texas,United States of America,USA,Other,USA032,New Mexico,United States of America,USA,Other,False,874.0998,False,False
USA045,Utah,United States of America,USA,Other,USA013,Idaho,United States of America,USA,Other,False,238.4516,False,False
USA045,Utah,United States of America,USA,Other,USA029,Nevada,United States of America,USA,Other,False,554.4605,False,False
USA045,Utah,United States of America,USA,Other,USA051,Wyoming,United States of America,USA,Other,False,270.3983,False,False
USA047,Virginia,United States of America,USA,Other,USA049,West Virginia,United States of America,USA,Other,False,747.6472,False,False
USA051,Wyoming,United States of America,USA,Other,USA013,Idaho,United States of America,USA,Other,False,274.3524,False,False
UZB001,Andijan,Uzbekistan,UZB,ECA,UZB003,Fergana,Uzbekistan,UZB,ECA,False,99.1675,False,False
UZB001,Andijan,Uzbekistan,UZB,ECA,UZB008,Namangan,Uzbekistan,UZB,ECA,False,84.1045,False,False
UZB002,Bukhara,Uzbekistan,UZB,ECA,UZB005,Karakalpakstan,Uzbekistan,UZB,ECA,False,62.6528,False,False
UZB002,Bukhara,Uzbekistan,UZB,ECA,UZB006,Kashkadarya,Uzbekistan,UZB,ECA,False,96.5878,False,False
UZB002,Bukhara,Uzbekistan,UZB,ECA,UZB007,Khorezm,Uzbekistan,UZB,ECA,False,72.4066,False,False
UZB002,Bukhara,Uzbekistan,UZB,ECA,UZB009,Navoiy,Uzbekistan,UZB,ECA,False,633.8716,False,False
UZB003,Fergana,Uzbekistan,UZB,ECA,UZB008,Namangan,Uzbekistan,UZB,ECA,False,76.6852,False,False
UZB004,Jizzakh,Uzbekistan,UZB,ECA,UZB009,Navoiy,Uzbekistan,UZB,ECA,False,83.5421,False,False
UZB004,Jizzakh,Uzbekistan,UZB,ECA,UZB010,Samarkand,Uzbekistan,UZB,ECA,False,213.1666,False,False
UZB004,Jizzakh,Uzbekistan,UZB,ECA,UZB011,Sirdarya,Uzbekistan,UZB,ECA,False,114.9257,False,False
UZB006,Kashkadarya,Uzbekistan,UZB,ECA,UZB010,Samarkand,Uzbekistan,UZB,ECA,False,280.4019,False,False
UZB006,Kashkadarya,Uzbekistan,UZB,ECA,UZB012,Surkhandarya,Uzbekistan,UZB,ECA,False,187.0908,False,False
UZB007,Khorezm,Uzbekistan,UZB,ECA,UZB005,Karakalpakstan,Uzbekistan,UZB,ECA,False,266.4015,False,False
UZB008,Namangan,Uzbekistan,UZB,ECA,UZB013,Tashkent,Uzbekistan,UZB,ECA,False,61.4487,False,False
UZB009,Navoiy,Uzbekistan,UZB,ECA,UZB005,Karakalpakstan,Uzbekistan,UZB,ECA,False,309.1028,False,False
UZB009,Navoiy,Uzbekistan,UZB,ECA,UZB006,Kashkadarya,Uzbekistan,UZB,ECA,False,13.3433,False,False
UZB009,Navoiy,Uzbekistan,UZB,ECA,UZB010,Samarkand,Uzbekistan,UZB,ECA,False,338.9133,False,False
UZB011,Sirdarya,Uzbekistan,UZB,ECA,UZB013,Tashkent,Uzbekistan,UZB,ECA,False,130.8111,False,False
UZB013,Tashkent,Uzbekistan,UZB,ECA,UZB014,Tashkent city,Uzbekistan,UZB,ECA,False,138.3676,False,False
VCT001,Charlotte,Saint Vincent and the Grenadines,VCT,LCR,VCT004,Saint David,Saint Vincent and the Grenadines,VCT,LCR,False,22.5107,False,False
VCT001,Charlotte,Saint Vincent and the Grenadines,VCT,LCR,VCT005,Saint George,Saint Vincent and the Grenadines,VCT,LCR,False,11.0375,False,False
VCT001,Charlotte,Saint Vincent and the Grenadines,VCT,LCR,VCT006,Saint Patrick,Saint Vincent and the Grenadines,VCT,LCR,False,2.9983,True,False
VCT003,Saint Andrew,Saint Vincent and the Grenadines,VCT,LCR,VCT001,Charlotte,Saint Vincent and the Grenadines,VCT,LCR,False,3.9374,True,False
VCT003,Saint Andrew,Saint Vincent and the Grenadines,VCT,LCR,VCT005,Saint George,Saint Vincent and the Grenadines,VCT,LCR,False,6.441,False,False
VCT003,Saint Andrew,Saint Vincent and the Grenadines,VCT,LCR,VCT006,Saint Patrick,Saint Vincent and the Grenadines,VCT,LCR,False,8.8006,False,False
VCT004,Saint David,Saint Vincent and the Grenadines,VCT,LCR,VCT006,Saint Patrick,Saint Vincent and the Grenadines,VCT,LCR,False,9.5762,False,False
VEN002,Anzoategui,Republica Bolivariana de Venezuela,VEN,LCR,VEN006,Bolivar,Republica Bolivariana de Venezuela,VEN,LCR,False,371.5714,False,False
VEN002,Anzoategui,Republica Bolivariana de Venezuela,VEN,LCR,VEN013,Guarico,Republica Bolivariana de Venezuela,VEN,LCR,False,385.9186,False,False
VEN002,Anzoategui,Republica Bolivariana de Venezuela,VEN,LCR,VEN016,Miranda,Republica Bolivariana de Venezuela,VEN,LCR,False,41.2925,False,False
VEN002,Anzoategui,Republica Bolivariana de Venezuela,VEN,LCR,VEN017,Monagas,Republica Bolivariana de Venezuela,VEN,LCR,False,348.2638,False,False
VEN002,Anzoategui,Republica Bolivariana de Venezuela,VEN,LCR,VEN020,Sucre,Republica Bolivariana de Venezuela,VEN,LCR,False,75.224,False,False
VEN003,Apure,Republica Bolivariana de Venezuela,VEN,LCR,VEN001,Amazonas,Republica Bolivariana de Venezuela,VEN,LCR,False,2.3523,True,False
VEN003,Apure,Republica Bolivariana de Venezuela,VEN,LCR,VEN005,Barinas,Republica Bolivariana de Venezuela,VEN,LCR,False,553.5077,False,False
VEN003,Apure,Republica Bolivariana de Venezuela,VEN,LCR,VEN021,Tachira,Republica Bolivariana de Venezuela,VEN,LCR,False,79.4862,False,False
VEN004,Aragua,Republica Bolivariana de Venezuela,VEN,LCR,VEN007,Carabobo,Republica Bolivariana de Venezuela,VEN,LCR,False,102.1313,False,False
VEN004,Aragua,Republica Bolivariana de Venezuela,VEN,LCR,VEN013,Guarico,Republica Bolivariana de Venezuela,VEN,LCR,False,237.6413,False,False
VEN004,Aragua,Republica Bolivariana de Venezuela,VEN,LCR,VEN016,Miranda,Republica Bolivariana de Venezuela,VEN,LCR,False,92.125,False,False
VEN004,Aragua,Republica Bolivariana de Venezuela,VEN,LCR,VEN023,Vargas,Republica Bolivariana de Venezuela,VEN,LCR,False,35.2081,False,False
VEN005,Barinas,Republica Bolivariana de Venezuela,VEN,LCR,VEN008,Cojedes,Republica Bolivariana de Venezuela,VEN,LCR,False,49.8168,False,False
VEN005,Barinas,Republica Bolivariana de Venezuela,VEN,LCR,VEN015,Merida,Republica Bolivariana de Venezuela,VEN,LCR,False,213.4509,False,False
VEN005,Barinas,Republica Bolivariana de Venezuela,VEN,LCR,VEN019,Portuguesa,Republica Bolivariana de Venezuela,VEN,LCR,False,271.8172,False,False
VEN005,Barinas,Republica Bolivariana de Venezuela,VEN,LCR,VEN021,Tachira,Republica Bolivariana de Venezuela,VEN,LCR,False,100.4106,False,False
VEN005,Barinas,Republica Bolivariana de Venezuela,VEN,LCR,VEN022,Trujillo,Republica Bolivariana de Venezuela,VEN,LCR,False,42.6391,False,False
VEN006,Bolivar,Republica Bolivariana de Venezuela,VEN,LCR,VEN001,Amazonas,Republica Bolivariana de Venezuela,VEN,LCR,False,637.8372,False,False
VEN006,Bolivar,Republica Bolivariana de Venezuela,VEN,LCR,VEN003,Apure,Republica Bolivariana de Venezuela,VEN,LCR,False,235.7474,False,False
VEN006,Bolivar,Republica Bolivariana de Venezuela,VEN,LCR,VEN009,Delta Amacuro,Republica Bolivariana de Venezuela,VEN,LCR,False,365.1392,False,False
VEN006,Bolivar,Republica Bolivariana de Venezuela,VEN,LCR,VEN013,Guarico,Republica Bolivariana de Venezuela,VEN,LCR,False,115.1072,False,False
VEN006,Bolivar,Republica Bolivariana de Venezuela,VEN,LCR,VEN017,Monagas,Republica Bolivariana de Venezuela,VEN,LCR,False,15.3801,False,False
VEN007,Carabobo,Republica Bolivariana de Venezuela,VEN,LCR,VEN008,Cojedes,Republica Bolivariana de Venezuela,VEN,LCR,False,93.9899,False,False
VEN007,Carabobo,Republica Bolivariana de Venezuela,VEN,LCR,VEN024,Yaracuy,Republica Bolivariana de Venezuela,VEN,LCR,False,72.2902,False,False
VEN008,Cojedes,Republica Bolivariana de Venezuela,VEN,LCR,VEN014,Lara,Republica Bolivariana de Venezuela,VEN,LCR,False,13.7561,False,False
VEN008,Cojedes,Republica Bolivariana de Venezuela,VEN,LCR,VEN019,Portuguesa,Republica Bolivariana de Venezuela,VEN,LCR,False,194.8475,False,False
VEN008,Cojedes,Republica Bolivariana de Venezuela,VEN,LCR,VEN024,Yaracuy,Republica Bolivariana de Venezuela,VEN,LCR,False,78.6569,False,False
VEN009,Delta Amacuro,Republica Bolivariana de Venezuela,VEN,LCR,VEN017,Monagas,Republica Bolivariana de Venezuela,VEN,LCR,False,234.6202,False,False
VEN011,Distrito Capital,Republica Bolivariana de Venezuela,VEN,LCR,VEN023,Vargas,Republica Bolivariana de Venezuela,VEN,LCR,False,38.1387,False,False
VEN012,Falcon,Republica Bolivariana de Venezuela,VEN,LCR,VEN014,Lara,Republica Bolivariana de Venezuela,VEN,LCR,False,220.609,False,False
VEN012,Falcon,Republica Bolivariana de Venezuela,VEN,LCR,VEN024,Yaracuy,Republica Bolivariana de Venezuela,VEN,LCR,False,78.7249,False,False
VEN012,Falcon,Republica Bolivariana de Venezuela,VEN,LCR,VEN025,Zulia,Republica Bolivariana de Venezuela,VEN,LCR,False,110.0423,False,False
VEN013,Guarico,Republica Bolivariana de Venezuela,VEN,LCR,VEN003,Apure,Republica Bolivariana de Venezuela,VEN,LCR,False,167.9153,False,False
VEN013,Guarico,Republica Bolivariana de Venezuela,VEN,LCR,VEN005,Barinas,Republica Bolivariana de Venezuela,VEN,LCR,False,95.3295,False,False
VEN013,Guarico,Republica Bolivariana de Venezuela,VEN,LCR,VEN007,Carabobo,Republica Bolivariana de Venezuela,VEN,LCR,False,57.8982,False,False
VEN013,Guarico,Republica Bolivariana de Venezuela,VEN,LCR,VEN008,Cojedes,Republica Bolivariana de Venezuela,VEN,LCR,False,185.3093,False,False
VEN013,Guarico,Republica Bolivariana de Venezuela,VEN,LCR,VEN016,Miranda,Republica Bolivariana de Venezuela,VEN,LCR,False,104.2113,False,False
VEN014,Lara,Republica Bolivariana de Venezuela,VEN,LCR,VEN019,Portuguesa,Republica Bolivariana de Venezuela,VEN,LCR,False,205.2097,False,False
VEN014,Lara,Republica Bolivariana de Venezuela,VEN,LCR,VEN022,Trujillo,Republica Bolivariana de Venezuela,VEN,LCR,False,151.3976,False,False
VEN014,Lara,Republica Bolivariana de Venezuela,VEN,LCR,VEN024,Yaracuy,Republica Bolivariana de Venezuela,VEN,LCR,False,170.9179,False,False
VEN014,Lara,Republica Bolivariana de Venezuela,VEN,LCR,VEN025,Zulia,Republica Bolivariana de Venezuela,VEN,LCR,False,66.2974,False,False
VEN015,Merida,Republica Bolivariana de Venezuela,VEN,LCR,VEN021,Tachira,Republica Bolivariana de Venezuela,VEN,LCR,False,159.5607,False,False
VEN015,Merida,Republica Bolivariana de Venezuela,VEN,LCR,VEN022,Trujillo,Republica Bolivariana de Venezuela,VEN,LCR,False,77.8269,False,False
VEN015,Merida,Republica Bolivariana de Venezuela,VEN,LCR,VEN025,Zulia,Republica Bolivariana de Venezuela,VEN,LCR,False,182.5331,False,False
VEN016,Miranda,Republica Bolivariana de Venezuela,VEN,LCR,VEN011,Distrito Capital,Republica Bolivariana de Venezuela,VEN,LCR,False,41.5675,False,False
VEN016,Miranda,Republica Bolivariana de Venezuela,VEN,LCR,VEN023,Vargas,Republica Bolivariana de Venezuela,VEN,LCR,False,71.854,False,False
VEN017,Monagas,Republica Bolivariana de Venezuela,VEN,LCR,VEN020,Sucre,Republica Bolivariana de Venezuela,VEN,LCR,False,144.0569,False,False
VEN019,Portuguesa,Republica Bolivariana de Venezuela,VEN,LCR,VEN022,Trujillo,Republica Bolivariana de Venezuela,VEN,LCR,False,58.5642,False,False
VEN021,Tachira,Republica Bolivariana de Venezuela,VEN,LCR,VEN025,Zulia,Republica Bolivariana de Venezuela,VEN,LCR,False,78.7548,False,False
VEN022,Trujillo,Republica Bolivariana de Venezuela,VEN,LCR,VEN025,Zulia,Republica Bolivariana de Venezuela,VEN,LCR,False,74.3006,False,False
VNM001,An Giang,Viet Nam,VNM,EAP,VNM013,Can Tho,Viet Nam,VNM,EAP,False,43.4032,False,False
VNM001,An Giang,Viet Nam,VNM,EAP,VNM020,Dong Thap,Viet Nam,VNM,EAP,False,18.4516,False,False
VNM001,An Giang,Viet Nam,VNM,EAP,VNM033,Kien Giang,Viet Nam,VNM,EAP,False,69.2291,False,False
VNM002,Ba Ria-Vung Tau,Viet Nam,VNM,EAP,VNM019,Dong Nai,Viet Nam,VNM,EAP,False,93.4256,False,False
VNM003,Bac Can,Viet Nam,VNM,EAP,VNM014,Cao Bang,Viet Nam,VNM,EAP,False,143.981,False,False
VNM003,Bac Can,Viet Nam,VNM,EAP,VNM037,Lang Son,Viet Nam,VNM,EAP,False,73.0659,False,False
VNM003,Bac Can,Viet Nam,VNM,EAP,VNM055,Thai Nguyen,Viet Nam,VNM,EAP,False,107.34,False,False
VNM003,Bac Can,Viet Nam,VNM,EAP,VNM060,Tuyen Quang,Viet Nam,VNM,EAP,False,115.3909,False,False
VNM004,Bac Giang,Viet Nam,VNM,EAP,VNM006,Bac Ninh,Viet Nam,VNM,EAP,False,34.3394,False,False
VNM004,Bac Giang,Viet Nam,VNM,EAP,VNM025,Hai Duong,Viet Nam,VNM,EAP,False,27.5463,False,False
VNM004,Bac Giang,Viet Nam,VNM,EAP,VNM027,Hanoi,Viet Nam,VNM,EAP,False,14.5696,False,False
VNM004,Bac Giang,Viet Nam,VNM,EAP,VNM037,Lang Son,Viet Nam,VNM,EAP,False,184.088,False,False
VNM004,Bac Giang,Viet Nam,VNM,EAP,VNM049,Quang Ninh,Viet Nam,VNM,EAP,False,85.6731,False,False
VNM004,Bac Giang,Viet Nam,VNM,EAP,VNM055,Thai Nguyen,Viet Nam,VNM,EAP,False,81.6939,False,False
VNM005,Bac Lieu,Viet Nam,VNM,EAP,VNM012,Ca Mau,Viet Nam,VNM,EAP,False,63.2491,False,False
VNM005,Bac Lieu,Viet Nam,VNM,EAP,VNM028,Hau Giang,Viet Nam,VNM,EAP,False,28.9714,False,False
VNM005,Bac Lieu,Viet Nam,VNM,EAP,VNM033,Kien Giang,Viet Nam,VNM,EAP,False,27.1228,False,False
VNM005,Bac Lieu,Viet Nam,VNM,EAP,VNM051,Soc Trang,Viet Nam,VNM,EAP,False,89.2924,False,False
VNM006,Bac Ninh,Viet Nam,VNM,EAP,VNM025,Hai Duong,Viet Nam,VNM,EAP,False,23.7491,False,False
VNM006,Bac Ninh,Viet Nam,VNM,EAP,VNM027,Hanoi,Viet Nam,VNM,EAP,False,48.3951,False,False
VNM006,Bac Ninh,Viet Nam,VNM,EAP,VNM031,Hung Yen,Viet Nam,VNM,EAP,False,18.391,False,False
VNM007,Ben Tre,Viet Nam,VNM,EAP,VNM061,Vinh Long,Viet Nam,VNM,EAP,False,3.8325,True,False
VNM008,Binh Dinh,Viet Nam,VNM,EAP,VNM021,Gia Lai,Viet Nam,VNM,EAP,False,141.2894,False,False
VNM008,Binh Dinh,Viet Nam,VNM,EAP,VNM045,Phu Yen,Viet Nam,VNM,EAP,False,67.0256,False,False
VNM008,Binh Dinh,Viet Nam,VNM,EAP,VNM048,Quang Ngai,Viet Nam,VNM,EAP,False,82.2105,False,False
VNM009,Binh Duong,Viet Nam,VNM,EAP,VNM010,Binh Phuoc,Viet Nam,VNM,EAP,False,132.0058,False,False
VNM009,Binh Duong,Viet Nam,VNM,EAP,VNM019,Dong Nai,Viet Nam,VNM,EAP,False,93.108,False,False
VNM009,Binh Duong,Viet Nam,VNM,EAP,VNM029,Ho Chi Minh,Viet Nam,VNM,EAP,False,96.457,False,False
VNM009,Binh Duong,Viet Nam,VNM,EAP,VNM053,Tay Ninh,Viet Nam,VNM,EAP,False,69.5546,False,False
VNM010,Binh Phuoc,Viet Nam,VNM,EAP,VNM017,Dac Nong,Viet Nam,VNM,EAP,False,85.4847,False,False
VNM010,Binh Phuoc,Viet Nam,VNM,EAP,VNM019,Dong Nai,Viet Nam,VNM,EAP,False,69.3839,False,False
VNM010,Binh Phuoc,Viet Nam,VNM,EAP,VNM036,Lam Dong,Viet Nam,VNM,EAP,False,43.5382,False,False
VNM010,Binh Phuoc,Viet Nam,VNM,EAP,VNM053,Tay Ninh,Viet Nam,VNM,EAP,False,29.8743,False,False
VNM011,Binh Thuan,Viet Nam,VNM,EAP,VNM002,Ba Ria-Vung Tau,Viet Nam,VNM,EAP,False,27.5999,False,False
VNM011,Binh Thuan,Viet Nam,VNM,EAP,VNM019,Dong Nai,Viet Nam,VNM,EAP,False,106.9856,False,False
VNM011,Binh Thuan,Viet Nam,VNM,EAP,VNM036,Lam Dong,Viet Nam,VNM,EAP,False,173.5232,False,False
VNM011,Binh Thuan,Viet Nam,VNM,EAP,VNM043,Ninh Thuan,Viet Nam,VNM,EAP,False,53.7095,False,False
VNM012,Ca Mau,Viet Nam,VNM,EAP,VNM033,Kien Giang,Viet Nam,VNM,EAP,False,62.749,False,False
VNM013,Can Tho,Viet Nam,VNM,EAP,VNM028,Hau Giang,Viet Nam,VNM,EAP,False,53.9317,False,False
VNM013,Can Tho,Viet Nam,VNM,EAP,VNM033,Kien Giang,Viet Nam,VNM,EAP,False,49.0833,False,False
VNM014,Cao Bang,Viet Nam,VNM,EAP,VNM037,Lang Son,Viet Nam,VNM,EAP,False,63.1102,False,False
VNM014,Cao Bang,Viet Nam,VNM,EAP,VNM060,Tuyen Quang,Viet Nam,VNM,EAP,False,3.514,True,False
VNM015,Da Nang,Viet Nam,VNM,EAP,VNM047,Quang Nam,Viet Nam,VNM,EAP,False,86.7508,False,False
VNM015,Da Nang,Viet Nam,VNM,EAP,VNM057,Thua Thien-Hue,Viet Nam,VNM,EAP,False,61.5617,False,False
VNM016,Dac Lac,Viet Nam,VNM,EAP,VNM017,Dac Nong,Viet Nam,VNM,EAP,False,158.3213,False,False
VNM016,Dac Lac,Viet Nam,VNM,EAP,VNM021,Gia Lai,Viet Nam,VNM,EAP,False,177.733,False,False
VNM016,Dac Lac,Viet Nam,VNM,EAP,VNM032,Khanh Hoa,Viet Nam,VNM,EAP,False,94.2057,False,False
VNM016,Dac Lac,Viet Nam,VNM,EAP,VNM036,Lam Dong,Viet Nam,VNM,EAP,False,105.2434,False,False
VNM016,Dac Lac,Viet Nam,VNM,EAP,VNM045,Phu Yen,Viet Nam,VNM,EAP,False,65.624,False,False
VNM017,Dac Nong,Viet Nam,VNM,EAP,VNM036,Lam Dong,Viet Nam,VNM,EAP,False,198.4247,False,False
VNM018,Dien Bien,Viet Nam,VNM,EAP,VNM035,Lai Chau,Viet Nam,VNM,EAP,False,242.3514,False,False
VNM018,Dien Bien,Viet Nam,VNM,EAP,VNM052,Son La,Viet Nam,VNM,EAP,False,213.601,False,False
VNM019,Dong Nai,Viet Nam,VNM,EAP,VNM036,Lam Dong,Viet Nam,VNM,EAP,False,69.0843,False,False
VNM020,Dong Thap,Viet Nam,VNM,EAP,VNM039,Long An,Viet Nam,VNM,EAP,False,72.4308,False,False
VNM020,Dong Thap,Viet Nam,VNM,EAP,VNM058,Tien Giang,Viet Nam,VNM,EAP,False,34.5483,False,False
VNM020,Dong Thap,Viet Nam,VNM,EAP,VNM061,Vinh Long,Viet Nam,VNM,EAP,False,49.5818,False,False
VNM021,Gia Lai,Viet Nam,VNM,EAP,VNM034,Kon Tum,Viet Nam,VNM,EAP,False,210.1569,False,False
VNM021,Gia Lai,Viet Nam,VNM,EAP,VNM045,Phu Yen,Viet Nam,VNM,EAP,False,120.1154,False,False
VNM021,Gia Lai,Viet Nam,VNM,EAP,VNM048,Quang Ngai,Viet Nam,VNM,EAP,False,13.9338,False,False
VNM022,Ha Giang,Viet Nam,VNM,EAP,VNM014,Cao Bang,Viet Nam,VNM,EAP,False,93.2516,False,False
VNM022,Ha Giang,Viet Nam,VNM,EAP,VNM038,Lao Cai,Viet Nam,VNM,EAP,False,87.8769,False,False
VNM022,Ha Giang,Viet Nam,VNM,EAP,VNM060,Tuyen Quang,Viet Nam,VNM,EAP,False,175.9685,False,False
VNM022,Ha Giang,Viet Nam,VNM,EAP,VNM063,Yen Bai,Viet Nam,VNM,EAP,False,44.9183,False,False
VNM023,Ha Nam,Viet Nam,VNM,EAP,VNM030,Hoa Binh,Viet Nam,VNM,EAP,False,21.9895,False,False
VNM023,Ha Nam,Viet Nam,VNM,EAP,VNM031,Hung Yen,Viet Nam,VNM,EAP,False,2.3331,True,False
VNM023,Ha Nam,Viet Nam,VNM,EAP,VNM040,Nam Dinh,Viet Nam,VNM,EAP,False,58.6373,False,False
VNM023,Ha Nam,Viet Nam,VNM,EAP,VNM042,Ninh Binh,Viet Nam,VNM,EAP,False,11.1655,False,False
VNM023,Ha Nam,Viet Nam,VNM,EAP,VNM054,Thai Binh,Viet Nam,VNM,EAP,False,3.4978,True,False
VNM024,Ha Tinh,Viet Nam,VNM,EAP,VNM041,Nghe An,Viet Nam,VNM,EAP,False,76.2989,False,False
VNM024,Ha Tinh,Viet Nam,VNM,EAP,VNM046,Quang Binh,Viet Nam,VNM,EAP,False,138.3741,False,False
VNM025,Hai Duong,Viet Nam,VNM,EAP,VNM026,Haiphong,Viet Nam,VNM,EAP,False,34.9237,False,False
VNM025,Hai Duong,Viet Nam,VNM,EAP,VNM031,Hung Yen,Viet Nam,VNM,EAP,False,53.4422,False,False
VNM025,Hai Duong,Viet Nam,VNM,EAP,VNM049,Quang Ninh,Viet Nam,VNM,EAP,False,25.3005,False,False
VNM025,Hai Duong,Viet Nam,VNM,EAP,VNM054,Thai Binh,Viet Nam,VNM,EAP,False,6.4788,False,False
VNM026,Haiphong,Viet Nam,VNM,EAP,VNM049,Quang Ninh,Viet Nam,VNM,EAP,False,0.077,True,True
VNM026,Haiphong,Viet Nam,VNM,EAP,VNM054,Thai Binh,Viet Nam,VNM,EAP,False,32.1814,False,False
VNM027,Hanoi,Viet Nam,VNM,EAP,VNM023,Ha Nam,Viet Nam,VNM,EAP,False,49.3636,False,False
VNM027,Hanoi,Viet Nam,VNM,EAP,VNM030,Hoa Binh,Viet Nam,VNM,EAP,False,129.4201,False,False
VNM027,Hanoi,Viet Nam,VNM,EAP,VNM031,Hung Yen,Viet Nam,VNM,EAP,False,31.0811,False,False
VNM027,Hanoi,Viet Nam,VNM,EAP,VNM044,Phu Tho,Viet Nam,VNM,EAP,False,49.5493,False,False
VNM027,Hanoi,Viet Nam,VNM,EAP,VNM055,Thai Nguyen,Viet Nam,VNM,EAP,False,21.1994,False,False
VNM027,Hanoi,Viet Nam,VNM,EAP,VNM062,Vinh Phuc,Viet Nam,VNM,EAP,False,78.9225,False,False
VNM028,Hau Giang,Viet Nam,VNM,EAP,VNM033,Kien Giang,Viet Nam,VNM,EAP,False,67.8245,False,False
VNM028,Hau Giang,Viet Nam,VNM,EAP,VNM051,Soc Trang,Viet Nam,VNM,EAP,False,67.2673,False,False
VNM029,Ho Chi Minh,Viet Nam,VNM,EAP,VNM039,Long An,Viet Nam,VNM,EAP,False,91.9283,False,False
VNM029,Ho Chi Minh,Viet Nam,VNM,EAP,VNM053,Tay Ninh,Viet Nam,VNM,EAP,False,23.2804,False,False
VNM030,Hoa Binh,Viet Nam,VNM,EAP,VNM042,Ninh Binh,Viet Nam,VNM,EAP,False,73.1088,False,False
VNM030,Hoa Binh,Viet Nam,VNM,EAP,VNM044,Phu Tho,Viet Nam,VNM,EAP,False,82.1175,False,False
VNM030,Hoa Binh,Viet Nam,VNM,EAP,VNM052,Son La,Viet Nam,VNM,EAP,False,97.804,False,False
VNM030,Hoa Binh,Viet Nam,VNM,EAP,VNM056,Thanh Hoa,Viet Nam,VNM,EAP,False,102.4577,False,False
VNM031,Hung Yen,Viet Nam,VNM,EAP,VNM054,Thai Binh,Viet Nam,VNM,EAP,False,0.9603,True,True
VNM032,Khanh Hoa,Viet Nam,VNM,EAP,VNM036,Lam Dong,Viet Nam,VNM,EAP,False,22.5291,False,False
VNM032,Khanh Hoa,Viet Nam,VNM,EAP,VNM043,Ninh Thuan,Viet Nam,VNM,EAP,False,85.0903,False,False
VNM032,Khanh Hoa,Viet Nam,VNM,EAP,VNM045,Phu Yen,Viet Nam,VNM,EAP,False,62.9731,False,False
VNM034,Kon Tum,Viet Nam,VNM,EAP,VNM047,Quang Nam,Viet Nam,VNM,EAP,False,134.473,False,False
VNM034,Kon Tum,Viet Nam,VNM,EAP,VNM048,Quang Ngai,Viet Nam,VNM,EAP,False,83.4502,False,False
VNM035,Lai Chau,Viet Nam,VNM,EAP,VNM038,Lao Cai,Viet Nam,VNM,EAP,False,115.2715,False,False
VNM035,Lai Chau,Viet Nam,VNM,EAP,VNM052,Son La,Viet Nam,VNM,EAP,False,87.1151,False,False
VNM035,Lai Chau,Viet Nam,VNM,EAP,VNM063,Yen Bai,Viet Nam,VNM,EAP,False,49.4211,False,False
VNM036,Lam Dong,Viet Nam,VNM,EAP,VNM043,Ninh Thuan,Viet Nam,VNM,EAP,False,105.8094,False,False
VNM037,Lang Son,Viet Nam,VNM,EAP,VNM049,Quang Ninh,Viet Nam,VNM,EAP,False,77.7411,False,False
VNM037,Lang Son,Viet Nam,VNM,EAP,VNM055,Thai Nguyen,Viet Nam,VNM,EAP,False,57.9539,False,False
VNM038,Lao Cai,Viet Nam,VNM,EAP,VNM063,Yen Bai,Viet Nam,VNM,EAP,False,161.2568,False,False
VNM039,Long An,Viet Nam,VNM,EAP,VNM053,Tay Ninh,Viet Nam,VNM,EAP,False,25.6895,False,False
VNM039,Long An,Viet Nam,VNM,EAP,VNM058,Tien Giang,Viet Nam,VNM,EAP,False,105.4807,False,False
VNM040,Nam Dinh,Viet Nam,VNM,EAP,VNM054,Thai Binh,Viet Nam,VNM,EAP,False,0.6128,True,True
VNM041,Nghe An,Viet Nam,VNM,EAP,VNM056,Thanh Hoa,Viet Nam,VNM,EAP,False,191.9359,False,False
VNM042,Ninh Binh,Viet Nam,VNM,EAP,VNM040,Nam Dinh,Viet Nam,VNM,EAP,False,3.3686,True,False
VNM042,Ninh Binh,Viet Nam,VNM,EAP,VNM056,Thanh Hoa,Viet Nam,VNM,EAP,False,86.9539,False,False
VNM044,Phu Tho,Viet Nam,VNM,EAP,VNM052,Son La,Viet Nam,VNM,EAP,False,33.9601,False,False
VNM044,Phu Tho,Viet Nam,VNM,EAP,VNM060,Tuyen Quang,Viet Nam,VNM,EAP,False,46.6271,False,False
VNM044,Phu Tho,Viet Nam,VNM,EAP,VNM062,Vinh Phuc,Viet Nam,VNM,EAP,False,38.701,False,False
VNM044,Phu Tho,Viet Nam,VNM,EAP,VNM063,Yen Bai,Viet Nam,VNM,EAP,False,89.5491,False,False
VNM046,Quang Binh,Viet Nam,VNM,EAP,VNM050,Quang Tri,Viet Nam,VNM,EAP,False,77.1811,False,False
VNM047,Quang Nam,Viet Nam,VNM,EAP,VNM057,Thua Thien-Hue,Viet Nam,VNM,EAP,False,56.5024,False,False
VNM048,Quang Ngai,Viet Nam,VNM,EAP,VNM047,Quang Nam,Viet Nam,VNM,EAP,False,99.2813,False,False
VNM050,Quang Tri,Viet Nam,VNM,EAP,VNM057,Thua Thien-Hue,Viet Nam,VNM,EAP,False,105.242,False,False
VNM052,Son La,Viet Nam,VNM,EAP,VNM056,Thanh Hoa,Viet Nam,VNM,EAP,False,36.1978,False,False
VNM052,Son La,Viet Nam,VNM,EAP,VNM063,Yen Bai,Viet Nam,VNM,EAP,False,162.6302,False,False
VNM055,Thai Nguyen,Viet Nam,VNM,EAP,VNM062,Vinh Phuc,Viet Nam,VNM,EAP,False,43.0092,False,False
VNM059,Tra Vinh,Viet Nam,VNM,EAP,VNM061,Vinh Long,Viet Nam,VNM,EAP,False,52.9265,False,False
VNM060,Tuyen Quang,Viet Nam,VNM,EAP,VNM055,Thai Nguyen,Viet Nam,VNM,EAP,False,59.7925,False,False
VNM060,Tuyen Quang,Viet Nam,VNM,EAP,VNM062,Vinh Phuc,Viet Nam,VNM,EAP,False,32.2521,False,False
VNM060,Tuyen Quang,Viet Nam,VNM,EAP,VNM063,Yen Bai,Viet Nam,VNM,EAP,False,83.8572,False,False
XKX001,Ferizaj,Kosovo,XKX,ECA,XKX003,Gjilan,Kosovo,XKX,ECA,False,45.9861,False,False
XKX001,Ferizaj,Kosovo,XKX,ECA,XKX006,Prishtinë,Kosovo,XKX,ECA,False,38.8245,False,False
XKX001,Ferizaj,Kosovo,XKX,ECA,XKX007,Prizren,Kosovo,XKX,ECA,False,65.7506,False,False
XKX002,Gjakovë,Kosovo,XKX,ECA,XKX005,Pejë,Kosovo,XKX,ECA,False,58.4274,False,False
XKX002,Gjakovë,Kosovo,XKX,ECA,XKX007,Prizren,Kosovo,XKX,ECA,False,71.4042,False,False
XKX003,Gjilan,Kosovo,XKX,ECA,XKX006,Prishtinë,Kosovo,XKX,ECA,False,115.6606,False,False
XKX004,Mitrovicë,Kosovo,XKX,ECA,XKX005,Pejë,Kosovo,XKX,ECA,False,56.3719,False,False
XKX004,Mitrovicë,Kosovo,XKX,ECA,XKX006,Prishtinë,Kosovo,XKX,ECA,False,107.7245,False,False
XKX005,Pejë,Kosovo,XKX,ECA,XKX006,Prishtinë,Kosovo,XKX,ECA,False,0.301,True,True
XKX005,Pejë,Kosovo,XKX,ECA,XKX007,Prizren,Kosovo,XKX,ECA,False,26.581,False,False
XKX006,Prishtinë,Kosovo,XKX,ECA,XKX007,Prizren,Kosovo,XKX,ECA,False,35.8696,False,False
YEM001,`Adan,Republic of Yemen,YEM,MENA,YEM014,Lahij,Republic of Yemen,YEM,MENA,False,86.0994,False,False
YEM002,Abyan,Republic of Yemen,YEM,MENA,YEM001,`Adan,Republic of Yemen,YEM,MENA,False,1.1643,True,False
YEM002,Abyan,Republic of Yemen,YEM,MENA,YEM003,Al Bayda',Republic of Yemen,YEM,MENA,False,103.7474,False,False
YEM002,Abyan,Republic of Yemen,YEM,MENA,YEM014,Lahij,Republic of Yemen,YEM,MENA,False,168.868,False,False
YEM002,Abyan,Republic of Yemen,YEM,MENA,YEM020,Shabwah,Republic of Yemen,YEM,MENA,False,225.1448,False,False
YEM003,Al Bayda',Republic of Yemen,YEM,MENA,YEM004,Al Dali',Republic of Yemen,YEM,MENA,False,75.0222,False,False
YEM003,Al Bayda',Republic of Yemen,YEM,MENA,YEM010,Dhamar,Republic of Yemen,YEM,MENA,False,67.6271,False,False
YEM003,Al Bayda',Republic of Yemen,YEM,MENA,YEM013,Ibb,Republic of Yemen,YEM,MENA,False,22.3459,False,False
YEM003,Al Bayda',Republic of Yemen,YEM,MENA,YEM014,Lahij,Republic of Yemen,YEM,MENA,False,43.8861,False,False
YEM003,Al Bayda',Republic of Yemen,YEM,MENA,YEM015,Ma'rib,Republic of Yemen,YEM,MENA,False,136.2092,False,False
YEM003,Al Bayda',Republic of Yemen,YEM,MENA,YEM018,San`a',Republic of Yemen,YEM,MENA,False,9.5381,False,False
YEM003,Al Bayda',Republic of Yemen,YEM,MENA,YEM020,Shabwah,Republic of Yemen,YEM,MENA,False,103.5801,False,False
YEM004,Al Dali',Republic of Yemen,YEM,MENA,YEM013,Ibb,Republic of Yemen,YEM,MENA,False,85.8719,False,False
YEM004,Al Dali',Republic of Yemen,YEM,MENA,YEM014,Lahij,Republic of Yemen,YEM,MENA,False,113.7333,False,False
YEM004,Al Dali',Republic of Yemen,YEM,MENA,YEM022,Ta`izz,Republic of Yemen,YEM,MENA,False,40.0236,False,False
YEM005,Al Hudaydah,Republic of Yemen,YEM,MENA,YEM008,Al Mahwit,Republic of Yemen,YEM,MENA,False,69.0319,False,False
YEM005,Al Hudaydah,Republic of Yemen,YEM,MENA,YEM013,Ibb,Republic of Yemen,YEM,MENA,False,50.4089,False,False
YEM005,Al Hudaydah,Republic of Yemen,YEM,MENA,YEM016,Raymah,Republic of Yemen,YEM,MENA,False,83.1556,False,False
YEM005,Al Hudaydah,Republic of Yemen,YEM,MENA,YEM018,San`a',Republic of Yemen,YEM,MENA,False,28.7798,False,False
YEM005,Al Hudaydah,Republic of Yemen,YEM,MENA,YEM022,Ta`izz,Republic of Yemen,YEM,MENA,False,58.2062,False,False
YEM006,Al Jawf,Republic of Yemen,YEM,MENA,YEM015,Ma'rib,Republic of Yemen,YEM,MENA,False,261.8858,False,False
YEM006,Al Jawf,Republic of Yemen,YEM,MENA,YEM017,Sa`dah,Republic of Yemen,YEM,MENA,False,147.1598,False,False
YEM006,Al Jawf,Republic of Yemen,YEM,MENA,YEM018,San`a',Republic of Yemen,YEM,MENA,False,25.0146,False,False
YEM008,Al Mahwit,Republic of Yemen,YEM,MENA,YEM018,San`a',Republic of Yemen,YEM,MENA,False,86.4215,False,False
YEM009,Amran,Republic of Yemen,YEM,MENA,YEM006,Al Jawf,Republic of Yemen,YEM,MENA,False,96.4284,False,False
YEM009,Amran,Republic of Yemen,YEM,MENA,YEM008,Al Mahwit,Republic of Yemen,YEM,MENA,False,35.6413,False,False
YEM009,Amran,Republic of Yemen,YEM,MENA,YEM012,Hajjah,Republic of Yemen,YEM,MENA,False,174.2666,False,False
YEM009,Amran,Republic of Yemen,YEM,MENA,YEM017,Sa`dah,Republic of Yemen,YEM,MENA,False,57.106,False,False
YEM009,Amran,Republic of Yemen,YEM,MENA,YEM018,San`a',Republic of Yemen,YEM,MENA,False,104.3908,False,False
YEM010,Dhamar,Republic of Yemen,YEM,MENA,YEM005,Al Hudaydah,Republic of Yemen,YEM,MENA,False,64.2951,False,False
YEM010,Dhamar,Republic of Yemen,YEM,MENA,YEM013,Ibb,Republic of Yemen,YEM,MENA,False,173.6399,False,False
YEM010,Dhamar,Republic of Yemen,YEM,MENA,YEM016,Raymah,Republic of Yemen,YEM,MENA,False,95.4978,False,False
YEM010,Dhamar,Republic of Yemen,YEM,MENA,YEM018,San`a',Republic of Yemen,YEM,MENA,False,165.5115,False,False
YEM011,Hadramawt,Republic of Yemen,YEM,MENA,YEM006,Al Jawf,Republic of Yemen,YEM,MENA,False,94.6373,False,False
YEM011,Hadramawt,Republic of Yemen,YEM,MENA,YEM007,Al Mahrah,Republic of Yemen,YEM,MENA,False,571.7735,False,False
YEM011,Hadramawt,Republic of Yemen,YEM,MENA,YEM015,Ma'rib,Republic of Yemen,YEM,MENA,False,81.876,False,False
YEM011,Hadramawt,Republic of Yemen,YEM,MENA,YEM020,Shabwah,Republic of Yemen,YEM,MENA,False,461.1104,False,False
YEM012,Hajjah,Republic of Yemen,YEM,MENA,YEM005,Al Hudaydah,Republic of Yemen,YEM,MENA,False,93.4265,False,False
YEM012,Hajjah,Republic of Yemen,YEM,MENA,YEM008,Al Mahwit,Republic of Yemen,YEM,MENA,False,46.2546,False,False
YEM012,Hajjah,Republic of Yemen,YEM,MENA,YEM017,Sa`dah,Republic of Yemen,YEM,MENA,False,36.2938,False,False
YEM013,Ibb,Republic of Yemen,YEM,MENA,YEM022,Ta`izz,Republic of Yemen,YEM,MENA,False,130.5082,False,False
YEM014,Lahij,Republic of Yemen,YEM,MENA,YEM022,Ta`izz,Republic of Yemen,YEM,MENA,False,239.8943,False,False
YEM015,Ma'rib,Republic of Yemen,YEM,MENA,YEM018,San`a',Republic of Yemen,YEM,MENA,False,244.0325,False,False
YEM015,Ma'rib,Republic of Yemen,YEM,MENA,YEM020,Shabwah,Republic of Yemen,YEM,MENA,False,144.8876,False,False
YEM018,San`a',Republic of Yemen,YEM,MENA,YEM016,Raymah,Republic of Yemen,YEM,MENA,False,19.144,False,False
YEM018,San`a',Republic of Yemen,YEM,MENA,YEM019,San`a' [City],Republic of Yemen,YEM,MENA,False,129.0411,False,False
ZAF001,Eastern Cape,South Africa,ZAF,AFR,LSO006,Mohale's Hoek,Lesotho,LSO,AFR,True,27.9997,False,False
ZAF001,Eastern Cape,South Africa,ZAF,AFR,LSO008,Qacha's Nek,Lesotho,LSO,AFR,True,77.9078,False,False
ZAF001,Eastern Cape,South Africa,ZAF,AFR,LSO009,Quthing,Lesotho,LSO,AFR,True,166.2922,False,False
ZAF001,Eastern Cape,South Africa,ZAF,AFR,ZAF002,Free State,South Africa,ZAF,AFR,False,272.3712,False,False
ZAF001,Eastern Cape,South Africa,ZAF,AFR,ZAF004,Kwa-Zulu Natal,South Africa,ZAF,AFR,False,349.6242,False,False
ZAF001,Eastern Cape,South Africa,ZAF,AFR,ZAF008,Northern Cape,South Africa,ZAF,AFR,False,280.4804,False,False
ZAF001,Eastern Cape,South Africa,ZAF,AFR,ZAF009,Western Cape,South Africa,ZAF,AFR,False,588.2389,False,False
ZAF002,Free State,South Africa,ZAF,AFR,ZAF003,Gauteng,South Africa,ZAF,AFR,False,94.592,False,False
ZAF002,Free State,South Africa,ZAF,AFR,ZAF007,North West,South Africa,ZAF,AFR,False,414.2049,False,False
ZAF002,Free State,South Africa,ZAF,AFR,ZAF008,Northern Cape,South Africa,ZAF,AFR,False,362.9281,False,False
ZAF003,Gauteng,South Africa,ZAF,AFR,ZAF007,North West,South Africa,ZAF,AFR,False,403.756,False,False
ZAF004,Kwa-Zulu Natal,South Africa,ZAF,AFR,LSO008,Qacha's Nek,Lesotho,LSO,AFR,True,51.3713,False,False
ZAF004,Kwa-Zulu Natal,South Africa,ZAF,AFR,LSO010,Thaba Tseka,Lesotho,LSO,AFR,True,39.2403,False,False
ZAF004,Kwa-Zulu Natal,South Africa,ZAF,AFR,ZAF002,Free State,South Africa,ZAF,AFR,False,254.7964,False,False
ZAF004,Kwa-Zulu Natal,South Africa,ZAF,AFR,ZAF006,Mpumalanga,South Africa,ZAF,AFR,False,230.5146,False,False
ZAF005,Limpopo,South Africa,ZAF,AFR,BWA001,Central,Botswana,BWA,AFR,True,448.0952,False,False
ZAF005,Limpopo,South Africa,ZAF,AFR,BWA005,Kgatleng,Botswana,BWA,AFR,True,152.9618,False,False
ZAF005,Limpopo,South Africa,ZAF,AFR,ZAF003,Gauteng,South Africa,ZAF,AFR,False,72.417,False,False
ZAF005,Limpopo,South Africa,ZAF,AFR,ZAF006,Mpumalanga,South Africa,ZAF,AFR,False,827.7928,False,False
ZAF005,Limpopo,South Africa,ZAF,AFR,ZAF007,North West,South Africa,ZAF,AFR,False,353.5788,False,False
ZAF005,Limpopo,South Africa,ZAF,AFR,ZWE007,Masvingo,Zimbabwe,ZWE,AFR,True,26.3775,False,False
ZAF005,Limpopo,South Africa,ZAF,AFR,ZWE009,Matabeleland South,Zimbabwe,ZWE,AFR,True,205.8265,False,False
ZAF006,Mpumalanga,South Africa,ZAF,AFR,ZAF002,Free State,South Africa,ZAF,AFR,False,280.7554,False,False
ZAF006,Mpumalanga,South Africa,ZAF,AFR,ZAF003,Gauteng,South Africa,ZAF,AFR,False,545.1929,False,False
ZAF007,North West,South Africa,ZAF,AFR,ZAF008,Northern Cape,South Africa,ZAF,AFR,False,753.9128,False,False
ZAF008,Northern Cape,South Africa,ZAF,AFR,ZAF009,Western Cape,South Africa,ZAF,AFR,False,1460.1449,False,False
ZMB101,Central,Zambia,ZMB,AFR,COD014,Haut-Katanga,Democratic Republic of Congo,COD,AFR,True,295.3406,False,False
ZMB101,Central,Zambia,ZMB,AFR,ZMB102,Copperbelt,Zambia,ZMB,AFR,False,388.9639,False,False
ZMB101,Central,Zambia,ZMB,AFR,ZMB103,Eastern,Zambia,ZMB,AFR,False,325.2782,False,False
ZMB101,Central,Zambia,ZMB,AFR,ZMB105,Lusaka,Zambia,ZMB,AFR,False,452.4538,False,False
ZMB101,Central,Zambia,ZMB,AFR,ZMB106,Muchiga,Zambia,ZMB,AFR,False,376.9449,False,False
ZMB101,Central,Zambia,ZMB,AFR,ZMB108,North-Western,Zambia,ZMB,AFR,False,282.4504,False,False
ZMB101,Central,Zambia,ZMB,AFR,ZMB109,Southern,Zambia,ZMB,AFR,False,555.6187,False,False
ZMB101,Central,Zambia,ZMB,AFR,ZMB110,Western,Zambia,ZMB,AFR,False,248.4753,False,False
ZMB102,Copperbelt,Zambia,ZMB,AFR,ZMB108,North-Western,Zambia,ZMB,AFR,False,332.0947,False,False
ZMB103,Eastern,Zambia,ZMB,AFR,ZMB105,Lusaka,Zambia,ZMB,AFR,False,53.8629,False,False
ZMB103,Eastern,Zambia,ZMB,AFR,ZMB106,Muchiga,Zambia,ZMB,AFR,False,398.9457,False,False
ZMB104,Luapula,Zambia,ZMB,AFR,COD014,Haut-Katanga,Democratic Republic of Congo,COD,AFR,True,686.4563,False,False
ZMB104,Luapula,Zambia,ZMB,AFR,ZMB106,Muchiga,Zambia,ZMB,AFR,False,137.2998,False,False
ZMB104,Luapula,Zambia,ZMB,AFR,ZMB107,Northern,Zambia,ZMB,AFR,False,759.8143,False,False
ZMB105,Lusaka,Zambia,ZMB,AFR,ZMB109,Southern,Zambia,ZMB,AFR,False,235.5989,False,False
ZMB105,Lusaka,Zambia,ZMB,AFR,ZWE004,Mashonaland Central,Zimbabwe,ZWE,AFR,True,16.5647,False,False
ZMB105,Lusaka,Zambia,ZMB,AFR,ZWE006,Mashonaland West,Zimbabwe,ZWE,AFR,True,207.0212,False,False
ZMB106,Muchiga,Zambia,ZMB,AFR,COD014,Haut-Katanga,Democratic Republic of Congo,COD,AFR,True,0.0749,True,True
ZMB106,Muchiga,Zambia,ZMB,AFR,ZMB107,Northern,Zambia,ZMB,AFR,False,539.7182,False,False
ZMB108,North-Western,Zambia,ZMB,AFR,ZMB110,Western,Zambia,ZMB,AFR,False,736.2795,False,False
ZMB109,Southern,Zambia,ZMB,AFR,ZMB110,Western,Zambia,ZMB,AFR,False,253.6569,False,False
ZMB109,Southern,Zambia,ZMB,AFR,ZWE008,Matabeleland North,Zimbabwe,ZWE,AFR,True,250.7651,False,False
ZMB109,Southern,Zambia,ZMB,AFR,ZWE011,Area under National Administration,Zimbabwe,ZWE,AFR,True,1.7278,True,False
ZWE001,Bulawayo,Zimbabwe,ZWE,AFR,ZWE008,Matabeleland North,Zimbabwe,ZWE,AFR,False,100.3434,False,False
ZWE002,Harare,Zimbabwe,ZWE,AFR,ZWE004,Mashonaland Central,Zimbabwe,ZWE,AFR,False,19.5821,False,False
ZWE002,Harare,Zimbabwe,ZWE,AFR,ZWE005,Mashonaland East,Zimbabwe,ZWE,AFR,False,90.6583,False,False
ZWE002,Harare,Zimbabwe,ZWE,AFR,ZWE006,Mashonaland West,Zimbabwe,ZWE,AFR,False,37.0562,False,False
ZWE003,Manicaland,Zimbabwe,ZWE,AFR,ZWE005,Mashonaland East,Zimbabwe,ZWE,AFR,False,425.4169,False,False
ZWE003,Manicaland,Zimbabwe,ZWE,AFR,ZWE007,Masvingo,Zimbabwe,ZWE,AFR,False,321.8427,False,False
ZWE004,Mashonaland Central,Zimbabwe,ZWE,AFR,ZWE005,Mashonaland East,Zimbabwe,ZWE,AFR,False,296.3614,False,False
ZWE004,Mashonaland Central,Zimbabwe,ZWE,AFR,ZWE006,Mashonaland West,Zimbabwe,ZWE,AFR,False,396.0098,False,False
ZWE005,Mashonaland East,Zimbabwe,ZWE,AFR,ZWE006,Mashonaland West,Zimbabwe,ZWE,AFR,False,146.9399,False,False
ZWE005,Mashonaland East,Zimbabwe,ZWE,AFR,ZWE007,Masvingo,Zimbabwe,ZWE,AFR,False,60.9696,False,False
ZWE005,Mashonaland East,Zimbabwe,ZWE,AFR,ZWE010,Midlands,Zimbabwe,ZWE,AFR,False,73.5291,False,False
ZWE006,Mashonaland West,Zimbabwe,ZWE,AFR,ZMB109,Southern,Zambia,ZMB,AFR,True,41.1539,False,False
ZWE006,Mashonaland West,Zimbabwe,ZWE,AFR,ZWE008,Matabeleland North,Zimbabwe,ZWE,AFR,False,32.3725,False,False
ZWE006,Mashonaland West,Zimbabwe,ZWE,AFR,ZWE011,Area under National Administration,Zimbabwe,ZWE,AFR,False,410.8869,False,False
ZWE009,Matabeleland South,Zimbabwe,ZWE,AFR,BWA001,Central,Botswana,BWA,AFR,True,304.4824,False,False
ZWE009,Matabeleland South,Zimbabwe,ZWE,AFR,BWA008,North East,Botswana,BWA,AFR,True,206.236,False,False
ZWE009,Matabeleland South,Zimbabwe,ZWE,AFR,ZWE001,Bulawayo,Zimbabwe,ZWE,AFR,False,16.4048,False,False
ZWE009,Matabeleland South,Zimbabwe,ZWE,AFR,ZWE007,Masvingo,Zimbabwe,ZWE,AFR,False,246.7918,False,False
ZWE009,Matabeleland South,Zimbabwe,ZWE,AFR,ZWE008,Matabeleland North,Zimbabwe,ZWE,AFR,False,411.9424,False,False
ZWE010,Midlands,Zimbabwe,ZWE,AFR,ZWE006,Mashonaland West,Zimbabwe,ZWE,AFR,False,433.4357,False,False
ZWE010,Midlands,Zimbabwe,ZWE,AFR,ZWE007,Masvingo,Zimbabwe,ZWE,AFR,False,385.4528,False,False
ZWE010,Midlands,Zimbabwe,ZWE,AFR,ZWE008,Matabeleland North,Zimbabwe,ZWE,AFR,False,418.5808,False,False
ZWE010,Midlands,Zimbabwe,ZWE,AFR,ZWE009,Matabeleland South,Zimbabwe,ZWE,AFR,False,291.3107,False,False
ZWE011,Area under National Administration,Zimbabwe,ZWE,AFR,ZWE008,Matabeleland North,Zimbabwe,ZWE,AFR,False,305.8221,False,False
BTN005,Haa,Bhutan,BTN,SAR,CHN029,Xizang Zizhiqu,China,CHN,EAP,True,61.7,False,False
BTN005,Haa,Bhutan,BTN,SAR,IND030,Sikkim,India,IND,SAR,True,6.6,False,False
IND003,Arunachal Pradesh,India,IND,SAR,BTN011,Samdrupjongkhar,Bhutan,BTN,SAR,True,40.8,False,False
IND003,Arunachal Pradesh,India,IND,SAR,BTN015,Trashigang,Bhutan,BTN,SAR,True,83.4,False,False
IND003,Arunachal Pradesh,India,IND,SAR,BTN016,Trashiyangtse,Bhutan,BTN,SAR,True,85.6,False,False
IND003,Arunachal Pradesh,India,IND,SAR,CHN029,Xizang Zizhiqu,China,CHN,EAP,True,993.4,False,False
ISR004,Northern,Israel,ISR,Other,LBN004,Bekaa,Lebanon,LBN,MENA,True,0.4,True,True
ISR004,Northern,Israel,ISR,Other,SYR006,Dar`ā,Syrian Arab Republic,SYR,MENA,True,4.8,True,False
ISR004,Northern,Israel,ISR,Other,SYR012,Quneitra,Syrian Arab Republic,SYR,MENA,True,74.2,False,False
MAR005,Guelmim-Oued Noun,Morocco,MAR,MENA,MRT012,Tiris-Zemmou,Mauritania,MRT,AFR,True,286.5,False,False
MAR007,Laâyoune-Sakia al Hamra,Morocco,MAR,MENA,MRT001,Adrar,Mauritania,MRT,AFR,True,95.5,False,False
MAR007,Laâyoune-Sakia al Hamra,Morocco,MAR,MENA,MRT004,Dakhlet-Nouadhibou,Mauritania,MRT,AFR,True,404.7,False,False
MAR007,Laâyoune-Sakia al Hamra,Morocco,MAR,MENA,MRT012,Tiris-Zemmou,Mauritania,MRT,AFR,True,757.0,False,False
ROU019,Galaţi,Romania,ROU,ECA,UKR016,Odes'ka,Ukraine,UKR,ECA,True,0.0200,True,False
ROU039,Tulcea,Romania,ROU,ECA,UKR016,Odes'ka,Ukraine,UKR,ECA,True,15.2500,False,False
ROU013,Caraş-Severin,Romania,ROU,ECA,SRB001,Borski,Serbia,SRB,ECA,True,0.6200,True,False
MDA006,Cahul,Moldova,MDA,ECA,ROU041,Vaslui,Romania,ROU,ECA,True,1.7000,True,False
DEU012,Saarland,Germany,DEU,Other,LUX002,Grevenmacher,Luxembourg,LUX,Other,True,6.6500,False,False
GUF001,French Guiana,France,GUF,Other,SUR004,Marowijne,Suriname,SUR,LCR,True,3.3600,True,False
CHE016,Sankt Gallen,Switzerland,CHE,Other,DEU001,Baden-Wuerttemberg,Germany,DEU,Other,True,6.9,False,False
AUT008,Vorarlberg,Austria,AUT,Other,DEU001,Baden-Wuerttemberg,Germany,DEU,Other,True,1.2,True,False
JOR009,Madaba,Jordan,JOR,MENA,PSE004,Bethlehem,West Bank and Gaza,PSE,MENA,True,26.5,False,False
JOR004,Balqa,Jordan,JOR,MENA,PSE004,Bethlehem,West Bank and Gaza,PSE,MENA,True,4.5,True,False
PSE003,Ariha (Jericho),West Bank and Gaza,PSE,MENA,PSE004,Bethlehem,West Bank and Gaza,PSE,MENA,False,4.2,True,False
ISR005,Southern District,Israel,ISR,Other,JOR009,Madaba,Jordan,JOR,MENA,True,3.9,True,False
NLD002,Flevoland,Netherlands,NLD,Other,NLD004,Gelderland,Netherlands,NLD,Other,False,46.8,False,False
NLD002,Flevoland,Netherlands,NLD,Other,NLD008,Noord-holland,Netherlands,NLD,Other,False,15.3,False,False
NLD002,Flevoland,Netherlands,NLD,Other,NLD010,Utrecht,Netherlands,NLD,Other,False,5.0,False,False
CAN003,Manitoba,Canada,CAN,Other,CAN006,Northwest Territories / Territoires du Nord-Ouest,Canada,CAN,Other,False,0.4,True,True
CIV029,Lacs,Côte d'Ivoire,CIV,AFR,CIV032,Sassandra-Marahoué,Côte d'Ivoire,CIV,AFR,False,40.5,False,False
CIV032,Sassandra-Marahoué,Côte d'Ivoire,CIV,AFR,CIV034,Vallée du Bandama,Côte d'Ivoire,CIV,AFR,False,39.3,False,False
NIC004,Chontales,Nicaragua,NIC,LCR,NIC017,Rivas,Nicaragua,NIC,LCR,False,56.2,False,False
NIC004,Chontales,Nicaragua,NIC,LCR,NIC006,Granada,Nicaragua,NIC,LCR,False,32.2,False,False
BRA025,Rio Grande Do Sul,Brazil,BRA,LCR,URY019,Treinta Y Tres,Uruguay,URY,LCR,True,62.1,False,False
COD017,Ituri,Democratic Republic of Congo,COD,AFR,UGA031,Hoima,Uganda,UGA,AFR,True,88.1,False,False
COD017,Ituri,Democratic Republic of Congo,COD,AFR,UGA020,Buliisa,Uganda,UGA,AFR,True,43.5,False,False
UGA020,Buliisa,Uganda,UGA,AFR,UGA091,Nebbi,Uganda,UGA,AFR,False,11.1,False,False
UGA031,Hoima,Uganda,UGA,AFR,UGA093,Ntoroko,Uganda,UGA,AFR,False,9.7,False,False
COD009,Nord-Kivu,Democratic Republic of Congo,COD,AFR,UGA101,Rubirizi,Uganda,UGA,AFR,True,14.5,False,False
COD009,Nord-Kivu,Democratic Republic of Congo,COD,AFR,UGA102,Rukungiri,Uganda,UGA,AFR,True,0.8,True,True
CAN009,Ontario,Canada,CAN,Other,USA036,Ohio,United States of America,USA,Other,True,246.7,False,False
CAN009,Ontario,Canada,CAN,Other,USA039,Pennsylvania,United States of America,USA,Other,True,66.4,False,False
UGA005,Amolatar,Uganda,UGA,AFR,UGA027,Buyende,Uganda,UGA,AFR,False,17.2,False,False
UGA027,Buyende,Uganda,UGA,AFR,UGA039,Kaberamaido,Uganda,UGA,AFR,False,5.0,False,False
MOZXXX,Area under National Administration,Mozambique,MOZ,AFR,MWI002,Northern Region,Malawi,MWI,AFR,True,79.0,False,False
USA014,Illinois,United States of America,USA,Other,USA023,Michigan,United States of America,USA,Other,False,83.0,False,False
RUS061,Pskovskaya Oblast,Russian Federation,RUS,ECA,EST013,Tartu maakond,Estonia,EST,ECA,True,67.8,False,False
USA023,Michigan,United States of America,USA,Other,USA024,Minnesota,United States of America,USA,Other,False,87.8,False,False
COD030,Tanganyika,Democratic Republic of Congo,COD,AFR,TZA010,Kigoma,Tanzania,TZA,AFR,True,233.5,False,False
COD030,Tanganyika,Democratic Republic of Congo,COD,AFR,TZA024,Rukwa,Tanzania,TZA,AFR,True,142.9,False,False
BDI020,Rumonge,Burundi,BDI,AFR,COD011,Sud-Kivu,Democratic Republic of Congo,COD,AFR,True,77.8,False,False
COD011,Sud-Kivu,Democratic Republic of Congo,COD,AFR,TZA010,Kigoma,Tanzania,TZA,AFR,True,64.5,False,False
COD030,Tanganyika,Democratic Republic of Congo,COD,AFR,TZA009,Katavi,Tanzania,TZA,AFR,True,37.6,False,False
BDI011,Makamba,Burundi,BDI,AFR,COD011,Sud-Kivu,Democratic Republic of Congo,COD,AFR,True,22.1,False,False
BDI002,Mairie de Bujumbura,Burundi,BDI,AFR,COD011,Sud-Kivu,Democratic Republic of Congo,COD,AFR,True,7.1,False,False
TZA016,Mara,Tanzania,TZA,AFR,TZA021,Mwanza,Tanzania,TZA,AFR,False,196.9,False,False
UGA026,Buvuma,Uganda,UGA,AFR,UGA075,Mayuge,Uganda,UGA,AFR,False,164.6,False,False
TZA006,Kagera,Tanzania,TZA,AFR,TZA021,Mwanza,Tanzania,TZA,AFR,False,124.9,False,False
UGA026,Buvuma,Uganda,UGA,AFR,UGA040,Kalangala,Uganda,UGA,AFR,False,94.0,False,False
TZA006,Kagera,Tanzania,TZA,AFR,UGA040,Kalangala,Uganda,UGA,AFR,True,83.5,False,False
UGA040,Kalangala,Uganda,UGA,AFR,UGA073,Masaka,Uganda,UGA,AFR,False,78.8,False,False
TZA016,Mara,Tanzania,TZA,AFR,UGA026,Buvuma,Uganda,UGA,AFR,True,71.8,False,False
KEN008,Homa Bay,Kenya,KEN,AFR,KEN038,Siaya,Kenya,KEN,AFR,False,70.4,False,False
UGA026,Buvuma,Uganda,UGA,AFR,UGA015,Buikwe,Uganda,UGA,AFR,False,61.7,False,False
KEN008,Homa Bay,Kenya,KEN,AFR,UGA088,Namayingo,Uganda,UGA,AFR,True,51.8,False,False
TZA006,Kagera,Tanzania,TZA,AFR,TZA016,Mara,Tanzania,TZA,AFR,False,51.0,False,False
UGA040,Kalangala,Uganda,UGA,AFR,UGA084,Mukono,Uganda,UGA,AFR,False,41.9,False,False
KEN038,Siaya,Kenya,KEN,AFR,UGA088,Namayingo,Uganda,UGA,AFR,True,35.4,False,False
TZA016,Mara,Tanzania,TZA,AFR,UGA088,Namayingo,Uganda,UGA,AFR,True,30.6,False,False
UGA040,Kalangala,Uganda,UGA,AFR,UGA109,Wakiso,Uganda,UGA,AFR,False,27.9,False,False
UGA040,Kalangala,Uganda,UGA,AFR,UGA082,Mpigi,Uganda,UGA,AFR,False,27.8,False,False
UGA026,Buvuma,Uganda,UGA,AFR,UGA084,Mukono,Uganda,UGA,AFR,False,25.5,False,False
KEN027,Migori,Kenya,KEN,AFR,UGA088,Namayingo,Uganda,UGA,AFR,True,21.6,False,False
UGA040,Kalangala,Uganda,UGA,AFR,UGA100,Rakai,Uganda,UGA,AFR,False,20.3,False,False
TZA016,Mara,Tanzania,TZA,AFR,UGA075,Mayuge,Uganda,UGA,AFR,True,15.5,False,False
TZA016,Mara,Tanzania,TZA,AFR,UGA040,Kalangala,Uganda,UGA,AFR,True,13.8,False,False
UGA015,Buikwe,Uganda,UGA,AFR,UGA075,Mayuge,Uganda,UGA,AFR,False,3.7,True,False
GHA004,Eastern,Ghana,GHA,AFR,GHA016,Oti,Ghana,GHA,AFR,False,14.3,False,False
SWE014,Soedermanlands Laen,Sweden,SWE,Other,SWE016,Uppsala Laen,Sweden,SWE,Other,False,35.7,False,False
BRA020,Parana,Brazil,BRA,LCR,PRY007,Canindeyu,Paraguay,PRY,LCR,True,85.5,False,False
SWE012,Oestergoetlands Laen,Sweden,SWE,Other,SWE021,Vaestra Goetalands Laen,Sweden,SWE,Other,False,56.2,False,False
POL011,Pomorskie,Poland,POL,ECA,RUS023,Kaliningradskaya Oblast,Russian Federation,RUS,ECA,True,0.9,True,True
